{
  "cm_at_c1": {
    "TP": 0,
    "TN": 128,
    "FP": 0,
    "FN": 52,
    "precision": 0.0,
    "recall": 0.0,
    "accuracy": 0.7111111111111111,
    "F1": 0.0
  },
  "pr_auc": 0.2802424431322962,
  "roc_auc": 0.4989483173076923,
  "prevalence": 0.28888888888888886,
  "normalized_auprc": -0.012159064345208456,
  "c_grid": [
    4.043364365717456,
    4.074354027942716,
    4.105581205038756,
    4.137047717396949,
    4.1687553993607445,
    4.2007060993325975,
    4.23290167988172,
    4.265344017852662,
    4.298035004474723,
    4.330976545472198,
    4.364170561175478,
    4.397618986632988,
    4.431323771723996,
    4.465286881272281,
    4.49951029516067,
    4.533996008446459,
    4.568746031477713,
    4.603762390010459,
    4.639047125326779,
    4.6746022943538055,
    4.7104299697836325,
    4.7465322401941386,
    4.782911210170747,
    4.819569000429108,
    4.856507747938728,
    4.893729606047544,
    4.931236744607455,
    4.969031350100807,
    5.0071156257678675,
    5.045491791735249,
    5.08416208514534,
    5.123128760286716,
    5.162394088725556,
    5.201960359438064,
    5.241829878943901,
    5.282004971440648,
    5.322487978939292,
    5.363281261400757,
    5.4043871968734765,
    5.445808181632023,
    5.487546630316794,
    5.529604976074784,
    5.571985670701415,
    5.61469118478347,
    5.657724007843113,
    5.701086648483018,
    5.744781634532607,
    5.7888115131954105,
    5.833178851197557,
    5.877886234937401,
    5.922936270636298,
    5.96833158449053,
    6.014074822824405,
    6.060168652244524,
    6.10661575979523,
    6.153418853115246,
    6.200580660595526,
    6.248103931538297,
    6.295991436317336,
    6.344245966539468,
    6.392870335207301,
    6.441867376883215,
    6.491239947854592,
    6.540990926300344,
    6.591123212458673,
    6.641639728796157,
    6.692543420178109,
    6.7438372540402485,
    6.795524220561691,
    6.847607332839259,
    6.900089627063132,
    6.952974162693836,
    7.006264022640606,
    7.059962313441093,
    7.114072165442469,
    7.1685967329839,
    7.223539194580447,
    7.278902753108334,
    7.334690635991681,
    7.390906095390633,
    7.447552408390954,
    7.504632877195057,
    7.562150829314514,
    7.6201096177640295,
    7.678512621256905,
    7.737363244402001,
    7.796664917902211,
    7.856421098754454,
    7.916635270451198,
    7.977310943183534,
    8.038451654045803,
    8.100060967241784,
    8.162142474292484,
    8.224699794245492,
    8.287736573885955,
    8.351256487949176,
    8.415263239334822,
    8.479760559322791,
    8.54475220779073,
    8.610241973433205,
    8.676233673982582,
    8.742731156431567,
    8.809738297257471,
    8.877259002648191,
    8.945297208729924,
    9.013856881796617,
    9.082942018541187,
    9.152556646288508,
    9.22270482323019,
    9.293390638661139,
    9.364618213217954,
    9.43639169911913,
    9.508715280407126,
    9.581593173192259,
    9.655029625898493,
    9.7290289195111,
    9.803595367826212,
    9.878733317702304,
    9.954447149313594,
    10.030741276405376,
    10.107620146551332,
    10.185088241412796,
    10.263150077000013,
    10.341810203935406,
    10.42107320771885,
    10.500943708994987,
    10.581426363822578,
    10.662525863945946,
    10.744246937068466,
    10.826594347128172,
    10.909572894575472,
    10.993187416652994,
    11.077442787677565,
    11.162343919324362,
    11.247895760913265,
    11.33410329969731,
    11.420971561153516,
    11.508505609275748,
    11.596710546870014,
    11.685591515851849,
    11.775153697546147,
    11.865402312989119,
    11.956342623232741,
    12.047979929651383,
    12.140319574250876,
    12.233366939979934,
    12.327127451043935,
    12.421606573221142,
    12.51680981418132,
    12.612742723806809,
    12.709410894516061,
    12.80681996158964,
    12.904975603498741,
    13.003883542236212,
    13.103549543650114,
    13.203979417779854,
    13.305179019194869,
    13.407154247335928,
    13.509911046859035,
    13.613455407981974,
    13.717793366833511,
    13.822931005805271,
    13.928874453906312,
    14.03562988712041,
    14.143203528766088,
    14.251601649859444,
    14.360830569479628,
    14.47089665513734,
    14.581806323145889,
    14.693566038995366,
    14.806182317729423,
    14.91966172432519,
    15.03401087407586,
    15.149236432976451,
    15.265345118112279,
    15.382343698050649,
    15.500238993235314,
    15.61903787638419,
    15.738747272889883,
    15.859374161223524,
    15.980925573341462,
    16.103408595095303,
    16.226830366644897,
    16.351198082874618,
    16.47651899381278,
    16.602800405054264,
    16.73004967818643,
    16.85827423121823,
    16.987481539012652,
    17.11767913372248,
    17.248874605229368,
    17.38107560158629,
    17.514289829463397,
    17.648525054597275,
    17.783789102243638,
    17.920089857633513,
    18.057435266432908,
    18.195833335205997,
    18.335292131881904,
    18.47581978622493,
    18.61742449030861,
    18.760114498993133,
    18.903898130406695,
    19.048783766430258,
    19.19477985318634,
    19.341894901531205,
    19.49013748755118,
    19.639516253062432,
    19.790039906114895,
    19.941717221499765,
    20.09455704126118,
    20.24856827521149,
    20.403759901450847,
    20.5601409668904,
    20.71772058777985,
    20.87650795023876,
    21.03651231079212,
    21.19774299690994,
    21.360209407551007,
    21.52392101371079,
    21.688887358973545,
    21.855118060068683,
    22.02262280743135,
    22.19141136576735,
    22.361493574622376,
    22.532879348955607,
    22.705578679717693,
    22.879601634433193,
    23.054958357787456,
    23.231659072217997,
    23.409714078510433,
    23.589133756398954,
    23.76992856517141,
    23.952109044279073,
    24.135685813950943,
    24.320669575812996,
    24.50707111351187,
    24.694901293343673,
    24.884171064887255,
    25.074891461642707,
    25.267073601674362,
    25.460728688259117,
    25.655868010539336,
    25.85250294418115,
    26.0506449520374,
    26.25030558481607,
    26.451496481753427,
    26.654229371292754,
    26.85851607176783,
    27.06436849209209,
    27.27179863245271,
    27.48081858501023,
    27.691440534603437,
    27.903676759459707,
    28.11753963191074,
    28.333041619113835,
    28.550195283778624,
    28.76901328489946,
    28.989508378493348,
    29.21169341834356,
    29.435581356748955,
    29.661185245279032,
    29.888518235534775,
    30.117593579915322,
    30.34842463239051,
    30.581024849279352,
    30.81540779003452,
    31.051587118032653,
    31.28957660137109,
    31.529390113670214,
    31.771041634882497,
    32.01454525210719,
    32.259915160411786,
    32.507165663659286,
    32.756311175342276,
    33.00736621942292,
    33.26034543117989,
    33.515263558061285,
    33.772135460544575,
    34.03097611300262,
    34.29180060457693,
    34.55462414005693,
    34.81946204076667,
    35.08632974545773,
    35.35524281120932,
    35.6262169143352,
    35.899267851297495,
    36.17441153962756,
    36.451664018853904,
    36.73104145143721,
    37.01256012371251,
    37.29623644683865,
    37.58208695775492,
    37.8701283201451,
    38.160377325408895,
    38.45285089364074,
    38.74756607461622,
    39.04454004878593,
    39.34379012827706,
    39.64533375790255,
    39.94918851617809,
    40.25537211634691,
    40.56390240741216,
    40.874797375177735,
    41.18807514329642,
    41.503753974326784,
    41.821852270797365,
    42.142388576279906,
    42.46538157646992,
    42.79085010027638,
    43.118813120918944,
    43.449289757034414,
    43.782299273790876,
    44.11786108401111,
    44.45599474930391,
    44.796719981204824,
    45.14005664232482,
    45.486024747508594,
    45.834644465000935,
    46.18593611762282,
    46.53992018395579,
    46.89661729953606,
    47.25604825805714,
    47.61823401258239,
    47.983195676766066,
    48.35095452608451,
    48.721531999076234,
    49.09494969859156,
