{
  "c": 0.05,
  "f1": 0.37647058823529406,
  "prec": 0.26666666666666666,
  "rec": 0.64,
  "tp": 16,
  "fp": 44,
  "fn": 9,
  "tn": 11
}