{
  "cm_at_c1": {
    "TP": 0,
    "TN": 107,
    "FP": 0,
    "FN": 72,
    "precision": 0.0,
    "recall": 0.0,
    "accuracy": 0.5977653631284916,
    "F1": 0.0
  },
  "pr_auc": 0.4191236612218038,
  "roc_auc": 0.5028556593977155,
  "prevalence": 0.4022346368715084,
  "normalized_auprc": 0.02825360148320442,
  "c_grid": [
    1.9037618424332812,
    1.919211824859129,
    1.9347871916432715,
    1.9504889603426783,
    1.9663181567723051,
    1.9822758150721105,
    1.9983629777746168,
    2.014580695873022,
    2.0309300288898595,
    2.047412044946222,
    2.0640278208315386,
    2.0807784420739255,
    2.097665003011104,
    2.114688606861896,
    2.131850365798296,
    2.149151401018134,
    2.1665928428183205,
    2.1841758306686954,
    2.201901513286465,
    2.2197710487112547,
    2.2377856043807602,
    2.255946357207021,
    2.274254493653309,
    2.292711209811638,
    2.311317711480912,
    2.3300752142456953,
    2.348984943555632,
    2.368048134805505,
    2.3872660334159446,
    2.406639894914796,
    2.426170985019141,
    2.445860579717991,
    2.4657099653556496,
    2.485720438715748,
    2.5058933071059677,
    2.526229888443449,
    2.546731511340889,
    2.567399515193345,
    2.5882352502657366,
    2.60924007778106,
    2.6304153700093202,
    2.6517625103571807,
    2.6732828934583437,
    2.6949779252646655,
    2.7168490231380047,
    2.7388976159428244,
    2.761125144139538,
    2.783533059878619,
    2.80612282709547,
    2.828895921606064,
    2.851853831203361,
    2.874998055754507,
    2.8983301072988223,
    2.921851510146585,
    2.9455638009786167,
    2.969468528946673,
    2.993567255774655,
    3.0178615558606348,
    3.0423530163797166,
    3.0670432373877254,
    3.091933831925743,
    3.1170264261254883,
    3.1423226593155547,
    3.1678241841285093,
    3.193532666608863,
    3.219449786321912,
    3.2455772364634687,
    3.271916723970478,
    3.2984699696325355,
    3.3252387082043064,
    3.3522246885188616,
    3.379429673601929,
    3.4068554407870746,
    3.434503781831818,
    3.4623765030346907,
    3.490475425353242,
    3.5188023845230054,
    3.5473592311774302,
    3.5761478309687833,
    3.6051700646900366,
    3.6344278283977394,
    3.6639230335358923,
    3.6936576070608225,
    3.7236334915670746,
    3.7538526454143217,
    3.7843170428553092,
    3.815028674164833,
    3.845989545769769,
    3.8772016803801517,
    3.9086671171213236,
    3.9403879116671523,
    3.9723661363743297,
    4.004603880417761,
    4.037103249927058,
    4.069866368124124,
    4.1028953754618795,
    4.13619242976409,
    4.169759706366348,
    4.20359939825818,
    4.2377137162263265,
    4.272104888999171,
    4.306775163392345,
    4.341726804455516,
    4.376962095620367,
    4.412483338849775,
    4.448292854788198,
    4.48439298291329,
    4.5207860816887395,
    4.557474528718351,
    4.594460720901377,
    4.631747074589108,
    4.669336025742741,
    4.707230030092516,
    4.745431563298161,
    4.783943121110618,
    4.822767219535107,
    4.861906394995487,
    4.901363204499972,
    4.941140225808181,
    4.981240057599542,
    5.021665319643074,
    5.062418652968534,
    5.1035027200389615,
    5.144920204924617,
    5.1866738134783406,
    5.228766273512325,
    5.271200334976324,
    5.31397877013732,
    5.357104373760625,
    5.400579963292478,
    5.444408379044108,
    5.4885924843772935,
    5.533135165891429,
    5.578039333612114,
    5.623307921181263,
    5.668943886048768,
    5.7149502096657105,
    5.7613298976791425,
    5.808085980128449,
    5.8552215116433075,
    5.902739571643244,
    5.950643264538823,
    5.9989357199344555,
    6.047620092832862,
    6.096699563841193,
    6.146177339378824,
    6.196056651886831,
    6.246340760039169,
    6.29703294895557,
    6.348136530416158,
    6.399654843077817,
    6.451591252692304,
    6.503949152326141,
    6.556731962582287,
    6.609943131823611,
    6.663586136398175,
    6.71766448086635,
    6.772181698229775,
    6.827141350162165,
    6.882547027242008,
    6.938402349187136,
    6.994710965091207,
    7.051476553662107,
    7.108702823462279,
    7.166393513151011,
    7.224552391728689,
    7.283183258783026,
    7.3422899447372965,
    7.401876311100581,
    7.461946250720044,
    7.522503688035257,
    7.583552579334587,
    7.645096913013666,
    7.70714070983596,
    7.769688023195443,
    7.832742939381419,
    7.896309577845479,
    7.960392091470626,
    8.024994666842598,
    8.090121524523374,
    8.155776919326907,
    8.221965140597106,
    8.288690512488056,
    8.35595739424652,
    8.423770180496733,
    8.492133301527518,
    8.561051223581709,
    8.63052844914794,
    8.700569517254802,
    8.771179003767381,
    8.842361521686202,
    8.914121721448602,
    8.98646429123255,
    9.059393957262937,
    9.132915484120334,
    9.207033675052275,
    9.281753372287058,
    9.357079457350094,
    9.433016851382819,
    9.509570515464201,
    9.586745450934856,
    9.664546699723784,
    9.742979344677773,
    9.822048509893456,
    9.901759361052086,
    9.98211710575701,
    10.063126993873892,
    10.144794317873677,
    10.227124413178382,
    10.31012265850964,
    10.393794476240116,
    10.478145332747742,
    10.563180738772855,
    10.648906249778214,
    10.735327466311942,
    10.822450034373423,
    10.910279645782154,
    10.998822038549608,
    11.0880829972541,
    11.178068353418691,
    11.268783985892188,
    11.360235821233202,
    11.452429834097336,
    11.545372047627524,
    11.63906853384753,
    11.73352541405863,
    11.828748859239536,
    11.924745090449546,
    12.021520379234975,
    12.119081048038884,
    12.21743347061413,
    12.316584072439774,
    12.416539331140859,
    12.517305776911607,
    12.618889992942048,
    12.72129861584809,
    12.82453833610512,
    12.928615898485079,
    13.033538102497124,
    13.139311802831838,
    13.245943909809053,
    13.353441389829321,
    13.46181126582902,
    13.571060617739187,
    13.681196582948047,
    13.792226356767314,
    13.904157192902264,
    14.016996403925633,
    14.130751361755351,
    14.245429498136163,
    14.361038305125145,
    14.477585335581182,
    14.595078203658394,
    14.713524585303581,
    14.832932218757707,
    14.953308905061435,
    15.074662508564796,
    15.19700095744096,
    15.3203322442042,
    15.444664426232059,
    15.570005626291733,
    15.696364033070754,
    15.823747901711956,
    15.952165554352804,
    16.08162538066908,
    16.212135838423,
    16.343705454015748,
    16.476342823044554,
    16.61005661086421,
    16.744855553153226,
    16.88074845648451,
    17.017744198900747,
    17.155851730494373,
    17.29508007399232,
    17.435438325345487,
    17.57693565432296,
    17.719581305111113,
    17.863384596917527,
    18.00835492457983,
    18.154501759179464,
    18.301834648660453,
    18.450363218453177,
    18.600097172103215,
    18.75104629190528,
    18.903220439542313,
    19.05662955672977,
    19.21128366586511,
    19.36719287068257,
    19.524367356913267,
    19.68281739295063,
    19.842553330521255,
    20.00358560536119,
    20.16592473789773,
    20.329581333936687,
    20.49456608535534,
    20.660889770800893,
    20.828563256394688,
    20.997597496442097,
    21.168003534148163,
    21.339792502339094,
    21.512975624189554,
    21.68756421395591,
    21.863569677715386,
    22.041003514111253,
    22.219877315104043,
    22.400202766728846,
    22.581991649858814,
    22.765255840974774,
    22.95000731294116,
    23.136258135788214,
    23.32402047750052,
    23.51330660481197,
    23.70412888400714,
    23.89649978172923,
    24.090431865794482,
    24.285937806013294,
    24.48303037501791,
    24.681722449096913,
    24.88202700903641,
    25.083957140968106,
    25.28752603722424,
    25.492746997199426,
    25.69963342821955,
    25.908198846417672,
    26.118456877617053,
    26.330421258221342,
    26.544105836111996,
