{
  "cm_at_c1": {
    "TP": 17,
    "TN": 84,
    "FP": 43,
    "FN": 36,
    "precision": 0.2833333333333333,
    "recall": 0.32075471698113206,
    "accuracy": 0.5611111111111111,
    "F1": 0.30088495575221236
  },
  "pr_auc": 0.307212540555895,
  "roc_auc": 0.5291190016342296,
  "prevalence": 0.29444444444444445,
  "normalized_auprc": 0.018096514173709402,
  "c_grid": [
    0.41952408601376984,
    0.4217857488015275,
    0.42405960425887457,
    0.426345718116738,
    0.4286441564604016,
    0.4309549857314163,
    0.43327827272952063,
    0.435614084614572,
    0.437962488908488,
    0.4403235534971981,
    0.44269734663260624,
    0.4450839369345638,
    0.447483393392853,
    0.44989578536918146,
    0.45232118259918724,
    0.45475965519445455,
    0.45721127364454056,
    0.45967610881901305,
    0.4621542319694992,
    0.4646457147317448,
    0.4671506291276858,
    0.4696690475675296,
    0.47220104285184855,
    0.47474668817368443,
    0.47730605712066404,
    0.4798792236771266,
    0.48246626222626254,
    0.48506724755226327,
    0.48768225484248356,
    0.49031135968961465,
    0.4929546380938693,
    0.4956121664651793,
    0.4982840216254037,
    0.5009702808105496,
    0.5036710216730053,
    0.5063863222837843,
    0.5091162611347831,
    0.511860917141049,
    0.514620369643062,
    0.5173946984090286,
    0.5201839836371869,
    0.5229883059581256,
    0.5258077464371143,
    0.5286423865764471,
    0.5314923083177989,
    0.5343575940445935,
    0.5372383265843856,
    0.5401345892112549,
    0.543046465648213,
    0.5459740400696244,
    0.5489173971036391,
    0.5518766218346391,
    0.5548517998056981,
    0.5578430170210543,
    0.5608503599485962,
    0.5638739155223629,
    0.566913771145056,
    0.5699700146905675,
    0.5730427345065188,
    0.5761320194168155,
    0.5792379587242142,
    0.5823606422129051,
    0.5855001601511061,
    0.5886566032936733,
    0.591830062884724,
    0.5950206306602741,
    0.5982283988508907,
    0.6014534601843574,
    0.604695907888355,
    0.6079558356931571,
    0.6112333378343388,
    0.6145285090555007,
    0.6178414446110089,
    0.621172240268747,
    0.6245209923128854,
    0.6278877975466645,
    0.631272753295193,
    0.6346759574082608,
    0.6380975082631685,
    0.6415375047675702,
    0.6449960463623338,
    0.6484732330244142,
    0.6519691652697445,
    0.6554839441561411,
    0.6590176712862252,
    0.6625704488103598,
    0.6661423794296023,
    0.6697335663986739,
    0.6733441135289439,
    0.6769741251914307,
    0.6806237063198192,
    0.6842929624134938,
    0.687981999540588,
    0.6916909243410512,
    0.6954198440297304,
    0.6991688663994704,
    0.7029380998242291,
    0.7067276532622107,
    0.7105376362590153,
    0.7143681589508056,
    0.7182193320674906,
    0.7220912669359261,
    0.7259840754831336,
    0.7298978702395352,
    0.733832764342207,
    0.7377888715381493,
    0.7417663061875744,
    0.7457651832672134,
    0.7497856183736388,
    0.7538277277266067,
    0.7578916281724162,
    0.7619774371872875,
    0.7660852728807569,
    0.7702152539990919,
    0.7743674999287236,
    0.7785421306996974,
    0.7827392669891435,
    0.7869590301247648,
    0.7912015420883441,
    0.7954669255192707,
    0.799755303718085,
    0.8040668006500435,
    0.8084015409487016,
    0.8127596499195169,
    0.817141253543471,
    0.8215464784807117,
    0.8259754520742142,
    0.830428302353462,
    0.8349051580381485,
    0.8394061485418972,
    0.8439314039760034,
    0.8484810551531947,
    0.853055233591413,
    0.8576540715176157,
    0.8622777018715988,
    0.8669262583098393,
    0.8715998752093587,
    0.876298687671608,
    0.881022831526373,
    0.8857724433357,
    0.8905476603978447,
    0.89534862075124,
    0.900175463178487,
    0.9050283272103664,
    0.9099073531298726,
    0.9148126819762679,
    0.9197444555491604,
    0.9247028164126025,
    0.9296879078992126,
    0.934699874114318,
    0.9397388599401206,
    0.9448050110398853,
    0.9498984738621505,
    0.9550193956449619,
    0.9601679244201278,
    0.9653442090174995,
    0.9705483990692731,
    0.9757806450143147,
    0.9810410981025092,
    0.9863299103991328,
    0.9916472347892488,
    0.9969932249821268,
    1.002368035515686,
    1.007771821760963,
    1.0132047399266026,
    1.0186669470633736,
    1.0241586010687087,
    1.0296798606912683,
    1.035230885535531,
    1.0408118360664056,
    1.0464228736138705,
    1.0520641603776375,
    1.0577358594318407,
    1.063438134729749,
    1.0691711511085078,
    1.0749350742939023,
    1.0807300709051488,
    1.0865563084597114,
    1.0924139553781438,
    1.0983031809889585,
    1.1042241555335217,
    1.1101770501709738,
    1.116162036983178,
    1.1221792889796933,
    1.1282289801027783,
    1.1343112852324164,
    1.1404263801913732,
    1.1465744417502783,
    1.1527556476327352,
    1.1589701765204592,
    1.1652182080584417,
    1.1714999228601444,
    1.1778155025127197,
    1.18416512958226,
    1.1905489876190751,
    1.1969672611629982,
    1.2034201357487206,
    1.2099077979111545,
    1.2164304351908262,
    1.2229882361392959,
    1.2295813903246098,
    1.236210088336779,
    1.242874521793289,
    1.2495748833446396,
    1.2563113666799122,
    1.263084166532371,
    1.2698934786850908,
    1.2767394999766168,
    1.2836224283066549,
    1.2905424626417923,
    1.2974998030212488,
    1.3044946505626598,
    1.31152720746789,
    1.3185976770288788,
    1.3257062636335155,
    1.3328531727715496,
    1.3400386110405298,
    1.3472627861517756,
    1.3545259069363835,
    1.361828183351262,
    1.3691698264852017,
    1.376551048564977,
    1.3839720629614807,
    1.3914330841958933,
    1.3989343279458826,
    1.4064760110518395,
    1.4140583515231455,
    1.4216815685444752,
    1.429345882482132,
    1.4370515148904186,
    1.4447986885180415,
    1.4525876273145502,
    1.4604185564368097,
    1.4682917022555115,
    1.476207292361715,
    1.4841655555734288,
    1.4921667219422223,
    1.5002110227598786,
    1.5082986905650797,
    1.5164299591501278,
    1.524605063567704,
    1.5328242401376635,
    1.5410877264538665,
    1.5493957613910463,
    1.557748585111715,
    1.5661464390731052,
    1.574589566034151,
    1.583078210062504,
    1.5916126165415898,
    1.6001930321777014,
    1.6088197050071291,
    1.6174928844033332,
    1.6262128210841507,
    1.6349797671190436,
    1.6437939759363855,
    1.6526557023307877,
    1.6615652024704637,
    1.6705227339046356,
    1.6795285555709782,
    1.6885829278031048,
    1.6976861123380922,
    1.706838372324047,
    1.7160399723277129,
    1.7252911783421179,
    1.7345922577942645,
    1.7439434795528577,
    1.7533451139360812,
    1.762797432719408,
    1.7723007091434593,
    1.7818552179219012,
    1.791461235249387,
    1.8011190388095406,
    1.8108289077829844,
    1.820591122855409,
    1.8304059662256869,
    1.8402737216140306,
    1.850194674270194,
    1.8601691109817182,
    1.8701973200822222,
    1.8802795914597357,
    1.8904162165650824,
    1.9006074884203021,
    1.9108537016271234,
    1.9211551523754775,
    1.9315121384520624,
    1.9419249592489498,
    1.95239391577224,
    1.9629193106507639,
    1.9735014481448292,
    1.9841406341550185,
    1.9948371762310297,
    2.005591383580567,
    2.016403567078282,
    2.0272740392747535,
    2.0382031144055306,
    2.0491911084002106,
    2.060238338891574,
    2.0713451252247665,
    2.0825117884665296,
    2.093738651414482,
    2.1050260386064505,
    2.1163742763298523,
    2.127783692631127,
    2.1392546173252187,
    2.15078738200511,
    2.162382320051409,
    2.174039766641985,
    2.1857600587616566,
    2.197543535211936,
    2.2093905366208215,
    2.2213014054526417,
    2.2332764860179593,
    2.2453161244835216,
    2.2574206688822667,
    2.2695904691233872,
    2.2818258770024413,
    2.294127246211526,
    2.3064949323494974,
    2.318929292932254,
