{
  "cm_at_c1": {
    "TP": 0,
    "TN": 132,
    "FP": 0,
    "FN": 48,
    "precision": 0.0,
    "recall": 0.0,
    "accuracy": 0.7333333333333333,
    "F1": 0.0
  },
  "pr_auc": 0.26858388751180867,
  "roc_auc": 0.5218592171717171,
  "prevalence": 0.26666666666666666,
  "normalized_auprc": 0.002614392061557285,
  "c_grid": [
    1.6852635361397343,
    1.698103321411812,
    1.7110409311975623,
    1.7240771108081623,
    1.73721261123321,
    1.7504481891839871,
    1.7637846071370522,
    1.7772226333781647,
    1.790763042046545,
    1.804406613179472,
    1.8181541327572173,
    1.8320063927483263,
    1.8459641911552407,
    1.8600283320602704,
    1.8741996256719151,
    1.8884788883715384,
    1.9028669427603995,
    1.9173646177070391,
    1.9319727483950317,
    1.946692176371097,
    1.961523749593581,
    1.976468322481304,
    1.9915267559627836,
    2.00669991752583,
    2.021988681267522,
    2.0373939279445574,
    2.0529165450239995,
    2.0685574267343942,
    2.084317474117292,
    2.1001975950791487,
    2.1161987044436334,
    2.1323217240043273,
    2.148567582577827,
    2.1649372160572513,
    2.181431567466158,
    2.1980515870128663,
    2.2147982321452004,
    2.231672467605644,
    2.2486752654869173,
    2.265807605287979,
    2.283070473970451,
    2.3004648660154765,
    2.317991783481012,
    2.335652236059551,
    2.353447241136292,
    2.3713778238477476,
    2.389445017140801,
    2.4076498618322137,
    2.4259934066685798,
    2.4444767083867505,
    2.463100831774701,
    2.4818668497328806,
    2.5007758433360125,
    2.519828901895378,
    2.5390271230215657,
    2.558371612687706,
    2.5778634852931814,
    2.597503863727828,
    2.6172938794366187,
    2.6372346724848477,
    2.6573273916238063,
    2.6775731943569587,
    2.6979732470066256,
    2.718528724781173,
    2.739240811842713,
    2.760110701375323,
    2.7811395956537814,
    2.8023287061128275,
    2.823679253416952,
    2.8451924675307168,
    2.8668695877896093,
    2.8887118629714394,
    2.9107205513682803,
    2.9328969208589526,
    2.9552422489820698,
    2.9777578230096298,
    3.0004449400211755,
    3.023304906978515,
    3.0463390408010156,
    3.069548668441466,
    3.0929351269625225,
    3.1164997636137315,
    3.140243935909146,
    3.1641690117055252,
    3.188276369281138,
    3.2125673974151576,
    3.2370434954676757,
    3.2617060734603043,
    3.286556552157418,
    3.311596363147989,
    3.336826948928069,
    3.3622497629838803,
    3.387866269875552,
    3.4136779453214925,
    3.439686276283399,
    3.4658927610519212,
    3.4922989093329724,
    3.5189062423347046,
    3.5457162928551385,
    3.572730605370468,
    3.5999507361240313,
    3.6273782532159684,
    3.65501473669355,
    3.682861778642207,
    3.710920983277242,
    3.7391939670362504,
    3.767682358672235,
    3.7963877993474413,
    3.825311942727895,
    3.8544564550786737,
    3.88382301535989,
    3.9134133153234205,
    3.943229059610357,
    3.9732719658492166,
    4.00354376475488,
    4.034046200228305,
    4.0647810294569835,
    4.095750023016169,
    4.126954964970882,
    4.158397652978681,
    4.190079898393224,
    4.222003526368614,
    4.254170375964555,
    4.286582300252276,
    4.319241166421302,
    4.35214885588701,
    4.385307264399016,
    4.418718302150382,
    4.452383893887665,
    4.486305979021794,
    4.520486511739795,
    4.55492746111737,
    4.589630811232333,
    4.624598561278904,
    4.659832725682884,
    4.6953353342177,
    4.731108432121336,
    4.767154080214156,
    4.803474355017624,
    4.840071348873926,
    4.876947170066515,
    4.91410394294155,
    4.951543808030286,
    4.989268922172389,
    5.027281458640176,
    5.065583607263823,
    5.104177574557513,
    5.143065583846547,
    5.1822498753954305,
    5.221732706536929,
    5.261516351802104,
    5.301603103051355,
    5.341995269606435,
    5.382695178383499,
    5.423705174027149,
    5.4650276190455,
    5.506664893946284,
    5.548619397373989,
    5.590893546248031,
    5.633489775902001,
    5.676410540223949,
    5.719658311797755,
    5.763235582045562,
    5.807144861371314,
    5.851388679305361,
    5.895969584650197,
    5.940890145627273,
    5.986152950024967,
    6.031760605347642,
    6.077715738965878,
    6.124020998267813,
    6.170679050811671,
    6.217692584479416,
    6.265064307631615,
    6.3127969492634435,
    6.360893259161915,
    6.409356008064276,
    6.458187987817634,
    6.50739201153978,
    6.556970913781262,
    6.606927550688661,
    6.657264800169137,
    6.7079855620562245,
    6.759092758276873,
    6.81058933301979,
    6.862478252905032,
    6.914762507154927,
    6.9674451077662525,
    7.020529089683779,
    7.074017510975082,
    7.127913453006731,
    7.182220020621786,
    7.2369403423186744,
    7.292077570431407,
    7.347634881311188,
    7.403615475509389,
    7.460022577961934,
    7.516859438175077,
    7.574129330412606,
    7.631835553884457,
    7.689981432936789,
    7.748570317243478,
    7.8076055819990975,
    7.867090628113352,
    7.927028882406997,
    7.987423797809253,
    8.048278853556717,
    8.109597555393808,
    8.171383435774707,
    8.233640054066875,
    8.296370996756083,
    8.359579877653042,
    8.423270338101565,
    8.48744604718836,
    8.552110701954382,
    8.617268027607826,
    8.68292177773872,
    8.749075734535166,
    8.81573370900122,
    8.88289954117645,
    8.95057710035713,
    9.018770285319173,
    9.087483024542701,
    9.156719276438386,
    9.226483029575457,
    9.296778302911507,
    9.367609146023984,
    9.43897963934351,
    9.51089389438892,
    9.583356054004142,
    9.656370292596836,
    9.729940816378901,
    9.80407186360876,
    9.878767704835527,
    9.954032643145037,
    10.029871014407723,
    10.106287187528409,
    10.183285564697982,
    10.260870581647007,
    10.339046707901241,
    10.417818447039155,
    10.497190336951324,
    10.57716695010188,
    10.65775289379191,
    10.738952810424895,
    10.820771377774115,
    10.903213309252152,
    10.986283354182406,
    11.069986298072727,
    11.154326962891046,
    11.239310207343204,
    11.324940927152824,
    11.411224055343377,
    11.498164562522327,
    11.585767457167501,
    11.674037785915605,
    11.762980633852981,
    11.852601124808503,
    11.942904421648786,
    12.033895726575592,
    12.125580281425526,
    12.217963367972018,
    12.311050308229573,
    12.404846464760375,
    12.499357240983212,
    12.59458808148477,
    12.690544472333263,
    12.787231941394483,
    12.884656058650252,
    12.982822436519315,
    13.081736730180625,
    13.181404637899153,
    13.281831901354138,
    13.383024305969888,
    13.48498768124902,
    13.587727901108316,
    13.6912508842171,
    13.795562594338215,
    13.90066904067156,
    14.00657627820028,
    14.113290408039584,
    14.220817577788232,
    14.329163981882655,
    14.438335861953828,
    14.548339507186828,
    14.659181254683148,
    14.770867489825777,
    14.88340464664702,
    14.996799208199171,
    15.111057706927982,
    15.226186725049006,
    15.342192894926749,
    15.459082899456774,
    15.576863472450672,
    15.695541399024025,
    15.815123515987226,
    15.93561671223937,
    16.057027929165095,
    16.179364161034496,
    16.302632455406,
    16.426839913532397,
    16.551993690769912,
    16.678100996990448,
    16.805169096996874,
    16.933205310941577,
    17.062217014748164,
    17.192211640536343,
    17.32319667705012,
    17.455179670089173,
    17.588168222943555,
    17.722169996831727,
    17.85719271134188,
    17.993244144876687,
    18.13033213510134,
    18.268464579395115,
    18.407649435306297,
    18.547894721010636,
    18.6892085157732,
    18.831598960413853,
    18.97507425777621,
    19.119642673200214,
    19.265312534998255,
    19.412092234934953,
    19.5599902287106,
    19.709015036448303,
    19.859175243184755,
    20.01047949936485,
    20.162936521339983,
