{
  "c": 0.05,
  "f1": 0.6534653465346535,
  "prec": 0.55,
  "rec": 0.8048780487804879,
  "tp": 33,
  "fp": 27,
  "fn": 8,
  "tn": 12
}