{
  "cm_at_c1": {
    "TP": 0,
    "TN": 67,
    "FP": 0,
    "FN": 53,
    "precision": 0.0,
    "recall": 0.0,
    "accuracy": 0.5583333333333333,
    "F1": 0.0
  },
  "pr_auc": 0.4226964260611725,
  "roc_auc": 0.44283300478738385,
  "prevalence": 0.44166666666666665,
  "normalized_auprc": -0.033976550338198436,
  "c_grid": [
    3.228479095056503,
    3.247582436626504,
    3.2667988152174647,
    3.286128899684522,
    3.3055733628405157,
    3.32513288147941,
    3.344808136399848,
    3.3645998124288488,
    3.3845085984456476,
    3.4045351874056657,
    3.4246802763646382,
    3.444944566502869,
    3.4653287631496394,
    3.485833575807761,
    3.5064597181782653,
    3.527207908185248,
    3.548078868000861,
    3.56907332407044,
    3.5901920071377997,
    3.6114356522706608,
    3.6328049988862356,
    3.654300790776973,
    3.675923776136434,
    3.6976747075853464,
    3.7195543421977915,
    3.7415634415275605,
    3.7637027716346605,
    3.785973103111976,
    3.808375211112095,
    3.830909875374285,
    3.8535778802516343,
    3.876380014738355,
    3.8993170724972415,
    3.9223898518872984,
    3.945599155991526,
    3.968945792644872,
    3.992430574462357,
    4.016054318867345,
    4.039817848120013,
    4.063721989345951,
    4.0877675745649675,
    4.111955440720044,
    4.13628642970646,
    4.160761388401107,
    4.185381168691958,
    4.2101466275077195,
    4.235058626847661,
    4.260118033811618,
    4.285325720630168,
    4.310682564694997,
    4.336189448589431,
    4.361847260119161,
    4.387656892343144,
    4.413619243604685,
    4.4397352175627045,
    4.466005723223195,
    4.492431674970861,
    4.519013992600938,
    4.545753601351217,
    4.5726514319342435,
    4.599708420569711,
    4.626925509017054,
    4.654303644608219,
    4.681843780280646,
    4.709546874610429,
    4.737413891845686,
    4.765445801940124,
    4.793643580586787,
    4.822008209252034,
    4.850540675209685,
    4.879241971575394,
    4.90811309734121,
    4.937155057410354,
    4.966368862632195,
    4.995755529837429,
    5.025316081873474,
    5.055051547640076,
    5.0849629621251164,
    5.115051366440641,
    5.145317807859089,
    5.175763339849755,
    5.206389022115449,
    5.237195920629386,
    5.268185107672283,
    5.299357661869694,
    5.330714668229533,
    5.362257218179858,
    5.39398640960685,
    5.425903346893028,
    5.458009140955695,
    5.490304909285592,
    5.522791775985806,
    5.555470871810895,
    5.588343334206235,
    5.621410307347627,
    5.654672942181105,
    5.688132396463008,
    5.7217898348002745,
    5.755646428690975,
    5.789703356565093,
    5.823961803825537,
    5.858422962889405,
    5.893088033229485,
    5.927958221416003,
    5.963034741158628,
    5.998318813348707,
    6.033811666101761,
    6.069514534800244,
    6.105428662136521,
    6.141555298156143,
    6.177895700301343,
    6.214451133454805,
    6.2512228699837005,
    6.288212189783958,
    6.325420380324831,
    6.36284873669369,
    6.400498561641116,
    6.43837116562624,
    6.47646786686235,
    6.514789991362785,
    6.553338872987074,
    6.592115853487375,
    6.631122282555169,
    6.670359517868248,
    6.709828925137962,
    6.749531878156754,
    6.789469758845983,
    6.829643957304018,
    6.870055871854631,
    6.91070690909566,
    6.951598483947969,
    6.992732019704698,
    7.034108948080799,
    7.075730709262879,
    7.117598751959319,
    7.1597145334507,
    7.202079519640524,
    7.244695185106242,
    7.287563013150579,
    7.330684495853158,
    7.374061134122436,
    7.417694437747944,
    7.46158592545284,
    7.505737124946772,
    7.550149572979049,
    7.594824815392131,
    7.639764407175429,
    7.684969912519438,
    7.730442904870179,
    7.776184966983961,
    7.822197690982472,
    7.868482678408198,
    7.9150415402801615,
    7.961875897150006,
    8.008987379158395,
    8.056377626091745,
    8.104048287439312,
    8.1520010224506,
    8.200237500193113,
    8.248759399610453,
    8.29756840958075,
    8.346666228975456,
    8.396054566718467,
    8.445735141845613,
    8.495709683564494,
    8.545979931314651,
    8.596547634828129,
    8.647414554190362,
    8.698582459901454,
    8.750053132937795,
    8.80182836481404,
    8.853909957645486,
    8.906299724210774,
    8.95899948801501,
    9.012011083353222,
    9.0653363553742,
    9.118977160144729,
    9.172935364714185,
    9.227212847179532,
    9.281811496750679,
    9.336733213816244,
    9.391979910009697,
    9.447553508275895,
    9.503455942938027,
    9.559689159764915,
    9.61625511603877,
    9.673155780623294,
    9.730393134032214,
    9.787969168498238,
    9.845885888042359,
    9.904145308543649,
    9.962749457809394,
    10.021700375645684,
    10.081000113928429,
    10.140650736674747,
    10.200654320114825,
    10.261012952764187,
    10.321728735496372,
    10.382803781616076,
    10.444240216932693,
    10.506040179834331,
    10.568205821362207,
    10.630739305285541,
    10.693642808176875,
    10.75691851948781,
    10.820568641625226,
    10.88459539002794,
    10.949000993243814,
    11.01378769300733,
    11.078957744317607,
    11.14451341551689,
    11.210456988369527,
    11.276790758141345,
    11.34351703367959,
    11.410638137493244,
    11.478156405833895,
    11.546074188777041,
    11.614393850303893,
    11.68311776838365,
    11.752248335056272,
    11.82178795651574,
    11.891739053193815,
    11.962104059844254,
    12.032885425627605,
    12.104085614196403,
    12.175707103780953,
    12.247752387275575,
    12.320223972325383,
    12.393124381413559,
    12.466456151949153,
    12.540221836355398,
    12.614424002158577,
    12.689065232077338,
    12.764148124112651,
    12.839675291638182,
    12.915649363491283,
    12.992072984064492,
    13.068948813397567,
    13.146279527270075,
    13.22406781729453,
    13.30231639101007,
    13.381027971976721,
    13.460205299870161,
    13.53985113057709,
    13.61996823629118,
    13.700559405609523,
    13.781627443629718,
    13.863175172047498,
    13.945205429254953,
    14.027721070439311,
    14.110724967682321,
    14.19422001006024,
    14.27820910374436,
    14.362695172102166,
    14.447681155799131,
    14.533170012901012,
    14.619164718976839,
    14.705668267202487,
    14.792683668464848,
    14.880213951466637,
    14.968262162831795,
    15.05683136721157,
    15.145924647391137,
    15.23554510439692,
    15.325695857604554,
    15.416380044847413,
    15.507600822525859,
    15.599361365717096,
    15.69166486828568,
    15.78451454299469,
    15.87791362161755,
    15.97186535505054,
    16.0663730134259,
    16.16143988622568,
    16.257069282396262,
    16.353264530463477,
    16.450028978648497,
    16.547365994984368,
    16.64527896743323,
    16.743771304004255,
    16.842846432872257,
    16.942507802497005,
    17.042758881743293,
    17.14360316000162,
    17.24504414730971,
    17.347085374474613,
    17.449730393195647,
    17.55298277618802,
    17.656846117307158,
    17.761324031673812,
    17.866420155799897,
    17.97213814771503,
    18.078481687093912,
    18.185454475384333,
    18.293060235936075,
    18.401302714130463,
    18.510185677510734,
    18.619712915913198,
    18.72988824159912,
    18.840715489387428,
    18.95219851678819,
    19.06434120413686,
    19.17714745472938,
    19.29062119495799,
    19.404766374447938,
    19.519586966194918,
    19.63508696670337,
    19.751270396125587,
    19.86814129840164,
    19.98570374140013,
    20.103961817059787,
    20.222919641531863,
    20.342581355323478,
    20.462951123441634,
    20.58403313553825,
    20.705831606055995,
    20.828350774374933,
    20.951594904960114,
    21.075568287509995,
    21.200275237105757,
    21.325720094361483,
    21.45190722557524,
    21.578841022881107,
    21.70652590440196,
    21.834966314403303,
    21.964166723447985,
    22.094131628551736,
    22.224865553339747,
