{
  "c": 0.2,
  "f1": 0.5333333333333333,
  "prec": 0.39344262295081966,
  "rec": 0.8275862068965517,
  "tp": 24,
  "fp": 37,
  "fn": 5,
  "tn": 14
}