{
  "cm_at_c1": {
    "TP": 6,
    "TN": 107,
    "FP": 13,
    "FN": 53,
    "precision": 0.3157894736842105,
    "recall": 0.1016949152542373,
    "accuracy": 0.6312849162011173,
    "F1": 0.15384615384615385
  },
  "pr_auc": 0.2994803493420436,
  "roc_auc": 0.44837570621468936,
  "prevalence": 0.329608938547486,
  "normalized_auprc": -0.04494181223145162,
  "c_grid": [
    0.18322144846491045,
    0.18517578795186732,
    0.1871509734853011,
    0.1891472274204663,
    0.19116477448437907,
    0.19320384180111616,
    0.19526465891738293,
    0.1973474578283548,
    0.19945247300379357,
    0.20157994141444288,
    0.20373010255870508,
    0.20590319848960262,
    0.20809947384202682,
    0.2103191758602777,
    0.21256255442589736,
    0.2148298620858,
    0.2171213540807024,
    0.21943728837385762,
    0.22177792568009475,
    0.22414352949516883,
    0.22653436612542377,
    0.22895070471777176,
    0.2313928172899919,
    0.23386097876135278,
    0.23635546698356116,
    0.23887656277204122,
    0.24142454993754678,
    0.24399971531811132,
    0.24660234881133875,
    0.2492327434070381,
    0.25189119522020686,
    0.2545780035243661,
    0.25729347078525067,
    0.2600379026948592,
    0.26281160820586735,
    0.26561489956640755,
    0.2684480923552209,
    0.27131150551718225,
    0.27420546139920593,
    0.2771302857865337,
    0.28008630793940953,
    0.2830738606301457,
    0.2860932801805854,
    0.28914490649996255,
    0.292229083123168,
    0.29534615724942226,
    0.2984964797813613,
    0.30168040536453916,
    0.30489829242735206,
    0.308150503221388,
    0.3114374038622075,
    0.3147593643705582,
    0.31811675871403006,
    0.3215099648491547,
    0.32493936476395313,
    0.3284053445209382,
    0.3319082943005752,
    0.3354486084452063,
    0.33902668550344295,
    0.34264292827503295,
    0.34629774385620476,
    0.3499915436854964,
    0.3537247435900728,
    0.35749776383253723,
    0.36131102915824226,
    0.3651649688431051,
    0.369060016741933,
    0.37299661133726414,
    0.37697519578872984,
    0.38099621798294253,
    0.3850601305839167,
    0.3891673910840269,
    0.39331846185551006,
    0.3975138102025163,
    0.4017539084137158,
    0.40603923381546614,
    0.41037026882554706,
    0.41474750100746854,
    0.4191714231253575,
    0.4236425331994309,
    0.42816133456205974,
    0.4327283359144316,
    0.4373440513838171,
    0.44200900058144754,
    0.4467237086610101,
    0.451488706377766,
    0.45630453014830086,
    0.4611717221109105,
    0.4660908301866326,
    0.47106240814092815,
    0.4760870156460211,
    0.4811652183439037,
    0.48629758791001265,
    0.4914847021175855,
    0.4967271449027028,
    0.5020255064300249,
    0.5073803831592283,
    0.512792377912153,
    0.5182620999406641,
    0.5237901649952377,
    0.529377195394279,
    0.5350238200941795,
    0.540730674760121,
    0.5464984018376358,
    0.5523276506249285,
    0.5582190773459716,
    0.5641733452243788,
    0.570191124558067,
    0.5762730927947146,
    0.5824199346080252,
    0.5886323419748041,
    0.5949110142528565,
    0.6012566582597183,
    0.6076699883522251,
    0.6141517265069303,
    0.6207026024013816,
    0.6273233534962633,
    0.6340147251184167,
    0.6407774705447434,
    0.6476123510870058,
    0.6545201361775306,
    0.6615016034558285,
    0.6685575388561351,
    0.6756887366958871,
    0.6828959997651434,
    0.6901801394169566,
    0.6975419756587122,
    0.7049823372444398,
    0.7125020617681099,
    0.7201019957579249,
    0.7277829947716165,
    0.7355459234927606,
    0.7433916558281174,
    0.7513210750060112,
    0.7593350736757591,
    0.7674345540081616,
    0.775620427797062,
    0.7838936165619922,
    0.7922550516519125,
    0.8007056743500565,
    0.809246435979896,
    0.8178782980122359,
    0.8266022321734512,
    0.8354192205548777,
    0.8443302557233712,
    0.8533363408330441,
    0.8624384897381964,
    0.8716377271074479,
    0.8809350885390906,
    0.890331620677671,
    0.8998283813318141,
    0.9094264395933065,
    0.9191268759574484,
    0.92893078244469,
    0.9388392627235644,
    0.948853432234933,
    0.9589744183175554,
    0.9692033603349984,
    0.9795414098038996,
    0.9899897305235981,
    1.00054949870715,
    1.0112219031137375,
    1.0220081451824945,
    1.0329094391677573,
    1.0439270122757587,
    1.0550621048027786,
    1.0663159702747718,
    1.077689875588482,
    1.0891851011540608,
    1.1008029410392097,
    1.112544703114861,
    1.124411709202407,
    1.1364052952225052,
    1.148526811345469,
    1.1607776221432613,
    1.1731591067431113,
    1.185672658982767,
    1.1983196875674085,
    1.2111016162282298,
    1.2240198838827145,
    1.2370759447966222,
    1.2502712687477018,
    1.2636073411911484,
    1.2770856634268302,
    1.2907077527682944,
    1.30447514271358,
    1.3183893831178473,
    1.3324520403678541,
    1.3466646975582914,
    1.3610289546699963,
    1.3755464287500718,
    1.3902187540939221,
    1.405047582429236,
    1.4200345831019254,
    1.4351814432640524,
    1.4504898680637606,
    1.4659615808372284,
    1.481598323302675,
    1.4974018557564313,
    1.513373957271106,
    1.5295164258958616,
    1.5458310788588294,
    1.5623197527716848,
    1.5789843038363989,
    1.595826608054202,
    1.6128485614367722,
    1.630052080219679,
    1.6474391010780998,
    1.6650115813448425,
    1.6827714992306888,
    1.7007208540470926,
    1.7188616664312486,
    1.737195978573565,
    1.7557258544475633,
    1.7744533800422269,
    1.7933806635968308,
    1.8125098358382745,
    1.8318430502209502,
    1.851382483169161,
    1.8711303343221377,
    1.8910888267816535,
    1.9112602073622955,
    1.9316467468443963,
    1.9522507402296612,
    1.9730745069995337,
    1.994120391376306,
    2.0153907625870153,
    2.0368880151301654,
    2.0586145690452784,
    2.0805728701853345,
    2.102765390492111,
    2.1251946282744543,
    2.147863108489535,
    2.170773383027088,
    2.193928030996685,
    2.217329659018086,
    2.240980901514675,
    2.2648844210100187,
    2.289042908427616,
    2.3134590833938087,
    2.3381356945439564,
    2.3630755198318556,
    2.388281366842463,
    2.4137560731079652,
    2.4395025064272082,
    2.4655235651885348,
    2.4918221786960757,
    2.51840130749951,
    2.545263943727346,
    2.57241311142376,
    2.599851866889029,
    2.627583299023585,
    2.6556105296757524,
    2.683936713993183,
    2.712565040778049,
    2.7414987328460207,
    2.770741047389065,
    2.8002952763421316,
    2.8301647467537383,
    2.8603528211605034,
    2.890862897965692,
    2.921698411821784,
    2.952862834017125,
    2.984359672866711,
    3.016192474107129,
    3.0483648212957197,
    3.0808803362139936,
    3.113742679275346,
    3.146955549937134,
    3.180522687117136,
    3.214447869614454,
    3.248734916534918,
    3.283387687721015,
    3.3184100841864046,
    3.3538060485550805,
    3.3895795655052066,
    3.4257346622176823,
    3.462275408829514,
    3.4992059188919913,
    3.5365303498337832,
    3.57425290342895,
    3.6123778262699515,
    3.6509094102457142,
    3.6898519930247833,
    3.7292099585436276,
    3.768987737500168,
    3.8091898078525572,
    3.849820695323275,
    3.8908849739086238,
    3.9323872663936266,
    3.974332244872448,
    4.016724631274348,
    4.059569197895242,
    4.102870767934951,
    4.146634216040167,
    4.190864468853202,
    4.23556650556662,
    4.280745358483757,
    4.326406113585222,
    4.372553911101462,
    4.419193946091416,
    4.466331469027335,
    4.513971786385867,
    4.562120261245417,
    4.6107823138898985,
    4.6599634224189215,
    4.709669123364473,
    4.759905012314206,
    4.810676744541349,
    4.861990035641341,
    4.913850662175271,
    4.966264462320169,
    5.019237336526222,
    5.072775248181035,
    5.12688422428094,
    5.18157035610948,
    5.236839799923148,
    5.292698777644399,
    5.349153577562103,
