{
  "cm_at_c1": {
    "TP": 21,
    "TN": 82,
    "FP": 26,
    "FN": 51,
    "precision": 0.44680851063829785,
    "recall": 0.2916666666666667,
    "accuracy": 0.5722222222222222,
    "F1": 0.35294117647058826
  },
  "pr_auc": 0.4920230986885975,
  "roc_auc": 0.6059027777777778,
  "prevalence": 0.4,
  "normalized_auprc": 0.15337183114766248,
  "auprg": NaN,
  "ece_rank": 0.22228360957642726,
  "c_grid": [
    0.30404871781082865,
    0.3058791861332559,
    0.30772067444716195,
    0.30957324909634015,
    0.3114369768239943,
    0.3133119247751431,
    0.3151981604990392,
    0.3170957519516031,
    0.3190047674978709,
    0.3209252759144577,
    0.32285734639203534,
    0.3248010485378251,
    0.3267564523781056,
    0.32872362836073526,
    0.33070264735769106,
    0.33269358066762106,
    0.3346965000184136,
    0.3367114775697814,
    0.3387385859158611,
    0.34077789808782877,
    0.342829487556531,
    0.3448934282351318,
    0.3469697944817757,
    0.3490586611022662,
    0.3511601033527614,
    0.3532741969424848,
    0.3554010180364533,
    0.3575406432582208,
    0.3596931496926391,
    0.3618586148886348,
    0.36403711686200324,
    0.36622873409821943,
    0.3684335455552653,
    0.3706516306664746,
    0.3728830693433945,
    0.37512794197866467,
    0.37738632944891376,
    0.37965831311767284,
    0.38194397483830683,
    0.3842433969569637,
    0.3865566623155407,
    0.3888838542546695,
    0.3912250566167182,
    0.39358035374881223,
    0.39594983050587307,
    0.3983335722536753,
    0.40073166487192247,
    0.40314419475734026,
    0.40557124882679,
    0.40801291452039967,
    0.410469279804714,
    0.412940433175864,
    0.4154264636627548,
    0.41792746083027377,
    0.4204435147825165,
    0.42297471616603355,
    0.4255211561730962,
    0.4280829265449814,
    0.43066011957527756,
    0.4332528281132091,
    0.43586114556698197,
    0.43848516590714864,
    0.4411249836699937,
    0.4437806939609397,
    0.44645239245797363,
    0.44914017541509377,
    0.4518441396657777,
    0.4545643826264705,
    0.4573010023000951,
    0.46005409727958246,
    0.4628237667514238,
    0.46561011049924395,
    0.46841322890739645,
    0.4712332229645802,
    0.47407019426747715,
    0.4769242450244136,
    0.47979547805904155,
    0.4826839968140436,
    0.4855899053548598,
    0.4885133083734363,
    0.491454311191998,
    0.4944130197668421,
    0.497389540692156,
    0.5003839812038575,
    0.5033964491834579,
    0.5064270531619492,
    0.5094759023237138,
    0.512543106510458,
    0.5156287762251699,
    0.5187330226360998,
    0.5218559575807658,
    0.5249976935699826,
    0.5281583437919156,
    0.5313380221161579,
    0.5345368430978332,
    0.5377549219817231,
    0.5409923747064188,
    0.5442493179084977,
    0.5475258689267263,
    0.5508221458062866,
    0.5541382673030302,
    0.5574743528877555,
    0.5608305227505127,
    0.5642068978049336,
    0.5676035996925877,
    0.5710207507873652,
    0.5744584741998849,
    0.5779168937819305,
    0.5813961341309114,
    0.5848963205943533,
    0.5884175792744123,
    0.5919600370324196,
    0.5955238214934508,
    0.5991090610509247,
    0.6027158848712282,
    0.6063444228983705,
    0.6099948058586646,
    0.6136671652654363,
    0.6173616334237628,
    0.6210783434352395,
    0.6248174292027746,
    0.6285790254354142,
    0.6323632676531945,
    0.6361702921920249,
    0.6400002362085997,
    0.6438532376853389,
    0.6477294354353603,
    0.6516289691074799,
    0.6555519791912432,
    0.6594986070219865,
    0.6634689947859295,
    0.6674632855252967,
    0.6714816231434722,
    0.6755241524101829,
    0.6795910189667151,
    0.683682369331161,
    0.6877983509036973,
    0.6919391119718964,
    0.6961048017160677,
    0.700295570214633,
    0.7045115684495328,
    0.7087529483116665,
    0.7130198626063637,
    0.7173124650588905,
    0.7216309103199865,
    0.7259753539714375,
    0.7303459525316802,
    0.7347428634614409,
    0.7391662451694093,
    0.7436162570179444,
    0.7480930593288168,
    0.7525968133889838,
    0.757127681456401,
    0.7616858267658674,
    0.7662714135349068,
    0.7708846069696835,
    0.7755255732709548,
    0.7801944796400583,
    0.7848914942849358,
    0.7896167864261942,
    0.7943705263032004,
    0.7991528851802161,
    0.8039640353525673,
    0.8088041501528516,
    0.813673403957183,
    0.8185719721914745,
    0.8235000313377576,
    0.8284577589405409,
    0.8334453336132064,
    0.8384629350444447,
    0.8435107440047283,
    0.8485889423528244,
    0.853697713042347,
    0.858837240128348,
    0.864007708773948,
    0.8692093052570078,
    0.874442216976839,
    0.8797066324609557,
    0.8850027413718665,
    0.8903307345139075,
    0.8956908038401168,
    0.9010831424591497,
    0.9065079446422356,
    0.911965405830178,
    0.9174557226403949,
    0.9229790928740021,
    0.9285357155229411,
    0.9341257907771461,
    0.9397495200317576,
    0.9454071058943778,
    0.95109875219237,
    0.9568246639802019,
    0.9625850475468334,
    0.968380110423148,
    0.9742100613894306,
    0.9800751104828878,
    0.9859754690052168,
    0.9919113495302163,
    0.9978829659114462,
    1.0038905332899317,
    1.0099342681019137,
    1.0160143880866477,
    1.0221311122942465,
    1.028284661093574,
    1.0344752561801838,
    1.0407031205843045,
    1.046968478678878,
    1.0532715561876405,
    1.059612580193256,
    1.0659917791454976,
    1.072409382869476,
    1.0788656225739226,
    1.0853607308595166,
    1.091894941727266,
    1.0984684905869389,
    1.1050816142655422,
    1.1117345510158576,
    1.1184275405250206,
    1.1251608239231603,
    1.131934643792083,
    1.1387492441740141,
    1.1456048705803896,
    1.1525017700007005,
    1.1594401909113923,
    1.1664203832848155,
    1.1734425985982333,
    1.1805070898428807,
    1.1876141115330776,
    1.1947639197154014,
    1.2019567719779085,
    1.2091929274594169,
    1.2164726468588414,
    1.2237961924445842,
    1.2311638280639874,
    1.2385758191528349,
    1.246032432744918,
    1.2535339374816543,
    1.261080603621767,
    1.2686727030510214,
    1.2763105092920195,
    1.2839942975140557,
    1.2917243445430289,
    1.2995009288714165,
    1.3073243306683087,
    1.3151948317894993,
    1.323112715787644,
    1.3310782679224724,
    1.3390917751710683,
    1.347153526238207,
    1.3552638115667555,
    1.3634229233481394,
    1.3716311555328666,
    1.37988880384112,
    1.3881961657734099,
    1.3965535406212923,
    1.4049612294781533,
    1.4134195352500534,
    1.4219287626666437,
    1.430489218292143,
    1.439101210536381,
    1.4477650496659136,
    1.4564810478151953,
    1.4652495189978303,
    1.4740707791178813,
    1.4829451459812524,
    1.4918729393071395,
    1.500854480739546,
    1.509890093858875,
    1.5189801041935842,
    1.5281248392319127,
    1.5373246284336834,
    1.5465798032421687,
    1.5558906970960342,
    1.5652576454413503,
    1.5746809857436765,
    1.5841610575002223,
    1.5936982022520745,
    1.603292763596506,
    1.612945087199351,
    1.622655520807461,
    1.6324244142612323,
    1.642252119507209,
    1.6521389906107649,
    1.6620853837688554,
    1.6720916573228557,
    1.682158171771467,
    1.6922852897837044,
    1.7024733762119657,
    1.7127227981051725,
    1.7230339247219963,
    1.7334071275441623,
    1.7438427802898293,
    1.754341258927059,
    1.764902941687356,
    1.7755282090792985,
    1.786217443902245,
    1.7969710312601244,
    1.8077893585753138,
    1.8186728156025918,
    1.8296217944431843,
    1.840636689558889,
    1.851717897786286,
    1.862865818351037,
    1.8740808528822648,
    1.8853634054270278,
    1.8967138824648717,
    1.9081326929224773,
    1.9196202481883924,
    1.9311769621278503,
    1.942803251097685,
    1.9544995339613263,
    1.9662662321038946,
    1.9781037694473804,
    1.9900125724659155,
    2.001993070201141,
    2.0140456942776614,
    2.026170878918598,
