{
  "c": 0.05,
  "f1": 0.3225806451612903,
  "prec": 0.25,
  "rec": 0.45454545454545453,
  "tp": 10,
  "fp": 30,
  "fn": 12,
  "tn": 28
}