{
  "cm_at_c1": {
    "TP": 0,
    "TN": 149,
    "FP": 0,
    "FN": 51,
    "precision": 0.0,
    "recall": 0.0,
    "accuracy": 0.745,
    "F1": 0.0
  },
  "pr_auc": 0.3357862515976817,
  "roc_auc": 0.5531648901171207,
  "prevalence": 0.255,
  "normalized_auprc": 0.10843792160762646,
  "c_grid": [
    1.2940509566736336,
    1.3057693403257564,
    1.3175938407538146,
    1.3295254189069006,
    1.3415650444360596,
    1.3537136957730902,
    1.3659723602100602,
    1.378342033979541,
    1.3908237223355684,
    1.4034184396353386,
    1.4161272094216417,
    1.4289510645060426,
    1.4418910470528152,
    1.4549482086636367,
    1.4681236104630493,
    1.4814183231846942,
    1.4948334272583286,
    1.5083700128976285,
    1.5220291801887893,
    1.535812039179926,
    1.5497197099712845,
    1.5637533228062697,
    1.5779140181632976,
    1.5922029468484789,
    1.606621270089143,
    1.6211701596282073,
    1.6358507978194032,
    1.6506643777233618,
    1.665612103204572,
    1.6806951890292154,
    1.6959148609638877,
    1.7112723558752134,
    1.7267689218303632,
    1.742405818198482,
    1.7581843157530341,
    1.7741056967750763,
    1.7901712551574658,
    1.8063822965100114,
    1.8227401382655781,
    1.839246109787151,
    1.8559015524758704,
    1.872707819880043,
    1.8896662778051432,
    1.9067783044248061,
    1.9240452903928318,
    1.9414686389561988,
    1.9590497660691022,
    1.976790100508026,
    1.9946910839878549,
    2.012754171279041,
    2.030980830325827,
    2.0493725423655467,
    2.0679308020489966,
    2.0866571175619053,
    2.1055530107475016,
    2.124620017230187,
    2.143859686540336,
    2.163273582240222,
    2.1828632820510823,
    2.202630377981338,
    2.222576476455971,
    2.242703198447076,
    2.2630121796055933,
    2.2835050703942312,
    2.3041835362215983,
    2.3250492575775463,
    2.346103930169739,
    2.367349265061459,
    2.388786988810662,
    2.410418843610289,
    2.432246587429851,
    2.4542719941582956,
    2.476496853748165,
    2.4989229723610626,
    2.521552172514434,
    2.544386293229682,
    2.5674271901816157,
    2.5906767358492577,
    2.6141368196680186,
    2.637809348183243,
    2.661696245205153,
    2.6857994519651904,
    2.710120927273776,
    2.7346626476794977,
    2.75942660762974,
    2.7844148196327674,
    2.8096293144212767,
    2.8350721411174304,
    2.860745367399383,
    2.8866510796693166,
    2.912791383222997,
    2.9391684024208686,
    2.9657842808606936,
    2.992641181551758,
    3.019741287090655,
    3.0470867998386573,
    3.0746799421007003,
    3.102522956305982,
    3.130618105190201,
    3.1589676719794424,
    3.1875739605757305,
    3.2164392957442614,
    3.245566023302333,
    3.2749565103099814,
    3.3046131452623473,
    3.334538338283783,
    3.364734521323719,
    3.395204148354301,
    3.4259496955698183,
    3.4569736615879396,
    3.4882785676527703,
    3.5198669578397435,
    3.5517413992623768,
    3.5839044822808925,
    3.6163588207127306,
    3.6491070520449673,
    3.682151837648657,
    3.7154958629951165,
    3.7491418378741668,
    3.78309249661435,
    3.8173505983051434,
    3.851918927021184,
    3.886800292048521,
    3.9219975281129233,
    3.9575134956102493,
    3.993351080838905,
    4.029513196234405,
    4.066002780606063,
    4.102822799375815,
    4.139976244819222,
    4.177466136308635,
    4.2152955205585805,
    4.2534674718733525,
    4.29198509239686,
    4.330851512364728,
    4.370069890358684,
    4.4096434135632485,
    4.449575298024753,
    4.489868788912696,
    4.530527160783472,
    4.57155371784649,
    4.612951794232692,
    4.6547247542655175,
    4.696875992734308,
    4.739408935170197,
    4.7823270381244924,
    4.825633789449585,
    4.869332708582395,
    4.913427346830392,
    4.957921287660199,
    5.002818146988808,
    5.048121573477447,
    5.093835248828089,
    5.1399628880826596,
    5.186508239924949,
    5.233475086985259,
    5.280867246147804,
    5.3286885688609065,
    5.376942941449993,
    5.425634285433425,
    5.474766557841192,
    5.52434375153649,
    5.5743698955402134,
    5.624849055358383,
    5.67578533331254,
    5.727182868873129,
    5.779045838995912,
    5.831378458461404,
    5.884184980217417,
    5.937469695724672,
    5.991236935305564,
    6.045491068496075,
    6.100236504400873,
    6.155477692051633,
    6.2112191207685985,
    6.267465320525417,
    6.324220862317281,
    6.381490358532402,
    6.439278463326845,
    6.4975898730027675,
    6.556429326390072,
    6.6158016052315185,
    6.67571153457133,
    6.736163983147308,
    6.797163863786506,
    6.8587161338044815,
    6.920825795408168,
    6.983497896102389,
    7.046737529100056,
    7.110549833736087,
    7.174939995885067,
    7.239913248382686,
    7.305474871451005,
    7.371630193127566,
    7.438384589698386,
    7.505743486134879,
    7.5737123565347275,
    7.642296724566751,
    7.711502163919803,
    7.781334298755726,
    7.851798804166418,
    7.922901406635037,
    7.994647884501371,
    8.067044068431434,
    8.140095841891313,
    8.213809141625296,
    8.288189958138346,
    8.363244336182929,
    8.43897837525026,
    8.515398230065985,
    8.59251011109038,
    8.67032028502304,
    8.748835075312174,
    8.828060862668485,
    8.908004085583725,
    8.988671240853927,
    9.070068884107396,
    9.152203630337453,
    9.235082154440034,
    9.318711191756142,
    9.403097538619198,
    9.488248052907377,
    9.574169654600933,
    9.660869326344555,
    9.748354114014846,
    9.836631127292915,
    9.925707540242165,
    10.015590591891316,
    10.106287586822692,
    10.197805895765873,
    10.290152956196668,
    10.383336272941548,
    10.477363418787569,
    10.572242035097755,
    10.667979832432133,
    10.764584591174314,
    10.862064162163826,
    10.960426467334091,
    11.059679500356266,
    11.159831327288824,
    11.26089008723311,
    11.362863992994741,
    11.465761331751072,
    11.569590465724676,
    11.674359832862892,
    11.780077947523601,
    11.88675340116712,
    11.994394863054456,
    12.103011080951791,
    12.21261088184144,
    12.32320317263915,
    12.434796940917987,
    12.547401255638706,
    12.661025267886766,
    12.775678211616043,
    12.891369404399217,
    13.00810824818502,
    13.12590423006228,
    13.24476692303093,
    13.364705986780002,
    13.4857311684726,
    13.607852303538083,
    13.731079316471309,
    13.855422221639243,
    13.980891124094729,
    14.107496220397767,
    14.235247799444112,
    14.364156243301473,
    14.494232028053199,
    14.625485724649666,
    14.757927999767368,
    14.891569616675728,
    15.026421436111859,
    15.162494417163135,
    15.299799618157863,
    15.438348197563911,
    15.578151414895595,
    15.719220631628643,
    15.861567312123583,
    16.005203024557368,
    16.15013944186352,
    16.29638834268078,
    16.44396161231028,
    16.592871243681493,
    16.74312933832681,
    16.894748107365064,
    17.047739872493835,
    17.20211706699087,
    17.357892236724446,
    17.515078041172977,
    17.67368725445383,
    17.833732766361404,
    17.99522758341471,
    18.158184829914312,
    18.322617749008984,
    18.48853970377187,
    18.655964178286556,
    18.824904778742795,
    18.995375234542344,
    19.167389399414635,
    19.340961252542684,
    19.516104899699155,
    19.692834574392656,
    19.871164639024514,
    20.05110958605592,
    20.232684039185763,
    20.415902754538987,
    20.600780621865866,
    20.78733266575197,
    20.975574046839274,
    21.165520063058146,
    21.35718615087061,
    21.550587886524852,
    21.745740987321,
    21.942661312888514,
    22.141364866474976,
    22.34186779624672,
    22.544186396601074,
    22.748337109490638,
    22.95433652575942,
    23.1622013864912,
    23.371948584369974,
    23.58359516505281,
    23.797158328555145,
    24.012655430648508,
    24.23010398427107,
    24.4495216609508,
