{
  "c": 0.05,
  "f1": 0.36619718309859156,
  "prec": 0.26,
  "rec": 0.6190476190476191,
  "tp": 13,
  "fp": 37,
  "fn": 8,
  "tn": 22
}