{
  "cm_at_c1": {
    "TP": 0,
    "TN": 379,
    "FP": 0,
    "FN": 121,
    "precision": 0.0,
    "recall": 0.0,
    "accuracy": 0.758,
    "F1": 0.0
  },
  "pr_auc": 0.31395821891774295,
  "roc_auc": 0.6251226585839202,
  "prevalence": 0.242,
  "normalized_auprc": 0.09493168722657382,
  "c_grid": [
    2.7551116829075677,
    2.775876551137792,
    2.7967979211008847,
    2.8178769723271992,
    2.8391148932370363,
    2.8605128812076437,
    2.8820721426407236,
    2.90379389303045,
    2.9256793570319943,
    2.947729768530575,
    2.969946370711018,
    2.9923304161278503,
    3.0148831667759164,
    3.037605894161529,
    3.060499879374155,
    3.083566413158642,
    3.106806795987992,
    3.130222338136677,
    3.1538143597545156,
    3.1775841909410985,
    3.2015331718207785,
    3.22566265261823,
    3.2499739937345686,
    3.2744685658240513,
    3.299147749871354,
    3.3240129372694285,
    3.3490655298979495,
    3.3743069402023504,
    3.3997385912734575,
    3.4253619169277196,
    3.45117836178805,
    3.477189381365268,
    3.503396442140165,
    3.529801021646178,
    3.5564046085526964,
    3.583208702748989,
    3.610214815428768,
    3.6374244691753885,
    3.6648391980476904,
    3.692460547666488,
    3.7202900753017096,
    3.7483293499601973,
    3.776579952474164,
    3.8050434755903213,
    3.8337215240596763,
    3.8626157147280065,
    3.8917276766270166,
    3.9210590510661816,
    3.9506114917252817,
    3.9803866647476376,
    4.0103862488340445,
    4.0406119353374175,
    4.071065428358147,
    4.101748444840175,
    4.132662714667796,
    4.163809980763186,
    4.195191999184667,
    4.226810539225712,
    4.2586673835146955,
    4.290764328115401,
    4.323103182628274,
    4.355685770292453,
    4.38851392808856,
    4.421589506842267,
    4.454914371328642,
    4.48849040037729,
    4.522319486978274,
    4.556403538388844,
    4.590744476240962,
    4.625344236649649,
    4.660204770322135,
    4.695328042667843,
    4.730716033909195,
    4.766370739193253,
    4.802294168704211,
    4.838488347776722,
    4.874955317010081,
    4.911697132383287,
    4.948715865370936,
    4.986013603060033,
    5.023592448267638,
    5.061454519659439,
    5.099601951869187,
    5.1380368956190585,
    5.176761517840893,
    5.2157780017983875,
    5.2550885472101605,
    5.2946953703737965,
    5.334600704290772,
    5.37480679879238,
    5.415315920666544,
    5.456130353785645,
    5.497252399235259,
    5.538684375443912,
    5.580428618313777,
    5.62248748135238,
    5.6648633358052765,
    5.707558570789759,
    5.750575593429532,
    5.793916828990443,
    5.837584721017199,
    5.881581731471155,
    5.9259103408690885,
    5.970573048423077,
    6.015572372181377,
    6.060910849170414,
    6.106591035537792,
    6.152615506696435,
    6.198986857469758,
    6.245707702237986,
    6.292780675085535,
    6.340208429949525,
    6.387993640769409,
    6.436139001637722,
    6.484647226951977,
    6.533521051567699,
    6.582763230952612,
    6.6323765413419915,
    6.682363779895188,
    6.732727764853328,
    6.7834713356982,
    6.834597353312349,
    6.886108700140366,
    6.938008280351401,
    6.990299020002893,
    7.042983867205546,
    7.096065792289536,
    7.149547787971974,
    7.20343286952564,
    7.257724074948976,
    7.31242446513737,
    7.367537124055722,
    7.423065158912317,
    7.479011700334014,
    7.5353799025427355,
    7.592172943533312,
    7.649394025252646,
    7.707046373780242,
    7.765133239510087,
    7.823657897333904,
    7.88262364682579,
    7.942033812428243,
    8.001891743639591,
    8.062200815202834,
    8.12296442729591,
    8.184186005723394,
    8.245869002109641,
    8.30801689409339,
    8.370633185523824,
    8.433721406658117,
    8.497285114360475,
    8.56132789230265,
    8.625853351166011,
    8.690865128845083,
    8.756366890652675,
    8.822362329526506,
    8.888855166237425,
    8.955849149599175,
    9.023348056679756,
    9.091355693014362,
    9.159875892819956,
    9.228912519211407,
    9.298469464419329,
    9.368550650009476,
    9.439160027103888,
    9.510301576603602,
    9.58197930941314,
    9.654197266666587,
    9.726959519955491,
    9.80027017155835,
    9.874133354671947,
    9.948553233644347,
    10.023534004209697,
    10.099079893724756,
    10.175195161407265,
    10.251884098576031,
    10.329151028892925,
    10.407000308606586,
    10.485436326798078,
    10.564463505628298,
    10.644086300587336,
    10.724309200745624,
    10.805136729007081,
    10.886573442364051,
    10.968623932154285,
    11.05129282431974,
    11.13458477966743,
    11.218504494132162,
    11.303056699041331,
    11.388246161381621,
    11.474077684067808,
    11.560556106213506,
    11.64768630340403,
    11.735473187971236,
    11.823921709270524,
    11.913036853959824,
    12.002823646280792,
    12.093287148342027,
    12.184432460404508,
    12.27626472116911,
    12.368789108066348,
    12.462010837548247,
    12.55593516538248,
    12.650567386948632,
    12.74591283753681,
    12.841976892648383,
    12.938764968299106,
    13.036282521324408,
    13.134535049687113,
    13.23352809278734,
    13.333267231774881,
    13.433758089863796,
    13.535006332649496,
    13.637017668428127,
    13.739797848518442,
    13.843352667586004,
    13.947687963969917,
    14.052809620012003,
    14.158723562388387,
    14.265435762443708,
    14.372952236527713,
    14.481279046334512,
    14.590422299244283,
    14.700388148667642,
    14.811182794392526,
    14.92281248293378,
    15.035283507885278,
    15.14860221027481,
    15.262774978921513,
    15.377808250796148,
    15.493708511383932,
    15.610482295050256,
    15.728136185409022,
    15.846676815693888,
    15.966110869132175,
    16.08644507932173,
    16.207686230610502,
    16.329841158479084,
    16.452916749926054,
    16.576919943856307,
    16.70185773147219,
    16.827737156667755,
    16.9545653164258,
    17.082349361218057,
    17.211096495408277,
    17.340813977658467,
    17.471509121338052,
    17.603189294936275,
    17.735861922477564,
    17.86953448394014,
    18.00421451567768,
    18.13990961084428,
    18.27662741982248,
    18.41437565065464,
    18.553162069477477,
    18.692994500959944,
    18.833880828744338,
    18.975828995890843,
    19.118847005325257,
    19.26294292029029,
    19.40812486480008,
    19.554401024098286,
    19.7017796451195,
    19.850269036954284,
    19.999877571317526,
    20.15061368302055,
    20.30248587044654,
    20.455502696029786,
    20.609672786738336,
    20.76500483456046,
    20.9215075969946,
    21.079189897543227,
    21.238060626210178,
    21.398128740001987,
    21.559403263432774,
    21.721893289033126,
    21.885607977862637,
    22.050556560026497,
    22.216748335195785,
    22.384192673131867,
    22.552899014214564,
    22.722876869974492,
    22.894135823629203,
    23.0666855306236,
    23.240535719174193,
    23.415696190817656,
    23.59217682096335,
    23.76998755945018,
    23.949138431107457,
    24.12963953632021,
    24.3115010515985,
    24.4947332301513,
    24.67934640246445,
    24.86535097688317,
    25.05275744019879,
    25.24157635824008,
    25.43181837646885,
    25.62349422058022,
    25.816614697107234,
    26.011190694030233,
    26.2072331813906,
    26.4047532119093,
    26.603761921610058,
    26.804270530447102,
    27.00629034293785,
    27.209832748800128,
    27.41490922359444,
    27.62153132937083,
    27.829710715320854,
    28.039459118434237,
    28.250788364160723,
    28.463710367076647,
    28.67823713155681,
    28.89438075245113,
    29.1121534157667,
    29.331567399354654,
    29.55263507360255,
    29.775368902131646,
    29.999781442499746,
    30.225885346909028,
    30.45369336291951,
    30.683218334167613,
    30.91447320109041,
    31.14747100165506,
    31.382224872094017,
    31.6187480476455,
    31.85705386329983,
    32.097155754551096,
    32.33906725815479,
