{
  "c": 0.05,
  "f1": 0.5517241379310346,
  "prec": 0.4,
  "rec": 0.8888888888888888,
  "tp": 24,
  "fp": 36,
  "fn": 3,
  "tn": 17
}