{
  "cm_at_c1": {
    "TP": 0,
    "TN": 128,
    "FP": 0,
    "FN": 52,
    "precision": 0.0,
    "recall": 0.0,
    "accuracy": 0.7111111111111111,
    "F1": 0.0
  },
  "pr_auc": 0.29116386074034356,
  "roc_auc": 0.513446514423077,
  "prevalence": 0.28888888888888886,
  "normalized_auprc": 0.0031991791661081705,
  "auprg": NaN,
  "ece_rank": 0.32111724984653167,
  "c_grid": [
    9.226099991876389,
    9.291160434996243,
    9.356679670158531,
    9.422660932664577,
    9.48910748063036,
    9.556022595147365,
    9.623409580444626,
    9.691271764051878,
    9.75961249696387,
    9.828435153805835,
    9.897743133000118,
    9.96753985693401,
    10.037828772128721,
    10.108613349409584,
    10.179897084077423,
    10.251683496081169,
    10.323976130191664,
    10.396778556176695,
    10.470094368977277,
    10.543927188885164,
    10.618280661721615,
    10.693158459017425,
    10.768564278194225,
    10.844501842747054,
    10.920974902428224,
    10.99798723343248,
    11.075542638583482,
    11.153644947521556,
    11.232298016892821,
    11.311505730539626,
    11.391271999692322,
    11.471600763162405,
    11.552495987537014,
    11.63396166737479,
    11.716001825403131,
    11.79862051271683,
    11.881821808978119,
    11.965609822618106,
    12.04998869103968,
    12.134962580821774,
    12.220535687925134,
    12.306712237899497,
    12.393496486092264,
    12.480892717858612,
    12.56890524877311,
    12.65753842484281,
    12.746796622721869,
    12.83668424992764,
    12.927205745058338,
    13.018365578012189,
    13.110168250208188,
    13.202618294808337,
    13.295720276941509,
    13.389478793928873,
    13.483898475510902,
    13.578983984075984,
    13.674740014890661,
    13.771171296331463,
    13.8682825901184,
    13.966078691550091,
    14.06456442974056,
    14.163744667857681,
    14.263624303363326,
    14.364208268255215,
    14.465501529310423,
    14.567509088330652,
    14.67023598238923,
    14.773687284079813,
    14.877868101766888,
    14.982783579838014,
    15.088438898957843,
    15.194839276323947,
    15.301989965924436,
    15.409896258797387,
    15.51856348329215,
    15.627997005332405,
    15.738202228681162,
    15.84918459520759,
    15.960949585155728,
    16.073502717415106,
    16.18684954979325,
    16.300995679290143,
    16.415946742374572,
    16.531708415262493,
    16.648286414197273,
    16.765686495732023,
    16.88391445701374,
    17.002976136069705,
    17.12287741209566,
    17.243624205746155,
    17.365222479426897,
    17.487678237589197,
    17.610997527026424,
    17.735186437172626,
    17.860251100403207,
    17.986197692337747,
    18.113032432144944,
    18.240761582849707,
    18.369391451642464,
    18.498928390190514,
    18.629378794951787,
    18.760749107490607,
    18.893045814795805,
    19.026275449601048,
    19.160444590707414,
    19.295559863308238,
    19.43162793931629,
    19.568655537693203,
    19.706649424781265,
    19.845616414637522,
    19.985563369370265,
    20.126497199477914,
    20.268424864190138,
    20.411353371811646,
    20.555289780068147,
    20.700241196454897,
    20.846214778587658,
    20.993217734556136,
    21.141257323279916,
    21.290340854866887,
    21.44047569097424,
    21.591669245171943,
    21.743928983308884,
    21.89726242388142,
    22.05167713840477,
    22.20718075178679,
    22.363780942704526,
    22.521485443983384,
    22.68030204297896,
    22.84023858196159,
    23.00130295850358,
    23.163503125869198,
    23.326847093407395,
    23.491342926947297,
    23.65699874919649,
    23.82382274014217,
    23.991823137454922,
    24.161008236895682,
    24.331386392725232,
    24.50296601811678,
    24.675755585571405,
    24.849763627336408,
    25.02499873582664,
    25.20146956404878,
    25.379184826028624,
    25.558153297241365,
    25.738383815044983,
    25.919885279116485,
    26.102666651891546,
    26.28673695900693,
    26.47210528974624,
    26.65878079748871,
    26.846772700161225,
    27.03609028069346,
    27.2267428874763,
    27.41873993482342,
    27.612090903436204,
    27.806805340871858,
    28.002892862014864,
    28.20036314955183,
    28.399225954449463,
    28.599491096436246,
    28.801168464487194,
    29.004268017312228,
    29.208799783847915,
    29.4147738637527,
    29.622200427905607,
    29.831089718908487,
    30.041452051591772,
    30.25329781352382,
    30.46663746552391,
    30.68148154217863,
    30.897840652362305,
    31.11572547976058,
    31.335146783398248,
    31.556115398170327,
    31.77864223537716,
    32.002738283263206,
    32.22841460755962,
    32.455682352030685,
    32.684552739024056,
    32.91503707002499,
    33.147146726214245,
    33.380893169030315,
    33.616287940735134,
    33.85334266498425,
    34.092069047400585,
    34.33247887615266,
    34.57458402253655,
    34.818396441562086,
    35.063928172543264,
    35.31119133969267,
    35.56019815272019,
    35.81096090743592,
    36.06349198635737,
    36.31780385932076,
    36.573909084097004,
    36.831820307011526,
    37.091550263569026,
    37.35311177908206,
    37.61651776930463,
    37.8817812410697,
    38.14891529293165,
    38.41793311581297,
    38.68884799365568,
    38.96167330407723,
    39.236422519031116,
    39.51310920547218,
    39.79174702602633,
    40.07234973966548,
    40.35493120238666,
    40.6395053678965,
    40.92608628830004,
    41.21468811479474,
    41.505325098369184,
    41.798011590506846,
    42.092762043894695,
    42.3895910131369,
    42.68851315547361,
    42.98954323150445,
    43.29269610591777,
    43.59798674822428,
    43.90543023349659,
    44.21504174311323,
    44.526836565508695,
    44.84083009692805,
    45.15703784218737,
    45.475475415439305,
    45.79615854094409,
    46.11910305384601,
    46.44432490095533,
    46.771840141535804,
    47.101664948097465,
    47.43381560719553,
    47.76830852023427,
    48.10516020427724,
    48.44438729286263,
    48.78600653682473,
    49.130034805121056,
    49.47648908566533,
    49.825386486166344,
    50.176744234972674,
    50.53057968192357,
    50.88691029920536,
    51.24575368221465,
    51.6071275504267,
    51.97104974827089,
    52.337538246011384,
    52.706611140634905,
    53.07828665674409,
    53.45258314745752,
    53.82951909531594,
    54.20911311319496,
    54.591383945224116,
    54.97635046771244,
    55.364031690080665,
    55.75444675579962,
    56.14761494333595,
    56.5435556671036,
    56.94228847842294,
    57.34383306648578,
    57.74820925932799,
    58.155437024808336,
    58.565536471594555,
    58.978527850156354,
    59.3944315537653,
    59.81326811950189,
    60.23505822926958,
    60.65982271081623,
    61.08758253876219,
    61.51835883563653,
    61.952172872919526,
    62.3890460720935,
    62.82900000570028,
    63.27205639840656,
    63.71823712807668,
    64.16756422685285,
    64.62005988224318,
    65.0757464382172,
    65.53464639630934,
    65.99678241672976,
    66.4621773194837,
    66.93085408549784,
    67.4028358577556,
    67.87814594243943,
    68.35680781008207,
    68.83884509672525,
    69.32428160508691,
    69.81314130573658,
    70.30544833827899,
    70.80122701254614,
    71.30050180979755,
    71.80329738392946,
    72.30963856269169,
    72.81955034891425,
    73.33305792174136,
    73.8501866378753,
    74.37096203282819,
    74.89540982218297,
    75.4235559028633,
    75.9554263544123,
    76.4910474402803,
    77.03044560912174,
    77.57364749610134,
    78.12067992420891,
    78.67156990558448,
    79.2263446428514,
    79.78503153046039,
    80.34765815604146,
    80.91425230176691,
    81.48484194572264,
    82.05945526328998,
    82.63812062853688,
    83.22086661561903,
    83.80772200019085,
    84.39871576082629,
    84.9938770804501,
    85.59323534777836,
    86.19682015877024,
    86.80466131808886,
    87.41678884057366,
    88.03323295272179,
    88.65402409418141,
    89.27919291925424,
    89.90877029840948,
