{
  "c": 0.05,
  "f1": 0.6105263157894737,
  "prec": 0.48333333333333334,
  "rec": 0.8285714285714286,
  "tp": 29,
  "fp": 31,
  "fn": 6,
  "tn": 14
}