{
  "cm_at_c1": {
    "TP": 0,
    "TN": 125,
    "FP": 0,
    "FN": 55,
    "precision": 0.0,
    "recall": 0.0,
    "accuracy": 0.6944444444444444,
    "F1": 0.0
  },
  "pr_auc": 0.29244824946016335,
  "roc_auc": 0.4747636363636364,
  "prevalence": 0.3055555555555556,
  "normalized_auprc": -0.01887452077736482,
  "c_grid": [
    1.6851603913159419,
    1.7009453929962814,
    1.7168782537642973,
    1.732960358625215,
    1.749193105557689,
    1.7655779056353273,
    1.782116183149351,
    1.7988093757324055,
    1.8156589344835306,
    1.8326663240942993,
    1.8498330229761428,
    1.8671605233888624,
    1.8846503315703504,
    1.9023039678675215,
    1.9201229668684754,
    1.938108877535892,
    1.9562632633416817,
    1.9745877024028922,
    1.9930837876188923,
    2.011753126809836,
    2.030597342856431,
    2.049618073841006,
    2.06881697318991,
    2.0881957098172386,
    2.1077559682699087,
    2.1274994488740933,
    2.147427867883025,
    2.1675429576261864,
    2.1878464666598987,
    2.2083401599193175,
    2.229025818871856,
    2.249905241672042,
    2.2709802433178288,
    2.292252655808367,
    2.313724328303258,
    2.335397127283294,
    2.357272936712709,
    2.379353658202948,
    2.401641211177966,
    2.424137533041081,
    2.4468445793433897,
    2.4697643239537554,
    2.4928987592303935,
    2.516249896194062,
    2.5398197647028753,
    2.5636104136287545,
    2.58762391103553,
    2.611862344358714,
    2.6363278205869576,
    2.661022466445204,
    2.6859484285795605,
    2.711107873743902,
    2.7365029889882204,
    2.7621359818487403,
    2.788009080539816,
    2.8141245341476218,
    2.840484612825662,
    2.8670916079921085,
    2.893947832528992,
    2.921055620983249,
    2.9484173297696623,
    2.9760353373756994,
    3.003912044568266,
    3.0320498746024,
    3.0604512734319185,
    3.089118709922041,
    3.1180546760639998,
    3.147261687191662,
    3.176742282200185,
    3.2064990237667113,
    3.2365344985731417,
    3.2668513175309846,
    3.2974521160083206,
    3.328339554058881,
    3.3595163166532918,
    3.3909851139124587,
    3.422748681343162,
    3.4548097800758413,
    3.487171197104617,
    3.5198357455295555,
    3.552806264801206,
    3.586085620967425,
    3.6196767069225184,
    3.653582442658711,
    3.6878057755199767,
    3.7223496804582425,
    3.7572171602919933,
    3.7924112459673016,
    3.8279349968212997,
    3.8637915008481176,
    3.8999838749673215,
    3.9365152652948514,
    3.9733888474165138,
    4.010607826664022,
    4.048175438393631,
    4.0860949482673785,
    4.124369652536958,
    4.163002878330261,
    4.201997983940585,
    4.241358359118577,
    4.281087425366881,
    4.321188636237571,
    4.361665477632359,
    4.40252146810561,
    4.44376015917021,
    4.485385135606283,
    4.527400015772808,
    4.569808451922163,
    4.612614130517594,
    4.655820772553679,
    4.6994321338797835,
    4.743452005526545,
    4.787884214035419,
    4.8327326217913145,
    4.878001127358335,
    4.923693665818678,
    4.9698142091146975,
    5.01636676639418,
    5.063355384358845,
    5.11078414761612,
    5.1586571790342,
    5.206978640100445,
    5.2557527312831205,
    5.304983692396544,
    5.354675802969627,
    5.404833382617903,
    5.4554607914190045,
    5.5065624302916865,
    5.558142741378379,
    5.610206208431335,
    5.662757357202394,
    5.715800755836394,
    5.769341015268261,
    5.823382789623843,
    5.87793077662447,
    5.932989717995315,
    5.98856439987759,
    6.044659653244582,
    6.101280354321609,
    6.158431425009893,
    6.216117833314401,
    6.27434459377572,
    6.3331167679059455,
    6.392439464628668,
    6.452317840723086,
    6.512757101272263,
    6.573762500115601,
    6.635339340305544,
    6.697492974568544,
    6.760228805770385,
    6.8235522873858265,
    6.887468923972661,
    6.9519842716502165,
    7.017103938582335,
    7.082833585464874,
    7.149178926017785,
    7.216145727481777,
    7.28373981111967,
    7.351967052722409,
    7.420833383119837,
    7.490344788696248,
    7.560507311910767,
    7.631327051822607,
    7.702810164621248,
    7.774962864161581,
    7.847791422504048,
    7.921302170459881,
    7.99550149814141,
    8.070395855517543,
    8.14599175297444,
    8.222295761881464,
    8.299314515162386,
    8.377054707872,
    8.455523097778077,
    8.534726505948827,
    8.614671817345824,
    8.695365981422507,
    8.776816012728274,
    8.859028991518237,
    8.942012064368704,
    9.025772444798402,
    9.110317413895526,
    9.195654320950688,
    9.28179058409575,
    9.368733690948682,
    9.456491199264429,
    9.545070737591898,
    9.634480005937085,
    9.724726776432421,
    9.815818894012372,
    9.907764277095403,
    10.000570918272288,
    10.094246885000896,
    10.188800320307475,
    10.2842394434945,
    10.380572550855161,
    10.477808016394544,
    10.57595429255756,
    10.67501991096368,
    10.7750134831486,
    10.875943701312796,
    10.977819339077126,
    11.080649252245497,
    11.184442379574676,
    11.289207743551325,
    11.394954451176295,
    11.501691694756266,
    11.609428752702838,
    11.718174990339062,
    11.827939860713549,
    11.938732905422201,
    12.05056375543764,
    12.163442131946407,
    12.277377847194,
    12.392380805337813,
    12.508461003308113,
    12.625628531677027,
    12.74389357553569,
    12.863266415379623,
    12.98375742800238,
    13.105377087397587,
    13.228135965669418,
    13.352044733951583,
    13.477114163334983,
    13.603355125803988,
    13.730778595181516,
    13.859395648082964,
    13.989217464879074,
    14.120255330667808,
    14.252520636255342,
    14.386024879146248,
    14.520779664542905,
    14.656796706354372,
    14.794087828214607,
    14.932664964510279,
    15.072540161418196,
    15.21372557795245,
    15.356233487021372,
    15.500076276494392,
    15.645266450278854,
    15.791816629407002,
    15.939739553133059,
    16.089048080040634,
    16.239755189160487,
    16.391873981098755,
    16.545417679175767,
    16.70039963057552,
    16.856833307505894,
    17.01473230836978,
    17.174110358947154,
    17.334981313588223,
    17.49735915641775,
    17.661258002550664,
    17.826692099319025,
    17.99367582751056,
    18.16222370261872,
    18.332350376104475,
    18.504070636669944,
    18.677399411543927,
    18.852351767779506,
    19.028942913563775,
    19.20718819953987,
    19.387103120141333,
    19.568703314939032,
    19.752004570000672,
    19.937022819263024,
    20.123774145917025,
    20.312274783805872,
    20.50254111883616,
    20.694589690402307,
    20.888437192824224,
    21.084100476798582,
    21.28159655086357,
    21.480942582877386,
    21.68215590151064,
    21.88525399775266,
    22.09025452643196,
    22.297175307750926,
    22.506034328834865,
    22.716849745295615,
    22.92963988280976,
    23.14442323871162,
    23.361218483601196,
    23.580044462967145,
    23.800920198824997,
    24.023864891370682,
    24.24889792064952,
    24.476038848240943,
    24.70530741895891,
    24.936723562568265,
    25.170307395517195,
    25.406079222685907,
    25.64405953915167,
    25.88426903197041,
    26.126728581975005,
    26.371459265590346,
    26.618482356665538,
    26.867819328323137,
    27.119491854825764,
    27.373521813460197,
    27.62993128643912,
    27.888742562820667,
    28.14997814044597,
    28.413660727894793,
    28.67981324645961,
    28.948458832138055,
    29.219620837644072,
    29.49332283443793,
    29.76958861477522,
    30.048442193775074,
    30.32990781150773,
    30.61400993510163,
    30.90077326087037,
    31.190222716459417,
    31.482383463013047,
    31.777280897361525,
    32.074940654228804,
    32.375388608460874,
    32.67865087727503,
    32.98475382253011,
    33.29372405301816,
    33.605588426777416,
    33.92037405342702,
    34.238108296523585,
    34.55881877593987,
    34.88253337026567,
    35.20928021923128,
