{
  "c": 1.0,
  "f1": 0.30508474576271183,
  "prec": 0.20454545454545456,
  "rec": 0.6,
  "tp": 9,
  "fp": 35,
  "fn": 6,
  "tn": 30
}