{
  "cm_at_c1": {
    "TP": 1,
    "TN": 147,
    "FP": 3,
    "FN": 49,
    "precision": 0.25,
    "recall": 0.02,
    "accuracy": 0.74,
    "F1": 0.037037037037037035
  },
  "pr_auc": 0.2386870934326597,
  "roc_auc": 0.4751999999999999,
  "prevalence": 0.25,
  "normalized_auprc": -0.015083875423120396,
  "c_grid": [
    0.843209914273104,
    0.8466363976595057,
    0.8500768049671027,
    0.8535311927773981,
    0.8569996179018211,
    0.8604821373826609,
    0.8639788084940043,
    0.8674896887426788,
    0.8710148358691971,
    0.8745543078487079,
    0.8781081628919482,
    0.8816764594462017,
    0.8852592561962591,
    0.8888566120653844,
    0.8924685862162823,
    0.8960952380520731,
    0.8997366272172683,
    0.9033928135987518,
    0.907063857326765,
    0.9107498187758959,
    0.9144507585660717,
    0.9181667375635557,
    0.9218978168819486,
    0.9256440578831935,
    0.9294055221785849,
    0.9331822716297821,
    0.9369743683498267,
    0.9407818747041639,
    0.9446048533116683,
    0.9484433670456738,
    0.9522974790350075,
    0.9561672526650278,
    0.9600527515786672,
    0.9639540396774788,
    0.9678711811226872,
    0.9718042403362437,
    0.9757532820018857,
    0.9797183710662009,
    0.9836995727396951,
    0.9876969524978645,
    0.991710576082273,
    0.995740509501633,
    0.9997868190328911,
    1.003849571222318,
    1.0079288328866038,
    1.0120246711139549,
    1.0161371532651997,
    1.0202663469748945,
    1.024412320152437,
    1.0285751409831831,
    1.0327548779295672,
    1.0369515997322296,
    1.041165375411146,
    1.0453962742667633,
    1.049644365881138,
    1.053909720119083,
    1.058192407129314,
    1.0624924973456047,
    1.0668100614879448,
    1.0711451705637032,
    1.0754978958687953,
    1.0798683089888559,
    1.0842564818004172,
    1.0886624864720893,
    1.0930863954657486,
    1.0975282815377287,
    1.101988217740017,
    1.1064662774214569,
    1.1109625342289526,
    1.1154770621086822,
    1.1200099353073123,
    1.1245612283732196,
    1.129131016157717,
    1.133719373816285,
    1.1383263768098066,
    1.1429521009058097,
    1.147596622179712,
    1.152260017016073,
    1.1569423621098498,
    1.1616437344676585,
    1.1663642114090407,
    1.1711038705677355,
    1.1758627898929552,
    1.1806410476506686,
    1.185438722424887,
    1.1902558931189577,
    1.1950926389568606,
    1.199949039484512,
    1.204825174571072,
    1.2097211244102593,
    1.2146369695216683,
    1.2195727907520948,
    1.2245286692768653,
    1.2295046866011718,
    1.2345009245614118,
    1.2395174653265353,
    1.2445543913993953,
    1.2496117856181048,
    1.2546897311573997,
    1.259788311530006,
    1.264907610588013,
    1.2700477125242544,
    1.27520870187369,
    1.280390663514798,
    1.2855936826709702,
    1.2908178449119143,
    1.2960632361550597,
    1.3013299426669724,
    1.306618051064772,
    1.3119276483175577,
    1.3172588217478374,
    1.3226116590329648,
    1.3279862482065807,
    1.333382677660061,
    1.3388010361439702,
    1.344241412769522,
    1.349703897010043,
    1.3551885787024462,
    1.3606955480487075,
    1.3662248956173482,
    1.3717767123449265,
    1.3773510895375318,
    1.3829481188722867,
    1.3885678923988547,
    1.3942105025409532,
    1.3998760420978758,
    1.4055646042460155,
    1.4112762825404,
    1.4170111709162276,
    1.4227693636904146,
    1.4285509555631444,
    1.4343560416194263,
    1.440184717330659,
    1.4460370785561996,
    1.4519132215449415,
    1.4578132429368977,
    1.4637372397647883,
    1.469685309455638,
    1.4756575498323767,
    1.4816540591154512,
    1.487674935924437,
    1.4937202792796627,
    1.4997901886038378,
    1.5058847637236874,
    1.5120041048715949,
    1.5181483126872488,
    1.5243174882193002,
    1.5305117329270224,
    1.536731148681981,
    1.5429758377697085,
    1.5492459028913872,
    1.5555414471655369,
    1.5618625741297127,
    1.5682093877422063,
    1.5745819923837567,
    1.5809804928592657,
    1.5874049943995228,
    1.593855602662935,
    1.6003324237372647,
    1.606835564141375,
    1.6133651308269805,
    1.619921231180407,
    1.6265039730243571,
    1.633113464619684,
    1.6397498146671718,
    1.6464131323093227,
    1.6531035271321526,
    1.6598211091669932,
    1.6665659888923017,
    1.673338277235477,
    1.6801380855746855,
    1.6869655257406913,
    1.6938207100186964,
    1.700703751150187,
    1.7076147623347873,
    1.714553857232122,
    1.721521149963685,
    1.7285167551147167,
    1.7355407877360878,
    1.7425933633461919,
    1.7496745979328452,
    1.7567846079551945,
    1.7639235103456319,
    1.7710914225117182,
    1.7782884623381137,
    1.785514748188517,
    1.7927703989076116,
    1.8000555338230204,
    1.8073702727472682,
    1.8147147359797524,
    1.822089044308721,
    1.8294933190132596,
    1.8369276818652858,
    1.8443922551315513,
    1.8518871615756534,
    1.8594125244600543,
    1.8669684675481075,
    1.8745551151060933,
    1.8821725919052634,
    1.8898210232238914,
    1.897500534849335,
    1.9052112530801026,
    1.9129533047279326,
    1.9207268171198775,
    1.928531918100398,
    1.9363687360334663,
    1.9442373998046771,
    1.9521380388233665,
    1.9600707830247408,
    1.9680357628720133,
    1.9760331093585508,
    1.984062954010026,
    1.992125428886583,
    2.000220666585007,
    2.008348800240906,
    2.016509963530901,
    2.0247042906748227,
    2.0329319164379216,
    2.041192976133081,
    2.0494876056230455,
    2.057815941322653,
    2.0661781202010805,
    2.0745742797840934,
    2.0830045581563117,
    2.0914690939634775,
    2.099968026414736,
    2.108501495284926,
    2.117069640916877,
    2.1256726042237197,
    2.1343105266912,
    2.1429835503800096,
    2.15169181792812,
    2.1604354725531287,
    2.169214658054616,
    2.1780295188165066,
    2.186880199809449,
    2.1957668465931954,
    2.2046896053189977,
    2.213648622732011,
    2.2226440461737065,
    2.231676023584295,
    2.24074470350516,
    2.2498502350813006,
    2.258992768063783,
    2.2681724528122063,
    2.2773894402971733,
    2.286643882102773,
    2.2959359304290747,
    2.3052657380946306,
    2.31463345853899,
    2.3240392458252206,
    2.3334832546424447,
    2.3429656403083814,
    2.3524865587719024,
    2.3620461666155963,
    2.3716446210583424,
    2.3812820799578986,
    2.390958701813497,
    2.400674645768448,
    2.410430071612762,
    2.4202251397857735,
    2.430060011378782,
    2.439934848137701,
    2.449849812465716,
    2.4598050674259593,
    2.4698007767441874,
    2.479837104811477,
    2.4899142166869277,
    2.5000322781003756,
    2.5101914554551197,
    2.520391915830659,
    2.530633826985439,
    2.540917357359613,
    2.551242676077809,
    2.5616099529519145,
    2.572019358483866,
    2.582471063868457,
    2.59296524099615,
    2.6035020624559047,
    2.6140817015380167,
    2.624704332236967,
    2.6353701292542846,
    2.6460792680014182,
    2.656831924602622,
    2.6676282758978513,
    2.678468499445673,
    2.6893527735261817,
    2.7002812771439375,
    2.711254190030904,
    2.722271692649409,
    2.7333339661951084,
    2.7444411925999703,
    2.7555935545352623,
    2.766791235414561,
    2.778034419396764,
    2.789323291389121,
    2.8006580370502734,
    2.8120388427933114,
    2.823465895788832,
    2.8349393839680275,
    2.846459496025767,
    2.8580264214237032,
    2.869640350393393,
    2.8813014739394167,
    2.8930099838425285,
    2.904766072662803,
    2.9165699337428084,
    2.9284217612107803,
    2.940321749983821,
    2.9522700957710977,
    2.9642669950770686,
    2.9763126452047075,
    2.988407244258756,
    3.000550991148975,
    3.012744085593418,
    3.024986728121721,
    3.0372791200783906,
    3.0496214636261243,
    3.0620139617491295,
    3.074456818256466,
    3.0869502377853943,
    3.099494425804743,
    3.1120895886182876,
    3.1247359333681444,
