{
  "cm_at_c1": {
    "TP": 0,
    "TN": 54,
    "FP": 0,
    "FN": 6,
    "precision": 0.0,
    "recall": 0.0,
    "accuracy": 0.9,
    "F1": 0.0
  },
  "pr_auc": 0.07911870245776431,
  "roc_auc": 0.4027777777777778,
  "prevalence": 0.1,
  "normalized_auprc": -0.023201441713595214,
  "auprg": NaN,
  "ece_rank": 0.45901639344262296,
  "c_grid": [
    173.3951125143307,
    173.70524880081436,
    174.01593980025822,
    174.32718650482806,
    174.6389899084636,
    174.95135100688256,
    175.26427079758338,
    175.5777502798492,
    175.89179045474992,
    176.20639232514603,
    176.52155689569224,
    176.83728517283964,
    177.1535781648395,
    177.470436881747,
    177.78786233542334,
    178.1058555395398,
    178.4244175095804,
    178.7435492628462,
    179.0632518184571,
    179.38352619735593,
    179.70437342231205,
    180.02579451792366,
    180.34779051062154,
    180.67036242867292,
    180.99351130218363,
    181.3172381631022,
    181.64154404522262,
    181.96642998418858,
    182.29189701749556,
    182.6179461844947,
    182.94457852639673,
    183.27179508627404,
    183.5995969090648,
    183.9279850415766,
    184.25696053248893,
    184.58652443235707,
    184.91667779361515,
    185.24742167058025,
    185.5787571194547,
    185.91068519832993,
    186.2432069671904,
    186.576323487916,
    186.910035824286,
    187.24434504198229,
    187.5792522085933,
    187.91475839361644,
    188.25086466846201,
    188.58757210645726,
    188.92488178284862,
    189.26279477480566,
    189.60131216142526,
    189.94043502373373,
    190.2801644446911,
    190.6205015091943,
    190.9614473040812,
    191.30300291813302,
    191.6451694420784,
    191.98794796859755,
    192.33133959232433,
    192.67534540985054,
    193.01996651972993,
    193.36520402248058,
    193.71105902058912,
    194.0575326185139,
    194.40462592268932,
    194.75234004152824,
    195.1006760854259,
    195.4496351667643,
    195.79921839991442,
    196.14942690124045,
    196.5002617891039,
    196.85172418386594,
    197.20381520789195,
    197.55653598555446,
    197.90988764323774,
    198.26387130934012,
    198.61848811427814,
    198.97373919049087,
    199.32962567244226,
    199.68614869662557,
    200.04330940156657,
    200.40110892782806,
    200.75954841801226,
    201.11862901676503,
    201.47835187078013,
    201.83871812880182,
    202.19972894162885,
    202.5613854621191,
    202.92368884519163,
    203.28664024783163,
    203.65024082909335,
    204.01449175010475,
    204.37939417407003,
    204.7449492662739,
    205.11115819408585,
    205.47802212696288,
    205.84554223645353,
    206.21371969620247,
    206.582555681953,
    206.95205137155148,
    207.3222079449508,
    207.69302658421498,
    208.06450847352164,
    208.43665479916643,
    208.80946674956743,
    209.1829455152678,
    209.55709228894,
    209.9319082653904,
    210.3073946415618,
    210.68355261653807,
    211.0603833915475,
    211.43788816996764,
    211.8160681573277,
    212.19492456131312,
    212.5744585917701,
    212.95467146070814,
    213.33556438230474,
    213.71713857290888,
    214.09939525104576,
    214.4823356374194,
    214.8659609549172,
    215.25027242861444,
    215.63527128577698,
    216.02095875586576,
    216.4073360705414,
    216.7944044636668,
    217.18216517131205,
    217.57061943175773,
    217.9597684855001,
    218.34961357525327,
    218.74015594595426,
    219.13139684476744,
    219.52333752108711,
    219.9159792265424,
    220.3093232150016,
    220.70337074257515,
    221.09812306762038,
    221.49358145074507,
    221.88974715481243,
    222.2866214449438,
    222.68420558852327,
    223.0825008552025,
    223.48150851690338,
    223.88122984782274,
    224.28166612443718,
    224.6828186255057,
    225.08468863207477,
    225.48727742748187,
    225.8905862973606,
    226.29461652964338,
    226.69936941456618,
    227.10484624467344,
    227.51104831482073,
    227.91797692217992,
    228.32563336624267,
    228.7340189488257,
    229.1431349740735,
    229.55298274846302,
    229.96356358080888,
    230.37487878226585,
    230.7869296663338,
    231.1997175488628,
    231.61324374805557,
    232.02750958447297,
    232.4425163810375,
    232.8582654630386,
    233.27475815813546,
    233.69199579636185,
    234.1099797101312,
    234.52871123423944,
    234.94819170587013,
    235.36842246459827,
    235.7894048523956,
    236.21114021363337,
    236.6336298950874,
    237.0568752459431,
    237.4808776177983,
    237.90563836466836,
    238.3311588429911,
    238.7574404116298,
    239.1844844318782,
    239.61229226746562,
    240.04086528455977,
    240.47020485177225,
    240.90031234016217,
    241.33118912324184,
    241.76283657697942,
    242.1952560798041,
    242.62844901261136,
    243.0624167587658,
    243.4971607041066,
    243.9326822369513,
    244.3689827481015,
    244.80606363084553,
    245.24392628096385,
    245.68257209673413,
    246.12200247893432,
    246.56221883084774,
    247.00322255826842,
    247.4450150695041,
    247.8875977753816,
    248.33097208925102,
    248.77513942699102,
    249.22010120701202,
    249.66585885026146,
    250.11241378022902,
    250.55976742294968,
    251.0079212070093,
    251.45687656354872,
    251.9066349262692,
    252.35719773143563,
    252.80856641788182,
    253.26074242701586,
    253.71372720282318,
    254.1675221918719,
    254.62212884331836,
    255.07754860890998,
    255.53378294299088,
    255.99083330250716,
    256.44870114701007,
    256.9073879386617,
    257.36689514223906,
    257.82722422514,
    258.288376657386,
    258.75035391162794,
    259.21315746315156,
    259.67678878988033,
    260.14124937238154,
    260.60654069387044,
    261.0726642402158,
    261.5396214999433,
    262.00741396424104,
    262.47604312696507,
    262.9455104846426,
    263.41581753647745,
    263.8869657843558,
    264.3589567328494,
    264.83179188922105,
    265.3054727634295,
    265.780000868135,
    266.25537771870245,
    266.7316048332071,
    267.2086837324404,
    267.6866159399131,
    268.165402981861,
    268.64504638724964,
    269.12554768778,
    269.606908417892,
    270.0891301147699,
    270.5722143183483,
    271.0561625713153,
    271.54097641911835,
    272.02665740996974,
    272.51320709485026,
    273.00062702751495,
    273.4889187644978,
    273.97808386511747,
    274.4681238914809,
    274.95904040848905,
    275.45083498384264,
    275.94350918804565,
    276.437064594411,
    276.9315027790666,
    277.4268253209584,
    277.92303380185695,
    278.4201298063616,
    278.9181149219068,
    279.41699073876543,
    279.91675885005475,
    280.41742085174235,
    280.91897834264955,
    281.42143292445735,
    281.9247862017123,
    282.42903978183006,
    282.9341952751017,
    283.4402542946979,
    283.947218456676,
    284.45508937998255,
    284.96386868645993,
    285.4735580008523,
    285.9841589508088,
    286.49567316689036,
    287.0081022825737,
    287.52144793425845,
    288.03571176126997,
    288.55089540586584,
    289.06700051324185,
    289.58402873153557,
    290.1019817118324,
    290.62086110817177,
    291.1406685775507,
    291.6614057799302,
    292.18307437823995,
    292.705676038385,
    293.229212429249,
    293.75368522270065,
    294.27909609359995,
    294.8054467198015,
    295.33273878216113,
    295.8609739645418,
    296.39015395381745,
    296.9202804398793,
    297.45135511564115,
    297.9833796770454,
    298.516355823067,
    299.05028525571964,
    299.58516968006234,
    300.1210108042027,
    300.6578103393036,
    301.19556999958934,
    301.73429150234944,
    302.2739765679453,
    302.81462691981494,
    303.35624428448006,
    303.8988303915493,
    304.4423869737252,
    304.98691576680994,
    305.5324185097098,
    306.07889694444145,
    306.626352816137,
    307.174787873051,
    307.7242038665638,
    308.2746025511885,
    308.8259856845771,
