{
  "c": 0.05,
  "f1": 0.19444444444444445,
  "prec": 0.11666666666666667,
  "rec": 0.5833333333333334,
  "tp": 7,
  "fp": 53,
  "fn": 5,
  "tn": 15
}