{
  "cm_at_c1": {
    "TP": 0,
    "TN": 145,
    "FP": 0,
    "FN": 34,
    "precision": 0.0,
    "recall": 0.0,
    "accuracy": 0.8100558659217877,
    "F1": 0.0
  },
  "pr_auc": 0.21420344626722723,
  "roc_auc": 0.5695740365111562,
  "prevalence": 0.18994413407821228,
  "normalized_auprc": 0.029947702633335696,
  "auprg": NaN,
  "ece_rank": 0.3324022346368715,
  "c_grid": [
    12.152817962983637,
    12.229306594464738,
    12.306276637809631,
    12.383731122976865,
    12.461673098995231,
    12.540105634083826,
    12.619031815772805,
    12.698454751024942,
    12.7783775663579,
    12.858803407967363,
    12.939735441850843,
    13.021176853932335,
    13.103130850187723,
    13.185600656770971,
    13.268589520141154,
    13.35210070719023,
    13.436137505371661,
    13.520703222829795,
    13.60580118853013,
    13.691434752390336,
    13.777607285412138,
    13.864322179814014,
    13.951582849164707,
    14.039392728517647,
    14.127755274546143,
    14.216673965679458,
    14.306152302239761,
    14.396193806579872,
    14.486802023221971,
    14.577980518997109,
    14.66973288318562,
    14.762062727658394,
    14.854973687019097,
    14.948469418747225,
    15.042553603342085,
    15.137229944467695,
    15.232502169098536,
    15.328374027666328,
    15.424849294207622,
    15.521931766512393,
    15.619625266273507,
    15.717933639237206,
    15.816860755354469,
    15.916410508933367,
    16.016586818792366,
    16.11739362841456,
    16.21883490610297,
    16.320914645136696,
    16.423636863928156,
    16.527005606181262,
    16.63102494105057,
    16.735698963301516,
    16.84103179347158,
    16.9470275780325,
    17.05369048955347,
    17.16102472686546,
    17.269034515226434,
    17.377724106487737,
    17.48709777926141,
    17.59715983908869,
    17.707914618609447,
    17.819366477732753,
    17.931519803808538,
    18.044379011800235,
    18.15794854445866,
    18.27223287249684,
    18.38723649476604,
    18.502963938432845,
    18.619419759157363,
    18.736608541272595,
    18.85453489796487,
    18.973203471455456,
    19.09261893318331,
    19.212785983988937,
    19.333709354299494,
    19.455393804314962,
    19.577844124195565,
    19.701065134250292,
    19.825061685126705,
    19.949838658001852,
    20.07540096477443,
    20.201753548258125,
    20.328901382376216,
    20.456849472357355,
    20.585602854932617,
    20.715166598533763,
    20.845545803492733,
    20.976745602242485,
    21.108771159518984,
    21.24162767256454,
    21.375320371332393,
    21.509854518692563,
    21.64523541063908,
    21.781468376498438,
    21.91855877913936,
    22.05651201518397,
    22.195333515220142,
    22.33502874401538,
    22.47560320073188,
    22.617062419143,
    22.759411967851143,
    22.902657450506936,
    23.046804506029822,
    23.19185880883007,
    23.33782606903207,
    23.484712032699218,
    23.632522482060047,
    23.78126323573586,
    23.930940148969807,
    24.081559113857313,
    24.233126059578108,
    24.385646952629575,
    24.539127797061646,
    24.69357463471316,
    24.84899354544964,
    25.00539064740274,
    25.16277209721101,
    25.321144090262234,
    25.480512860937427,
    25.640884682856107,
    25.802265869123374,
    25.964662772578386,
    26.1280817860444,
    26.29252934258052,
    26.45801191573485,
    26.62453601979939,
    26.79210821006644,
    26.96073508308664,
    27.130423276928685,
    27.301179471440616,
    27.473010388512776,
    27.645922792342425,
    27.819923489699974,
    27.995019330197014,
    28.171217206555895,
    28.348524054881086,
    28.52694685493221,
    28.706492630398778,
    28.887168449176738,
    29.06898142364668,
    29.251938710953755,
    29.436047513289573,
    29.621315078175527,
    29.807748698748245,
    29.99535571404664,
    30.184143509300757,
    30.374119516222596,
    30.5652912132986,
    30.757666126084064,
    30.951251827499398,
    31.14605593812817,
    31.342086126517206,
    31.53935010947837,
    31.737855652392394,
    31.937610569514554,
    32.13862272428222,
    32.34090002962453,
    32.54445044827375,
    32.749281993078846,
    32.955402727320845,
    33.162820765030226,
    33.37154427130642,
    33.581581462639186,
    33.792940607232005,
    34.005630025327655,
    34.21965808953569,
    34.43503322516203,
    34.65176391054066,
    34.869858677367304,
    35.089326111035376,
    35.3101748509739,
    35.532413590987616,
    35.756051079599196,
    35.98109612039363,
    36.20755757236483,
    36.435444350264326,
    36.66476542495221,
    36.89552982375029,
    37.127746630797404,
    37.361424987407105,
    37.59657409242746,
    37.8332032026031,
    38.07132163293985,
    38.31093875707108,
    38.55206400762698,
    38.79470687660579,
    39.03887691574734,
    39.284583736909326,
    39.53183701244537,
    39.78064647558602,
    40.03102192082179,
    40.28297320428872,
    40.53651024415643,
    40.7916430210185,
    41.04838157828538,
    41.30673602257976,
    41.566716524134364,
    41.82833331719241,
    42.09159670041043,
    42.35651703726358,
    42.62310475645387,
    42.891370352320365,
    43.16132438525255,
    43.432977482105954,
    43.70634033662039,
    43.98142370984118,
    44.25823843054242,
    44.536795395653535,
    44.81710557068814,
    45.099179990175635,
    45.38302975809579,
    45.668666048315565,
    45.956100105029236,
    46.24534324320092,
    46.536406849009914,
    46.829302380299076,
    47.124041367025775,
    47.420635411715786,
    47.719096189920045,
    48.01943545067418,
    48.32166501696116,
    48.62579678617665,
    48.93184273059722,
    49.23981489785194,
    49.54972541139632,
    49.86158647098975,
    50.17541035317572,
    50.491209411764984,
    50.808996078322096,
    51.128782862654504,
    51.45058235330521,
    51.77440721804829,
    52.100270204387435,
    52.42818414005795,
    52.7581619335316,
    53.0902165745248,
    53.42436113450998,
    53.760608767230025,
    54.09897270921627,
    54.43946628030947,
    54.782102884184006,
    55.12689600887587,
    55.47385922731321,
    55.82300619785097,
    56.174350664808394,
    56.52790645901002,
    56.88368749833041,
    57.24170778824166,
    57.60198142236502,
    57.96452258302561,
    58.32934554181058,
    58.69646466013123,
    59.06589438978794,
    59.437649273539456,
    59.811743945675154,
    60.18819313259111,
    60.56701165336997,
    60.94821442036418,
    61.331816439783054,
    61.71783281228353,
    62.1062787335645,
    62.49716949496516,
    62.89052048406688,
    63.28634718529883,
    63.684665180547846,
    64.0854901497714,
    64.48883787161519,
    64.89472422403415,
    65.30316518491733,
    65.71417683271733,
    66.1277753470826,
    66.54397700949494,
    66.96279820391008,
    67.38425541740268,
    67.80836524081563,
    68.23514436941268,
    68.66460960353608,
    69.09677784926777,
    69.53166611909475,
    69.96929153257909,
    70.4096713170316,
    70.8528228081901,
    71.29876345090186,
    71.74751079981019,
    72.19908252004566,
    72.65349638792148,
    73.11077029163299,
    73.57092223196237,
    74.03397032298668,
    74.4999327927913,
    74.9688279841874,
    75.44067435543383,
    75.91549048096415,
    76.3932950521173,
    76.8741068778738,
    77.35794488559604,
    77.84482812177325,
    78.33477575277144,
    78.82780706558783,
    79.32394146861012,
    79.82319849238043,
    80.32559779036413,
    80.83115913972362,
    81.33990244209687,
    81.85184772438056,
    82.36701513951898,
    82.88542496729677,
    83.40709761513767,
    83.93205361890776,
    84.46031364372361,
    84.99189848476632,
    85.52682906809949,
    86.06512645149344,
    86.60681182525404,
    87.15190651305666,
    87.70043197278606,
    88.2524097973805,
    88.80786171568225,
    89.36680959329271,
    89.92927543343315,
    90.49528137781098,
    91.06484970749135,
    91.63800284377417,
    92.21476334907688,
    92.79515392782237,
