{
  "cm_at_c1": {
    "TP": 0,
    "TN": 127,
    "FP": 0,
    "FN": 51,
    "precision": 0.0,
    "recall": 0.0,
    "accuracy": 0.7134831460674157,
    "F1": 0.0
  },
  "pr_auc": 0.3053051985111197,
  "roc_auc": 0.535741855797437,
  "prevalence": 0.28651685393258425,
  "normalized_auprc": 0.026333270354167798,
  "c_grid": [
    2.40471504752375,
    2.425012586279124,
    2.4454814509801444,
    2.466123087742026,
    2.4869389548862486,
    2.507930523043579,
    2.5290992752579764,
    2.5504467070913646,
    2.5719743267292965,
    2.5936836550875038,
    2.6155762259193494,
    2.6376535859241876,
    2.6599172948566356,
    2.6823689256367724,
    2.705010064461262,
    2.7278423109154173,
    2.750867278086214,
    2.7740865926762486,
    2.79750189511867,
    2.8211148396930694,
    2.8449270946423604,
    2.8689403422906334,
    2.8931562791620165,
    2.9175766161005305,
    2.9422030783909605,
    2.9670374058807467,
    2.9920813531029022,
    3.017336689399973,
    3.042805199049037,
    3.068488681387765,
    3.0943889509415445,
    3.1205078375516706,
    3.1468471865046275,
    3.1734088586624534,
    3.200194730594214,
    3.2272066947085762,
    3.254446659387511,
    3.281916549121115,
    3.309618304643578,
    3.3375538830702918,
    3.365725258036122,
    3.3941344198348466,
    3.422783375559762,
    3.4516741492454903,
    3.4808087820109725,
    3.5101893322036735,
    3.539817875545003,
    3.5696965052769647,
    3.5998273323100447,
    3.630212485372341,
    3.660854111159964,
    3.6917543744886925,
    3.722915458446922,
    3.754339564549898,
    3.7860289128952473,
    3.817985742319836,
    3.8502123105579322,
    3.882710894400722,
    3.9154837898571566,
    3.9485333123161706,
    3.9818617967102585,
    4.015471597680437,
    4.049365089742606,
    4.0835446674552935,
    4.118012745588844,
    4.152771759296014,
    4.187824164284011,
    4.223172436987997,
    4.258819074746038,
    4.294766595975549,
    4.331017540351209,
    4.367574468984399,
    4.404439964604133,
    4.44161663173953,
    4.479107096903826,
    4.516914008779931,
    4.555040038407563,
    4.593487879371947,
    4.632260247994127,
    4.671359883522861,
    4.710789548328154,
    4.7505520280964175,
    4.790650132027276,
    4.831086693032037,
    4.871864567933832,
    4.912986637669454,
    4.954455807492889,
    4.996275007180573,
    5.038447191238382,
    5.080975339110362,
    5.1238624553892285,
    5.167111570028638,
    5.210725738557254,
    5.254708042294614,
    5.299061588568831,
    5.343789510936118,
    5.388894969402176,
    5.434381150645445,
    5.48025126824224,
    5.526508562893795,
    5.573156302655209,
    5.620197783166336,
    5.667636327884621,
    5.7154752883198965,
    5.763718044271175,
    5.8123680040654175,
    5.86142860479834,
    5.910903312577237,
    5.960795622765861,
    6.0111090602313695,
    6.0618471795933555,
    6.113013565474981,
    6.164611832756222,
    6.216645626829269,
    6.26911862385606,
    6.3220345310280095,
    6.375397086827913,
    6.429210061294073,
    6.483477256286651,
    6.53820250575626,
    6.593389676014844,
    6.6490426660088175,
    6.70516540759453,
    6.7617618658160525,
    6.8188360391853,
    6.876391959964533,
    6.934433694451221,
    6.992965343265344,
    7.051991041639078,
    7.111514959708962,
    7.1715413028105095,
    7.232074311775316,
    7.293118263230672,
    7.3546774699017,
    7.416756280916058,
    7.479359082111184,
    7.542490296344172,
    7.606154383804234,
    7.670355842327814,
    7.735099207716354,
    7.80038905405676,
    7.866229994044536,
    7.932626679309686,
    7.999583800745345,
    8.067106088839186,
    8.135198314007628,
    8.20386528693286,
    8.273111858902732,
    8.342942922153467,
    8.413363410215313,
    8.484378298261088,
    8.555992603457684,
    8.62821138532051,
    8.70103974607096,
    8.774482830996881,
    8.84854582881607,
    8.923233972042873,
    8.998552537357844,
    9.074506845980553,
    9.15110226404552,
    9.228344202981326,
    9.30623811989295,
    9.384789517947276,
    9.464003946761915,
    9.543887002797277,
    9.624444329751947,
    9.70568161896143,
    9.787604609800217,
    9.870219090087298,
    9.953530896495039,
    10.037545914961557,
    10.122270081106556,
    10.207709380650671,
    10.293869849838366,
    10.380757575864372,
    10.46837869730378,
    10.556739404545688,
    10.645845940230572,
    10.735704599691319,
    10.826321731397995,
    10.91770373740635,
    11.00985707381013,
    11.102788251197202,
    11.196503835109505,
    11.291010446506915,
    11.386314762235012,
    11.482423515496793,
    11.579343496328374,
    11.67708155207869,
    11.775644587893286,
    11.875039567202125,
    11.975273512211572,
    12.07635350440051,
    12.178286685020634,
    12.281080255600983,
    12.384741478456721,
    12.489277677202233,
    12.5946962372685,
    12.70100460642491,
    12.808210295305411,
    12.916320877939164,
    13.025343992285618,
    13.135287340774132,
    13.246158690848182,
    13.35796587551407,
    13.470716793894363,
    13.58441941178595,
    13.699081762222818,
    13.814711946043595,
    13.931318132463844,
    14.048908559653258,
    14.167491535317636,
    14.28707543728584,
    14.407668714101685,
    14.529279885620827,
    14.651917543612676,
    14.775590352367397,
    14.900307049308076,
    15.02607644560796,
    15.152907426812991,
    15.280808953469569,
    15.4097900617576,
    15.539859864128898,
    15.671027549950978,
    15.803302386156295,
    15.936693717896917,
    16.071210969204774,
    16.206863643657467,
    16.343661325049673,
    16.481613678070257,
    16.62073044898505,
    16.76102146632546,
    16.902496641582808,
    17.045165969908584,
    17.189039530820626,
    17.334127488915186,
    17.480440094585102,
    17.627987684743935,
    17.776780683556332,
    17.926829603174408,
    18.078145044480486,
    18.230737697836016,
    18.384618343836852,
    18.539797854074894,
    18.69628719190616,
    18.854097413225354,
    19.013239667246932,
    19.173725197292818,
    19.33556534158671,
    19.49877153405516,
    19.66335530513532,
    19.82932828258961,
    19.996702192327216,
    20.165488859232465,
    20.335700208000304,
    20.507348263978745,
    20.68044515401846,
    20.85500310732953,
    21.03103445634543,
    21.208551637594354,
    21.387567192577766,
    21.568093768656517,
    21.750144119944355,
    21.933731108208995,
    22.118867703780797,
    22.3055669864691,
    22.49384214648636,
    22.683706485379957,
    22.875173416971975,
    23.068256468306902,
    23.262969280607273,
    23.459325610237443,
    23.657339329675445,
    23.857024428493116,
    24.0583950143444,
    24.261465313962063,
    24.46624967416283,
    24.672762562860957,
    24.88101857009037,
    25.091032409035503,
    25.3028189170707,
    25.51639305680851,
    25.731769917156793,
    25.94896471438472,
    26.167992793197808,
    26.388869627822018,
    26.611610823097024,
    26.83623211557863,
    27.062749374650586,
    27.291178603645765,
    27.521535940976754,
    27.753837661276062,
    27.988100176545874,
    28.22434003731762,
    28.462573933821176,
    28.70281869716407,
    28.945091300520584,
    29.189408860330904,
    29.435788637510377,
    29.68424803866898,
    29.934804617341143,
    30.187476075225817,
    30.442280263437134,
    30.699235183765577,
    30.9583589899498,
    31.21966998895917,
    31.483186642287134,
    31.748927567255578,
    32.01691153833004,
    32.287157488446184,
    32.55968451034737,
    32.83451185793355,
    33.11165894762157,
    33.39114535971689,
    33.672990839796995,
    33.95721530010631,
    34.24383882096308,
    34.532881652177956,
    34.82436421448471,
    35.1183071009829,
    35.414731078592766,
    35.713657089522464,
    36.015106252747515,
    36.319099865502935,
    36.62565940478783,
    36.93480652888278,
    37.24656307887994,
