{
  "cm_at_c1": {
    "TP": 0,
    "TN": 98,
    "FP": 0,
    "FN": 22,
    "precision": 0.0,
    "recall": 0.0,
    "accuracy": 0.8166666666666667,
    "F1": 0.0
  },
  "pr_auc": 0.2481516293133344,
  "roc_auc": 0.6284786641929498,
  "prevalence": 0.18333333333333332,
  "normalized_auprc": 0.07936934201632785,
  "auprg": NaN,
  "ece_rank": 0.3212121212121213,
  "c_grid": [
    111.09659137287495,
    111.30784978459114,
    111.51950991985218,
    111.73157254256544,
    111.94403841809044,
    112.15690831324257,
    112.37018299629497,
    112.5838632369818,
    112.7979498065012,
    113.01244347751735,
    113.22734502416422,
    113.44265522204732,
    113.65837484824756,
    113.87450468132312,
    114.0910455013127,
    114.30799808973866,
    114.52536322960898,
    114.74314170542111,
    114.96133430316385,
    115.1799418103207,
    115.3989650158729,
    115.61840471030159,
    115.83826168559148,
    116.05853673523298,
    116.27923065422537,
    116.50034423908005,
    116.72187828782255,
    116.94383359999638,
    117.16621097666498,
    117.38901122041554,
    117.61223513536109,
    117.8358835271437,
    118.05995720293782,
    118.28445697145231,
    118.50938364293435,
    118.73473802917147,
    118.96052094349488,
    119.18673320078281,
    119.4133756174625,
    119.6404490115142,
    119.86795420247324,
    120.09589201143334,
    120.32426326104999,
    120.55306877554251,
    120.78230938069802,
    121.01198590387347,
    121.24209917399955,
    121.47265002158288,
    121.70363927870933,
    121.93506777904744,
    122.1669363578505,
    122.39924585196063,
    122.63199709981086,
    122.86519094142858,
    123.09882821843895,
    123.332909774067,
    123.56743645314175,
    123.80240910209834,
    124.03782856898144,
    124.27369570344877,
    124.51001135677318,
    124.74677638184683,
    124.98399163318318,
    125.22165796692114,
    125.45977624082724,
    125.69834731429908,
    125.93737204836893,
    126.17685130570581,
    126.41678595061968,
    126.65717684906369,
    126.89802486863765,
    127.13933087859157,
    127.38109574982788,
    127.6233203549056,
    127.8660055680425,
    128.1091522651192,
    128.3527613236816,
    128.5968336229442,
    128.84137004379377,
    129.08637146879178,
    129.33183878217832,
    129.57777286987462,
    129.8241746194865,
    130.07104492030814,
    130.31838466332408,
    130.56619474121376,
    130.81447604835375,
    131.0632294808213,
    131.31245593639798,
    131.56215631457206,
    131.81233151654283,
    132.06298244522267,
    132.31411000524153,
    132.56571510294907,
    132.81779864641854,
    133.0703615454503,
    133.3234047115743,
    133.57692905805428,
    133.83093549989027,
    134.0854249538222,
    134.3403983383337,
    134.59585657365443,
    134.8518005817644,
    135.1082312863965,
    135.36514961304013,
    135.62255648894504,
    135.88045284312358,
    136.13883960635528,
    136.3977177111891,
    136.65708809194783,
    136.9169516847305,
    137.17730942741625,
    137.43816225966805,
    137.69951112293518,
    137.96135696045766,
    138.22370071726885,
    138.486543340199,
    138.7498857778794,
    139.01372898074456,
    139.27807390103692,
    139.54292149280928,
    139.80827271192857,
    140.0741285160799,
    140.34048986476878,
    140.60735771932605,
    140.87473304290984,
    141.14261680051044,
    141.41100995895277,
    141.67991348690015,
    141.94932835485832,
    142.21925553517804,
    142.4896960020595,
    142.76065073155507,
    143.03212070157312,
    143.30410689188201,
    143.57661028411263,
    143.84963186176313,
    144.12317261020124,
    144.397233516669,
    144.67181557028536,
    144.94691976205016,
    145.22254708484812,
    145.4986985334514,
    145.77537510452444,
    146.0525777966264,
    146.33030761021533,
    146.60856554765212,
    146.88735261320318,
    147.16666981304516,
    147.4465181552676,
    147.726898649877,
    148.00781230880094,
    148.28926014589058,
    148.57124317692566,
    148.85376241961686,
    149.13681889361075,
    149.42041362049238,
    149.70454762378935,
    149.98922192897612,
    150.2744375634765,
    150.56019555666867,
    150.84649693988774,
    151.13334274643006,
    151.42073401155724,
    151.70867177249897,
    151.99715706845788,
    152.2861909406123,
    152.57577443212037,
    152.86590858812443,
    153.15659445575355,
    153.4478330841286,
    153.7396255243649,
    154.0319728295771,
    154.3248760548819,
    154.61833625740252,
    154.91235449627274,
    155.20693183263978,
    155.50206932966933,
    155.79776805254832,
    156.09402906848914,
    156.3908534467341,
    156.68824225855812,
    156.98619657727383,
    157.2847174782344,
    157.58380603883785,
    157.8834633385314,
    158.18369045881437,
    158.48448848324318,
    158.78585849743408,
    159.08780158906836,
    159.3903188478952,
    159.6934113657359,
    159.9970802364885,
    160.3013265561305,
    160.60615142272417,
    160.91155593641923,
    161.21754119945754,
    161.5241083161774,
    161.8312583930164,
    162.13899253851682,
    162.44731186332837,
    162.75621748021277,
    163.06571050404824,
    163.37579205183232,
    163.68646324268732,
    163.99772519786296,
    164.3095790407418,
    164.62202589684196,
    164.935066893822,
    165.2487031614852,
    165.5629358317826,
    165.87776603881835,
    166.19319491885278,
    166.50922361030686,
    166.82585325376678,
    167.1430849919871,
    167.460919969896,
    167.7793593345983,
    168.09840423538023,
    168.41805582371384,
    168.73831525326025,
    169.05918367987493,
    169.38066226161064,
    169.702752158723,
    170.02545453367338,
    170.34877055113364,
    170.67270137799088,
    170.99724818335045,
    171.32241213854155,
    171.64819441712018,
    171.97459619487395,
    172.3016186498269,
    172.6292629622424,
    172.95753031462888,
    173.28642189174295,
    173.61593888059406,
    173.94608247044937,
    174.2768538528368,
    174.60825422155085,
    174.9402847726553,
    175.27294670448907,
    175.6062412176693,
    175.9401695150962,
    176.27473280195784,
    176.60993228573344,
    176.94576917619898,
    177.28224468543038,
    177.61936002780845,
    177.95711642002377,
    178.29551508107974,
    178.63455723229868,
    178.9742440973246,
    179.31457690212852,
    179.6555568750132,
    179.9971852466164,
    180.33946324991675,
    180.68239212023678,
    181.0259730952488,
    181.370207414978,
    181.71509632180778,
    182.06064106048436,
    182.4068428781203,
    182.75370302420038,
    183.1012227505848,
    183.44940331151426,
    183.79824596361507,
    184.1477519659023,
    184.49792257978598,
    184.84875906907413,
    185.20026269997808,
    185.5524347411175,
    185.90527646352368,
    186.25878914064558,
    186.61297404835298,
    186.96783246494266,
    187.32336567114152,
    187.67957495011186,
    188.03646158745659,
    188.3940268712226,
    188.75227209190672,
    189.1111985424593,
    189.4708075182893,
    189.83110031726952,
    190.19207823974008,
    190.5537425885145,
    190.91609466888312,
    191.27913578861842,
    191.64286725798024,
    192.0072903897193,
    192.3724064990832,
    192.73821690382007,
    193.10472292418436,
    193.47192588294064,
    193.83982710536876,
    194.20842791926933,
    194.57772965496702,
    194.94773364531704,
    195.3184412257083,
    195.6898537340699,
    196.06197251087448,
    196.4347988991437,
    196.8083342444536,
    197.18257989493844,
    197.55753720129601,
    197.93320751679317,
    198.3095921972693,
    198.6866926011428,
    199.0645100894144,
    199.4430460256737,
    199.82230177610268,
    200.2022787094812,
    200.5829781971925,
    200.96440161322687,
    201.34655033418815,
    201.72942573929708,
    202.11302921039788,
    202.49736213196186,
    202.88242589109296,
    203.2682218775335,
    203.65475148366778,
    204.04201610452793,
