{
  "cm_at_c1": {
    "TP": 0,
    "TN": 90,
    "FP": 0,
    "FN": 29,
    "precision": 0.0,
    "recall": 0.0,
    "accuracy": 0.7563025210084033,
    "F1": 0.0
  },
  "pr_auc": 0.22877011820412568,
  "roc_auc": 0.4651340996168583,
  "prevalence": 0.24369747899159663,
  "normalized_auprc": -0.0197372881523227,
  "auprg": NaN,
  "ece_rank": 0.3756302521008404,
  "c_grid": [
    3.0135364563595037,
    3.037561568344376,
    3.0617782180837256,
    3.086187932592761,
    3.1107922510606643,
    3.135592724947644,
    3.1605909180827707,
    3.1857884067625792,
    3.211186779850471,
    3.2367876388768955,
    3.2625925981403423,
    3.2886032848091307,
    3.3148213390240135,
    3.3412484140015986,
    3.367886176138593,
    3.394736305116884,
    3.4218004940094495,
    3.44908044938712,
    3.4765778914261865,
    3.504294554016872,
    3.532232184872661,
    3.5603925456405063,
    3.5887774120119103,
    3.6173885738348965,
    3.6462278352268664,
    3.6752970146883657,
    3.70459794521775,
    3.7341324744267665,
    3.763902464657059,
    3.7939097930976002,
    3.82415635190306,
    3.854644048313119,
    3.885374804772731,
    3.916350559053346,
    3.9475732643751,
    3.9790448895299764,
    4.010767419005952,
    4.0427428531121326,
    4.074973208104884,
    4.107460516314967,
    4.1402068262756995,
    4.173214202852113,
    4.20648472737117,
    4.240020497753001,
    4.273823628643188,
    4.307896251546111,
    4.34224051495935,
    4.376858584509162,
    4.411752643087042,
    4.44692489098736,
    4.482377546046113,
    4.5181128437807665,
    4.554133037531219,
    4.590440398601898,
    4.627037216404966,
    4.663925798604698,
    4.701108471262979,
    4.738587578985993,
    4.776365485072053,
    4.814444571660626,
    4.852827239882546,
    4.891515910011417,
    4.930513021616226,
    4.969821033715174,
    5.009442424930738,
    5.049379693645955,
    5.089635358161971,
    5.130211956856822,
    5.171112048345518,
    5.21233821164135,
    5.253893046318544,
    5.295779172676157,
    5.337999231903316,
    5.380555886245759,
    5.423451819173706,
    5.46668973555107,
    5.510272361806015,
    5.5542024461028765,
    5.598482758515449,
    5.643116091201658,
    5.688105258579623,
    5.733453097505126,
    5.779162467450488,
    5.82523625068489,
    5.871677352456099,
    5.918488701173684,
    5.965673248593652,
    6.013233970004593,
    6.061173864415269,
    6.109495954743746,
    6.1582032880079876,
    6.2072989355180015,
    6.2567859930695,
    6.30666758113911,
    6.356946845081142,
    6.407626955325919,
    6.458711107579704,
    6.51020252302619,
    6.5621044485296425,
    6.614420156839608,
    6.667152946797308,
    6.720306143543624,
    6.773883098728801,
    6.827887190723757,
    6.882321824833141,
    6.937190433510036,
    6.9924964765724145,
    7.048243441421291,
    7.104434843260629,
    7.161074225318997,
    7.218165159072994,
    7.2757112444724505,
    7.333716110167424,
    7.39218341373703,
    7.451116841920039,
    7.510520110847392,
    7.570396966276486,
    7.630751183827402,
    7.691586569220956,
    7.752906958518689,
    7.814716218364752,
    7.8770182462297225,
    7.939816970656363,
    8.003116351507343,
    8.066920380214931,
    8.131233080032688,
    8.19605850628915,
    8.26140074664354,
    8.32726392134354,
    8.393652183485074,
    8.460569719274211,
    8.528020748291107,
    8.596009523756107,
    8.664540332797907,
    8.733617496723904,
    8.80324537129268,
    8.873428346988657,
    8.944170849298944,
    9.015477338992396,
    9.087352312400894,
    9.15980030170286,
    9.232825875209059,
    9.306433637650628,
    9.380628230469478,
    9.455414332110914,
    9.5307966583187,
    9.606779962432356,
    9.683369035686937,
    9.760568707515123,
    9.838383845851753,
    9.916819357440783,
    9.995880188144683,
    10.075571323256307,
    10.155897787813243,
    10.236864646914688,
    10.318477006040824,
    10.400740011374747,
    10.48365885012697,
    10.567238750862522,
    10.651484983830635,
    10.736402861297057,
    10.821997737879032,
    10.908275010882946,
    10.995240120644663,
    11.082898550872576,
    11.171255828993369,
    11.260317526500572,
    11.350089259305891,
    11.440576688093314,
    11.531785518676044,
    11.623721502356297,
    11.716390436287972,
    11.809798163842185,
    11.903950574975722,
    11.998853606602452,
    12.09451324296768,
    12.190935516025508,
    12.288126505819175,
    12.386092340864437,
    12.484839198536012,
    12.58437330545712,
    12.684700937892105,
    12.785828422142167,
    12.887762134944305,
    12.990508503873412,
    13.094074007747569,
    13.198465177036555,
    13.303688594273657,
    13.40975089447075,
    13.516658765536665,
    13.62441894869889,
    13.733038238928666,
    13.842523485369444,
    13.952881591768787,
    14.064119516913678,
    14.176244275069312,
    14.289262936421391,
    14.40318262752197,
    14.518010531738806,
    14.63375388970832,
    14.75041999979216,
    14.868016218537429,
    14.986549961140563,
    15.10602870191487,
    15.226459974761871,
    15.34785137364634,
    15.470210553075173,
    15.593545228580046,
    15.717863177203904,
    15.843172237991377,
    15.969480312483093,
    16.096795365213904,
    16.225125424215097,
    16.354478581520606,
    16.484862993677307,
    16.61628688225931,
    16.74875853438637,
    16.882286303246453,
    17.01687860862249,
    17.15254393742327,
    17.28929084421858,
    17.427127951778644,
    17.56606395161784,
    17.70610760454277,
    17.847267741204682,
    17.989553262656262,
    18.132973140912938,
    18.27753641951863,
    18.42325221411599,
    18.570129713021185,
    18.71817817780329,
    18.867406943868318,
    19.017825421047856,
    19.16944309419239,
    19.322269523769414,
    19.476314346466282,
    19.631587275797852,
    19.788098102719,
    19.945856696241975,
    20.104873004058714,
    20.265157053168128,
    20.426718950508363,
    20.589568883594076,
    20.75371712115884,
    20.91917401380269,
    21.08594999464475,
    21.25405557998111,
    21.42350136994796,
    21.59429804919001,
    21.766456387534213,
    21.93998724066884,
    22.114901550828055,
    22.29121034748184,
    22.468924748031537,
    22.648055958510827,
    22.828615274292336,
    23.01061408079989,
    23.19406385422647,
    23.378976162257835,
    23.565362664801913,
    23.753235114724067,
    23.942605358588196,
    24.13348533740372,
    24.32588708737852,
    24.519822740677924,
    24.715304526189705,
    24.91234477029521,
    25.110955897646615,
    25.311150431950338,
    25.512940996756765,
    25.716340316256282,
    25.921361216081582,
    26.12801662411638,
    26.33631957131063,
    26.546283192502216,
    26.7579207272452,
    26.971245520644594,
    27.186271024197904,
    27.403010796643354,
    27.62147850481483,
    27.841687924503624,
    28.063652941327135,
    28.287387551604414,
    28.512905863238768,
    28.740222096607322,
    28.969350585457683,
    29.200305777811792,
    29.43310223687701,
    29.66775464196437,
    29.904277789414195,
    30.142686593529135,
    30.38299608751456,
    30.625221424426638,
    30.86937787812763,
    31.115480844249145,
    31.363545841162857,
    31.61358851095917,
    31.865624620433362,
    32.11967006207992,
    32.37574085509458,
    32.633853146384574,
    32.89402321158662,
    33.156267456093325,
    33.42060241608759,
    33.68704475958534,
    33.95561128748665,
    34.226318934634946,
    34.49918477088501,
    34.77422600217927,
    35.05145997163286,
    35.33090416062704,
    35.61257618991164,
    35.89649382071607,
    36.18267495586943,
    36.47113764092923,
    36.76190006531933,
    37.054980563476924,
    37.35039761600872,
    37.64816985085608,
    37.948316044469756,
    38.25085512299385,
    38.55580616345916,
    38.8631883949863,
    39.17302119999797,
    39.48532411544127,
    39.800116834019626,
