{
  "c": 0.05,
  "f1": 0.5591397849462365,
  "prec": 0.43333333333333335,
  "rec": 0.7878787878787878,
  "tp": 26,
  "fp": 34,
  "fn": 7,
  "tn": 13
}