{
  "cm_at_c1": {
    "TP": 0,
    "TN": 106,
    "FP": 0,
    "FN": 71,
    "precision": 0.0,
    "recall": 0.0,
    "accuracy": 0.5988700564971752,
    "F1": 0.0
  },
  "pr_auc": 0.41828056452735063,
  "roc_auc": 0.5543449375498273,
  "prevalence": 0.4011299435028249,
  "normalized_auprc": 0.028638301144726954,
  "auprg": NaN,
  "ece_rank": 0.2473497111661271,
  "c_grid": [
    7.934329776500959,
    7.979805167200642,
    8.02554119883882,
    8.071539365271795,
    8.117801168917858,
    8.164328120806372,
    8.211121740627126,
    8.258183556779963,
    8.305515106424712,
    8.353117935531388,
    8.400993598930688,
    8.449143660364786,
    8.497569692538391,
    8.546273277170132,
    8.595256005044215,
    8.644519476062372,
    8.694065299296144,
    8.743895093039402,
    8.794010484861237,
    8.844413111659103,
    8.895104619712285,
    8.946086664735668,
    8.997360911933836,
    9.048929036055428,
    9.100792721447867,
    9.15295366211237,
    9.205413561759269,
    9.258174133863669,
    9.311237101721405,
    9.364604198505335,
    9.418277167321955,
    9.472257761268324,
    9.52654774348932,
    9.581148887235253,
    9.636062975919755,
    9.691291803178045,
    9.746837172925522,
    9.802700899416662,
    9.858884807304303,
    9.915390731699224,
    9.972220518230088,
    10.029376023103731,
    10.086859113165788,
    10.144671665961667,
    10.202815569797872,
    10.261292723803686,
    10.320105037993201,
    10.37925443332769,
    10.438742841778385,
    10.498572206389536,
    10.558744481341906,
    10.619261632016592,
    10.680125635059206,
    10.741338478444474,
    10.802902161541121,
    10.86481869517721,
    10.9270901017058,
    10.989718415071023,
    11.052705680874487,
    11.116053956442135,
    11.179765310891394,
    11.243841825198789,
    11.308285592267902,
    11.373098716997728,
    11.438283316351452,
    11.503841519425555,
    11.569775467519381,
    11.636087314205072,
    11.702779225397911,
    11.769853379427056,
    11.837311967106716,
    11.905157191807675,
    11.973391269529278,
    12.042016428971811,
    12.111034911609288,
    12.180448971762686,
    12.250260876673542,
    12.320472906578033,
    12.391087354781442,
    12.462106527733072,
    12.533532745101567,
    12.605368339850708,
    12.677615658315574,
    12.7502770602792,
    12.823354919049663,
    12.89685162153757,
    12.970769568334067,
    13.0451111737892,
    13.119878866090803,
    13.195075087343797,
    13.270702293649967,
    13.346762955188161,
    13.423259556295017,
    13.500194595546052,
    13.577570585837314,
    13.655390054467432,
    13.733655543220198,
    13.812369608447549,
    13.891534821153087,
    13.97115376707605,
    14.05122904677577,
    14.131763275716612,
    14.212759084353392,
    14.294219118217333,
    14.37614603800242,
    14.458542519652337,
    14.541411254447864,
    14.6247549490948,
    14.70857632581233,
    14.792878122421975,
    14.877663092436997,
    14.962934005152349,
    15.048693645735117,
    15.134944815315489,
    15.221690331078275,
    15.30893302635488,
    15.396675750715877,
    15.484921370064063,
    15.573672766728102,
    15.662932839556623,
    15.75270450401293,
    15.842990692270227,
    15.933794353307388,
    16.02511845300527,
    16.116965974243595,
    16.2093399169984,
    16.30224329843997,
    16.39567915303143,
    16.48965053262784,
    16.58416050657591,
    16.67921216181419,
    16.77480860297395,
    16.870952952480565,
    16.9676483506555,
    17.064897955818896,
    17.1627049443927,
    17.26107251100446,
    17.360003868591626,
    17.459502248506503,
    17.559570900621804,
    17.660213093436823,
    17.76143211418414,
    17.86323126893702,
    17.965613882717406,
    18.0685832996045,
    18.172142882844014,
    18.276296014957985,
    18.38104609785532,
    18.486396552942843,
    18.592350821237083,
    18.698912363476648,
    18.806084660235307,
    18.913871212035613,
    19.02227553946327,
    19.131301183282122,
    19.240951704549808,
    19.35123068473406,
    19.462141725829714,
    19.573688450476318,
    19.685874502076487,
    19.798703544914883,
    19.912179264277942,
    20.026305366574196,
    20.141085579455357,
    20.256523651938075,
    20.372623354526375,
    20.489388479334828,
    20.6068228402124,
    20.72493027286704,
    20.84371463499094,
    20.96317980638654,
    21.08332968909326,
    21.204168207514986,
    21.32569930854817,
    21.447926961710813,
    21.570855159272096,
    21.694487916382773,
    21.818829271206337,
    21.943883285050877,
    22.0696540425018,
    22.196145651555163,
    22.323362243751898,
    22.45130797431274,
    22.579987022273997,
    22.70940359062396,
    22.839561906440252,
    22.970466221027866,
    23.102120810058043,
    23.2345299737079,
    23.367698036800903,
    23.50162934894815,
    23.63632828469038,
    23.7717992436409,
    23.908046650629274,
    24.045074955845884,
    24.182888634987222,
    24.321492189402118,
    24.460890146238757,
    24.601087058592555,
    24.74208750565486,
    24.883896092862525,
    25.026517452048363,
    25.16995624159238,
    25.31421714657395,
    25.45930487892489,
    25.605224177583285,
    25.75197980864833,
    25.899576565535977,
    26.048019269135516,
    26.197312767967016,
    26.347461938339727,
    26.49847168451131,
    26.65034693884803,
    26.803092661985932,
    26.956713842992734,
    27.11121549953092,
    27.266602678021524,
    27.422880453809018,
    27.58005393132707,
    27.73812824426526,
    27.89710855573678,
    28.057000058447052,
    28.217807974863337,
    28.37953755738536,
    28.542194088516784,
    28.705782881037802,
    28.870309278178702,
    29.035778653794303,
    29.20219641253953,
    29.369567990045947,
    29.537898853099293,
    29.707194499818023,
    29.877460459832918,
    30.048702294467663,
    30.220925596920562,
    30.394135992447136,
    30.5683391385439,
    30.7435407251332,
    30.91974647474897,
    31.096962142723694,
    31.275193517376394,
    31.454446420201677,
    31.63472670605989,
    31.816040263368343,
    31.998393014293633,
    32.18179091494514,
    32.36623995556947,
    32.551746160746156,
    32.738315589584495,
    32.92595433592136,
    33.114668528520276,
    33.30446433127163,
    33.49534794339396,
    33.68732559963645,
    33.880403570482585,
    34.07458816235494,
    34.26988571782121,
    34.466302615801304,
    34.66384527177573,
    34.86252013799518,
    35.062333703691216,
    35.263292495288255,
    35.46540307661673,
    35.668672049127494,
    35.873106052107424,
    36.07871176289629,
    36.28549589710483,
    36.49346520883418,
    36.70262649089636,
    36.912986575036186,
    37.124552332154515,
    37.3373306725325,
    37.55132854605743,
    37.766552942449636,
    37.98301089149086,
    38.20070946325386,
    38.419655768333286,
    38.639856958077964,
    38.86132022482453,
    39.08405280213224,
    39.3080619650193,
    39.53335503020053,
    39.75993935632624,
    39.98782234422267,
    40.21701143713368,
    40.447514120963866,
    40.67933792452311,
    40.912490419772425,
    41.1469792220713,
    41.38281199042651,
    41.61999642774216,
    41.85854028107132,
    42.09845134186915,
    42.33973744624725,
    42.58240647522971,
    42.826466355010474,
    43.07192505721226,
    43.31879059914692,
    43.567071044077295,
    43.81677450148057,
    44.067909127313264,
    44.320483124277416,
    44.57450474208873,
    44.82998227774584,
    45.086924075801456,
    45.34533852863483,
    45.60523407672591,
    45.86661920893101,
    46.129502462760115,
    46.39389242465569,
    46.659797730273134,
    46.92722706476295,
    47.19618916305423,
    47.46669281014016,
    47.73874684136482,
    48.012360142711834,
    48.287541651094585,
    48.56430035464814,
    48.8426452930228,
    49.12258555767937,
    49.40413029218611,
    49.687288692517434,
    49.97207000735417,
    50.25848353838568,
