{
  "c": 0.05,
  "f1": 0.2702702702702703,
  "prec": 0.16666666666666666,
  "rec": 0.7142857142857143,
  "tp": 10,
  "fp": 50,
  "fn": 4,
  "tn": 16
}