{
  "cm_at_c1": {
    "TP": 0,
    "TN": 140,
    "FP": 0,
    "FN": 40,
    "precision": 0.0,
    "recall": 0.0,
    "accuracy": 0.7777777777777778,
    "F1": 0.0
  },
  "pr_auc": 0.23800215723533494,
  "roc_auc": 0.5311607142857143,
  "prevalence": 0.2222222222222222,
  "normalized_auprc": 0.02028848787400208,
  "auprg": NaN,
  "ece_rank": 0.3186003683241252,
  "c_grid": [
    8.662934212483506,
    8.717560919816098,
    8.772532092093341,
    8.827849901441356,
    8.883516533683254,
    8.93953418842551,
    8.995905079144858,
    9.052631433275781,
    9.109715492298507,
    9.167159511827577,
    9.224965761700997,
    9.283136526069892,
    9.341674103488794,
    9.400580807006454,
    9.45985896425723,
    9.519510917553077,
    9.5795390239761,
    9.639945655471674,
    9.70073319894219,
    9.761904056341354,
    9.823460644769114,
    9.885405396567155,
    9.947740759415014,
    10.010469196426804,
    10.073593186248537,
    10.13711522315606,
    10.201037817153612,
    10.265363494073029,
    10.330094795673507,
    10.395234279742084,
    10.46078452019467,
    10.526748107177767,
    10.593127647170814,
    10.659925763089198,
    10.727145094387861,
    10.794788297165613,
    10.862858044270101,
    10.931357025403393,
    11.000287947228271,
    11.0696535334752,
    11.139456525049924,
    11.209699680141778,
    11.2803857743327,
    11.35151760070687,
    11.423097969961086,
    11.495129710515851,
    11.567615668627097,
    11.640558708498666,
    11.71396171239551,
    11.787827580757542,
    11.862159232314262,
    11.936959604200087,
    12.012231652070424,
    12.087978350218417,
    12.16420269169253,
    12.24090768841476,
    12.318096371299681,
    12.395771790374198,
    12.47393701489808,
    12.552595133485212,
    12.63174925422565,
    12.711402504808452,
    12.79155803264524,
    12.872219004994564,
    12.95338860908709,
    13.035070052251497,
    13.117266562041221,
    13.199981386362024,
    13.28321779360028,
    13.366979072752141,
    13.45126853355353,
    13.536089506610868,
    13.621445343532708,
    13.707339417062185,
    13.79377512121025,
    13.880755871389809,
    13.968285104550654,
    14.056366279315315,
    14.145002876115662,
    14.234198397330495,
    14.323956367423879,
    14.414280333084445,
    14.505173863365517,
    14.596640549826166,
    14.688684006673085,
    14.781307870903424,
    14.874515802448515,
    14.968311484318464,
    15.062698622747684,
    15.157680947341376,
    15.253262211222852,
    15.34944619118186,
    15.446236687823841,
    15.543637525720062,
    15.641652553558766,
    15.740285644297238,
    15.839540695314872,
    15.93942162856711,
    16.03993239074049,
    16.141076953408522,
    16.242859313188667,
    16.345283491900236,
    16.448353536723346,
    16.552073520358768,
    16.656447541188946,
    16.76147972343986,
    16.86717421734403,
    16.973535199304493,
    17.08056687205987,
    17.188273464850354,
    17.29665923358492,
    17.405728461009396,
    17.515485456875762,
    17.62593455811241,
    17.737080128995537,
    17.84892656132157,
    17.961478274580703,
    18.074739716131575,
    18.18871536137694,
    18.303409713940532,
    18.418827305845024,
    18.53497269769114,
    18.65185047883777,
    18.769465267583424,
    18.88782171134864,
    19.00692448685965,
    19.12677830033316,
    19.24738788766237,
    19.368758014604005,
    19.490893476966736,
    19.613799100800602,
    19.73747974258774,
    19.861940289434276,
    19.98718565926346,
    20.11322080100993,
    20.24005069481535,
    20.367680352225108,
    20.4961148163864,
    20.625359162247467,
    20.755418496758182,
    20.88629795907178,
    21.01800272074795,
    21.150537985957218,
    21.283908991686534,
    21.41812100794622,
    21.553179337978214,
    21.68908931846566,
    21.825856319743686,
    21.963485746011727,
    22.101983035546958,
    22.24135366091924,
    22.381603129207345,
    22.5227369822166,
    22.66476079669778,
    22.807680184567577,
    22.95150079313025,
    23.09622830530083,
    23.241868439829638,
    23.388426951528327,
    23.535909631497162,
    23.68432230735397,
    23.83367084346432,
    23.983961141173282,
    24.13519913903861,
    24.287390813065436,
    24.44054217694233,
    24.594659282278965,
    24.749748218845266,
    24.905815114811993,
    25.06286613699289,
    25.220907491088433,
    25.379945421930937,
    25.539986213731368,
    25.701036190327695,
    25.863101715434684,
    26.026189192895412,
    26.190305066934272,
    26.355455822411685,
    26.52164798508022,
    26.688888121842577,
    26.857182841010978,
    27.026538792568328,
    27.19696266843097,
    27.368461202713146,
    27.54104117199302,
    27.714709395580517,
    27.889472735786725,
    28.065338098195085,
    28.242312431934238,
    28.42040272995262,
    28.599616029294804,
    28.77995941137954,
    28.961440002279545,
    29.144064973003115,
    29.32784153977747,
    29.51277696433389,
    29.698878554194685,
    29.88615366296192,
    30.074609690607954,
    30.264254083767884,
    30.455094336033785,
    30.647137988250783,
    30.840392628815096,
    31.034865893973766,
    31.230565468126528,
    31.42749908412933,
    31.62567452359996,
    31.825099617225504,
    32.0257822450718,
    32.22773033689475,
    32.43095187245373,
    32.63545488182682,
    32.841247445728165,
    33.04833769582724,
    33.25673381507019,
    33.466444038003175,
    33.67747665109773,
    33.88983999307818,
    34.103542455251166,
    34.31859248183721,
    34.534998570304346,
    34.75276927170398,
    34.971913191008696,
    35.192438987452256,
    35.414355374871825,
    35.63767112205225,
    35.86239505307253,
    36.0885360476546,
    36.316103041514026,
    36.545105026713266,
    36.77555105201684,
    37.007450223248966,
    37.240811703653335,
    37.47564471425524,
    37.71195853422581,
    37.949762501248834,
    38.18906601188958,
    38.42987852196618,
    38.67220954692323,
    38.91606866220776,
    39.16146550364769,
    39.40840976783251,
    39.6569112124964,
    39.90697965690383,
    40.1586249822376,
    40.4118571319892,
    40.66668611235182,
    40.923121992615656,
    41.181174905565776,
    41.440855047882565,
    41.7021726805446,
    41.965138129234084,
    42.22976178474495,
    42.49605410339329,
    42.764025607430675,
    43.033686885459815,
    43.30504859285302,
    43.578121452173185,
    43.85291625359759,
    44.12944385534409,
    44.407715184100375,
    44.687741235455505,
    44.96953307433455,
    45.25310183543574,
    45.538458723670445,
    45.82561501460596,
    46.11458205491104,
    46.40537126280419,
    46.69799412850489,
    46.992462214687635,
    47.28878715693876,
    47.58698066421632,
    47.88705451931266,
    48.18902057932001,
    48.492890776099,
    48.798677116750206,
    49.10639168408847,
    49.41604663712053,
    49.72765421152524,
    50.041226720137274,
    50.35677655343345,
    50.674316180022466,
    50.99385814713751,
    51.31541508113215,
    51.63899968797909,
    51.96462475377241,
    52.29230314523264,
    52.622047810215264,
    52.95387177822232,
    53.28778816091723,
    53.62381015264293,
    53.96195103094325,
    54.30222415708742,
    54.6446429765982,
    54.98922101978305,
    55.33597190226882,
    55.684909325539756,
    56.03604707747891,
    56.389399032912884,
    56.74497915416013,
    57.10280149158266,
    57.46288018414119,
    57.82522945995395,
    58.18986363685868,
    58.556797122978615,
    58.926044417291614,
    59.29762011020317,
    59.6715388841229,
    60.047815514044814,
    60.426464868130886,
    60.80750190829887,
    61.19094169081322,
    61.57679936688018,
    61.96509018324641,
    62.35582948280154,
    62.74903270518424,
    63.14471538739253,
    63.542893164397505,
    63.943581769761245,
    64.34679703625848,
    64.75255489650218,
    65.1608713835732,
    65.57176263165377,
    65.98524487666494,
    66.40133445690817,
