{
  "c": 0.05,
  "f1": 0.6923076923076923,
  "prec": 0.6,
  "rec": 0.8181818181818182,
  "tp": 36,
  "fp": 24,
  "fn": 8,
  "tn": 12
}