{
  "cm_at_c1": {
    "TP": 0,
    "TN": 130,
    "FP": 0,
    "FN": 50,
    "precision": 0.0,
    "recall": 0.0,
    "accuracy": 0.7222222222222222,
    "F1": 0.0
  },
  "pr_auc": 0.3087886127540393,
  "roc_auc": 0.5633846153846154,
  "prevalence": 0.2777777777777778,
  "normalized_auprc": 0.04293807919790054,
  "auprg": NaN,
  "ece_rank": 0.2855739717618171,
  "c_grid": [
    2.7906799597175747,
    2.8120509440141928,
    2.8335855869805253,
    2.855285141912153,
    2.8771508717023746,
    2.899184048915707,
    2.9213859558619464,
    2.943757884670796,
    2.9663011373670716,
    2.989017025946473,
    3.0119068724519424,
    3.034972009050609,
    3.058213778111315,
    3.0816335322827433,
    3.105232634572141,
    3.1290124584246413,
    3.1529743878032015,
    3.177119817269144,
    3.2014501520633227,
    3.225966808187902,
    3.250671212488771,
    3.27556480273858,
    3.3006490277204255,
    3.3259253473121566,
    3.3513952325713485,
    3.377060165820911,
    3.40292164073536,
    3.4289811624277498,
    3.455240247537265,
    3.4817004243174914,
    3.5083632327253564,
    3.5352302245107534,
    3.562302963306855,
    3.5895830247211102,
    3.6170719964269473,
    3.6447714782561715,
    3.6726830822920773,
    3.7008084329632664,
    3.729149167138193,
    3.7577069342204212,
    3.7864833962446247,
    3.815480227973311,
    3.844699116994296,
    3.874141763818915,
    3.903809881980994,
    3.933705198136574,
    3.9638294521644024,
    3.9941843972671895,
    4.0247718000736485,
    4.055593440741306,
    4.086651113060105,
    4.117946624556809,
    4.149481796600193,
    4.181258464507042,
    4.213278477648974,
    4.245543699560062,
    4.278056008045299,
    4.310817295289874,
    4.343829467969306,
    4.377094447360406,
    4.41061416945309,
    4.444390585063054,
    4.478425659945318,
    4.512721374908616,
    4.547279725930689,
    4.582102724274445,
    4.617192396605009,
    4.652550785107679,
    4.688179947606776,
    4.724081957685411,
    4.760258904806158,
    4.796712894432667,
    4.833446048152192,
    4.870460503799075,
    4.907758415579157,
    4.945341954195155,
    4.983213306972995,
    5.02137467798911,
    5.059828288198717,
    5.098576375565073,
    5.137621195189727,
    5.176965019443756,
    5.216610138100025,
    5.256558858466439,
    5.2968135055202366,
    5.337376422043292,
    5.37824996875847,
    5.419436524467014,
    5.46093848618699,
    5.502758269292792,
    5.544898307655716,
    5.587361053785603,
    5.630148978973582,
    5.673264573435888,
    5.716710346458792,
    5.760488826544646,
    5.804602561559029,
    5.849054118879038,
    5.893846085542705,
    5.938981068399558,
    5.98446169426234,
    6.030290610059885,
    6.076470482991166,
    6.123004000680529,
    6.169893871334102,
    6.217142823897414,
    6.264753608214219,
    6.312728995186531,
    6.361071776935891,
    6.409784766965859,
    6.458870800325769,
    6.508332733775715,
    6.558173445952814,
    6.608395837538749,
    6.659002831428571,
    6.709997372900822,
    6.761382429788938,
    6.81316099265398,
    6.865336074958679,
    6.917910713242819,
    6.970887967299954,
    7.024270920355499,
    7.078062679246152,
    7.132266374600726,
    7.18688516102234,
    7.241922217272011,
    7.297380746453664,
    7.353263976200542,
    7.4095751588630545,
    7.466317571698061,
    7.523494517059602,
    7.581109322591099,
    7.639165341419009,
    7.697665952347988,
    7.7566145600575185,
    7.8160145953000715,
    7.8758695151007645,
    7.9361828029585615,
    7.996957969049009,
    8.058198550428523,
    8.11990811124024,
    8.18209024292146,
    8.244748564412644,
    8.307886722368046,
    8.371508391367946,
    8.435617274132504,
    8.500217101737247,
    8.565311633830227,
    8.630904658850822,
    8.69699999425022,
    8.763601486713588,
    8.830713012383962,
    8.898338477087798,
    8.966481816562341,
    9.03514699668463,
    9.104338013702332,
    9.174058894466327,
    9.244313696665047,
    9.315106509060644,
    9.38644145172695,
    9.458322676289255,
    9.530754366165933,
    9.60374073681191,
    9.67728603596401,
    9.75139454388815,
    9.826070573628462,
    9.901318471258303,
    9.977142616133193,
    10.053547421145689,
    10.130537332982213,
    10.208116832381842,
    10.286290434397086,
    10.365062688656648,
    10.44443817963024,
    10.52442152689535,
    10.605017385406132,
    10.686230445764302,
    10.768065434492133,
    10.850527114307535,
    10.933620284401236,
    11.017349780716096,
    11.101720476228548,
    11.186737281232201,
    11.272405143623631,
    11.358729049190314,
    11.44571402190082,
    11.533365124197188,
    11.621687457289559,
    11.710686161453069,
    11.800366416326998,
    11.890733441216224,
    11.981792495394986,
    12.07354887841295,
    12.166007930403682,
    12.259175032395376,
    12.353055606624078,
    12.447655116849225,
    12.542979068671643,
    12.639033009853962,
    12.7358225306435,
    12.833353264097594,
    12.931630886411455,
    13.030661117248506,
    13.130449720073258,
    13.231002502486767,
    13.332325316564587,
    13.434424059197383,
    13.53730467243412,
    13.640973143827882,
    13.745435506784341,
    13.8506978409129,
    13.956766272380516,
    14.06364697426824,
    14.17134616693047,
    14.27987011835701,
    14.389225144537813,
    14.499417609830587,
    14.610453927331202,
    14.722340559246907,
    14.835084017272447,
    14.948690862969015,
    15.063167708146146,
    15.178521215246507,
    15.294758097733643,
    15.411885120482722,
    15.5299091001742,
    15.648836905690573,
    15.768675458516135,
    15.889431733139801,
    16.011112757461014,
    16.133725613198767,
    16.25727743630374,
    16.381775417373618,
    16.50722680207157,
    16.63363889154796,
    16.76101904286523,
    16.88937466942609,
    17.018713241404992,
    17.14904228618285,
    17.280369388785168,
    17.412702192323437,
    17.54604839843999,
    17.680415767756216,
    17.815812120324225,
    17.95224533608196,
    18.08972335531182,
    18.228254179102755,
    18.367845869815937,
    18.50850655155397,
    18.650244410633714,
    18.79306769606272,
    18.936984720019307,
    19.08200385833633,
    19.228133550988648,
    19.375382302584306,
    19.52375868285953,
    19.67327132717743,
    19.82392893703061,
    19.975740280547562,
    20.128714193002974,
    20.28285957733193,
    20.43818540464806,
    20.594700714765636,
    20.752414616725698,
    20.91133628932617,
    21.071474981656092,
    21.23284001363386,
    21.395440776549687,
    21.559286733612115,
    21.724387420498815,
    21.890752445911513,
    22.058391492135243,
    22.22731431560182,
    22.397530747457658,
    22.56905069413594,
    22.74188413793319,
    22.916041137590174,
    23.091531828877343,
    23.26836642518474,
    23.446555218116377,
    23.626108578089216,
    23.807036954936713,
    23.98935087851699,
    24.17306095932566,
    24.358177889113346,
    24.544712441507926,
    24.732675472641585,
    24.922077921782574,
    25.112930811971893,
    25.30524525066483,
    25.499032430377387,
    25.694303629337696,
    25.89107021214237,
    26.08934363041794,
    26.289135423487313,
    26.49045721904134,
    26.69332073381559,
    26.897737774272173,
    27.10372023728692,
    27.311280110841757,
    27.52042947472238,
    27.731180501221314,
    27.9435454558463,
    28.157536698034146,
    28.37316668187007,
    28.590447956812447,
    28.809393168423227,
    29.030015059103867,
    29.25232646883696,
    29.476340335933468,
    29.702069697785753,
    29.929527691626323,
    30.15872755529241,
    30.389682627996383,
    30.622406351102146,
    30.85691226890732,
    31.093214029431547,
    31.33132538521081,
    31.571260194097793,
    31.81303242006841,
    32.05665613403448,
    32.30214551466266,
    32.54951484919961,
    32.79877853430349,
    33.04995107688189,
    33.30304709493605,
