{
  "cm_at_c1": {
    "TP": 0,
    "TN": 12,
    "FP": 0,
    "FN": 4,
    "precision": 0.0,
    "recall": 0.0,
    "accuracy": 0.75,
    "F1": 0.0
  },
  "pr_auc": 0.32289377289377286,
  "roc_auc": 0.5416666666666667,
  "prevalence": 0.25,
  "normalized_auprc": 0.09719169719169714,
  "c_grid": [
    1092429832652.5471,
    1093266649619.2948,
    1094104107599.8735,
    1094942207085.3171,
    1095780948567.0228,
    1096620332536.7646,
    1097460359486.7064,
    1098301029909.376,
    1099142344297.6781,
    1099984303144.9087,
    1100826906944.7283,
    1101670156191.175,
    1102514051378.6794,
    1103358593002.037,
    1104203781556.4229,
    1105049617537.4038,
    1105896101440.9097,
    1106743233763.2668,
    1107591015001.1692,
    1108439445651.691,
    1109288526212.3003,
    1110138257180.8335,
    1110988639055.5076,
    1111839672334.9353,
    1112691357518.0974,
    1113543695104.3572,
    1114396685593.4734,
    1115250329485.575,
    1116104627281.1733,
    1116959579481.177,
    1117815186586.8645,
    1118671449099.8987,
    1119528367522.3398,
    1120385942356.6199,
    1121244174105.5547,
    1122103063272.3596,
    1122962610360.6218,
    1123822815874.314,
    1124683680317.8083,
    1125545204195.8503,
    1126407388013.5715,
    1127270232276.5046,
    1128133737490.5508,
    1128997904162.017,
    1129862732797.5852,
    1130728223904.3242,
    1131594377989.706,
    1132461195561.5774,
    1133328677128.1733,
    1134196823198.133,
    1135065634280.4707,
    1135935110884.591,
    1136805253520.3025,
    1137676062697.79,
    1138547538927.63,
    1139419682720.8027,
    1140292494588.6672,
    1141165975042.9736,
    1142040124595.878,
    1142914943759.9148,
    1143790433048.011,
    1144666592973.5007,
    1145543424050.0974,
    1146420926791.9075,
    1147299101713.4453,
    1148177949329.6062,
    1149057470155.6787,
    1149937664707.361,
    1150818533500.7317,
    1151700077052.265,
    1152582295878.8445,
    1153465190497.7317,
    1154348761426.6023,
    1155233009183.515,
    1156117934286.9248,
    1157003537255.6985,
    1157889818609.086,
    1158776778866.7346,
    1159664418548.7048,
    1160552738175.4402,
    1161441738267.7837,
    1162331419346.9912,
    1163221781934.7039,
    1164112826552.962,
    1165004553724.2205,
    1165896963971.3198,
    1166790057817.5012,
    1167683835786.4211,
    1168578298402.1223,
    1169473446189.0498,
    1170369279672.0635,
    1171265799376.412,
    1172163005827.7463,
    1173060899552.1335,
    1173959481076.03,
    1174858750926.2954,
    1175758709630.2073,
    1176659357715.4277,
    1177560695710.0422,
    1178462724142.5266,
    1179365443541.7615,
    1180268854437.0469,
    1181172957358.074,
    1182077752834.9395,
    1182983241398.161,
    1183889423578.6475,
    1184796299907.715,
    1185703870917.1013,
    1186612137138.9365,
    1187521099105.7583,
    1188430757350.5273,
    1189341112406.5977,
    1190252164807.7317,
    1191163915088.1155,
    1192076363782.33,
    1192989511425.3655,
    1193903358552.636,
    1194817905699.9521,
    1195733153403.5342,
    1196649102200.0283,
    1197565752626.4766,
    1198483105220.333,
    1199401160519.4775,
    1200319919062.1829,
    1201239381387.1536,
    1202159548033.4917,
    1203080419540.7131,
    1204001996448.7607,
    1204924279297.9773,
    1205847268629.119,
    1206770964983.3704,
    1207695368902.3167,
    1208620480927.958,
    1209546301602.7239,
    1210472831469.4448,
    1211400071071.3672,
    1212328020952.1682,
    1213256681655.9268,
    1214186053727.1384,
    1215116137710.731,
    1216046934152.0344,
    1216978443596.7969,
    1217910666591.199,
    1218843603681.825,
    1219777255415.678,
    1220711622340.195,
    1221646705003.2175,
    1222582503953.0063,
    1223519019738.2573,
    1224456252908.072,
    1225394204011.9722,
    1226332873599.9155,
    1227272262222.2612,
    1228212370429.81,
    1229153198773.7698,
    1230094747805.77,
    1231037018077.8782,
    1231980010142.5696,
    1232923724552.7427,
    1233868161861.7349,
    1234813322623.2915,
    1235759207391.583,
    1236705816721.219,
    1237653151167.2188,
    1238601211285.0266,
    1239549997630.528,
    1240499510760.0186,
    1241449751230.2205,
    1242400719598.2969,
    1243352416421.8232,
    1244304842258.802,
    1245257997667.6777,
    1246211883207.308,
    1247166499436.9785,
    1248121846916.4187,
    1249077926205.771,
    1250034737865.6072,
    1250992282456.944,
    1251950560541.2075,
    1252909572680.2734,
    1253869319436.4338,
    1254829801372.4104,
    1255791019051.3718,
    1256752973036.903,
    1257715663893.0198,
    1258679092184.186,
    1259643258475.2827,
    1260608163331.623,
    1261573807318.9688,
    1262540191003.5,
    1263507314951.83,
    1264475179731.022,
    1265443785908.558,
    1266413134052.3545,
    1267383224730.7786,
    1268354058512.6174,
    1269325635967.0938,
    1270297957663.8818,
    1271271024173.077,
    1272244836065.2104,
    1273219393911.2673,
    1274194698282.6536,
    1275170749751.2131,
    1276147548889.2437,
    1277125096269.4602,
    1278103392465.0374,
    1279082438049.5737,
    1280062233597.1062,
    1281042779682.1282,
    1282024076879.5566,
    1283006125764.7493,
    1283988926913.5205,
    1284972480902.1094,
    1285956788307.197,
    1286941849705.9219,
    1287927665675.8486,
    1288914236794.9841,
    1289901563641.7944,
    1290889646795.1724,
    1291878486834.4543,
    1292868084339.4365,
    1293858439890.343,
    1294849554067.843,
    1295841427453.0654,
    1296834060627.5696,
    1297827454173.3594,
    1298821608672.901,
    1299816524709.09,
    1300812202865.27,
    1301808643725.246,
    1302805847873.255,
    1303803815893.9807,
    1304802548372.572,
    1305802045894.6035,
    1306802309046.1204,
    1307803338413.6006,
    1308805134583.9707,
    1309807698144.624,
    1310811029683.387,
    1311815129788.5364,
    1312819999048.816,
    1313825638053.4043,
    1314832047391.9314,
    1315839227654.4944,
    1316847179431.6274,
    1317855903314.316,
    1318865399894.0146,
    1319875669762.6152,
    1320886713512.4631,
    1321898531736.3728,
    1322911125027.5972,
    1323924493979.844,
    1324938639187.291,
    1325953561244.556,
    1326969260746.711,
    1327985738289.3015,
    1329002994468.3118,
    1330021029880.1833,
    1331039845121.8308,
    1332059440790.6038,
    1333079817484.3315,
    1334100975801.2852,
    1335122916340.1938,
    1336145639700.2617,
    1337169146481.1355,
    1338193437282.9216,
    1339218512706.202,
    1340244373352.0027,
    1341271019821.8098,
    1342298452717.587,
    1343326672641.7422,
    1344355680197.145,
    1345385475987.1433,
    1346416060615.531,
    1347447434686.5635,
    1348479598804.9766,
    1349512553575.9524,
    1350546299605.1367,
    1351580837498.6558,
    1352616167863.083,
    1353652291305.4578,
    1354689208433.2998,
    1355726919854.578,
    1356765426177.7273,
    1357804728011.6648,
    1358844825965.7578,
    1359885720649.84,
    1360927412674.2297,
    1361969902649.6895,
    1363013191187.4724,
    1364057278899.2834,
    1365102166397.2957,
    1366147854294.168,
    1367194343203.0117,
    1368241633737.4082,
    1369289726511.4253,
    1370338622139.5842,
    1371388321236.8777,
    1372438824418.7852,
    1373490132301.2422,
    1374542245500.6545,
    1375595164633.9185,
    1376648890318.385,
    1377703423171.8784,
    1378758763812.713,
    1379814912859.6597,
    1380871870931.9639,
    1381929638649.3618,
    1382988216632.0474,
    1384047605500.6902,
    1385107805876.4517,
    1386168818380.9521,
    1387230643636.2883,
    1388293282265.0508,
    1389356734890.2832,
    1390421002135.5305,
    1391486084624.7976,
    1392551982982.5671,
    1393618697833.8176,
    1394686229803.9895,
    1395754579519.0012,
    1396823747605.269,
    1397893734689.6714,
    1398964541399.5667,
