{
  "c": 0.05,
  "f1": 0.29729729729729726,
  "prec": 0.18333333333333332,
  "rec": 0.7857142857142857,
  "tp": 11,
  "fp": 49,
  "fn": 3,
  "tn": 17
}