{
  "cm_at_c1": {
    "TP": 0,
    "TN": 143,
    "FP": 0,
    "FN": 36,
    "precision": 0.0,
    "recall": 0.0,
    "accuracy": 0.7988826815642458,
    "F1": 0.0
  },
  "pr_auc": 0.24350733297165694,
  "roc_auc": 0.6141219891219891,
  "prevalence": 0.2011173184357542,
  "normalized_auprc": 0.05306162658689924,
  "auprg": NaN,
  "ece_rank": 0.31340782122905025,
  "c_grid": [
    2.833952912937764,
    2.8564686914882653,
    2.879163358079362,
    2.9020383339779667,
    2.9250950517429697,
    2.948334955314952,
    2.971759500106615,
    2.9953701530939245,
    3.0191683929079836,
    3.04315570992763,
    3.0673336063727743,
    3.091703596398476,
    3.116267206189767,
    3.141025974057234,
    3.165981450533352,
    3.1911351984695897,
    3.216488793134283,
    3.2420438223112877,
    3.2678018863994134,
    3.2937645985126527,
    3.3199335845812015,
    3.346310483453285,
    3.3728969469977867,
    3.399694640207706,
    3.426705241304424,
    3.4539304418428025,
    3.4813719468171214,
    3.509031474767854,
    3.5369107578892907,
    3.5650115421380195,
    3.593335587342268,
    3.6218846673121123,
    3.6506605699505648,
    3.6796650973655405,
    3.708900065982717,
    3.738367306659288,
    3.7680686647986223,
    3.7980060004658336,
    3.8281811885042676,
    3.8585961186529145,
    3.8892526956647573,
    3.920152839426056,
    3.951298485076582,
    3.9826915831308085,
    4.0143340996000605,
    4.0462280161156405,
    4.078375330052926,
    4.110778054656457,
    4.143438219166021,
    4.176357868943729,
    4.20953906560211,
    4.242983887133224,
    4.27669442803879,
    4.310672799461364,
    4.344921129316544,
    4.379441562426237,
    4.414236260652974,
    4.449307403035302,
    4.484657185924249,
    4.520287823120867,
    4.556201546014877,
    4.592400603724405,
    4.628887263236845,
    4.66566380955082,
    4.702732545819283,
    4.740095793493761,
    4.777755892469728,
    4.81571520123315,
    4.853976097008178,
    4.892540975906031,
    4.93141225307505,
    4.97059236285195,
    5.010083758914269,
    5.049888914434033,
    5.090010322232641,
    5.130450494936976,
    5.171211965136762,
    5.21229728554317,
    5.2537090291486805,
    5.295449789388221,
    5.337522180301578,
    5.379928836697106,
    5.422672414316735,
    5.465755590002283,
    5.5091810618630985,
    5.552951549445032,
    5.5970697939007445,
    5.641538558161379,
    5.686360627109589,
    5.731538807753941,
    5.777075929404708,
    5.822974843851055,
    5.869238425539637,
    5.915869571754608,
    5.962871202799069,
    6.010246262177952,
    6.057997716782359,
    6.106128557075368,
    6.154641797279306,
    6.203540475564524,
    6.252827654239659,
    6.302506419943416,
    6.3525798838378655,
    6.403051181803289,
    6.453923474634562,
    6.505199948239099,
    6.556883813836375,
    6.608978308159029,
    6.661486693655569,
    6.7144122586946775,
    6.7677583177711576,
    6.821528211713497,
    6.875725307893095,
    6.93035300043514,
    6.985414710431176,
    7.040913886153343,
    7.0968540032703356,
    7.153238565065058,
    7.210071102654029,
    7.267355175208518,
    7.325094370177432,
    7.383292303511994,
    7.441952619892186,
    7.501078992955003,
    7.560675125524514,
    7.620744749843757,
    7.681291627808466,
    7.742319551202674,
    7.80383234193616,
    7.8658338522838145,
    7.9283279651268765,
    7.991318594196113,
    8.05480968431691,
    8.11880521165632,
    8.183309183972082,
    8.248325640863596,
    8.313858654024914,
    8.37991232749973,
    8.446490797938395,
    8.513598234856987,
    8.581238840898415,
    8.649416852095621,
    8.718136538136868,
    8.78740220263312,
    8.857218183387568,
    8.927588852667283,
    8.998518617477032,
    9.070011919835274,
    9.142073237052333,
    9.214707082010806,
    9.287918003448175,
    9.36171058624168,
    9.436089451695445,
    9.511059257829892,
    9.586624699673454,
    9.662790509556602,
    9.739561457408213,
    9.81694235105428,
    9.894938036519019,
    9.973553398328345,
    10.052793359815768,
    10.132662883430726,
    10.213166971049356,
    10.294310664287737,
    10.376099044817636,
    10.45853723468474,
    10.541630396629419,
    10.625383734410072,
    10.709802493128993,
    10.794891959560855,
    10.880657462483803,
    10.967104373013163,
    11.054238104937811,
    11.14206411505923,
    11.230587903533223,
    11.319815014214383,
    11.409751035003266,
    11.50040159819635,
    11.591772380838746,
    11.683869105079737,
    11.776697538531128,
    11.870263494628444,
    11.964572832995009,
    12.059631459808887,
    12.15544532817279,
    12.252020438486866,
    12.349362838824499,
    12.447478625311058,
    12.54637394250568,
    12.646054983786073,
    12.746527991736379,
    12.847799258538123,
    12.949875126364264,
    13.05276198777637,
    13.156466286124967,
    13.260994515953051,
    13.366353223402813,
    13.472549006625597,
    13.579588516195113,
    13.687478455523928,
    13.796225581283284,
    13.905836703826221,
    14.016318687614094,
    14.127678451646455,
    14.239922969894366,
    14.353059271737141,
    14.467094442402571,
    14.58203562341064,
    14.697890013020764,
    14.814664866682586,
    14.932367497490354,
    15.051005276640915,
    15.170585633895325,
    15.291116058044155,
    15.41260409737648,
    15.535057360152585,
    15.65848351508045,
    15.782890291795999,
    15.908285481347173,
    16.034676936681855,
    16.16207257313966,
    16.29048036894764,
    16.419908365719927,
    16.550364668961333,
    16.681857448574977,
    16.814394939373926,
    16.9479854415969,
    17.082637321428077,
    17.21835901152105,
    17.355159011526887,
    17.493045888626476,
    17.63202827806702,
    17.772114883702816,
    17.91331447854037,
    18.05563590528779,
    18.199088076908563,
    18.34367997717975,
    18.489420661254595,
    18.636319256229598,
    18.784384961716118,
    18.9336270504165,
    19.084054868704786,
    19.23567783721203,
    19.388505451416275,
    19.542547282237216,
    19.697812976635582,
    19.85431225821728,
    20.012054927842343,
    20.171050864238715,
    20.331310024620915,
    20.49284244531361,
    20.655658242380145,
    20.819767612256076,
    20.98518083238771,
    21.15190826187575,
    21.31996034212405,
    21.48934759749348,
    21.66008063596106,
    21.832170149784258,
    22.005626916170623,
    22.180461797952702,
    22.35668574426833,
    22.53430979124633,
    22.713345062697655,
    22.893802770812037,
    23.075694216860132,
    23.25903079190128,
    23.443823977496898,
    23.630085346429475,
    23.817826563427364,
    24.00705938589528,
    24.1977956646506,
    24.39004734466555,
    24.58382646581526,
    24.779145163631746,
    24.97601567006396,
    25.17445031424372,
    25.37446152325796,
    25.576061822926892,
    25.77926383858847,
    25.98408029588906,
    26.190524021580394,
    26.398607944322848,
    26.6083450954951,
    26.81974861001025,
    27.032831727138372,
    27.24760779133566,
    27.464090253080112,
    27.682292669713885,
    27.90222870629232,
    28.12391213643974,
    28.347356843212022,
    28.57257681996603,
    28.799586171235966,
    29.028399113616658,
    29.259029976653906,
    29.49149320374186,
    29.72580335302755,
    29.961975098322608,
    30.200023230022204,
    30.43996265603133,
    30.68180840269839,
    30.925575615756262,
    31.171279561270772,
    31.418935626596777,
    31.66855932134179,
    31.920166278337266,
    32.17377225461765,
    32.42939313240714,
    32.68704492011434,
    32.94674375333477,
    33.20850589586141,
    33.472347740703185,
    33.73828581111162,
    34.006336761615614,
    34.2765173790644,
    34.548844583678886,
    34.823335430111264,
    35.10000710851308,
    35.37887694561177,
    35.659962405795746,
    35.94328109220814,
    36.22885074784919,
    36.51668925668741,
    36.806814644779585,
    37.099245081399694,
