{
  "c": 0.05,
  "f1": 0.5227272727272727,
  "prec": 0.38333333333333336,
  "rec": 0.8214285714285714,
  "tp": 23,
  "fp": 37,
  "fn": 5,
  "tn": 15
}