{
  "cm_at_c1": {
    "TP": 0,
    "TN": 120,
    "FP": 0,
    "FN": 60,
    "precision": 0.0,
    "recall": 0.0,
    "accuracy": 0.6666666666666666,
    "F1": 0.0
  },
  "pr_auc": 0.32821353749382315,
  "roc_auc": 0.5217361111111111,
  "prevalence": 0.3333333333333333,
  "normalized_auprc": -0.007679693759265248,
  "auprg": NaN,
  "ece_rank": 0.27022713321055863,
  "c_grid": [
    5.33706915382821,
    5.37816356817023,
    5.419574401663183,
    5.461304090674164,
    5.503355090329838,
    5.545729874660871,
    5.588430936747499,
    5.6314607888661925,
    5.674821962637477,
    5.718517009174873,
    5.762548499234987,
    5.806919023368761,
    5.851631192073883,
    5.896687635948382,
    5.942091005845383,
    5.987843973029077,
    6.033949229331879,
    6.0804094873128,
    6.127227480417043,
    6.174405963136807,
    6.221947711173365,
    6.269855521600356,
    6.318132213028355,
    6.366780625770697,
    6.41580362201059,
    6.465204085969507,
    6.514984924076877,
    6.565149065141078,
    6.615699460521756,
    6.666639084303463,
    6.717970933470637,
    6.769698028083917,
    6.821823411457841,
    6.874350150339885,
    6.927281335090897,
    6.980620079866909,
    7.034369522802366,
    7.088532826194748,
    7.1431131766906235,
    7.198113785473127,
    7.253537888450895,
    7.309388746448441,
    7.365669645398009,
    7.422383896532889,
    7.4795348365822365,
    7.537125827967392,
    7.595160258999687,
    7.6536415440798145,
    7.7125731238986965,
    7.771958465639918,
    7.831801063183723,
    7.892104437312554,
    7.952872135918218,
    8.01410773421061,
    8.075814834928055,
    8.137997068549279,
    8.200658093506998,
    8.263801596403171,
    8.32743129222588,
    8.391550924567907,
    8.456164265846988,
    8.521275117527756,
    8.586887310345393,
    8.653004704531012,
    8.719631190038772,
    8.786770686774735,
    8.854427144827495,
    8.922604544700565,
    8.991306897546586,
    9.060538245403308,
    9.130302661431392,
    9.200604250154068,
    9.27144714769861,
    9.34283552203968,
    9.414773573244556,
    9.487265533720224,
    9.560315668462401,
    9.633928275306461,
    9.708107685180282,
    9.782858262359069,
    9.858184404722108,
    9.934090544011516,
    10.010581146092987,
    10.087660711218515,
    10.165333774291195,
    10.243604905131992,
    10.322478708748624,
    10.401959825606506,
    10.482052931901732,
    10.562762739836218,
    10.64409399789495,
    10.726051491125327,
    10.808640041418696,
    10.891864507794072,
    10.975729786683965,
    11.060240812222487,
    11.145402556535656,
    11.231220030033885,
    11.317698281706823,
    11.404842399420346,
    11.492657510215952,
    11.581148780612365,
    11.670321416909513,
    11.760180665494863,
    11.850731813152043,
    11.94198018737191,
    12.033931156665995,
    12.126590130882336,
    12.219962561523763,
    12.314053942068654,
    12.408869808294108,
    12.504415738601653,
    12.600697354345456,
    12.697720320163022,
    12.795490344308503,
    12.894013178988498,
    12.993294620700523,
    13.093340510574,
    13.194156734713935,
    13.295749224547235,
    13.398123957171647,
    13.501286955707428,
    13.605244289651734,
    13.710002075235671,
    13.815566475784154,
    13.921943702078549,
    14.029140012722031,
    14.137161714507828,
    14.246015162790288,
    14.355706761858759,
    14.466242965314395,
    14.577630276449865,
    14.689875248631928,
    14.802984485687043,
    14.916964642289841,
    15.031822424354711,
    15.147564589430283,
    15.264197947097019,
    15.381729359367874,
    15.50016574109197,
    15.619514060361455,
    15.739781338921471,
    15.860974652583243,
    15.983101131640383,
    16.10616796128844,
    16.230182382047563,
    16.355151690188528,
    16.481083238162032,
    16.607984435031202,
    16.73586274690758,
    16.86472569739029,
    16.994580868008793,
    17.125435898668833,
    17.257298488101984,
    17.390176394318605,
    17.524077435064232,
    17.659009488279548,
    17.794980492563898,
    17.93199844764231,
    18.070071414836164,
    18.209207517537507,
    18.34941494168692,
    18.490701936255174,
    18.633076813728554,
    18.776547950597916,
    18.921123787851435,
    19.066812831471356,
    19.213623652934338,
    19.361564889715766,
    19.510645245797935,
    19.660873492182173,
    19.812258467404813,
    19.964809078057236,
    20.118534299309907,
    20.273443175440356,
    20.429544820365333,
    20.586848418177027,
    20.745363223683366,
    20.90509856295253,
    21.06606383386166,
    21.228268506649776,
    21.391722124474864,
    21.556434303975472,
    21.722414735836416,
    21.889673185358923,
    22.058219493035168,
    22.228063575127276,
    22.39921542425066,
    22.571685109961976,
    22.74548277935157,
    22.92061865764041,
    23.09710304878173,
    23.27494633606726,
    23.454158982738065,
    23.634751532600173,
    23.816734610644932,
    24.000118923674076,
    24.184915260929657,
    24.371134494728864,
    24.558787581103662,
    24.7478855604453,
    24.93843955815401,
    25.13046078529347,
    25.323960539250383,
    25.51895020439917,
    25.715441252771814,
    25.913445244732706,
    26.11297382965884,
    26.314038746625236,
    26.516651825095504,
    26.720824985617867,
    26.926570240526548,
    27.133899694648395,
    27.342825546015124,
    27.55336008658099,
    27.765515702945976,
    27.97930487708442,
    28.194740187079578,
    28.411834307863533,
    28.630600011962898,
    28.851050170250293,
    29.073197752701667,
    29.297055829159245,
    29.522637570100557,
    29.749956247413333,
    29.97902523517627,
    30.209858010445917,
    30.442468154049624,
    30.676869351384493,
    30.913075393222556,
    31.1511001765222,
    31.390957705245746,
    31.632662091183274,
    31.87622755478304,
    32.12166842598802,
    32.368999145078995,
    32.618234263524144,
    32.86938844483524,
    33.12247646543022,
    33.37751321550265,
    33.63451369989778,
    33.89349303899527,
    34.154466469598795,
    34.41744934583259,
    34.68245714004464,
    34.94950544371707,
    35.2186099683835,
    35.48978654655333,
    35.763051132643206,
    36.0384198039158,
    36.31590876142567,
    36.59553433097232,
    36.87731296406083,
    37.16126123886977,
    37.44739586122647,
    37.73573366558994,
    38.026291616041384,
    38.31908680728212,
    38.61413646563941,
    38.91145795008001,
    39.21106875323136,
    39.512986502410776,
    39.81722896066262,
    40.12381402780325,
    40.4327597414742,
    40.74408427820344,
    41.05780595447474,
    41.373943227805206,
    41.69251469783142,
    42.01353910740359,
    42.33703534368824,
    42.66302243927952,
    42.99151957331893,
    43.32254607262368,
    43.656121412823765,
    43.99226521950788,
    44.33099726937795,
    44.67233749141274,
    45.0163059680404,
    45.36292293631988,
    45.712208789131644,
    46.06418407637746,
    46.41886950618946,
    46.776285946148306,
    47.13645442451119,
    47.49939613144884,
    47.86513242029222,
    48.23368480878885,
    48.605074980368904,
    48.97932478542073,
    49.35645624257651,
    49.73649154000777,
    50.11945303673065,
    50.50536326392143,
    50.89424492624226,
    51.286120903176744,
    51.68101425037617,
    52.07894820101598,
    52.47994616716268,
    52.88403174115104,
    53.29122869697248,
    53.70156099167362,
    54.115052766765594,
    54.53172834964474,
    54.95161225502371,
    55.37472918637359,
    55.80110403737767,
    56.23076189339576,
    56.66372803294024,
    57.10002792916303,
    57.53968725135465,
    57.98273186645423,
    58.42918784057125,
    58.87908144051942,
    59.33243913536191,
    59.789287597968446,
    60.24965370658495,
    60.7135645464147,
    61.18104741121169,
    61.65212980488682,
    62.12683944312582,
    62.60520425501974,
    63.08725238470851,
    63.573012193036554,
    64.06251225922118,
