{
  "c": 0.05,
  "f1": 0.5494505494505494,
  "prec": 0.4166666666666667,
  "rec": 0.8064516129032258,
  "tp": 25,
  "fp": 35,
  "fn": 6,
  "tn": 14
}