{
  "cm_at_c1": {
    "TP": 0,
    "TN": 124,
    "FP": 0,
    "FN": 56,
    "precision": 0.0,
    "recall": 0.0,
    "accuracy": 0.6888888888888889,
    "F1": 0.0
  },
  "pr_auc": 0.31126187614083145,
  "roc_auc": 0.5177851382488479,
  "prevalence": 0.3111111111111111,
  "normalized_auprc": 0.00021885246249725969,
  "auprg": NaN,
  "ece_rank": 0.25942295887047273,
  "c_grid": [
    5.6090985092209245,
    5.652021046293513,
    5.695272039745631,
    5.738854003025933,
    5.78276946881676,
    5.827020989181303,
    5.871611135711934,
    5.916542499679622,
    5.961817692184544,
    6.007439344307812,
    6.053410107264371,
    6.099732652557079,
    6.146409672131947,
    6.193443878534582,
    6.240838005067818,
    6.28859480595056,
    6.3367170564778394,
    6.385207553182087,
    6.4340691139956645,
    6.483304578414605,
    6.532916807663642,
    6.582908684862466,
    6.633283115193291,
    6.684043026069668,
    6.73519136730661,
    6.786731111292024,
    6.838665253159428,
    6.8909968109620285,
    6.943728825848088,
    6.996864362237674,
    7.0504065080007265,
    7.104358374636516,
    7.158723097454453,
    7.2135038357562955,
    7.268703773019749,
    7.324326117083456,
    7.3803741003334284,
    7.4368509798908775,
    7.49376003780151,
    7.551104581226244,
    7.608887942633404,
    7.6671134799923895,
    7.725784576968797,
    7.784904643121076,
    7.844477114098654,
    7.904505451841604,
    7.964993144781816,
    8.025943708045734,
    8.087360683658623,
    8.149247640750406,
    8.211608175763084,
    8.274445912659726,
    8.33776450313508,
    8.401567626827775,
    8.465858991534164,
    8.53064233342379,
    8.595921417256504,
    8.661700036601257,
    8.727982014056543,
    8.794771201472559,
    8.862071480175024,
    8.929886761190758,
    8.998220985474953,
    9.06707812414019,
    9.136462178687225,
    9.206377181237515,
    9.276827194767552,
    9.347816313344955,
    9.419348662366408,
    9.491428398797394,
    9.564059711413758,
    9.63724682104515,
    9.710993980820287,
    9.785305476414141,
    9.860185626296968,
    9.935638781985283,
    10.01166932829474,
    10.08828168359494,
    10.165480300066196,
    10.243269663958266,
    10.321654295851076,
    10.400638750917393,
    10.480227619187579,
    10.560425525816294,
    10.641237131351305,
    10.722667132004315,
    10.804720259923867,
    10.887401283470371,
    10.970715007493165,
    11.054666273609786,
    11.139259960487294,
    11.224500984125806,
    11.310394298144175,
    11.396944894067852,
    11.484157801618988,
    11.572038089008682,
    11.660590863231556,
    11.749821270362503,
    11.839734495855756,
    11.930335764846232,
    12.02163034245317,
    12.113623534086134,
    12.206320685753274,
    12.29972718437206,
    12.393848458082278,
    12.48868997656151,
    12.584257251342981,
    12.680555836135847,
    12.777591327147967,
    12.87536936341107,
    12.973895627108483,
    13.073175843905359,
    13.17321578328137,
    13.274021258866012,
    13.375598128776456,
    13.477952295957989,
    13.58108970852702,
    13.685016360116771,
    13.789738290225593,
    13.895261584567901,
    14.001592375427876,
    14.108736842015794,
    14.216701210827168,
    14.32549175600453,
    14.435114799702074,
    14.545576712453071,
    14.656883913540042,
    14.769042871367825,
    14.882060103839459,
    14.995942178735001,
    15.110695714093143,
    15.22632737859583,
    15.342843891955827,
    15.460252025307174,
    15.578558601598703,
    15.697770495990529,
    15.817894636253625,
    15.938938003172355,
    16.060907630950183,
    16.183810607618472,
    16.307654075448344,
    16.432445231365776,
    16.55819132736981,
    16.684899670954024,
    16.81257762553116,
    16.94123261086103,
    17.070872103481754,
    17.201503637144178,
    17.333134803249724,
    17.465773251291527,
    17.59942668929901,
    17.734102884285768,
    17.869809662700963,
    18.006554910884162,
    18.144346575523585,
    18.28319266411796,
    18.423101245441824,
    18.564080450014462,
    18.70613847057238,
    18.84928356254539,
    18.993524044536407,
    19.138868298804816,
    19.28532477175362,
    19.43290197442028,
    19.581608482971305,
    19.731452939200697,
    19.88244405103205,
    20.03459059302471,
    20.187901406883586,
    20.342385401973043,
    20.498051555834618,
    20.654908914708734,
    20.812966594060438,
    20.97223377910907,
    21.13271972536211,
    21.29443375915299,
    21.4573852781831,
    21.62158375206792,
    21.787038722887303,
    21.95375980574006,
    22.12175668930263,
    22.291039136392207,
    22.46161698453402,
    22.633500146533063,
    22.80669861105013,
    22.98122244318231,
    23.157081785047918,
    23.33428685637581,
    23.512847955099385,
    23.69277545795494,
    23.87407982108475,
    24.056771580644668,
    24.240861353416445,
    24.42635983742472,
    24.613277812558636,
    24.801626141198394,
    24.991415768846416,
    25.18265772476347,
    25.375363122609595,
    25.569543161089943,
    25.765209124605626,
    25.962372383909386,
    26.1610443967665,
    26.361236708620527,
    26.562960953264298,
    26.766228853515997,
    26.971052221900372,
    27.177442961335274,
    27.385413065823254,
    27.594974621148705,
    27.80613980558009,
    28.01892089057773,
    28.233330241506895,
    28.44938031835641,
    28.66708367646279,
    28.886452967239762,
    29.107500938913592,
    29.33024043726384,
    29.554684406369905,
    29.780845889363242,
    30.008738029185327,
    30.238374069351483,
    30.469767354720396,
    30.702931332269767,
    30.93787955187763,
    31.174625667109833,
    31.413183436013508,
    31.653566721916533,
    31.895789494233274,
    32.13986582927625,
    32.38580991107431,
    32.63363603219677,
    32.88335859458406,
    33.13499211038469,
    33.38855120279853,
    33.64405060692671,
    33.901505170627786,
    34.16092985538074,
    34.42233973715431,
    34.68575000728318,
    34.95117597335077,
    35.21863306007879,
    35.488136810223686,
    35.75970288547977,
    36.0333470673895,
    36.30908525826045,
    36.58693348208956,
    36.86690788549428,
    37.1490247386509,
    37.43330043624009,
    37.719751498399624,
    38.00839457168447,
    38.29924643003405,
    38.59232397574714,
    38.88764424046407,
    39.18522438615648,
    39.48508170612465,
    39.78723362600254,
    40.09169770477037,
    40.398491635774995,
    40.70763324775823,
    41.019140505892835,
    41.333031512826594,
    41.64932450973425,
    41.96803787737764,
    42.28919013717381,
    42.61279995227132,
    42.93888612863485,
    43.2674676161381,
    43.598563509664984,
    43.93219305021928,
    44.26837562604289,
    44.60713077374237,
    44.94847817942446,
    45.29243767983995,
    45.639029263536514,
    45.98827307202033,
    46.3401894009265,
    46.6947987011986,
    47.05212158027701,
    47.41217880329661,
    47.7749912942934,
    48.1405801374205,
    48.50896657817343,
    48.880172024624706,
    49.25421804866806,
    49.63112638727182,
    50.010918943742354,
    50.39361778899677,
    50.77924516284559,
    51.16782347528517,
    51.55937530779998,
    51.95392341467501,
    52.35149072431788,
    52.7521003405915,
    53.155775544156526,
    53.562539793824385,
    53.972416727920496,
    54.385430165657944,
    54.8016041085218,
    55.220962741663726,
    55.64353043530768,
    56.06933174616593,
    56.49839141886625,
    56.930734387389876,
    57.366385776520495,
    57.80537090330425,
    58.24771527852125,
    58.69344460816772,
    59.14258479495007,
    59.595161939790174,
    60.05120234334211,
    60.51073250752063,
    60.97377913704115,
    61.44036914097194,
    61.91052963429751,
    62.38428793949457,
    62.86167158811978,
    63.342708322409706,
    63.827426096892964,
    64.31585308001473,
    64.80801765577392,
    65.3039484253723,
    65.80367420887684,
    66.30722404689449,
    66.81462720225977,
