{
  "c": 0.05,
  "f1": 0.45238095238095233,
  "prec": 0.31666666666666665,
  "rec": 0.7916666666666666,
  "tp": 19,
  "fp": 41,
  "fn": 5,
  "tn": 15
}