{
  "cm_at_c1": {
    "TP": 0,
    "TN": 145,
    "FP": 0,
    "FN": 35,
    "precision": 0.0,
    "recall": 0.0,
    "accuracy": 0.8055555555555556,
    "F1": 0.0
  },
  "pr_auc": 0.22346085679057487,
  "roc_auc": 0.532807881773399,
  "prevalence": 0.19444444444444445,
  "normalized_auprc": 0.03602037394692052,
  "auprg": NaN,
  "ece_rank": 0.34066912216083484,
  "c_grid": [
    26.68434003200583,
    26.847336537274455,
    27.011328677462195,
    27.176322534226415,
    27.342324226373137,
    27.50933991008407,
    27.677375779144796,
    27.84643806517458,
    28.01653303785737,
    28.187667005174397,
    28.359846313638013,
    28.533077348527158,
    28.707366534124052,
    28.88272033395254,
    29.05914525101769,
    29.23664782804707,
    29.415234647733257,
    29.594912332978097,
    29.77568754713818,
    29.957566994272074,
    30.140557419388823,
    30.32466560869821,
    30.509898389862315,
    30.69626263224881,
    30.883765247185615,
    31.072413188217322,
    31.262213451362936,
    31.45317307537545,
    31.64529914200276,
    31.838598776250407,
    32.03307914664571,
    32.228747465503645,
    32.425610989194354,
    32.62367701841221,
    32.82295289844655,
    33.023446019454084,
    33.22516381673301,
    33.42811377099866,
    33.63230340866102,
    33.837740302103775,
    34.04443206996518,
    34.252386377420535,
    34.46161093646654,
    34.6721135062072,
    34.88390189314164,
    35.096983951453566,
    35.3113675833026,
    35.52706073911722,
    35.744071417889735,
    35.96240766747281,
    36.18207758487803,
    36.40308931657607,
    36.62545105879891,
    36.849171057843684,
    37.07425761037862,
    37.30071906375059,
    37.528563816294806,
    37.75780031764613,
    37.98843706905258,
    38.220482623690444,
    38.453945586981625,
    38.688834616912644,
    38.92515842435584,
    39.1629257733923,
    39.402145481636936,
    39.6428264205655,
    39.88497751584357,
    40.12860774765753,
    40.373726151047606,
    40.620341816243,
    40.86846388899888,
    41.1181015709357,
    41.36926411988027,
    41.62196085020928,
    41.87620113319449,
    42.131994397350546,
    42.389350128784336,
    42.648277871547045,
    42.9087872279879,
    43.17088785911044,
    43.4345894849306,
    43.699901884837416,
    43.96683489795546,
    44.235398423509906,
    44.505602421193515,
    44.777456911536106,
    45.05097197627603,
    45.32615775873421,
    45.60302446419015,
    45.881582360260545,
    46.1618417772799,
    46.443813108683834,
    46.727506811394285,
    47.012933406207466,
    47.30010347818401,
    47.58902767704151,
    47.879716717549385,
    48.17218137992631,
    48.46643251024003,
    48.76248102080959,
    49.060337890609865,
    49.360014165678884,
    49.66152095952744,
    49.96486945355122,
    50.270070897445414,
    50.57713660962196,
    50.88607797762935,
    51.19690645857477,
    51.50963357954922,
    51.82427093805473,
    52.14083020243472,
    52.45932311230647,
    52.77976147899673,
    53.10215718597951,
    53.42652218931698,
    53.75286851810269,
    54.08120827490783,
    54.4115536362299,
    54.74391685294442,
    55.07831025075913,
    55.4147462306712,
    55.75323726942702,
    56.09379591998492,
    56.43643481198082,
    56.78116665219646,
    57.12800422503066,
    57.476960392973425,
    57.828048097083034,
    58.181280357465894,
    58.53667027375936,
    58.89423102561756,
    59.25397587320022,
    59.615918157664396,
    59.98007130165913,
    60.346448809823336,
    60.715064269286614,
    61.08593135017315,
    61.45906380610854,
    61.83447547472994,
    62.21218027819934,
    62.59219222371962,
    62.97452540405428,
    63.359193998049804,
    63.74621227116175,
    64.13559457598353,
    64.52735535277891,
    64.9215091300173,
    65.31807052491278,
    65.71705424396598,
    66.11847508350958,
    66.52234793025698,
    66.92868776185448,
    67.33750964743649,
    67.7488287481847,
    68.16266031789007,
    68.57901970351855,
    68.9979223457804,
    69.41938377970264,
    69.84341963520521,
    70.27004563768055,
    70.69927760857696,
    71.13113146598518,
    71.5656232252287,
    72.00276899945776,
    72.44258500024691,
    72.88508753819625,
    73.33029302353613,
    73.7782179667359,
    74.22887897911619,
    74.68229277346492,
    75.138476164657,
    75.59744607027798,
    76.05921951125157,
    76.52381361247058,
    76.9912456034323,
    77.4615328188772,
    77.934692699432,
    78.41074279225627,
    78.88970075169335,
    79.37158433992485,
    79.85641142762964,
    80.34419999464625,
    80.83496813064,
    81.3287340357735,
    81.82551602138201,
    82.32533251065207,
    82.82820203930518,
    83.33414325628476,
    83.84317492444805,
    84.35531592126185,
    84.87058523950262,
    85.38900198796068,
    85.91058539214899,
    86.43535479501618,
    86.96332965766382,
    87.49452956006805,
    88.02897420180574,
    88.56668340278523,
    89.1076771039812,
    89.6519753681741,
    90.19959838069428,
    90.75056645017065,
    91.30490000928376,
    91.86261961552337,
    92.42374595195105,
    92.98829982796721,
    93.55630218008272,
    94.12777407269535,
    94.70273669887086,
    95.2812113811293,
    95.86321957223525,
    96.44878285599387,
    97.03792294805099,
    97.63066169669855,
    98.22702108368496,
    98.8270232250302,
    99.4306903718459,
    100.03804491116067,
    100.64910936675014,
    101.26390639997273,
    101.88245881060935,
    102.50478953770933,
    103.13092166044133,
    103.7608783989487,
    104.39468311521097,
    105.03235931391012,
    105.67393064330214,
    106.31942089609453,
    106.96885401032787,
    107.62225407026406,
    108.27964530727965,
    108.94105210076391,
    109.60649897902336,
    110.27601062019123,
    110.94961185314264,
    111.62732765841575,
    112.30918316913755,
    112.99520367195619,
    113.68541460797913,
    114.37984157371595,
    115.078510322028,
    115.78144676308338,
    116.4886769653177,
    117.20022715640125,
    117.91612372421103,
    118.63639321780977,
    119.36106234843034,
    120.0901579904663,
    120.82370718246898,
    121.56173712814952,
    122.30427519738798,
    123.05134892724884,
    123.80298602300144,
    124.55921435914787,
    125.32006198045667,
    126.08555710300263,
    126.8557281152138,
    127.63060357892344,
    128.4102122304297,
    129.19458298156155,
    129.98374492075038,
    130.77772731410911,
    131.57655960651755,
    132.380271422714,
    133.18889256839472,
    134.00245303131823,
    134.82098298241786,
    135.6445127769212,
    136.47307295547478,
    137.3066942452774,
    138.1454075612194,
    138.9892440070291,
    139.8382348764267,
    140.69241165428411,
    141.5518060177931,
    142.41644983763982,
    143.2863751791867,
    144.16161430366208,
    145.04219966935582,
    145.92816393282342,
    146.81953995009752,
    147.7163607779055,
    148.61865967489598,
    149.52647010287208,
    150.4398257280322,
    151.35876042221906,
    152.28330826417513,
    153.21350354080664,
    154.14938074845577,
    155.09097459417893,
    156.03831999703453,
    156.99145208937776,
    157.95040621816335,
    158.9152179462571,
    159.8859230537536,
    160.86255753930382,
    161.84515762145054,
    162.83375973997042,
    163.82840055722622,
    164.82911695952612,
    165.83594605849154,
    166.8489251924341,
    167.8680919277393,
    168.8934840602601,
    169.92513961671943,
    170.9630968561184,
    172.00739427115752,
    173.05807058966244,
    174.11516477602072,
    175.17871603262748,
    176.24876380133807,
    177.32534776493156,
    178.40850784858213,
    179.4982842213395,
    180.59471729761947,
    181.6978477387014,
    182.80771645423687,
    183.92436460376723,
    185.04783359824896,
    186.17816510159014,
    187.31540103219535,
    188.45958356452005,
    189.61075513063534,
    190.76895842180045,
    191.93423639004655,
    193.10663224977012,
