{
  "cm_at_c1": {
    "TP": 0,
    "TN": 124,
    "FP": 0,
    "FN": 56,
    "precision": 0.0,
    "recall": 0.0,
    "accuracy": 0.6888888888888889,
    "F1": 0.0
  },
  "pr_auc": 0.3544724294668784,
  "roc_auc": 0.5506192396313364,
  "prevalence": 0.3111111111111111,
  "normalized_auprc": 0.0629438492261138,
  "auprg": NaN,
  "ece_rank": 0.26556169429097604,
  "c_grid": [
    9.036853795527266,
    9.093546601033172,
    9.150595069501966,
    9.208001432189315,
    9.26576793434868,
    9.32389683531916,
    9.382390408613828,
    9.441250942008677,
    9.50048073763209,
    9.560082112054873,
    9.62005739638087,
    9.68040893633813,
    9.74113909237065,
    9.802250239730705,
    9.863744768571742,
    9.925625084041855,
    9.987893606377874,
    10.050552771000001,
    10.113605028607086,
    10.177052845272458,
    10.240898702540385,
    10.30514509752313,
    10.369794542998632,
    10.434849567508754,
    10.500312715458207,
    10.566186547214045,
    10.632473639205813,
    10.699176584026334,
    10.766297990533072,
    10.833840483950198,
    10.901806705971252,
    10.970199314862462,
    11.039020985566745,
    11.108274409808278,
    11.177962296197808,
    11.248087370338583,
    11.318652374932949,
    11.389660069889644,
    11.461113232431703,
    11.533014657205113,
    11.605367156388105,
    11.678173559801131,
    11.751436715017574,
    11.825159487475085,
    11.899344760587677,
    11.973995435858491,
    12.049114432993274,
    12.124704690014607,
    12.200769163376759,
    12.277310828081362,
    12.354332677793755,
    12.431837724960063,
    12.509829000925043,
    12.588309556050612,
    12.667282459835175,
    12.746750801033661,
    12.826717687778352,
    12.907186247700418,
    12.988159628052278,
    13.069640995830662,
    13.151633537900489,
    13.234140461119509,
    13.317164992463752,
    13.400710379153697,
    13.4847798887813,
    13.569376809437804,
    13.654504449842317,
    13.740166139471237,
    13.826365228688486,
    13.913105088876511,
    14.000389112568175,
    14.088220713579428,
    14.17660332714285,
    14.265540410041977,
    14.355035440746517,
    14.445091919548402,
    14.535713368698683,
    14.626903332545286,
    14.718665377671668,
    14.811003093036263,
    14.903920090112885,
    14.997420003031968,
    15.091506488722718,
    15.186183227056112,
    15.281453920988847,
    15.377322296708158,
    15.47379210377756,
    15.57086711528349,
    15.668551127982909,
    15.766847962451752,
    15.86576146323439,
    15.965295498993978,
    16.0654539626638,
    16.16624077159947,
    16.26765986773219,
    16.36971521772292,
    16.4724108131175,
    16.575750670502774,
    16.679738831663723,
    16.784379363741476,
    16.88967635939243,
    16.995633936948302,
    17.102256240577233,
    17.20954744044583,
    17.317511732882295,
    17.426153340540534,
    17.53547651256533,
    17.645485524758524,
    17.75618467974623,
    17.86757830714718,
    17.979670763741975,
    18.092466433643537,
    18.205969728468595,
    18.320185087510183,
    18.435116977911296,
    18.5507698948396,
    18.667148361663255,
    18.784256930127807,
    18.902100180534237,
    19.020682721918117,
    19.14000919222983,
    19.260084258516,
    19.38091261710201,
    19.50249899377573,
    19.624848143972283,
    19.747964852960077,
    19.871853936027954,
    19.99652023867353,
    20.121968636792687,
    20.24820403687034,
    20.375231376172252,
    20.503055622938188,
    20.63168177657622,
    20.761114867858286,
    20.891359959116908,
    21.022422144443212,
    21.15430654988616,
    21.28701833365305,
    21.420562686311236,
    21.55494483099119,
    21.690170023590714,
    21.826243552980564,
    21.963170741211275,
    22.100956943721354,
    22.239607549546687,
    22.37912798153134,
    22.519523696539665,
    22.660800185669704,
    22.802962974467963,
    22.94601762314555,
    23.0899697267956,
    23.234824915612133,
    23.38058885511024,
    23.527267246347726,
    23.674865826148014,
    23.823390367324563,
    23.97284667890664,
    24.123240606366533,
    24.274578031848144,
    24.42686487439711,
    24.580107090192243,
    24.734310672778513,
    24.88948165330145,
    25.045626100743082,
    25.202750122159237,
    25.360859862918428,
    25.519961506942213,
    25.680061276947054,
    25.841165434687678,
    26.00328028120205,
    26.166412157057714,
    26.330567442599865,
    26.49575255820085,
    26.661973964511322,
    26.82923816271288,
    26.997551694772362,
    27.16692114369771,
    27.33735313379544,
    27.508854330929736,
    27.681431442783143,
    27.85509121911896,
    28.029840452045182,
    28.20568597628015,
    28.382634669419943,
    28.560693452207268,
    28.739869288802215,
    28.920169187054597,
    29.101600198778065,
    29.284169420025904,
    29.467883991368545,
    29.65275109817292,
    29.8387779708834,
    30.025971885304628,
    30.214340162886135,
    30.40389017100861,
    30.59462932327209,
    30.78656507978594,
    30.979704947460583,
    31.174056480301143,
    31.369627279702858,
    31.566424994748463,
    31.764457322507244,
    31.963732008336148,
    32.164256846182745,
    32.36603967888998,
    32.56908839850299,
    32.77341094657773,
    32.979015314491605,
    33.18590954375601,
    33.394101726330874,
    33.60360000494109,
    33.814412573395096,
    34.026547676905196,
    34.2400136124102,
    34.45481872889983,
    34.67097142774127,
    34.88848016300781,
    35.10735344180945,
    35.327599824625636,
    35.549227925640096,
    35.7722464130777,
    35.9966640095436,
    36.222489492364225,
    36.449731693930744,
    36.678399502044364,
    36.908501860264046,
    37.140047768256274,
    37.373046282147016,
    37.607506514875986,
    37.843437636553006,
    38.08084887481667,
    38.31974951519533,
    38.56014890147013,
    38.8020564360406,
    39.04548158029229,
    39.290433854966864,
    39.53692284053447,
    39.784958177568456,
    40.034549567122404,
    40.28570677110957,
    40.53843961268467,
    40.79275797662814,
    41.04867180973265,
    41.3061911211922,
    41.56532598299361,
    41.8260865303104,
    42.0884829618992,
    42.352525540498696,
    42.61822459323094,
    42.885590512005344,
    43.154633753925026,
    43.42536484169595,
    43.697794364038316,
    43.97193297610078,
    44.247791399877286,
    44.52538042462622,
    44.804710907292566,
    45.085793772932455,
    45.368640015140485,
    45.6532606964797,
    45.93966694891423,
    46.22786997424479,
    46.51788104454664,
    46.80971150261053,
    47.10337276238642,
    47.39887630942974,
    47.6962337013507,
    47.99545656826631,
    48.29655661325528,
    48.59954561281566,
    48.90443541732552,
    49.21123795150648,
    49.51996521488995,
    49.83062928228654,
    50.143242304258386,
    50.45781650759427,
    50.774364195787875,
    51.092897749519,
    51.413429627137766,
    51.735972365151916,
    52.0605385787171,
    52.38714096213029,
    52.71579228932632,
    53.04650541437737,
    53.37929327199589,
    53.71416887804031,
    54.05114533002423,
    54.390235807628635,
    54.73145357321741,
    55.074811972356024,
    55.4203244343335,
    55.768004472687636,
    56.11786568573364,
    56.46992175709581,
    56.824186456242906,
    57.180673639026544,
    57.5393972482232,
    57.90037131407952,
    58.26360995486107,
    58.629127377404494,
    58.99693787767322,
    59.36705584131651,
    59.73949574423226,
    60.114272153132966,
    60.49139972611566,
    60.87089321323505,
    61.25276745708048,
    61.63703739335648,
    62.023718051466865,
    62.41282455510261,
    62.804372122833314,
    63.19837606870243,
    63.594851802826334,
    63.99381483199684,
    64.3952807602878,
    64.79926528966551,
    65.20578422060261,
    65.61485345269624,
    66.02648898528983,
    66.44070691809888,
    66.85752345184063,
    67.27695488886769,
    67.69901763380575,
    68.12372819419502,
