{
  "cm_at_c1": {
    "TP": 0,
    "TN": 88,
    "FP": 0,
    "FN": 32,
    "precision": 0.0,
    "recall": 0.0,
    "accuracy": 0.7333333333333333,
    "F1": 0.0
  },
  "pr_auc": 0.3461088861692002,
  "roc_auc": 0.6022727272727273,
  "prevalence": 0.26666666666666666,
  "normalized_auprc": 0.10833029932163665,
  "auprg": NaN,
  "ece_rank": 0.2849862258953168,
  "c_grid": [
    3.4318780227925703,
    3.4605525415174117,
    3.4894666456874934,
    3.518622337121438,
    3.5480216343637494,
    3.5776665728245636,
    3.607559204920567,
    3.6377016002170914,
    3.6680958455713992,
    3.698744045277158,
    3.7296483212101332,
    3.7608108129750915,
    3.7922336780539294,
    3.823919091955047,
    3.8558692483639634,
    3.8880863592951918,
    3.9205726552453872,
    3.9533303853477695,
    3.9863618175278375,
    4.019669238660388,
    4.053254954727839,
    4.087121290979884,
    4.12127059209448,
    4.155705222340163,
    4.190427565739756,
    4.2254400262354,
    4.260745027855006,
    4.296345014880067,
    4.332242452014884,
    4.368439824557213,
    4.4049396385703234,
    4.441744421056503,
    4.478856720132012,
    4.5162791052034965,
    4.554014167145876,
    4.5920645184817195,
    4.63043279356212,
    4.669121648749076,
    4.708133762599402,
    4.747471836050178,
    4.787138592605736,
    4.827136778526221,
    4.867469163017727,
    4.908138538424016,
    4.949147720419836,
    4.990499548205867,
    5.032196884705287,
    5.074242616761974,
    5.116639655340383,
    5.159390935727073,
    5.2024994177339305,
    5.245968085903086,
    5.289799949713546,
    5.33399804378954,
    5.378565428110635,
    5.423505188223568,
    5.468820435455882,
    5.51451430713133,
    5.560589966787082,
    5.607050604392744,
    5.653899436571216,
    5.701139706821384,
    5.7487746857426805,
    5.796807671261522,
    5.845241988859627,
    5.89408099180426,
    5.94332806138038,
    5.992986607124747,
    6.043060067061964,
    6.093551907942518,
    6.144465625482779,
    6.195804744607032,
    6.24757281969151,
    6.299773434810483,
    6.352410203984388,
    6.405486771430048,
    6.459006811812962,
    6.512974030501726,
    6.56739216382456,
    6.622264979327988,
    6.67759627603768,
    6.733389884721465,
    6.78964966815456,
    6.846379521386985,
    6.90358337201325,
    6.961265180444253,
    7.0194289401815,
    7.078078678093556,
    7.137218454694865,
    7.196852364426861,
    7.25698453594144,
    7.317619132386803,
    7.378760351695683,
    7.440412426875979,
    7.502579626303829,
    7.565266254019115,
    7.628476650023446,
    7.692215190580644,
    7.756486288519703,
    7.821294393540336,
    7.886643992521004,
    7.952539609829597,
    8.018985807636636,
    8.085987186231149,
    8.153548384339159,
    8.221674079444835,
    8.29036898811433,
    8.35963786632233,
    8.429485509781319,
    8.499916754273604,
    8.570936475986118,
    8.642549591847997,
    8.714761059871027,
    8.787575879492863,
    8.860999091923198,
    8.935035780492738,
    9.00969107100519,
    9.084970132092085,
    9.160878175570659,
    9.237420456804665,
    9.314602275068225,
    9.392428973912713,
    9.470905941536712,
    9.55003861115905,
    9.629832461394965,
    9.710293016635408,
    9.791425847429503,
    9.873236570870239,
    9.955730850983327,
    10.038914399119376,
    10.122792974349268,
    10.207372383862921,
    10.292658483371303,
    10.378657177511856,
    10.465374420257302,
    10.552816215327853,
    10.640988616606851,
    10.72989772855991,
    10.819549706657563,
    10.90995075780141,
    11.001107140753833,
    11.093025166571323,
    11.185711199041425,
    11.27917165512331,
    11.373413005392038,
    11.468441774486548,
    11.564264541561373,
    11.660887940742146,
    11.758318661584905,
    11.856563449539205,
    11.955629106415152,
    12.05552249085432,
    12.156250518804589,
    12.257820163998941,
    12.360238458438296,
    12.463512492878362,
    12.567649417320547,
    12.672656441506964,
    12.778540835419594,
    12.88530992978363,
    12.992971116574967,
    13.101531849532021,
    13.21099964467173,
    13.321382080809933,
    13.43268680008609,
    13.544921508492362,
    13.658093976407098,
    13.772212039132835,
    13.887283597438758,
    14.003316618107693,
    14.120319134487657,
    14.238299247048046,
    14.357265123940472,
    14.477225001564259,
    14.598187185136656,
    14.720160049267863,
    14.843152038540815,
    14.967171668095848,
    15.092227524220222,
    15.218328264942553,
    15.345482620632264,
    15.473699394604022,
    15.60298746372721,
    15.733355779040487,
    15.86481336637151,
    15.997369326961843,
    16.131032838097045,
    16.265813153742027,
    16.401719605181757,
    16.538761601667314,
    16.676948631067265,
    16.816290260524614,
    16.956796137119092,
    17.098475988535103,
    17.241339623735207,
    17.38539693363921,
    17.53065789180893,
    17.67713255513872,
    17.824831064551756,
    17.9737636457021,
    18.123940609682656,
    18.275372353739037,
    18.428069361989436,
    18.582042206150454,
    18.737301546268988,
    18.8938581314603,
    19.051722800652183,
    19.210906483335414,
    19.371420200320422,
    19.533275064500266,
    19.696482281620035,
    19.861053151052694,
    20.02699906658134,
    20.194331517188022,
    20.36306208784917,
    20.533202460337698,
    20.70476441403174,
    20.87775982673015,
    21.052200675474875,
    21.228099037380183,
    21.40546709046874,
    21.584317114514814,
    21.764661491894365,
    21.94651270844236,
    22.12988335431721,
    22.314786124872438,
    22.501233821535575,
    22.689239352694464,
    22.878815734590994,
    23.069976092222213,
    23.262733660249005,
    23.45710178391239,
    23.65309391995747,
    23.850723637565086,
    24.050004619291204,
    24.25095066201427,
    24.45357567789035,
    24.65789369531639,
    24.8639188599014,
    25.071665435445787,
    25.281147804928906,
    25.492380471504866,
    25.705378059506597,
    25.920155315458338,
    26.136727109096594,
    26.35510843439964,
    26.575314410625595,
    26.797360283359144,
    27.021261425567054,
    27.247033338662554,
    27.474691653578446,
    27.70425213184939,
    27.935730666703044,
    28.169143284160427,
    28.4045061441455,
    28.641835541603932,
    28.88114790763123,
    29.122459810610344,
    29.36578795735877,
    29.611149194285204,
    29.858560508555843,
    30.108039029270483,
    30.359602028648457,
    30.613266923224423,
    30.869051275054122,
    31.12697279293033,
    31.38704933360884,
    31.649298903044794,
    31.913739657639276,
    32.180389905496305,
    32.44926810769038,
    32.720392879544654,
    32.9937829919197,
    33.269457372513024,
    33.547435107169555,
    33.82773544120304,
    34.110377780728406,
    34.39538169400533,
    34.682766912792985,
    34.972553333716235,
    35.264761019643004,
    35.55941020107341,
    35.8565212775403,
    36.15611481902168,
    36.45821156736471,
    36.76283243772186,
    37.06999851999883,
    37.37973108031479,
    37.692051562474546,
    38.0069815894533,
    38.324542964893645,
    38.64475767461506,
    38.96764788813612,
    39.2932359602093,
    39.621544432368765,
    39.95259603449085,
    40.28641368636791,
    40.62302049929491,
    40.96243977766974,
    41.304695020606424,
    41.64980992356225,
    41.99780837997809,
    42.348714482932785,
    42.70255252681109,
    43.059347008985654,
    43.419122631513154,
    43.781904302844346,
    44.147717139548725,
    44.51658646805326,
    44.88853782639599,
    45.26359696599394,
    45.64178985342617,
    46.023142672231295,
    46.4076818247205,
    46.79543393380524,
    47.186425844840635,
    47.58068462748385,
    47.97823757756842,
    48.37911221899389,
    48.783336305631416,
    49.190937823245335,
    49.60194499143057,
    50.01638626556654,
    50.434290338787015,
    50.85568614396686,
    51.28060285572493,
