{
  "c": 0.05,
  "f1": 0.5102040816326531,
  "prec": 0.4166666666666667,
  "rec": 0.6578947368421053,
  "tp": 25,
  "fp": 35,
  "fn": 13,
  "tn": 7
}