{
  "cm_at_c1": {
    "TP": 0,
    "TN": 100,
    "FP": 0,
    "FN": 77,
    "precision": 0.0,
    "recall": 0.0,
    "accuracy": 0.5649717514124294,
    "F1": 0.0
  },
  "pr_auc": 0.5286204523584537,
  "roc_auc": 0.6011688311688311,
  "prevalence": 0.4350282485875706,
  "normalized_auprc": 0.16565820067446302,
  "auprg": NaN,
  "ece_rank": 0.20526248968450456,
  "c_grid": [
    2.387854398540202,
    2.4065458079654904,
    2.425383528148469,
    2.4443687043659503,
    2.4635024908596312,
    2.482786050906268,
    2.5022205568883975,
    2.5218071903656174,
    2.5415471421464195,
    2.5614416123605888,
    2.5814918105321656,
    2.6016989556529837,
    2.622064276256779,
    2.6425890104938836,
    2.6632744062064972,
    2.6841217210045563,
    2.705132222342191,
    2.726307187594783,
    2.7476479041366266,
    2.769155669419196,
    2.7908317910500275,
    2.812677586872217,
    2.834694385044543,
    2.856883524122213,
    2.879246353138243,
    2.9017842316854763,
    2.9244985299992416,
    2.9473906290406604,
    2.9704619205806035,
    2.993713807284309,
    3.0171477027966564,
    3.040765031828115,
    3.0645672302413627,
    3.0885557451385783,
    3.1127320349494245,
    3.1370975695197147,
    3.1616538302007755,
    3.1864023099395067,
    3.2113445133691525,
    3.2364819569007732,
    3.261816168815442,
    3.287348689357158,
    3.313081070826491,
    3.3390148776749524,
    3.365151686600114,
    3.3914930866414634,
    3.4180406792770133,
    3.444796078520667,
    3.471760911020346,
    3.498936816156883,
    3.526325446143697,
    3.5539284661272355,
    3.5817475542882145,
    3.609784401943647,
    3.6380407136496697,
    3.666518207305173,
    3.695218614256246,
    3.724143679401439,
    3.7532951612978427,
    3.7826748322680075,
    3.8122844785076944,
    3.84212590019447,
    3.8722009115971514,
    3.90251134118611,
    3.933059031744435,
    3.9638458404799706,
    3.994873639138227,
    4.02614431411618,
    4.057659766576952,
    4.089421912565408,
    4.121432683124633,
    4.1536940244133405,
    4.186207897824193,
    4.218976280103047,
    4.252001163469132,
    4.285284555736179,
    4.318828480434476,
    4.352634976933905,
    4.386706100567926,
    4.42104392275853,
    4.455650531142183,
    4.490528029696741,
    4.525678538869373,
    4.56110419570547,
    4.596807153978575,
    4.632789584321328,
    4.669053674357429,
    4.705601628834643,
    4.742435669758838,
    4.779558036529084,
    4.816970986073792,
    4.8546767929879335,
    4.89267774967133,
    4.930976166468021,
    4.969574371806729,
    5.00847471234242,
    5.04767955309897,
    5.0871912776129555,
    5.127012288078565,
    5.167145005493642,
    5.207591869806876,
    5.248355340066148,
    5.289437894568025,
    5.330842031008442,
    5.372570266634546,
    5.414625138397744,
    5.45700920310794,
    5.499725037588974,
    5.542775238835302,
    5.586162424169868,
    5.629889231403237,
    5.673958318993969,
    5.718372366210235,
    5.763134073292725,
    5.808246161618797,
    5.853711373867939,
    5.899532474188512,
    5.945712248365806,
    5.9922535039913996,
    6.039159070633861,
    6.086431800010774,
    6.134074566162113,
    6.182090265624978,
    6.230481817609691,
    6.279252164177285,
    6.3284042704183605,
    6.377941124633359,
    6.42786573851425,
    6.4781811473276205,
    6.528890410099216,
    6.579996609799921,
    6.631502853533194,
    6.6834122727239675,
    6.735728023309034,
    6.7884532859289095,
    6.841591266121217,
    6.895145194515564,
    6.949118327029963,
    7.003513945068776,
    7.0583353557222175,
    7.1135858919674115,
    7.169268912871034,
    7.225387803793524,
    7.281945976594911,
    7.338946869842245,
    7.3963939490186466,
    7.454290706734004,
    7.512640662937309,
    7.5714473651306555,
    7.6307143885849325,
    7.690445336557168,
    7.750643840509616,
    7.8113135603305235,
    7.872458184556651,
    7.9340814305975185,
    7.996187044961417,
    8.05877880348318,
    8.121860511553752,
    8.18543600435153,
    8.249509147075544,
    8.314083835180446,
    8.379163994613338,
    8.444753582052464,
    8.510856585147758,
    8.577477022763285,
    8.644618945221575,
    8.712286434549865,
    8.780483604728296,
    8.849214601939995,
    8.918483604823177,
    8.988294824725187,
    9.058652505958536,
    9.12956092605894,
    9.201024396045387,
    9.273047260682231,
    9.345633898743339,
    9.41878872327831,
    9.492516181880774,
    9.566820756958792,
    9.641706966007378,
    9.717179361883138,
    9.793242533081079,
    9.869901104013575,
    9.947159735291516,
    10.025023124007655,
    10.10349600402218,
    10.182583146250531,
    10.262289358953435,
    10.342619488029248,
    10.423578417308564,
    10.505171068851148,
    10.587402403245168,
    10.670277419908798,
    10.753801157394154,
    10.837978693693636,
    10.922815146548645,
    11.008315673760729,
    11.094485473505166,
    11.18132978464699,
    11.268853887059507,
    11.357063101945286,
    11.445962792159676,
    11.53555836253686,
    11.625855260218437,
    11.716858974984596,
    11.808575039587902,
    11.901009030089632,
    11.994166566198807,
    12.088053311613848,
    12.182674974366911,
    12.278037307170921,
    12.374146107769315,
    12.471007219288532,
    12.568626530593255,
    12.66700997664444,
    12.766163538860134,
    12.866093245479139,
    12.966805171927506,
    13.0683054411879,
    13.170600224171862,
    13.27369574009498,
    13.377598256855006,
    13.482314091412912,
    13.587849610176944,
    13.694211229389712,
    13.801405415518223,
    13.90943868564707,
    14.018317607874621,
    14.12804880171236,
    14.238638938487325,
    14.350094741747702,
    14.4624229876716,
    14.575630505479024,
    14.689724177847065,
    14.804710941328356,
    14.92059778677278,
    15.037391759752504,
    15.155099960990329,
    15.27372954679138,
    15.393287729478203,
    15.513781777829243,
    15.635219017520768,
    15.757606831572236,
    15.880952660795197,
    16.00526400424563,
    16.130548419679865,
    16.256813524014117,
    16.384066993787517,
    16.512316565628854,
    16.641570036726936,
    16.771835265304624,
    16.903120171096596,
    17.03543273583085,
    17.16878100371395,
    17.303173081920107,
    17.438617141084066,
    17.575121415797852,
    17.712694205111415,
    17.851343873037177,
    17.991078849058553,
    18.131907628642427,
    18.273838773755646,
    18.416880913385597,
    18.561042744064768,
    18.706333030399517,
    18.85276060560291,
    19.00033437203176,
    19.149063301727868,
    19.29895643696349,
    19.450022890791082,
    19.602271847597354,
    19.755712563661632,
    19.91035436771864,
    20.066206661525634,
    20.223278920434016,
    20.381580693965404,
    20.54112160639221,
    20.701911357322768,
    20.863959722291046,
    21.027276553350962,
    21.191871779675356,
    21.35775540815969,
    21.52493752403038,
    21.69342829145798,
    21.86323795417513,
    22.034376836099348,
    22.20685534196068,
    22.38068395793429,
    22.555873252277983,
    22.732433875974714,
    22.91037656338015,
    23.089712132875288,
    23.27045148752416,
    23.452605615736722,
    23.636185591936925,
    23.82120257723598,
    24.00766782011093,
    24.19559265708858,
    24.384988513434603,
    24.575866903848276,
    24.768239433162478,
    24.962117797049256,
    25.157513782730863,
    25.354439269696414,
    25.5529062304241,
    25.75292673110909,
    25.95451293239711,
    26.157677090123794,
    26.36243155605978,
    26.56878877866167,
    26.776761303828852,
    26.986361775666275,
    27.197602937253137,
    27.41049763141765,
    27.62505880151786,
    27.84129949222853,
    28.059232850334222,
    28.27887212552861,
    28.500230671219995,
    28.72332194534316,
    28.948159511177575,
    29.174757038172004,
    29.40312830277556,
    29.63328718927528,
    29.865247690640235,
