{
  "c": 0.05,
  "f1": 0.6526315789473685,
  "prec": 0.5166666666666667,
  "rec": 0.8857142857142857,
  "tp": 31,
  "fp": 29,
  "fn": 4,
  "tn": 16
}