{
  "cm_at_c1": {
    "TP": 0,
    "TN": 132,
    "FP": 0,
    "FN": 48,
    "precision": 0.0,
    "recall": 0.0,
    "accuracy": 0.7333333333333333,
    "F1": 0.0
  },
  "pr_auc": 0.25239203812017147,
  "roc_auc": 0.4918718434343434,
  "prevalence": 0.26666666666666666,
  "normalized_auprc": -0.019465402563402536,
  "auprg": NaN,
  "ece_rank": 0.2955187231430325,
  "c_grid": [
    8.592455252389577,
    8.657618940221276,
    8.723276818140334,
    8.789432633998521,
    8.856090164070654,
    8.923253213270169,
    8.9909256153663,
    9.059111233202925,
    9.127813958919058,
    9.197037714171016,
    9.266786450356278,
    9.337064148839037,
    9.407874821177456,
    9.479222509352661,
    9.551111285999461,
    9.62354525463882,
    9.69652854991209,
    9.770065337817025,
    9.844159815945584,
    9.918816213723533,
    9.994038792651867,
    10.06983184655007,
    10.146199701801198,
    10.22314671759885,
    10.300677286195992,
    10.378795833155671,
    10.457506817603631,
    10.53681473248287,
    10.616724104810064,
    10.697239495934005,
    10.77836550179596,
    10.86010675319202,
    10.942467916037426,
    11.02545369163291,
    11.109068816933052,
    11.19331806481667,
    11.278206244359273,
    11.363738201107555,
    11.449918817355998,
    11.53675301242556,
    11.624245742944469,
    11.712402003131162,
    11.801226825079363,
    11.89072527904532,
    11.980902473737222,
    12.071763556606815,
    12.163313714143221,
    12.255558172169001,
    12.34850219613844,
    12.442151091438118,
    12.536510203689744,
    12.631584919055284,
    12.72738066454445,
    12.823902908324406,
    12.92115716003199,
    13.019148971088146,
    13.117883935014834,
    13.217367687754312,
    13.317605907990847,
    13.418604317474859,
    13.520368681349531,
    13.622904808479888,
    13.726218551784381,
    13.830315808568976,
    13.935202520863783,
    14.040884675762236,
    14.147368305762845,
    14.254659489113541,
    14.362764350158633,
    14.471689059688392,
    14.581439835291288,
    14.692022941708904,
    14.803444691193537,
    14.915711443868505,
    15.028829608091195,
    15.142805640818871,
    15.257646047977222,
    15.373357384831783,
    15.489946256362028,
    15.607419317638515,
    15.72578327420263,
    15.84504488244948,
    15.965210950013468,
    16.086288336156915,
    16.208283952161608,
    16.33120476172328,
    16.455057781349137,
    16.57985008075834,
    16.705588783285584,
    16.8322810662877,
    16.95993416155333,
    17.088555355715766,
    17.218151990668837,
    17.34873146398604,
    17.48030122934278,
    17.612868796941825,
    17.746441733942035,
    17.881027664890283,
    18.01663427215668,
    18.153269296373093,
    18.290940536875,
    18.429655852146677,
    18.56942316026981,
    18.71025043937539,
    18.85214572809922,
    18.995117126040665,
    19.139172794225104,
    19.28432095556967,
    19.43056989535269,
    19.577927961686598,
    19.72640356599446,
    19.87600518349012,
    20.026741353661965,
    20.178620680760382,
    20.331651834288895,
    20.48584354949904,
    20.641204627888982,
    20.797743937705917,
    20.95547041445229,
    21.114393061395837,
    21.274520950083524,
    21.435863220859343,
    21.598429083386076,
    21.762227817170977,
    21.927268772095477,
    22.093561368948887,
    22.261115099966126,
    22.429939529369626,
    22.600044293915143,
    22.771439103442,
    22.94413374142716,
    23.118138065543878,
    23.29346200822419,
    23.470115577226053,
    23.64810885620448,
    23.82745200528718,
    24.0081552616545,
    24.1902289401238,
    24.3736834337382,
    24.558529214359872,
    24.744776833267768,
    24.932436921759894,
    25.121520191760194,
    25.312037436429964,
    25.50399953078397,
    25.697417432311195,
    25.89230218160032,
    26.088664902969928,
    26.286516805103503,
    26.48586918168924,
    26.686733412064697,
    26.889120961866343,
    27.093043383684094,
    27.298512317720608,
    27.50553949245592,
    27.71413672531672,
    27.924315923351116,
    28.136089083908082,
    28.349468295322524,
    28.564465737605058,
    28.781093683137506,
    28.999364497373183,
    29.219290639542958,
    29.44088466336628,
    29.66415921776784,
    29.889127047599576,
    30.11580099436818,
    30.34419399696808,
    30.574319092420048,
    30.80618941661535,
    31.039818205065565,
    31.2752187936581,
    31.51240461941742,
    31.751389221272028,
    31.992186240827316,
    32.23480942314429,
    32.479272617524,
    32.725589778298335,
    32.973774965626255,
    33.22384234629668,
    33.475806194536844,
    33.72968089282738,
    33.98548093272303,
    34.2432209156801,
    34.50291555388965,
    34.76457967111761,
    35.02822820355061,
    35.29387620064887,
    35.561538826005,
    35.831231358209706,
    36.102969191723865,
    36.37676783775728,
    36.65264292515404,
    36.930610201284715,
    37.21068553294517,
    37.49288490726231,
    37.77722443260661,
    38.063720339511654,
    38.35238898160056,
    38.64324683651947,
    38.936310506878186,
    39.23159672119772,
    39.52912233486541,
    39.82890433109677,
    40.13095982190524,
    40.43530604907862,
    40.74196038516361,
    41.05094033445712,
    41.36226353400575,
    41.67594775461227,
    41.992010901850264,
    42.31047101708592,
    42.631346278508175,
    42.95465500216608,
    43.28041564301446,
    43.608646795967296,
    43.93936719695919,
    44.2725957240148,
    44.60835139832644,
    44.94665338533985,
    45.28752099584819,
    45.63097368709429,
    45.97703106388136,
    46.32571287969203,
    46.67703903781585,
    47.0310295924856,
    47.3877047500217,
    47.747084869985954,
    48.10919046634339,
    48.47404220863357,
    48.84166092315004,
    49.21206759412955,
    49.58528336494945,
    49.96132953933499,
    50.34022758257498,
    50.72199912274745,
    51.1066659519538,
    51.49425002756313,
    51.88477347346532,
    52.27825858133399,
    52.67472781189897,
    53.07420379622832,
    53.476709337020225,
    53.882267409904564,
    54.290901164754395,
    54.70263392700739,
    55.1174891989973,
    55.53549066129547,
    55.95666217406261,
    56.38102777841071,
    56.808611697775426,
    57.239438339298665,
    57.673532295222,
    58.110918344290084,
    58.55162145316549,
    58.99566677785339,
    59.443079665137965,
    59.89388565402878,
    60.34811047721903,
    60.80578006255396,
    61.26692053451132,
    61.73155821569212,
    62.19971962832365,
    62.671431495772914,
    63.14672074407252,
    63.62561450345727,
    64.10814010991304,
    64.594325106737,
    65.08419724610998,
    65.57778449068046,
    66.07511501516083,
    66.5762172079356,
    67.08111967268184,
    67.58985123000194,
    68.10244091906874,
    68.61891799928311,
    69.13931195194412,
    69.66365248193202,
    70.19196951940343,
    70.72429322150043,
    71.26065397407127,
    71.80108239340555,
    72.34560932798114,
    72.89426586022572,
    73.44708330829043,
    74.0040932278381,
    74.56532741384393,
    75.130817902411,
    75.70059697259829,
    76.27469714826388,
    76.85315119992096,
    77.4359921466086,
    78.02325325777657,
    78.61496805518436,
    79.21117031481467,
    79.81189406880135,
    80.41717360737208,
    81.02704348080562,
    81.6415385014041,
    82.26069374548005,
    82.88454455535872,
    83.51312654139531,
    84.14647558400794,
    84.78462783572536,
    85.42761972325108,
    86.0754879495421,
    86.7282694959046,
    87.38600162410421,
    88.04872187849368,
    88.71646808815525,
    89.38927836906069,
    90.06719112624636,
    90.75024505600605,
    91.43847914809919,
    92.13193268797713,
    92.83064525902489,
    93.53465674482138,
    94.24400733141525,
    94.95873750961957,
    95.67888807732228,
    96.40450014181586,
    97.1356151221429,
    97.87227475146113,
    98.61452107942533,
    99.36239647458721,
    100.11594362681464,
    100.87520554972764,
