{
  "c": 0.05,
  "f1": 0.3863636363636363,
  "prec": 0.2833333333333333,
  "rec": 0.6071428571428571,
  "tp": 17,
  "fp": 43,
  "fn": 11,
  "tn": 9
}