{
  "cm_at_c1": {
    "TP": 0,
    "TN": 119,
    "FP": 0,
    "FN": 61,
    "precision": 0.0,
    "recall": 0.0,
    "accuracy": 0.6611111111111111,
    "F1": 0.0
  },
  "pr_auc": 0.4710930785970443,
  "roc_auc": 0.6188180190108831,
  "prevalence": 0.3388888888888889,
  "normalized_auprc": 0.1999727239283023,
  "c_grid": [
    2.74155273458553,
    2.764284700074117,
    2.787205150813582,
    2.810315649655577,
    2.8336177724103537,
    2.8571131079542154,
    2.880803258337853,
    2.9046898388955844,
    2.9287744783554945,
    2.9530588189504954,
    2.9775445165303007,
    3.002233240674332,
    3.0271266748055616,
    3.0522265163052964,
    3.0775344766289163,
    3.1030522814225714,
    3.1287816706408464,
    3.154724398665403,
    3.1808822344245997,
    3.207256961514112,
    3.2338503783185457,
    3.260664298134064,
    3.2877005492920253,
    3.3149609752836535,
    3.3424474348857354,
    3.3701618022873623,
    3.3981059672177265,
    3.426281835074973,
    3.454691327056119,
    3.483336380288054,
    3.512218947959625,
    3.541340999454815,
    3.5707045204870282,
    3.600311513234489,
    3.6301639964767567,
    3.6602640057323863,
    3.690613593397715,
    3.7212148288868105,
    3.7520697987725753,
    3.78318060692902,
    3.8145493746747197,
    3.8461782409174567,
    3.8780693623000664,
    3.9102249133474825,
    3.9426470866150223,
    3.9753380928378736,
    4.008300161081845,
    4.041535538895355,
    4.075046492462678,
    4.108835306758476,
    4.142904285703593,
    4.177255752322153,
    4.211892048899953,
    4.246815537144189,
    4.2820285983444695,
    4.317533633535202,
    4.353333063659304,
    4.389429329733276,
    4.425824893013649,
    4.462522235164803,
    4.499523858428181,
    4.5368322857929115,
    4.574450061167838,
    4.612379749554974,
    4.650623937224409,
    4.6891852318906455,
    4.728066262890418,
    4.767269681361967,
    4.806798160425817,
    4.846654395367044,
    4.886841103819051,
    4.92736102594888,
    4.968216924644043,
    5.009411585700927,
    5.050947818014728,
    5.092828453770991,
    5.135056348638721,
    5.177634381965098,
    5.220565456971811,
    5.263852500953015,
    5.3074984654749295,
    5.351506326577095,
    5.395879084975301,
    5.440619766266187,
    5.485731421133545,
    5.531217125556341,
    5.577079981018444,
    5.623323114720106,
    5.669949679791201,
    5.716962855506214,
    5.764365847501019,
    5.812161887991481,
    5.860354235993816,
    5.908946177546838,
    5.957941025936001,
    6.0073421219193275,
    6.057152833955202,
    6.107376558432048,
    6.158016719899915,
    6.209076771303983,
    6.260560194220016,
    6.3124704990917335,
    6.3648112254702,
    6.417585942255151,
    6.470798247938354,
    6.524451770848968,
    6.578550169400952,
    6.63309713234251,
    6.68809637900761,
    6.743551659569605,
    6.799466755296922,
    6.855845478810907,
    6.912691674345779,
    6.970009218010765,
    7.027802018054389,
    7.0860740151309605,
    7.1448291825692705,
    7.204071526643519,
    7.263805086846487,
    7.324033936164964,
    7.384762181357488,
    7.445993963234344,
    7.507733456939928,
    7.5699848722374234,
    7.63275245379585,
    7.696040481479492,
    7.759853270639722,
    7.824195172409251,
    7.8890705739988025,
    7.954483898996282,
    8.020439607668372,
    8.086942197264696,
    8.153996202324427,
    8.221606194985512,
    8.289776785296414,
    8.35851262153045,
    8.427818390502747,
    8.4976988178898,
    8.568158668551723,
    8.63920274685711,
    8.71083589701067,
    8.783063003383486,
    8.85588899084609,
    8.929318825104268,
    9.003357513037638,
    9.078010103041063,
    9.153281685368867,
    9.229177392481933,
    9.305702399397644,
    9.382861924042771,
    9.460661227609243,
    9.5391056149129,
    9.618200434755192,
    9.697951080287902,
    9.778362989380886,
    9.859441644992843,
    9.941192575545195,
    10.02362135529904,
    10.10673360473522,
    10.190534990937593,
    10.275031227979431,
    10.360228077313025,
    10.44613134816255,
    10.532746897920184,
    10.62008063254548,
    10.708138506968071,
    10.796926525493717,
    10.88645074221371,
    10.976717261417692,
    11.06773223800987,
    11.15950187792869,
    11.252032438569989,
    11.34533022921369,
    11.439401611453983,
    11.53425299963309,
    11.629890861278643,
    11.726321717544698,
    11.823552143656338,
    11.921588769358065,
    12.020438279365813,
    12.120107413822764,
    12.220602968758943,
    12.32193179655461,
    12.424100806407472,
    12.527116964803808,
    12.630987295993505,
    12.735718882468971,
    12.841318865448107,
    12.947794445361199,
    13.055152882341895,
    13.163401496722269,
    13.272547669531946,
    13.382598843001364,
    13.493562521069258,
    13.605446269894317,
    13.718257718371097,
    13.832004558650173,
    13.94669454666266,
    14.062335502649056,
    14.178935311692475,
    14.2965019242563,
    14.415043356726265,
    14.534567691957086,
    14.655083079823603,
    14.776597737776479,
    14.899119951402495,
    15.022658074989533,
    15.147220532096204,
    15.272815816126249,
    15.399452490907638,
    15.5271391912765,
    15.655884623665905,
    15.78569756669954,
    15.91658687179027,
    16.048561463743667,
    16.18163034136657,
    16.31580257808067,
    16.451087322541216,
    16.5874937992608,
    16.725031309238318,
    16.86370923059321,
    17.003537019204884,
    17.14452420935752,
    17.286680414390098,
    17.430015327351956,
    17.574538721663682,
    17.720260451783556,
    17.867190453879477,
    18.015338746506433,
    18.164715431289657,
    18.315330693613433,
    18.467194803315568,
    18.620318115387644,
    18.7747110706811,
    18.930384196619134,
    19.08734810791456,
    19.245613507293562,
    19.405191186225437,
    19.566092025658453,
    19.728326996761794,
    19.891907161673615,
    20.056843674255312,
    20.223147780852077,
    20.390830821059733,
    20.559904228497945,
    20.73037953158984,
    20.902268354348035,
    21.075582417167272,
    21.25033353762359,
    21.426533631280098,
    21.604194712499446,
    21.783328895263022,
    21.963948393997025,
    22.14606552440521,
    22.329692704308748,
    22.51484245449287,
    22.701527399560636,
    22.88976026879378,
    23.07955389702064,
    23.270921225491303,
    23.46387530276002,
    23.65842928557498,
    23.854596439775335,
    24.05239014119583,
    24.251823876578772,
    24.452911244493656,
    24.65566595626444,
    24.86010183690442,
    25.066232826058897,
    25.274072978955676,
    25.483636467363453,
    25.694937580558125,
    25.907990726297072,
    26.12281043180161,
    26.339411344747525,
    26.557808234263856,
    26.778015991939938,
    27.00004963284076,
    27.2239242965308,
    27.449655248106378,
    27.677257879236475,
    27.90674770921221,
    28.13814038600507,
    28.371451687333845,
    28.606697521740568,
    28.84389392967506,
    29.08305708458879,
    29.324203294037666,
    29.567349000793907,
    29.81251078396737,
    30.05970536013581,
    30.308949584484832,
    30.560260451957138,
    30.81365509841144,
    31.069150801790727,
    31.32676498330046,
    31.58651520859647,
    31.848419188982614,
    32.1124947826186,
    32.378759995737425,
    32.64723298387334,
    32.91793205309967,
    33.19087566127719,
    33.466082419312514,
    33.74357109242718,
    34.0233606014372,
    34.305470024043096,
    34.58991859613092,
    34.87672571308363,
    35.165910931103745,
    35.4574939685467,
    35.75149470726554,
    36.047933193966344,
    36.34682964157527,
    36.648204430616765,
    36.9520781106032,
    37.25847140143618,
    37.56740519481916,
    37.878900555682065,
    38.19297872361761,
    38.50966111432963,
    38.828969321093155,
    39.15092511622688,
    39.4755504525777,
    39.80286746501756,
    40.132898471952906,
    40.4656659768462,
    40.801192669750556,
