{
  "c": 0.05,
  "f1": 0.6391752577319588,
  "prec": 0.5166666666666667,
  "rec": 0.8378378378378378,
  "tp": 31,
  "fp": 29,
  "fn": 6,
  "tn": 14
}