{
  "cm_at_c1": {
    "TP": 0,
    "TN": 126,
    "FP": 0,
    "FN": 54,
    "precision": 0.0,
    "recall": 0.0,
    "accuracy": 0.7,
    "F1": 0.0
  },
  "pr_auc": 0.38921685297696546,
  "roc_auc": 0.6421957671957672,
  "prevalence": 0.3,
  "normalized_auprc": 0.12745264710995066,
  "c_grid": [
    1.3363343009154949,
    1.3494401588402454,
    1.362674550105662,
    1.3760387352793295,
    1.3895339872916213,
    1.4031615915569462,
    1.4169228460961836,
    1.4308190616603187,
    1.4448515618552913,
    1.459021683268067,
    1.473330775593948,
    1.48778020176513,
    1.5023713380805208,
    1.5171055743368314,
    1.5319843139609537,
    1.5470089741436368,
    1.5621809859744717,
    1.5775017945782035,
    1.5929728592523775,
    1.6085956536063373,
    1.624371665701584,
    1.640302398193514,
    1.6563893684745463,
    1.6726341088186523,
    1.6890381665273042,
    1.705603104076855,
    1.722330499267363,
    1.739221945372876,
    1.7562790512931905,
    1.7735034417070976,
    1.790896757227133,
    1.8084606545558446,
    1.8261968066435914,
    1.8441069028478925,
    1.862192649094336,
    1.8804557680390679,
    1.8988979992328747,
    1.9175210992868728,
    1.9363268420398265,
    1.9553170187271043,
    1.9744934381512915,
    1.9938579268544814,
    2.0134123292922474,
    2.03315850800933,
    2.053098343817042,
    2.073233735972412,
    2.0935666023590938,
    2.1140988796700357,
    2.1348325235919554,
    2.155769508991616,
    2.1769118301039283,
    2.1982615007219053,
    2.219820554388471,
    2.241591044590156,
    2.263575044952689,
    2.2857746494385105,
    2.30819197254622,
    2.3308291495119806,
    2.3536883365129007,
    2.3767717108724056,
    2.4000814712676304,
    2.423619837938837,
    2.447389052900896,
    2.4713913801568337,
    2.4956291059134794,
    2.520104538799223,
    2.544820010083911,
    2.5697778739009016,
    2.5949805074712886,
    2.6204303113303355,
    2.6461297095561216,
    2.6720811500004364,
    2.6982871045219348,
    2.7247500692215794,
    2.7514725646803933,
    2.7784571361995454,
    2.8057063540427856,
    2.833222813681263,
    2.861009136040743,
    2.889067967751248,
    2.917401981399147,
    2.9460138757817194,
    2.9749063761642116,
    3.0040822345394194,
    3.0335442298898108,
    3.0632951684522234,
    3.0933378839851597,
    3.123675238038696,
    3.1543101202270454,
    3.185245448503792,
    3.216484169439826,
    3.248029258503998,
    3.2798837203465347,
    3.3120505890852288,
    3.344532928594437,
    3.377333832796911,
    3.410456425958491,
    3.4439038629856955,
    3.4776793297262167,
    3.5117860432723775,
    3.546227252267551,
    3.581006237215597,
    3.6161263107933235,
    3.651590818166023,
    3.687403137306092,
    3.723566679314784,
    3.760084888747112,
    3.7969612439399407,
    3.8341992573433,
    3.8718024758549396,
    3.9097744811581707,
    3.948118890063016,
    3.9868393548507126,
    4.025939563621587,
    4.065423240646347,
    4.105294146720813,
    4.145556079524135,
    4.186212873980514,
    4.227268402624479,
    4.2687265759697475,
    4.310591342881693,
    4.352866690953477,
    4.395556646885862,
    4.438665276870749,
    4.4821966869784875,
    4.526155023548972,
    4.570544473586579,
    4.615369265158975,
    4.660633667799837,
    4.706341992915526,
    4.752498594195745,
    4.799107868028225,
    4.846174253917474,
    4.893702234907648,
    4.94169633800954,
    4.990161134631794,
    5.03910124101632,
    5.088521318677987,
    5.138426074848634,
    5.1888202629254225,
    5.239708682923606,
    5.29109618193372,
    5.342987654583271,
    5.39538804350294,
    5.448302339797366,
    5.50173558352055,
    5.555692864155917,
    5.6101793211010795,
    5.66520014415737,
    5.720760574024164,
    5.776865902798042,
    5.8335214744768775,
    5.8907326854688415,
    5.9485049851064,
    6.006843876165373,
    6.065754915389052,
    6.125243714017496,
    6.185315938321989,
    6.245977310144748,
    6.307233607443928,
    6.36909066484397,
    6.431554374191334,
    6.494630685115713,
    6.558325605596717,
    6.622645202536135,
    6.687595602335803,
    6.753182991481134,
    6.8194136171303885,
    6.886293787709704,
    6.953829873513971,
    7.0220283073136,
    7.0908955849672415,
    7.160438266040498,
    7.230662974430744,
    7.301576398998025,
    7.373185294202182,
    7.445496480746205,
    7.51851684622589,
    7.592253345785898,
    7.666713002782214,
    7.741902909451125,
    7.817830227584744,
    7.894502189213175,
    7.971926097293344,
    8.050109326404622,
    8.129059323451235,
    8.208783608371583,
    8.289289774854504,
    8.37058549106257,
    8.45267850036248,
    8.535576622062601,
    8.61928775215777,
    8.70381986408136,
    8.789181009464762,
    8.875379318904283,
    8.962423002735596,
    9.050320351815762,
    9.139079738312924,
    9.228709616503766,
    9.319218523578751,
    9.410615080455313,
    9.50290799259898,
    9.596106050852557,
    9.690218132273468,
    9.785253200979264,
    9.881220309001476,
    9.978128597147796,
    10.075987295872746,
    10.174805726156869,
    10.274593300394542,
    10.375359523290498,
    10.477113992765162,
    10.579866400868825,
    10.683626534704823,
    10.788404277361746,
    10.894209608854776,
    11.00105260707632,
    11.108943448755884,
    11.217892410429426,
    11.32790986941817,
    11.439006304817061,
    11.551192298492857,
    11.66447853609209,
    11.778875808058837,
    11.894395010662512,
    12.011047147035736,
    12.128843328222349,
    12.247794774235775,
    12.367912815127688,
    12.489208892067206,
    12.61169455843065,
    12.735381480902005,
    12.860281440584139,
    12.986406334120982,
    13.113768174830653,
    13.242379093849719,
    13.372251341288688,
    13.503397287398824,
    13.635829423750385,
    13.769560364422471,
    13.904602847204483,
    14.040969734809401,
    14.178674016098945,
    14.317728807320758,
    14.458147353357703,
    14.599943028989465,
    14.743129340166465,
    14.887719925296299,
    15.033728556542798,
    15.181169141137783,
    15.330055722705772,
    15.48040248260159,
    15.632223741261146,
    15.785533959565447,
    15.940347740217986,
    16.096679829135624,
    16.25454511685317,
    16.41395863994165,
    16.574935582440567,
    16.737491277304155,
    16.901641207861815,
    17.06740100929293,
    17.234786470116088,
    17.403813533692926,
    17.574498299746722,
    17.74685702589591,
    17.920906129202553,
    18.09666218773612,
    18.2741419421525,
    18.45336229728856,
    18.634340323772303,
    18.817093259648825,
    19.001638512022264,
    19.187993658713793,
    19.376176449935894,
    19.566204809983066,
    19.7580968389391,
    19.951870814401076,
    20.14754519322034,
    20.34513861326047,
    20.544669895172543,
    20.746158044187787,
    20.949622251927774,
    21.15508189823249,
    21.362556553006186,
    21.572065978081437,
    21.783630129101436,
    21.997269157420718,
    22.213003412024634,
    22.430853441467526,
    22.65083999582999,
    22.872984028695292,
    23.097306699145204,
    23.323829373775347,
    23.552573628730414,
    23.783561251759245,
    24.01681424429009,
    24.252354823526264,
    24.49020542456226,
    24.73038870252076,
    24.97292753471046,
    25.217845022805154,
    25.465164495044128,
    25.714909508454188,
    25.9671038510934,
    26.221771544316958,
    26.478936845065164,
    26.738624248173892,
    27.000858488707713,
    27.26566454431585,
    27.53306763761137,
    27.803093238573545,
    28.075767066973892,
    28.351115094825953,
    28.629163548859125,
    28.90993891301669,
    29.193467930978464,
    29.47977760870809,
    29.76889521702532,
    30.060848294203577,
    30.355664648592896,
    30.65337236126874,
    30.953999788706646,
    31.257575565483172,
    31.56412860700334,
    31.8736881122548,
    32.18628356658897,
    32.50194474452959,
