{
  "cm_at_c1": {
    "TP": 0,
    "TN": 93,
    "FP": 0,
    "FN": 25,
    "precision": 0.0,
    "recall": 0.0,
    "accuracy": 0.788135593220339,
    "F1": 0.0
  },
  "pr_auc": 0.28257795526343177,
  "roc_auc": 0.572258064516129,
  "prevalence": 0.211864406779661,
  "normalized_auprc": 0.08972256689338655,
  "auprg": NaN,
  "ece_rank": 0.32801595214356927,
  "c_grid": [
    3.0201197595771734,
    3.0412881910189338,
    3.062604994884763,
    3.084071211137223,
    3.1056878870281173,
    3.1274560771495796,
    3.149376843485524,
    3.1714512554634524,
    3.193680390006635,
    3.216065331586639,
    3.2386071722762435,
    3.2613070118027134,
    3.2841659576014535,
    3.3071851248700335,
    3.3303656366225947,
    3.3537086237446396,
    3.377215225048198,
    3.4008865873273915,
    3.4247238654143777,
    3.4487282222356894,
    3.4729008288689713,
    3.49724286460011,
    3.5217555169807686,
    3.5464399818863215,
    3.571297463574197,
    3.596329174742627,
    3.621536336589812,
    3.646920178873496,
    3.672481939970965,
    3.698222866939458,
    3.7241442155770095,
    3.750247250483715,
    3.776533245123421,
    3.8030034818858587,
    3.829659252149203,
    3.856501856343076,
    3.8835326040119864,
    3.9107528138792196,
    3.9381638139111743,
    3.9657669413821433,
    3.99356354293956,
    4.0215549746696935,
    4.049742602163804,
    4.078127800584771,
    4.106711954734176,
    4.135496459119864,
    4.164482718023972,
    4.193672145571452,
    4.2230661657990405,
    4.252666212724746,
    4.282473730417806,
    4.312490173069133,
    4.3427170050622665,
    4.373155701044804,
    4.403807746000358,
    4.434674635320983,
    4.465757874880149,
    4.497058981106194,
    4.528579481056311,
    4.560320912491044,
    4.5922848239493135,
    4.624472774823957,
    4.65688633543781,
    4.689527087120315,
    4.72239662228467,
    4.755496544505513,
    4.7888284685971545,
    4.822394020692361,
    4.856194838321684,
    4.8902325704933505,
    4.92450887777371,
    4.95902543236825,
    4.993783918203173,
    5.0287860310075505,
    5.06403347839605,
    5.099527979952247,
    5.135271267312502,
    5.171265084250467,
    5.207511186762128,
    5.244011343151492,
    5.28076733411685,
    5.317780952837649,
    5.3550540050619775,
    5.392588309194654,
    5.430385696385952,
    5.468448010620921,
    5.506777108809353,
    5.54537486087638,
    5.5842431498536875,
    5.623383871971393,
    5.662798936750543,
    5.702490267096286,
    5.742459799391664,
    5.782709483592105,
    5.823241283320528,
    5.864057175963163,
    5.905159152766005,
    5.946549218931959,
    5.988229393718685,
    6.030201710537078,
    6.072468217050504,
    6.115030975274668,
    6.157892061678231,
    6.201053567284103,
    6.244517597771463,
    6.288286273578478,
    6.332361730005756,
    6.376746117320525,
    6.4214416008615185,
    6.466450361144633,
    6.511774593969295,
    6.557416510525589,
    6.603378337502135,
    6.649662317194711,
    6.6962707076156605,
    6.743205782604036,
    6.790469831936544,
    6.8380651614392445,
    6.885994093100049,
    6.934258965181998,
    6.982862132337334,
    7.031805965722388,
    7.081092853113234,
    7.130725199022212,
    7.180705424815201,
    7.231035968829774,
    7.281719286494139,
    7.3327578504469395,
    7.3841541506578805,
    7.435910694549197,
    7.488030007118001,
    7.540514631059441,
    7.593367126890772,
    7.64659007307626,
    7.7001860661529795,
    7.754157720857489,
    7.808507670253384,
    7.8632385658597785,
    7.918353077780628,
    7.973853894835021,
    8.029743724688345,
    8.086025293984383,
    8.142701348478333,
    8.199774653170767,
    8.257247992442531,
    8.315124170190565,
    8.373406009964707,
    8.432096355105452,
    8.491198068882643,
    8.55071403463518,
    8.610647155911671,
    8.671000356612108,
    8.731776581130474,
    8.792978794498435,
    8.854609982529949,
    8.916673151966963,
    8.979171330626086,
    9.042107567546303,
    9.105484933137737,
    9.169306519331421,
    9.233575439730172,
    9.298294829760458,
    9.36346784682539,
    9.429097670458741,
    9.495187502480077,
    9.561740567150949,
    9.628760111332191,
    9.696249404642348,
    9.76421173961714,
    9.832650431870148,
    9.901568820254516,
    9.970970267025875,
    10.040858158006372,
    10.11123590274983,
    10.182106934708111,
    10.2534747113986,
    10.325342714572905,
    10.397714450386694,
    10.47059344957076,
    10.543983267603283,
    10.617887484883251,
    10.692309706905187,
    10.767253564434986,
    10.842722713687104,
    10.91872083650288,
    10.995251640530201,
    11.072318859404351,
    11.149926252930168,
    11.228077607265497,
    11.306776735105856,
    11.386027475870488,
    11.465833695889623,
    11.546199288593158,
    11.627128174700546,
    11.708624302412105,
    11.790691647601639,
    11.873334214010372,
    11.956556033442322,
    12.040361165960947,
    12.124753700087266,
    12.209737752999285,
    12.295317470732867,
    12.38149702838403,
    12.468280630312583,
    12.555672510347287,
    12.643676931992369,
    12.732298188635559,
    12.821540603757503,
    12.91140853114274,
    13.001906355092057,
    13.093038490636403,
    13.184809383752304,
    13.277223511578715,
    13.37028538263549,
    13.463999537043296,
    13.558370546745147,
    13.653403015729406,
    13.749101580254427,
    13.845470909074743,
    13.942515703668802,
    14.040240698468384,
    14.138650661089516,
    14.237750392565127,
    14.33754472757922,
    14.438038534702754,
    14.539236716631192,
    14.641144210423628,
    14.743765987743705,
    14.847107055102105,
    14.951172454100858,
    15.055967261679248,
    15.161496590361518,
    15.267765588506313,
    15.374779440557797,
    15.48254336729864,
    15.59106262610466,
    15.700342511201372,
    15.810388353922205,
    15.921205522968668,
    16.032799424672202,
    16.145175503257963,
    16.258339241110452,
    16.37229615904092,
    16.487051816556765,
    16.602611812132697,
    16.718981783483933,
    16.836167407841188,
    16.954174402227654,
    17.073008523737943,
    17.1926755698189,
    17.313181378552493,
    17.434531828940575,
    17.55673284119176,
    17.679790377010182,
    17.80371043988637,
    17.92849907539017,
    18.054162371465615,
    18.180706458728004,
    18.308137510762915,
    18.43646174442747,
    18.565685420153564,
    18.695814842253306,
    18.826856359226632,
    18.958816364070923,
    19.091701294593005,
    19.225517633723122,
    19.360271909831305,
    19.495970697045777,
    19.632620615573767,
    19.770228332024413,
    19.908800559734015,
    20.048344059093598,
    20.188865637878656,
    20.330372151581344,
    20.472870503744858,
    20.616367646300308,
    20.760870579905813,
    20.906386354288053,
    21.05292206858624,
    21.200484871698386,
    21.34908196263013,
    21.498720590845892,
    21.64940805662262,
    21.80115171140586,
    21.953958958168453,
    22.107837251771716,
    22.262794099329057,
    22.41883706057231,
    22.57597374822047,
    22.734211828351146,
    22.893559020774504,
    23.05402309940991,
    23.215611892665237,
    23.378333283818677,
    23.542195211403442,
    23.70720566959497,
    23.873372708601007,
    24.04070443505425,
    24.209209012407943,
    24.378894661334055,
    24.54976966012436,
    24.721842345094352,
    24.895121110989844,
    25.069614411396618,
    25.24533075915274,
    25.422278726763974,
    25.600466946821907,
    25.779904112425136,
    25.960598977603414,
    26.142560357744628,
    26.325797130024977,
    26.510318233841943,
    26.696132671250517,
    26.88324950740229,
    27.071677870987724,
    27.26142695468157,
    27.452506015591233,
    27.644924375708495,
    27.838691422364203,
    28.03381660868634,
    28.230309454061096,
    28.428179544597395,
    28.62743653359446,
    28.828090142012808,
    29.030150158948544,
