{
  "c": 0.05,
  "f1": 0.23376623376623373,
  "prec": 0.15,
  "rec": 0.5294117647058824,
  "tp": 9,
  "fp": 51,
  "fn": 8,
  "tn": 12
}