{
  "cm_at_c1": {
    "TP": 0,
    "TN": 138,
    "FP": 0,
    "FN": 41,
    "precision": 0.0,
    "recall": 0.0,
    "accuracy": 0.770949720670391,
    "F1": 0.0
  },
  "pr_auc": 0.31612050041925777,
  "roc_auc": 0.5657476139978792,
  "prevalence": 0.22905027932960895,
  "normalized_auprc": 0.1129389099641097,
  "c_grid": [
    1.6951222835942332,
    1.7099536847182788,
    1.7249148525626556,
    1.7400069225158252,
    1.7552310399002826,
    1.7705883600594745,
    1.7860800484454755,
    1.8017072807074344,
    1.8174712427807937,
    1.8333731309772867,
    1.8494141520757272,
    1.8655955234135884,
    1.8819184729793874,
    1.898384239505875,
    1.914994072564041,
    1.9317492326579462,
    1.9486509913203762,
    1.9657006312093412,
    1.9828994462054126,
    2.000248741509916,
    2.0177498337439808,
    2.0354040510484572,
    2.053212733184709,
    2.071177231636285,
    2.0892989097114825,
    2.107579142646807,
    2.1260193177113393,
    2.144620834312011,
    2.1633851040998064,
    2.182313551076892,
    2.2014076117046795,
    2.2206687350128402,
    2.2400983827092693,
    2.259698029291014,
    2.2794691621561713,
    2.2994132817167654,
    2.3195319015126117,
    2.3398265483261795,
    2.360298762298457,
    2.380950097045831,
    2.4017821197779883,
    2.422796411416853,
    2.443994566716558,
    2.4653781943844715,
    2.4869489172032764,
    2.5087083721541275,
    2.5306582105408757,
    2.552800098115387,
    2.5751357152039502,
    2.5976667568348017,
    2.6203949328667546,
    2.6433219681189595,
    2.666449602501801,
    2.689779591148934,
    2.713313704550484,
    2.737053728687404,
    2.761001465167013,
    2.785158731359717,
    2.8095273605369275,
    2.8341092020101875,
    2.8589061212715143,
    2.883920000134968,
    2.909152736879462,
    2.934606246392822,
    2.9602824603171034,
    2.9861833271951825,
    3.0123108126186295,
    3.038666899376876,
    3.0652535876076863,
    3.0920728949489447,
    3.119126856691775,
    3.1464175259349925,
    3.1739469737409185,
    3.201717289292543,
    3.2297305800520766,
    3.2579889719208808,
    3.2864946094008034,
    3.3152496557569195,
    3.344256293181701,
    3.373516722960621,
    3.4030331656392074,
    3.4328078611915593,
    3.4628430691903334,
    3.493141068978222,
    3.52370415984093,
    3.5545346611816697,
    3.5856349126971696,
    3.6170072745552386,
    3.648654127573873,
    3.6805778734019388,
    3.712780934701426,
    3.7452657553313027,
    3.7780348005329807,
    3.8110905571173945,
    3.8444355336537313,
    3.878072260659794,
    3.9120032907940474,
    3.9462311990493317,
    3.9807585829482828,
    4.015588062740448,
    4.050722281601138,
    4.086163905832016,
    4.121915625063441,
    4.157980152458575,
    4.194360224919292,
    4.23105860329387,
    4.268078072586515,
    4.30542144216871,
    4.343091545992415,
    4.381091242805135,
    4.419423416366862,
    4.45809097566893,
    4.497096855154767,
    4.536444014942592,
    4.576135441050051,
    4.616174145620831,
    4.656563167153239,
    4.697305570730796,
    4.738404448254843,
    4.779862918679181,
    4.821684128246769,
    4.863871250728483,
    4.906427487663975,
    4.949356068604632,
    4.992660251358669,
    5.036343322238353,
    5.080408596309404,
    5.124859417642568,
    5.1696991595674024,
    5.214931224928263,
    5.260559046342554,
    5.306586086461218,
    5.353015838231518,
    5.399851825162114,
    5.447097601590453,
    5.494756752952512,
    5.542832896054884,
    5.591329679349264,
    5.640250783209321,
    5.689599920209997,
    5.739380835409253,
    5.789597306632276,
    5.840253144758176,
    5.891352194009193,
    5.9428983322424225,
    5.994895471244112,
    6.047347557026512,
    6.100258570127351,
    6.153632525911896,
    6.2074734748776885,
    6.261785502961923,
    6.3165727318515374,
    6.371839319295989,
    6.4275894594227925,
    6.483827383055804,
    6.540557358036292,
    6.59778368954683,
    6.655510720438,
    6.713742831557974,
    6.772484442084967,
    6.831740009862616,
    6.891514031738267,
    6.951811043904243,
    7.012635622242093,
    7.07399238266985,
    7.135885981492326,
    7.198321115754475,
    7.261302523597851,
    7.324834984620174,
    7.38892332023806,
    7.453572394052902,
    7.518787112219968,
    7.5845724238207275,
    7.650933321238431,
    7.717874840536974,
    7.785402061843083,
    7.853520109731836,
    7.922234153615571,
    7.991549408136179,
    8.061471133560838,
    8.132004636181216,
    8.203155268716156,
    8.274928430717889,
    8.347329568981804,
    8.42036417795979,
    8.494037800177217,
    8.56835602665355,
    8.643324497326638,
    8.718948901480733,
    8.795234978178236,
    8.872188516695237,
    8.949815356960857,
    9.02812139000042,
    9.10711255838254,
    9.186794856670073,
    9.267174331875065,
    9.348257083917632,
    9.430049266088881,
    9.512557085517884,
    9.595786803642733,
    9.679744736685702,
    9.76443725613259,
    9.849870789216236,
    9.936051819404296,
    10.02298688689124,
    10.1106825890947,
    10.199145581156145,
    10.288382576445901,
    10.378400347072668,
    10.469205724397424,
    10.560805599551832,
    10.653206923961246,
    10.746416709872218,
    10.84044203088464,
    10.935290022488592,
    11.030967882605806,
    11.127482872135936,
    11.224842315507576,
    11.323053601234088,
    11.422124182474336,
    11.522061577598267,
    11.6228733707575,
    11.724567212460878,
    11.827150820155023,
    11.930631978810059,
    12.03501854151037,
    12.14031843005056,
    12.246539635536658,
    12.353690218992526,
    12.461778311971623,
    12.570812117174098,
    12.680799909069263,
    12.79175003452357,
    12.903670913434011,
    13.016571039367124,
    13.130458980203555,
    13.24534337878824,
    13.361232953586343,
    13.478136499344874,
    13.596062887760088,
    13.715021068150804,
    13.835020068137503,
    13.956068994327469,
    14.078177033005863,
    14.201353450832846,
    14.325607595546854,
    14.450948896673944,
    14.577386866243433,
    14.704931099509741,
    14.833591275680538,
    14.963377158651337,
    15.094298597746448,
    15.226365528466403,
    15.35958797324201,
    15.493976042194884,
    15.629539933904745,
    15.766289936183357,
    15.90423642685524,
    16.043389874545284,
    16.183760839473138,
    16.32535997425467,
    16.46819802471037,
    16.612285830680808,
    16.7576343268493,
    16.904254543571717,
    17.052157607713546,
    17.201354743494328,
    17.351857273339455,
    17.503676618739366,
    17.656824301116394,
    17.811311942699028,
    17.967151267404,
    18.12435410172593,
    18.282932375634857,
    18.442898123481605,
    18.60426348491104,
    18.76704070578332,
    18.93124213910328,
    19.096880245957806,
    19.263967596461573,
    19.432516870710945,
    19.60254085974623,
    19.774052466522438,
    19.9470647068884,
    20.121590710574615,
    20.297643722189587,
    20.475237102224945,
    20.654384328069405,
    20.83509899503153,
    21.017394817371432,
    21.20128562934161,
    21.386785386236724,
    21.573908165452735,
    21.76266816755519,
    21.953079717356847,
    22.145157265004862,
    22.338915387077293,
    22.5343687876894,
    22.73153229960947,
    22.930420885384443,
    23.131049638475467,
    23.333433784403297,
    23.537588681903703,
    23.743529824093116,
    23.95127283964429,
    24.160833493972426,
    24.372227690431572,
    24.58547147152146,
    24.80058102010504,
    25.017572660636507,
    25.236462860400213,
    25.457268230760317,
    25.680005528421372,
    25.904691656700063,
    26.13134366680792,
    26.359978759145292,
    26.590614284606772,
    26.823267745897812,
    27.057956798863092,
    27.294699253826366,
    27.53351307694202,
    27.774416391558614,
    28.01742747959412,
    28.262564782923427,
    28.509846904777838,
    28.7592926111568,
    29.010920832252122,
