{
  "cm_at_c1": {
    "TP": 0,
    "TN": 129,
    "FP": 0,
    "FN": 51,
    "precision": 0.0,
    "recall": 0.0,
    "accuracy": 0.7166666666666667,
    "F1": 0.0
  },
  "pr_auc": 0.35447847255633097,
  "roc_auc": 0.5613315093479251,
  "prevalence": 0.2833333333333333,
  "normalized_auprc": 0.09927228728790369,
  "c_grid": [
    7.2823511012322415,
    7.327257192391085,
    7.372440193711926,
    7.417901812741244,
    7.463643767554977,
    7.509667786823459,
    7.55597560987674,
    7.602568986770325,
    7.649449678351308,
    7.696619456324923,
    7.744080103321492,
    7.7918334129638,
    7.839881189934876,
    7.888225250046197,
    7.936867420306313,
    7.985809538989883,
    8.035053455707159,
    8.08460103147388,
    8.134454138781603,
    8.184614661668471,
    8.235084495790407,
    8.285865548492765,
    8.3369597388824,
    8.388368997900209,
    8.440095268394085,
    8.492140505192364,
    8.54450667517768,
    8.59719575736131,
    8.650209742957962,
    8.703550635461026,
    8.757220450718282,
    8.811221217008102,
    8.865554975116078,
    8.920223778412165,
    8.975229692928272,
    9.030574797436348,
    9.086261183526934,
    9.14229095568822,
    9.198666231385562,
    9.255389141141517,
    9.312461828616355,
    9.369886450689073,
    9.427665177538904,
    9.485800192727334,
    9.544293693280625,
    9.603147889772846,
    9.662365006409399,
    9.721947281111097,
    9.781896965598731,
    9.842216325478162,
    9.902907640325944,
    9.96397320377548,
    10.025415323603688,
    10.08723632181824,
    10.149438534745288,
    10.21202431311778,
    10.274996022164267,
    10.338356041698347,
    10.402106766208524,
    10.466250604948788,
    10.530789982029573,
    10.595727336509459,
    10.661065122487264,
    10.726805809194854,
    10.792951881090428,
    10.859505837952415,
    10.926470194973952,
    10.993847482857923,
    11.061640247912619,
    11.12985105214795,
    11.198482473372277,
    11.26753710528983,
    11.337017557598724,
    11.406926456089598,
    11.47726644274483,
    11.548040175838393,
    11.619250330036321,
    11.690899596497772,
    11.762990682976751,
    11.835526313924428,
    11.908509230592102,
    11.981942191134806,
    12.055827970715532,
    12.130169361610113,
    12.204969173312751,
    12.280230232642193,
    12.355955383848553,
    12.432147488720814,
    12.50880942669497,
    12.585944094962848,
    12.663554408581602,
    12.741643300583872,
    12.820213722088635,
    12.899268642412727,
    12.97881104918306,
    13.058843948449535,
    13.13937036479864,
    13.220393341467757,
    13.301915940460171,
    13.383941242660791,
    13.466472347952575,
    13.549512375333688,
    13.633064463035373,
    13.717131768640545,
    13.801717469203131,
    13.886824761368125,
    13.972456861492406,
    14.058617005766282,
    14.145308450335804,
    14.23253447142578,
    14.320298365463673,
    14.408603449204072,
    14.497453059854148,
    14.586850555199664,
    14.67679931373198,
    14.76730273477562,
    14.858364238616863,
    14.949987266632867,
    15.042175281421859,
    15.134931766933862,
    15.228260228602494,
    15.322164193477315,
    15.416647210357212,
    15.511712849924479,
    15.607364704879762,
    15.703606390077839,
    15.80044154266422,
    15.897873822212622,
    15.995906910863246,
    16.094544513461955,
    16.193790357700266,
    16.293648194256242,
    16.394121796936233,
    16.49521496281749,
    16.59693151239166,
    16.699275289709185,
    16.80225016252456,
    16.905860022442514,
    17.010108785065068,
    17.115000390139524,
    17.22053880170735,
    17.326728008253987,
    17.433572022859583,
    17.54107488335066,
    17.649240652452697,
    17.758073417943677,
    17.867577292808583,
    17.9777564153948,
    18.08861494956855,
    18.20015708487223,
    18.312387036682747,
    18.42530904637082,
    18.53892738146128,
    18.653246335794343,
    18.76827022968787,
    18.884003410100657,
    19.00045025079671,
    19.117615152510524,
    19.23550254311341,
    19.35411687778083,
    19.47346263916076,
    19.593544337543104,
    19.714366511030136,
    19.835933725708013,
    19.958250575819335,
    20.081321683936768,
    20.205151701137705,
    20.32974530718014,
    20.455107210679376,
    20.581242149286133,
    20.708154889865423,
    20.83585022867688,
    20.964332991555832,
    21.093608034095865,
    21.223680241832135,
    21.354554530426196,
    21.486235845851578,
    21.618729164580888,
    21.75203949377372,
    21.886171871465983,
    22.02113136676028,
    22.156923080017457,
    22.293552143049368,
    22.431023719312808,
    22.569343004104667,
    22.708515224758248,
    22.84854564084083,
    22.989439544352425,
    23.1312022599258,
    23.27383914502766,
    23.41735559016116,
    23.561757019069596,
    23.707048888941376,
    23.85323669061628,
    24.00032594879295,
    24.148322222237674,
    24.29723110399448,
    24.447058221596492,
    24.597809237278614,
    24.74948984819151,
    24.902105786616904,
    25.05566282018423,
    25.210166752088593,
    25.365623421310076,
    25.522038702834404,
    25.67941850787499,
    25.837768784096305,
    25.997095515838673,
    26.15740472434441,
    26.318702467985393,
    26.480994842492006,
    26.64428798118352,
    26.80858805519987,
    26.973901273734885,
    27.14023388427094,
    27.30759217281502,
    27.475982464136397,
    27.64541112200548,
    27.815884549434504,
    27.987409188919315,
    28.15999152268305,
    28.3336380729209,
    28.508355402046803,
    28.684150112941243,
    28.861028849201,
    29.038998295389995,
    29.218065177292154,
    29.398236262165334,
    29.579518358997323,
    29.76191831876292,
    29.945443034683084,
    30.1300994424852,
    30.315894520665438,
    30.502835290752234,
    30.690928817571898,
    30.880182209515354,
    31.070602618807026,
    31.262197241774896,
    31.4549733191227,
    31.648938136203327,
    31.84409902329439,
    32.040463355875005,
    32.23803855490478,
    32.43683208710401,
    32.63685146523604,
    32.83810424839113,
    33.040598042272116,
    33.24434049948184,
    33.44933931981237,
    33.655602250536,
    33.86313708669799,
    34.07195167141121,
    34.282053896152505,
    34.49345170106094,
    34.70615307523788,
    34.92016605704889,
    35.13549873442756,
    35.352159245181106,
    35.57015577729797,
    35.789496569257224,
    36.01018991033992,
    36.23224414094236,
    36.455667652891314,
    36.68046888976113,
    36.90665634719284,
    37.13423857321525,
    37.363224168567946,
    37.59362178702638,
    37.825440135728854,
    38.05868797550563,
    38.29337412120998,
    38.52950744205137,
    38.767096861930504,
    39.00615135977683,
    39.24667996988755,
    39.48869178226936,
    39.73219594298167,
    39.97720165448256,
    40.22371817597626,
    40.471754823763334,
    40.72132097159252,
    40.97242605101523,
    41.22507955174172,
    41.479291022000005,
    41.735070068896384,
    41.992426358778864,
    42.25136961760212,
    42.51190963129539,
    42.77405624613195,
    43.03781936910159,
    43.303208968284686,
    43.5702350732292,
    43.83890777532941,
    44.10923722820763,
    44.381233648097584,
    44.65490731423081,
    44.93026856922483,
    45.207327819474344,
    45.48609553554414,
    45.76658225256518,
    46.048798570632385,
    46.33275515520548,
    46.61846273751197,
    46.90593211495268,
    47.195174151509825,
    47.4861997781576,
    47.77901999327524,
    48.0736458630627,
    48.37008852195886,
    48.668359173062306,
    48.96846908855472,
    49.270429610126875,
    49.57425214940727,
    49.87994818839338,
    50.187529279885574,
    50.497007047923745,
    50.80839318822658,
    51.12169946863358,
    51.43693772954976,
    51.75411988439315,
    52.07325792004499,
    52.394363897302775,
    52.71744995133604,
    53.042528292144944,
    53.36961120502175,
    53.69871105101506,
    54.02984026739701,
