{
  "cm_at_c1": {
    "TP": 0,
    "TN": 85,
    "FP": 0,
    "FN": 35,
    "precision": 0.0,
    "recall": 0.0,
    "accuracy": 0.7083333333333334,
    "F1": 0.0
  },
  "pr_auc": 0.35972782719167357,
  "roc_auc": 0.6181512605042017,
  "prevalence": 0.2916666666666667,
  "normalized_auprc": 0.09608634427059796,
  "c_grid": [
    2.4228691517906156,
    2.4438170992078763,
    2.4649461610285592,
    2.486257903154395,
    2.5077539050257864,
    2.5294357597388593,
    2.5513050741635324,
    2.5733634690626004,
    2.5956125792118563,
    2.618054053521241,
    2.640689555157051,
    2.6635207616651932,
    2.686549365095514,
    2.7097770721271983,
    2.7332056041952497,
    2.7568366976180747,
    2.7806721037261584,
    2.804713588991861,
    2.828962935160331,
    2.8534219393815548,
    2.8780924143435422,
    2.9029761884066727,
    2.9280751057391914,
    2.9533910264538874,
    2.9789258267459475,
    3.004681399032002,
    3.0306596520903755,
    3.05686251120255,
    3.0832919182958474,
    3.1099498320873504,
    3.1368382282290646,
    3.163959099454336,
    3.191314455725536,
    3.218906324383023,
    3.246736750295388,
    3.2748077960110065,
    3.3031215419108935,
    3.331680086362884,
    3.3604855458771485,
    3.3895400552630455,
    3.418845767787337,
    3.4484048553337714,
    3.4782195085640417,
    3.5082919370801435,
    3.538624369588123,
    3.5692190540632565,
    3.6000782579166493,
    3.6312042681632724,
    3.662599391591461,
    3.6942659549338708,
    3.7262063050399172,
    3.7584228090497005,
    3.790917854569438,
    3.8236938498484188,
    3.856753223957471,
    3.890098426968993,
    3.923731930138527,
    3.9576562260879067,
    3.9918738289899927,
    4.026387274754994,
    4.061199121218416,
    4.096311948330617,
    4.131728358348018,
    4.167450976025953,
    4.203482448813199,
    4.23982544704818,
    4.276482664156869,
    4.313456816852393,
    4.350750645336391,
    4.388366913502076,
    4.426308409139078,
    4.464577944140049,
    4.503178354709059,
    4.542112501571789,
    4.581383270187538,
    4.62099357096308,
    4.660946339468343,
    4.701244536653982,
    4.741891149070805,
    4.782889189091124,
    4.824241695131997,
    4.865951731880409,
    4.908022390520405,
    4.950456788962177,
    4.993258072073138,
    5.03642941191099,
    5.079974007958814,
    5.123895087362184,
    5.168195905168337,
    5.212879744567404,
    5.257949917135741,
    5.303409763081342,
    5.3492626514913955,
    5.395511980581968,
    5.442161177949848,
    5.4892137008265784,
    5.536673036334664,
    5.584542701746016,
    5.632826244742619,
    5.68152724367945,
    5.7306493078496805,
    5.780196077752166,
    5.830171225361239,
    5.880578454398858,
    5.931421500609085,
    5.982704132034947,
    6.034430149297695,
    6.0866033858784645,
    6.139227708402393,
    6.192307016925164,
    6.245845245222065,
    6.299846361079503,
    6.35431436658908,
    6.409253298444182,
    6.464667228239149,
    6.520560262771022,
    6.576936544343907,
    6.633800251075967,
    6.691155597209062,
    6.749006833421078,
    6.807358247140946,
    6.86621416286639,
    6.925578942484422,
    6.985456985594605,
    7.045852729835116,
    7.106770651211625,
    7.168215264429011,
    7.230191123225963,
    7.292702820712453,
    7.355754989710144,
    7.419352303095733,
    7.483499474147259,
    7.548201256893423,
    7.613462446465894,
    7.679287879454709,
    7.745682434266692,
    7.812651031487019,
    7.880198634243877,
    7.948330248576296,
    8.017050923805146,
    8.086365752907346,
    8.156279872893336,
    8.22679846518775,
    8.29792675601344,
    8.369670016778796,
    8.442033564468415,
    8.51502276203715,
    8.588643018807558,
    8.66289979087081,
    8.737798581491035,
    8.813344941513165,
    8.889544469774341,
    8.966402813518828,
    9.043925668816549,
    9.122118780985218,
    9.200987945016161,
    9.280539006003753,
    9.360777859578628,
    9.441710452344601,
    9.523342782319395,
    9.605680899379138,
    9.688730905706748,
    9.772498956244156,
    9.856991259148483,
    9.942214076252098,
    10.028173723526718,
    10.114876571551484,
    10.202329045985092,
    10.290537628042006,
    10.379508854972789,
    10.469249320548602,
    10.559765675549848,
    10.65106462825909,
    10.74315294495821,
    10.836037450429854,
    10.929725028463244,
    11.024222622364325,
    11.119537235470354,
    11.215675931668933,
    11.312645835921503,
    11.410454134791395,
    11.509108076976439,
    11.608614973846167,
    11.708982199983673,
    11.810217193732145,
    11.912327457746152,
    12.015320559547641,
    12.119204132086804,
    12.223985874307749,
    12.329673551719091,
    12.436274996969455,
    12.543798110427968,
    12.652250860769756,
    12.76164128556654,
    12.871977491882273,
    12.98326765687399,
    13.095520028397816,
    13.208742925620237,
    13.322944739634634,
    13.438133934083151,
    13.554319045783979,
    13.671508685363987,
    13.789711537896892,
    13.908936363546916,
    14.029191998218016,
    14.150487354208718,
    14.27283142087261,
    14.396233265284597,
    14.520702032912816,
    14.64624694829645,
    14.77287731572937,
    14.900602519949679,
    15.029432026835236,
    15.159375384105175,
    15.290442222027497,
    15.422642254132814,
    15.555985277934175,
    15.690481175653217,
    15.826139914952527,
    15.962971549674371,
    16.100986220585792,
    16.240194156130137,
    16.380605673185155,
    16.52223117782752,
    16.665081166104095,
    16.809166224809776,
    16.95449703227211,
    17.101084359142675,
    17.248939069195306,
    17.39807212013121,
    17.548494564391095,
    17.700217549974234,
    17.853252321264673,
    18.00761021986458,
    18.16330268543478,
    18.320341256542545,
    18.47873757151675,
    18.638503369310417,
    18.79965049037067,
    18.962190877516264,
    19.126136576822688,
    19.291499738514904,
    19.45829261786782,
    19.626527576114544,
    19.796217081362485,
    19.96737370951741,
    20.14001014521541,
    20.31413918276301,
    20.489773727085367,
    20.66692679468266,
    20.84561151459477,
    21.025841129374268,
    21.207628996067896,
    21.390988587206394,
    21.57593349180302,
    21.76247741636064,
    21.95063418588752,
    22.140417744921926,
    22.33184215856557,
    22.52492161352601,
    22.71967041916801,
    22.916103008574044,
    23.114233939613953,
    23.31407789602384,
    23.515649688494303,
    23.718964255768086,
    23.924036665747174,
    24.13088211660956,
    24.33951593793552,
    24.549953591843757,
    24.76221067413731,
    24.976302915459375,
    25.19224618245914,
    25.410056478967658,
    25.629749947183907,
    25.85134286887114,
    26.07485166656353,
    26.30029290478325,
    26.527683291268133,
    26.757039678209836,
    26.988379063502872,
    27.221718592004255,
    27.457075556804167,
    27.694467400507577,
    27.933911716526925,
    28.17542625038599,
    28.41902890103502,
    28.664737722177314,
    28.912570923607102,
    29.16254687255917,
    29.414684095070047,
    29.669001277351015,
    29.92551726717295,
    30.184251075263155,
    30.445221876714267,
    30.708449012405403,
    30.973951990435435,
    31.241750487568837,
    31.51186435069393,
    31.78431359829376,
    32.0591184219297,
    32.336299187737865,
    32.61587643793849,
    32.89787089235831,
    33.18230344996616,
    33.4691951904218,
    33.75856737563817,
    34.05044145135716,
    34.344839048738905,
    34.64178198596503,
    34.94129226985548,
    35.24339209749955,
    35.548103857900934,
    35.855450133637,
    36.16545370253239,
    36.47813753934716,
    36.7935248174794,
    37.11163891068275,
    37.43250339479854,
    37.75614204950309,
    38.082578860070065,
    38.41183801914799,
    38.743943928553286,
    39.07892120107862,
    39.41679466231712,
    39.75758935250209,
    40.101330528362844,
    40.44804366499654,
