{
  "c": 0.75,
  "f1": 0.3544303797468354,
  "prec": 0.2222222222222222,
  "rec": 0.875,
  "tp": 14,
  "fp": 49,
  "fn": 2,
  "tn": 15
}