{
  "cm_at_c1": {
    "TP": 5,
    "TN": 126,
    "FP": 13,
    "FN": 36,
    "precision": 0.2777777777777778,
    "recall": 0.12195121951219512,
    "accuracy": 0.7277777777777777,
    "F1": 0.16949152542372883
  },
  "pr_auc": 0.2272579436480285,
  "roc_auc": 0.5045622038954204,
  "prevalence": 0.22777777777777777,
  "normalized_auprc": -0.000673166498955881,
  "c_grid": [
    0.6323176210815491,
    0.6355139559474953,
    0.6387264481309582,
    0.6419551793063933,
    0.6452002315611164,
    0.6484616873973904,
    0.6517396297345237,
    0.6550341419109773,
    0.6583453076864842,
    0.661673211244179,
    0.6650179371927377,
    0.6683795705685291,
    0.6717581968377768,
    0.675153901898732,
    0.6785667720838572,
    0.6819968941620216,
    0.6854443553407067,
    0.6889092432682233,
    0.6923916460359406,
    0.6958916521805253,
    0.6994093506861924,
    0.7029448309869679,
    0.7064981829689626,
    0.7100694969726572,
    0.7136588637951988,
    0.7172663746927102,
    0.720892121382609,
    0.7245361960459402,
    0.7281986913297195,
    0.7318797003492885,
    0.7355793166906824,
    0.7392976344130097,
    0.7430347480508425,
    0.7467907526166209,
    0.7505657436030684,
    0.754359816985619,
    0.7581730692248588,
    0.7620055972689765,
    0.7658574985562299,
    0.769728871017422,
    0.7736198130783916,
    0.7775304236625149,
    0.7814608021932216,
    0.7854110485965214,
    0.7893812633035454,
    0.7933715472530993,
    0.7973820018942293,
    0.8014127291888017,
    0.8054638316140952,
    0.809535412165406,
    0.8136275743586666,
    0.8177404222330776,
    0.8218740603537525,
    0.8260285938143765,
    0.8302041282398783,
    0.8344007697891154,
    0.8386186251575732,
    0.8428578015800777,
    0.8471184068335216,
    0.8514005492396045,
    0.8557043376675871,
    0.8600298815370591,
    0.8643772908207202,
    0.8687466760471776,
    0.8731381483037547,
    0.8775518192393161,
    0.8819878010671062,
    0.8864462065676013,
    0.8909271490913783,
    0.8954307425619951,
    0.8999571014788881,
    0.9045063409202825,
    0.9090785765461183,
    0.9136739246009915,
    0.9182925019171081,
    0.9229344259172556,
    0.9275998146177881,
    0.9322887866316262,
    0.9370014611712734,
    0.9417379580518467,
    0.9464983976941225,
    0.9512829011275982,
    0.95609158999357,
    0.9609245865482244,
    0.9657820136657472,
    0.9706639948414473,
    0.9755706541948962,
    0.9805021164730839,
    0.9854585070535906,
    0.9904399519477737,
    0.995446577803972,
    1.0004785119107258,
    1.0055358822000124,
    1.0106188172504993,
    1.0157274462908128,
    1.0208618992028236,
    1.0260223065249487,
    1.031208799455471,
    1.0364215098558744,
    1.0416605702541957,
    1.046926113848394,
    1.0522182745097395,
    1.0575371867862131,
    1.0628829859059303,
    1.068255807780578,
    1.0736557890088698,
    1.0790830668800198,
    1.0845377793772315,
    1.0900200651812078,
    1.0955300636736747,
    1.101067914940927,
    1.1066337597773885,
    1.112227739689192,
    1.117849996897777,
    1.1235006743435056,
    1.129179915689296,
    1.1348878653242762,
    1.1406246683674535,
    1.1463904706714052,
    1.152185418825986,
    1.1580096601620555,
    1.1638633427552236,
    1.169746615429615,
    1.1756596277616531,
    1.1816025300838633,
    1.187575473488694,
    1.193578609832359,
    1.1996120917386979,
    1.2056760726030562,
    1.2117707065961854,
    1.217896148668163,
    1.224052554552331,
    1.2302400807692566,
    1.2364588846307105,
    1.2427091242436668,
    1.2489909585143222,
    1.2553045471521378,
    1.2616500506738966,
    1.2680276304077873,
    1.274437448497505,
    1.2808796679063716,
    1.2873544524214828,
    1.2938619666578688,
    1.300402376062681,
    1.3069758469193984,
    1.3135825463520547,
    1.3202226423294874,
    1.3268963036696086,
    1.3336037000436967,
    1.3403450019807097,
    1.3471203808716217,
    1.35393000897378,
    1.3607740594152837,
    1.3676527061993866,
    1.3745661242089204,
    1.3815144892107412,
    1.3884979778601971,
    1.3955167677056222,
    1.4025710371928466,
    1.4096609656697372,
    1.4167867333907551,
    1.4239485215215382,
    1.431146512143509,
    1.438380888258502,
    1.4456518337934177,
    1.4529595336048973,
    1.4603041734840243,
    1.4676859401610465,
    1.4751050213101242,
    1.4825616055541015,
    1.4900558824693018,
    1.4975880425903472,
    1.505158277415004,
    1.5127667794090496,
    1.5204137420111667,
    1.5280993596378616,
    1.5358238276884058,
    1.5435873425498052,
    1.5513901016017928,
    1.5592323032218454,
    1.5671141467902294,
    1.5750358326950689,
    1.5829975623374388,
    1.590999538136488,
    1.5990419635345843,
    1.607125043002486,
    1.6152489820445415,
    1.6234139872039142,
    1.6316202660678323,
    1.6398680272728683,
    1.648157480510242,
    1.6564888365311512,
    1.6648623071521325,
    1.673278105260444,
    1.6817364448194778,
    1.6902375408742023,
    1.6987816095566257,
    1.7073688680912944,
    1.7159995348008144,
    1.724673829111401,
    1.7333919715584587,
    1.7421541837921883,
    1.750960688583221,
    1.7598117098282826,
    1.768707472555887,
    1.7776482029320546,
    1.7866341282660658,
    1.7956654770162372,
    1.8047424787957318,
    1.813865364378395,
    1.8230343657046246,
    1.8322497158872637,
    1.841511649217531,
    1.8508204011709752,
    1.8601762084134628,
    1.8695793088071948,
    1.879029941416754,
    1.8885283465151823,
    1.8980747655900916,
    1.9076694413498012,
    1.9173126177295088,
    1.927004539897493,
    1.9367454542613467,
    1.9465356084742402,
    1.9563752514412192,
    1.9662646333255325,
    1.9762040055549912,
    1.9861936208283621,
    1.996233733121793,
    2.0063245976952664,
    2.016466471099095,
    2.026659611180438,
    2.0369042770898598,
    2.0472007292879195,
    2.0575492295517916,
    2.067950040981921,
    2.0784034280087127,
    2.0889096563992537,
    2.099468993264072,
    2.1100817070639257,
    2.1207480676166295,
    2.1314683461039134,
    2.1422428150783186,
    2.1530717484701247,
    2.1639554215943178,
    2.1748941111575855,
    2.1858880952653563,
    2.196937653428867,
    2.2080430665722712,
    2.2192046170397783,
    2.2304225886028357,
    2.241697266467342,
    2.2530289372808956,
    2.2644178891400877,
    2.275864411597822,
    2.287368795670677,
    2.298931333846308,
    2.31055232009088,
    2.322232049856543,
    2.3339708200889433,
    2.3457689292347728,
    2.357626677249357,
    2.3695443656042814,
    2.3815222972950547,
    2.393560776848815,
    2.405660110332069,
    2.4178206053584734,
    2.4300425710966604,
    2.4423263182780914,
    2.4546721592049625,
    2.4670804077581407,
    2.4795513794051467,
    2.492085391208173,
    2.504682761832147,
    2.5173438115528315,
    2.530068862264968,
    2.5428582374904596,
    2.555712262386599,
    2.568631263754329,
    2.5816155700465595,
    2.594665511376512,
    2.6077814195261144,
    2.620963627954437,
    2.6342124718061686,
    2.647528287920138,
    2.660911414837878,
    2.674362192812233,
    2.6878809638160095,
    2.7014680715506683,
    2.715123861455066,
    2.728848680714234,
    2.7426428782682084,
    2.7565068048209005,
    2.770440812849013,
    2.784445256610999,
    2.7985204921560745,
    2.812666877333263,
    2.826884771800501,
    2.8411745370337758,
    2.85553653633632,
    2.8699711348478454,
    2.8844786995538283,
    2.8990595992948367,
    2.913714204775912,
    2.92844288857599,
    2.9432460251573764,
    2.958123990875265,
    2.973077163987307,
    2.988105924663226,
    3.003210654994487,
    3.018391739004009,
    3.0336495626559263,
    3.0489845138654057,
    3.0643969825085047,
    3.079887360432085,
    3.095456041463775,
    3.1111034214219853,
    3.126829898125966,
    3.142635871405926,
    3.1585217431131976,
    3.174487917130447,
