{
  "c": 0.05,
  "f1": 0.6666666666666667,
  "prec": 0.55,
  "rec": 0.8461538461538461,
  "tp": 33,
  "fp": 27,
  "fn": 6,
  "tn": 14
}