{
  "cm_at_c1": {
    "TP": 0,
    "TN": 84,
    "FP": 0,
    "FN": 36,
    "precision": 0.0,
    "recall": 0.0,
    "accuracy": 0.7,
    "F1": 0.0
  },
  "pr_auc": 0.307298943173518,
  "roc_auc": 0.5223214285714286,
  "prevalence": 0.3,
  "normalized_auprc": 0.010427061676454337,
  "c_grid": [
    3.833515329788469,
    3.861999279877246,
    3.890694872634139,
    3.919603680615581,
    3.9487272880624835,
    3.978067290987049,
    4.007625297260242,
    4.037402926699897,
    4.06740181115949,
    4.097623594617562,
    4.128069933267816,
    4.158742495609876,
    4.1896429625407245,
    4.220773027446813,
    4.2521343962968725,
    4.283728787735389,
    4.315557933176798,
    4.347623576900366,
    4.379927476145775,
    4.412471401209427,
    4.445257135541456,
    4.478286475843462,
    4.511561232166978,
    4.545083228012652,
    4.578854300430195,
    4.612876300119038,
    4.647151091529756,
    4.681680552966251,
    4.716466576688671,
    4.751511069017124,
    4.786815950436139,
    4.822383155699906,
    4.858214633938312,
    4.894312348763754,
    4.930678278378743,
    4.967314415684318,
    5.004222768389254,
    5.041405359120093,
    5.07886422553198,
    5.116601420420335,
    5.154619011833348,
    5.192919083185305,
    5.2315037333707695,
    5.270375076879602,
    5.309535243912833,
    5.348986380499408,
    5.3887306486137865,
    5.428770226294422,
    5.469107307763129,
    5.509744103545312,
    5.55068284059113,
    5.59192576239751,
    5.633475129131114,
    5.67533321775219,
    5.7175023221393495,
    5.759984753215285,
    5.802782839073403,
    5.84589892510541,
    5.889335374129843,
    5.933094566521552,
    5.977178900342155,
    6.0215907914714455,
    6.066332673739795,
    6.111406999061525,
    6.156816237569271,
    6.202562877749361,
    6.248649426578178,
    6.295078409659546,
    6.341852371363142,
    6.38897387496393,
    6.436445502782622,
    6.484269856327208,
    6.532449556435508,
    6.580987243418811,
    6.629885577206551,
    6.67914723749209,
    6.728774923879565,
    6.778771356031819,
    6.829139273819457,
    6.879881437470989,
    6.931000627724087,
    6.982499645977984,
    7.034381314446991,
    7.086648476315153,
    7.139303995892064,
    7.192350758769835,
    7.24579167198123,
    7.299629664158966,
    7.353867685696219,
    7.408508708908301,
    7.463555728195544,
    7.519011760207409,
    7.574879844007792,
    7.631163041241572,
    7.687864436302388,
    7.744987136501687,
    7.802534272238981,
    7.860508997173415,
    7.91891448839659,
    7.9777539466066685,
    8.037030596283772,
    8.096747685866703,
    8.156908487930947,
    8.217516299368018,
    8.27857444156614,
    8.340086260592258,
    8.402055127375403,
    8.464484437891429,
    8.527377613349117,
    8.590738100377662,
    8.654569371215546,
    8.71887492390083,
    8.783658282462849,
    8.848922997115325,
    8.914672644450938,
    8.980910827637318,
    9.047641176614507,
    9.11486734829387,
    9.18259302675854,
    9.250821923465253,
    9.319557777447786,
    9.388804355521842,
    9.458565452491483,
    9.528844891357078,
    9.599646523524827,
    9.670974229017808,
    9.742831916688614,
    9.815223524433563,
    9.888153019408502,
    9.961624398246203,
    10.03564168727539,
    10.1102089427414,
    10.185330251028446,
    10.261009728883566,
    10.337251523642243,
    10.414059813455658,
    10.491438807519668,
    10.569392746305493,
    10.64792590179207,
    10.727042577700178,
    10.80674710972829,
    10.88704386579018,
    10.967937246254268,
    11.049431684184789,
    11.131531645584714,
    11.214241629640515,
    11.297566168968704,
    11.381509829864223,
    11.466077212550722,
    11.551272951432606,
    11.637101715349036,
    11.723568207829794,
    11.810677167353017,
    11.898433367604886,
    11.986841617741243,
    12.075906762651114,
    12.165633683222222,
    12.256027296608496,
    12.347092556499486,
    12.438834453391868,
    12.531258014862935,
    12.624368305846078,
    12.71817042890838,
    12.812669524530257,
    12.907870771387103,
    13.00377938663316,
    13.100400626187405,
    13.197739785021517,
    13.295802197450154,
    13.394593237423202,
    13.494118318820297,
    13.594382895747538,
    13.695392462836335,
    13.797152555544546,
    13.899668750459842,
    14.002946665605283,
    14.106991960747195,
    14.211810337705368,
    14.317407540665478,
    14.423789356493895,
    14.530961615054833,
    14.638930189529791,
    14.747700996739434,
    14.857279997467863,
    14.967673196789233,
    15.078886644396855,
    15.190926434934763,
    15.303798708331623,
    15.41750965013731,
    15.532065491861832,
    15.647472511316792,
    15.763737032959504,
    15.880865428239511,
    15.99886411594777,
    16.11773956256844,
    16.2374982826332,
    16.35814683907829,
    16.479691843604176,
    16.602139957037846,
    16.72549788969785,
    16.84977240176205,
    16.974970303638063,
    17.101098456336477,
    17.228163771846884,
    17.356173213516612,
    17.48513379643235,
    17.61505258780462,
    17.74593670735499,
    17.877793327706303,
    18.010629674775767,
    18.144453028170847,
    18.279270721588304,
    18.41509014321606,
    18.551918736138006,
    18.68976399874202,
    18.828633485130787,
    18.96853480553581,
    19.109475626734493,
    19.25146367247022,
    19.39450672387567,
    19.538612619899258,
    19.68378925773466,
    19.830044593253618,
    19.977386641441967,
    20.125823476838796,
    20.27536323397899,
    20.42601410783903,
    20.577784354286027,
    20.730682290530204,
    20.88471629558069,
    21.039894810704673,
    21.196226339889993,
    21.35371945031123,
    21.512382772799093,
    21.672225002313496,
    21.833254898420044,
    21.99548128576996,
    22.158913054583852,
    22.323559161138785,
    22.489428628259134,
    22.656530545811083,
    22.824874071200703,
    22.99446842987581,
    23.165322915831574,
    23.33744689211977,
    23.51084979136193,
    23.685541116266283,
    23.861530440148453,
    24.03882740745613,
    24.217441734297623,
    24.397383208974254,
    24.578661692516796,
    24.76128711922592,
    24.945269497216525,
    25.130618908966227,
    25.317345511867963,
    25.505459538786468,
    25.694971298619226,
    25.88589117686134,
    26.078229636174573,
    26.271997216960916,
    26.46720453794004,
    26.66386229673129,
    26.86198127043995,
    27.061572316247798,
    27.262646372008078,
    27.465214456845008,
    27.669287671757523,
    27.874877200227672,
    28.081994308833547,
    28.2906503478666,
    28.5008567519537,
    28.712625040683836,
    28.925966819239278,
    29.14089377903162,
    29.35741769834254,
    29.57555044296916,
    29.795303966874354,
    30.016690312841902,
    30.239721613136297,
    30.464410090167785,
    30.690768057162096,
    30.91880791883512,
    31.148542172072915,
    31.37998340661637,
    31.613144305751202,
    31.84803764700309,
    32.08467630283776,
    32.32307324136649,
    32.56324152705684,
    32.805194321448475,
    33.0489448838745,
    33.294506572188126,
    33.54189284349462,
    33.79111725488882,
    34.042193464198085,
    34.29513523073074,
    34.5499564160301,
    34.80667098463414,
    35.065293004840726,
    35.325836649478575,
    35.58831619668405,
    35.85274603068339,
    36.11914064258126,
    36.38751463115474,
    36.65788270365324,
    36.930259676604784,
    37.20466047662768,
    37.48110014124865,
    37.759593819726966,
    38.04015677388449,
    38.322804378942145,
    38.607552124362535,
    38.894415614698666,
    39.18341057044919,
    39.47455282891991,
    39.76785834509162,
    40.06334319249448,
    40.36102356408896,
    40.660915773153086,
    40.963036254176515,
    41.26740156376121,
    41.57402838152864,
    41.88293351103395,
    42.19413388068673,
    42.50764654467886,
    42.82348868391894,
    43.14167760697388,
    43.46223075101751,
    43.78516568278605,
