{
  "c": 0.05,
  "f1": 0.44776119402985076,
  "prec": 0.375,
  "rec": 0.5555555555555556,
  "tp": 15,
  "fp": 25,
  "fn": 12,
  "tn": 8
}