{
  "cm_at_c1": {
    "TP": 0,
    "TN": 44,
    "FP": 0,
    "FN": 36,
    "precision": 0.0,
    "recall": 0.0,
    "accuracy": 0.55,
    "F1": 0.0
  },
  "pr_auc": 0.5725671845173043,
  "roc_auc": 0.6136363636363636,
  "prevalence": 0.45,
  "normalized_auprc": 0.2228494263950986,
  "auprg": NaN,
  "ece_rank": 0.23765432098765438,
  "c_grid": [
    3.5264077019926314,
    3.567022298736341,
    3.6081046648385735,
    3.6496601877262735,
    3.6916943168748437,
    3.734212564522781,
    3.7772205063945288,
    3.8207237824316693,
    3.8647280975325224,
    3.9092392223002776,
    3.9542629937997273,
    3.99980531632273,
    4.0458721621624765,
    4.092469572396687,
    4.139603657679812,
    4.187280599044376,
    4.235506648711533,
    4.284288130910973,
    4.333631442710253,
    4.383543054853705,
    4.4340295126109766,
    4.485097436635372,
    4.536753523832055,
    4.589004548236274,
    4.641857361901677,
    4.695318895798886,
    4.749396160724389,
    4.8040962482199285,
    4.859426331502461,
    4.915393666404836,
    4.972005592327301,
    5.029269533199972,
    5.08719299845639,
    5.145783584018287,
    5.205048973291685,
    5.2649969381744866,
    5.325635340075659,
    5.386972130946153,
    5.4490153543217,
    5.511773146377622,
    5.575253736995784,
    5.6394654508438435,
    5.704416708466915,
    5.77011602739182,
    5.836572023244061,
    5.903793410877636,
    5.971789005517891,
    6.040567723917516,
    6.110138585525875,
    6.180510713671773,
    6.251693336759884,
    6.323695789480924,
    6.396527514035784,
    6.470198061373747,
    6.544717092444978,
    6.620094379467438,
    6.696339807208377,
    6.773463374280595,
    6.85147519445364,
    6.930385497980091,
    7.010204632937137,
    7.090943066583577,
    7.172611386732479,
    7.255220303139638,
    7.3387806489080205,
    7.423303381908381,
    7.508799586216254,
    7.595280473565489,
    7.682757384818525,
    7.771241791453596,
    7.860745297069069,
    7.951279638905114,
    8.04285668938289,
    8.135488457661458,
    8.229187091212623,
    8.32396487741394,
    8.419834245160027,
    8.516807766492464,
    8.61489815824845,
    8.714118283728459,
    8.814481154383099,
    8.915999931519393,
    9.01868792802671,
    9.122558610122596,
    9.227625599118687,
    9.333902673206959,
    9.441403769266588,
    9.550142984691574,
    9.66013457923943,
    9.771392976901183,
    9.883932767792889,
    9.997768710068936,
    10.112915731857393,
    10.229388933217635,
    10.347203588120536,
    10.466375146451446,
    10.586919236036238,
    10.708851664690718,
    10.832188422293601,
    10.956945682883388,
    11.083139806779382,
    11.210787342727121,
    11.339905030068563,
    11.470509800937219,
    11.60261878247857,
    11.73624929909611,
    11.871418874723199,
    12.00814523512108,
    12.146446310203457,
    12.286340236387677,
    12.427845358973169,
    12.570980234547163,
    12.715763633418133,
    12.862214542077325,
    13.010352165688564,
    13.160195930606747,
    13.311765486925431,
    13.465080711053599,
    13.620161708322268,
    13.777028815621023,
    13.935702604064918,
    14.096203881692155,
    14.258553696192774,
    14.422773337668751,
    14.58888434142602,
    14.756908490798429,
    14.926867820004443,
    15.098784617036612,
    15.27268142658434,
    15.44858105299037,
    15.626506563241268,
    15.806481289992329,
    15.988528834627415,
    16.172673070353945,
    16.358938145333525,
    16.547348485848772,
    16.73792879950638,
    16.930704078477312,
    17.125699602774144,
    17.32294094356623,
    17.52245396653305,
    17.72426483525615,
    17.928400014650137,
    18.134886274433285,
    18.343750692637947,
    18.555020659161563,
    18.76872387935849,
    18.98488837767314,
    19.20354250131512,
    19.42471492397654,
    19.64843464959221,
    19.874731016143194,
    20.103633699504,
    20.335172717334306,
    20.569378433015324,
    20.806281559631564,
    21.045913163998524,
    21.288304670736657,
    21.533487866392278,
    21.781494903606074,
    22.03235830532937,
    22.28611096908921,
    22.54278617130241,
    22.80241757163929,
    23.065039217437782,
    23.330685548168276,
    23.599391399949877,
    23.87119201011878,
    24.146123021849164,
    24.4242204888273,
    24.70552087997965,
    24.990061084255142,
    25.277878415462805,
    25.569010617164967,
    25.863495867626778,
    26.161372784822902,
    26.46268043150172,
    26.76745832030786,
    27.075746418963917,
    27.387585155511523,
    27.703015423613124,
    28.022078587914592,
    28.344816489469643,
    28.671271451226822,
    29.0014862835796,
    29.33550428998032,
    29.673369272619084,
    30.015125538167617,
    30.360817903589695,
    30.71049170201826,
    31.064192788700236,
    31.421967547009938,
    31.783862894531623,
    32.149926289212075,
    32.52020573558423,
    32.894749791062246,
    33.27360757230921,
    33.65682876167826,
    34.044463613727615,
    34.436562961810964,
    34.83317822474356,
    35.2343614135451,
    35.64016513826037,
    36.050642614858354,
    36.465847672210835,
    36.885834759151315,
    37.31065895161536,
    37.74037595986305,
    38.17504213578472,
    38.61471448029069,
    39.0594506507863,
    39.50930896873294,
    39.96434842729612,
    40.42462869908164,
    40.89021014396097,
    41.36115381698666,
    41.83752147639889,
    42.319375591724246,
    42.80677935196791,
    43.2997966739,
    43.79849221043747,
    44.302931359122475,
    44.813180270698474,
    45.32930585778504,
    45.8513758036526,
    46.37945857109816,
    46.91362341142343,
    47.45394037351621,
    48.00048031303634,
    48.55331490170761,
    49.11251663671655,
    49.67815885021951,
    50.250315718959186,
    50.829062273992044,
    51.414474410527625,
    52.00662889788127,
    52.60560338954133,
    53.21147643335257,
    53.82432748181665,
    54.4442369025113,
    55.071285988629434,
    55.70555696963987,
    56.347133022070565,
    56.99609828041618,
    57.652537848171164,
    58.31653780899015,
    58.988185237976595,
    59.66756821310167,
    60.35477582675437,
    61.04989819742507,
    61.753026481523314,
    62.46425288533179,
    63.18367067709797,
    63.91137419926518,
    64.64745888084431,
    65.39202124992813,
    66.14515894634967,
    66.90697073448649,
    67.67755651621245,
    68.45701734399829,
    69.24545543416366,
    70.04297418028138,
    70.84967816673614,
    71.66567318243939,
    72.49106623470232,
    73.3259655632684,
    74.17048065450773,
    75.02472225577455,
    75.88880238993069,
    76.76283437003566,
    77.64693281420635,
    78.54121366064759,
    79.4457941828561,
    80.36079300499942,
    81.28633011747186,
    82.22252689262966,
    83.16950610070758,
    84.12739192591859,
    85.09630998273902,
    86.07638733238115,
    87.06775249945599,
    88.07053548882737,
    89.08486780266057,
    90.1108824576669,
    91.14871400254751,
    92.19849853563744,
    93.26037372275337,
    94.33447881524648,
    95.42095466826376,
    96.51994375921927,
    97.63159020647807,
    98.75603978825572,
    99.89343996173517,
    101.04393988240389,
    102.20769042361337,
    103.3848441963649,
    104.57555556932216,
    105.7799806890545,
    106.99827750051377,
    108.23060576774714,
    109.47712709484743,
    110.73800494714577,
    112.01340467264828,
    113.30349352371873,
    114.60844067901185,
    115.9284172656593,
    117.26359638171013,
    118.61415311883069,
    119.9802645852659,
    121.36210992906469,
    122.75987036157201,
    124.17372918119395,
    125.60387179743402,
    127.05048575520723,
    128.51376075943435,
    129.99388869991972,
    131.4910636765144,
    133.0054820245701,
    134.5373423406868,
    136.08684550875495,
    137.6541947262995,
    139.23959553112695,
    140.84325582827825,
    142.46538591729316,
    144.10619851978902,
    145.76590880735534,
    147.44473442977144,
    149.1428955435486,
