{
  "cm_at_c1": {
    "TP": 0,
    "TN": 130,
    "FP": 0,
    "FN": 49,
    "precision": 0.0,
    "recall": 0.0,
    "accuracy": 0.7262569832402235,
    "F1": 0.0
  },
  "pr_auc": 0.28175560040500314,
  "roc_auc": 0.5049450549450549,
  "prevalence": 0.2737430167597765,
  "normalized_auprc": 0.01103271132688895,
  "auprg": NaN,
  "ece_rank": 0.3094972067039106,
  "c_grid": [
    2.204127732481372,
    2.22139257831918,
    2.238792659015391,
    2.256329033859331,
    2.274002770437699,
    2.291814944699558,
    2.309766641021839,
    2.327858952275352,
    2.346092979891324,
    2.3644698339284482,
    2.3829906331404636,
    2.4016565050442633,
    2.420468585988537,
    2.439428021222948,
    2.458535964967855,
    2.4777935804845796,
    2.4972020401462243,
    2.5167625255090424,
    2.536476227384373,
    2.556344345911132,
    2.576368090628876,
    2.596548680551439,
    2.6168873442411416,
    2.6373853198835833,
    2.658043855363025,
    2.6788642083383545,
    2.6998476463196535,
    2.7209954467453583,
    2.742308897060032,
    2.7637892947927396,
    2.7854379476360402,
    2.8072561735255976,
    2.8292453007204137,
    2.851406667883691,
    2.8737416241643268,
    2.896251529279052,
    2.9189377535952015,
    2.9418016782141456,
    2.9648446950553673,
    2.9880682069411995,
    3.011473627682228,
    3.0350623821633604,
    3.0588359064305726,
    3.082795647778331,
    3.106943064837704,
    3.131279627665159,
    3.1558068178320586,
    3.1805261285148547,
    3.205439064585992,
    3.2305471427055226,
    3.255851891413435,
    3.281354851222713,
    3.307057574713119,
    3.3329616266257087,
    3.3590685839580967,
    3.385380036060454,
    3.411897584732271,
    3.43862284431987,
    3.465557441814686,
    3.492703016952312,
    3.5200612223123264,
    3.5476337234188984,
    3.5754221988421824,
    3.6034283403005056,
    3.6316538527633604,
    3.6601004545551965,
    3.688769877460033,
    3.717663866826884,
    3.7467841816760132,
    3.7761325948060227,
    3.8057108929017742,
    3.835520876643164,
    3.865564360814741,
    3.8958431744161914,
    3.9263591607736834,
    3.9571141776520875,
    3.988110097368073,
    4.019348806904089,
    4.05083220802325,
    4.0825622173851,
    4.114540766662308,
    4.146769802658252,
    4.17925128742555,
    4.211987198385498,
    4.244979528448456,
    4.278230286135174,
    4.311741495699064,
    4.345515197249436,
    4.379553446875696,
    4.413858316772517,
    4.448431895365993,
    4.483276287440776,
    4.518393614268212,
    4.553786013735487,
    4.589455640475767,
    4.625404665999377,
    4.661635278826001,
    4.698149684617907,
    4.734950106314229,
    4.772038784266299,
    4.8094179763740295,
    4.847089958223377,
    4.885057023224869,
    4.923321482753234,
    4.961885666288102,
    5.0007519215558265,
    5.039922614672412,
    5.0794001302875555,
    5.119186871729818,
    5.159285261152942,
    5.199697739683304,
    5.240426767568529,
    5.281474824327262,
    5.322844408900122,
    5.36453803980183,
    5.406558255274536,
    5.44890761344234,
    5.491588692467028,
    5.534604090705021,
    5.577956426865572,
    5.621648340170174,
    5.665682490513241,
    5.710061558624034,
    5.754788246229862,
    5.799865276220558,
    5.845295392814243,
    5.891081361724391,
    5.937225970328201,
    5.983732027836286,
    6.0306023654637,
    6.07783983660229,
    6.125447316994405,
    6.173427704907979,
    6.22178392131296,
    6.270518910059141,
    6.319635638055368,
    6.369137095450177,
    6.419026295813814,
    6.469306276321703,
    6.519980097939344,
    6.57105084560866,
    6.622521628435803,
    6.674395579880429,
    6.7266758579464625,
    6.779365645374349,
    6.832468149834811,
    6.885986604124133,
    6.939924266360966,
    6.994284420184672,
    7.049070374955236,
    7.104285465954727,
    7.159933054590348,
    7.216016528599073,
    7.272539302253883,
    7.329504816571632,
    7.386916539522515,
    7.444777966241208,
    7.503092619239636,
    7.561864048621423,
    7.621095832298018,
    7.680791576206497,
    7.740954914529113,
    7.801589509914522,
    7.862699053700761,
    7.924287266139974,
    7.986357896624892,
    8.048914723917093,
    8.111961556377047,
    8.175502232195958,
    8.239540619629437,
    8.304080617232984,
    8.369126154099332,
    8.434681190097647,
    8.500749716114582,
    8.567335754297263,
    8.634443358298126,
    8.702076613521713,
    8.77023963737338,
    8.838936579509951,
    8.908171622092352,
    8.977948980040214,
    9.048272901288462,
    9.119147667045931,
    9.190577592055998,
    9.262567024859253,
    9.335120348058235,
    9.408241978584238,
    9.481936367966194,
    9.556208002601698,
    9.63106140403012,
    9.706501129207865,
    9.782531770785802,
    9.859157957388852,
    9.936384353897774,
    10.014215661733152,
    10.092656619141614,
    10.171712001484291,
    10.251386621527525,
    10.331685329735867,
    10.412613014567377,
    10.494174602771194,
    10.576375059687507,
    10.659219389549811,
    10.742712635789571,
    10.826859881343248,
    10.911666248961744,
    10.99713690152227,
    11.083277042342651,
    11.170091915498093,
    11.257586806140438,
    11.345767040819917,
    11.434637987809417,
    11.524205057431294,
    11.614473702386757,
    11.705449418087788,
    11.797137742991731,
    11.889544258938447,
    11.982674591490124,
    12.076534410273764,
    12.171129429326326,
    12.266465407442604,
    12.362548148525802,
    12.459383501940865,
    12.556977362870589,
    12.655335672674505,
    12.754464419250576,
    12.854369637399744,
    12.955057409193287,
    13.05653386434313,
    13.158805180574985,
    13.261877584004443,
    13.365757349516015,
    13.470450801145136,
    13.57596431246316,
    13.68230430696538,
    13.78947725846207,
    13.897489691472604,
    14.006348181622664,
    14.116059356044548,
    14.22662989378062,
    14.338066526189928,
    14.45037603735797,
    14.563565264509734,
    14.677641098425925,
    14.792610483862456,
    14.90848041997324,
    15.025257960736292,
    15.142950215383154,
    15.261564348831701,
    15.381107582122329,
    15.50158719285756,
    15.623010515645085,
    15.745384942544296,
    15.868717923516298,
    15.993016966877427,
    16.118289639756387,
    16.2445435685549,
    16.371786439411988,
    16.5000259986719,
    16.629270053355697,
    16.759526471636523,
    16.890803183318617,
    17.02310818032006,
    17.156449517159324,
    17.290835311445587,
    17.426273744372956,
    17.562773061218504,
    17.700341571844252,
    17.838987651203,
    17.978719739848266,
    18.11954634444808,
    18.26147603830286,
    18.404517461867357,
    18.54867932327666,
    18.693970398876342,
    18.84039953375674,
    18.987975642291445,
    19.13670770867997,
    19.286604787494728,
    19.437676004232227,
    19.589930555868644,
    19.743377711419686,
    19.89802681250492,
    20.053887273916434,
    20.210968584192027,
    20.369280306192834,
    20.5288320776855,
    20.689633611928922,
    20.85169469826558,
    21.015025202717474,
    21.179635068586773,
    21.345534317061148,
    21.512733047823822,
    21.681241439668455,
    21.851069751118803,
    22.0222283210532,
    22.194727569334038,
    22.36857799744208,
    22.54379018911577,
    22.720374810995555,
    22.89834261327326,
    23.077704430346543,
    23.258471181478466,
    23.440653871462253,
    23.624263591291253,
    23.809311518834097,
    23.995808919515248,
    24.18376714700079,
    24.373197643889625,
    24.56411194241009,
    24.756521665121998,
    24.950438525624225,
    25.14587432926781,
    25.34284097387463,
    25.541350450461746,
    25.74141484397138,
    25.943046334006628,
    26.146257195572947,
    26.3510597998254,
    26.55746661482186,
    26.76549020628198,
    26.975143238352217,
    27.186438474376782,
    27.399388777674655,
    27.614007112322696,
    27.830306543944868,
