{
  "cm_at_c1": {
    "TP": 0,
    "TN": 135,
    "FP": 0,
    "FN": 45,
    "precision": 0.0,
    "recall": 0.0,
    "accuracy": 0.75,
    "F1": 0.0
  },
  "pr_auc": 0.34553772018241163,
  "roc_auc": 0.6587654320987655,
  "prevalence": 0.25,
  "normalized_auprc": 0.12738362690988217,
  "c_grid": [
    2.068651729926413,
    2.0838440442957635,
    2.0991479320211113,
    2.1145642125045208,
    2.130093711165801,
    2.145737259486696,
    2.1614956950554083,
    2.1773698616114423,
    2.1933606090907807,
    2.2094687936713933,
    2.225695277819075,
    2.2420409303336277,
    2.258506626395377,
    2.2750932476120282,
    2.291801682065873,
    2.3086328243613377,
    2.3255875756728828,
    2.3426668437932516,
    2.3598715431820785,
    2.37720259501485,
    2.394660927232224,
    2.412247474589718,
    2.4299631787077534,
    2.4478089881220755,
    2.4657858583345376,
    2.4838947518642613,
    2.502136638299173,
    2.5205124943479165,
    2.539023303892146,
    2.55767005803921,
    2.5764537551752134,
    2.5953754010184737,
    2.614436008673371,
    2.63363659868459,
    2.6529781990917627,
    2.672461845484512,
    2.6920885810578987,
    2.7118594566682774,
    2.7317755308895606,
    2.751837870069897,
    2.7720475483887665,
    2.7924056479144936,
    2.812913258662184,
    2.8335714786520856,
    2.854381413968379,
    2.8753441788184015,
    2.8964608955923,
    2.9177326949231297,
    2.9391607157473896,
    2.9607461053660025,
    2.9824900195057453,
    3.004393622381128,
    3.0264580867567283,
    3.048684594009985,
    3.0710743341944498,
    3.093628506103505,
    3.116348317334553,
    3.139234984353669,
    3.162289732560734,
    3.1855137963550497,
    3.2089084192014243,
    3.232474853696755,
    3.2562143616370927,
    3.280128214085201,
    3.304217691438613,
    3.328484083498184,
    3.3529286895371535,
    3.3775528183707078,
    3.402357788426058,
    3.4273449278130332,
    3.4525155743951847,
    3.477871075861425,
    3.503412789798182,
    3.529142083762087,
    3.5550603353531973,
    3.5811689322887554,
    3.6074692724774917,
    3.633962764094468,
    3.6606508256564805,
    3.6875348860979997,
    3.7146163848476905,
    3.741896771905474,
    3.769377507920167,
    3.7970600642676864,
    3.8249459231298317,
    3.8530365775736426,
    3.8813335316313404,
    3.909838300380859,
    3.9385524100269644,
    3.9674773979829707,
    3.9966148129530557,
    4.025966215015183,
    4.055533175704632,
    4.085317278098139,
    4.115320116898663,
    4.145543298520764,
    4.175988441176614,
    4.206657174962646,
    4.2375511419468275,
    4.26867199625658,
    4.300021404167344,
    4.331601044191802,
    4.363412607169737,
    4.395457796358576,
    4.427738327524577,
    4.460255929034701,
    4.4930123419491474,
    4.526009320114579,
    4.55924863025802,
    4.592732052081458,
    4.626461378357126,
    4.6604384150234965,
    4.694664981281971,
    4.7291429096942865,
    4.763874046280635,
    4.7988602506185005,
    4.834103395942228,
    4.869605369243317,
    4.905368071371457,
    4.9413934171363065,
    4.9776833354100045,
    5.01423976923046,
    5.051064675905378,
    5.088160027117061,
    5.125527809027975,
    5.163170022387096,
    5.201088682637026,
    5.239285820021918,
    5.277763479696166,
    5.3165237218339145,
    5.355568621739363,
    5.394900269957881,
    5.4345207723879385,
    5.474432250393867,
    5.514636840919432,
    5.5551366966022595,
    5.595933985889083,
    5.637030893151855,
    5.6784296188046985,
    5.720132379421721,
    5.762141407855699,
    5.804458953357623,
    5.847087281697134,
    5.890028675283832,
    5.933285433289486,
    5.976859871771127,
    6.020754323795071,
    6.064971139561819,
    6.109512686531902,
    6.1543813495526365,
    6.199579530985816,
    6.245109650836332,
    6.290974146881756,
    6.337175474802858,
    6.3837161083150855,
    6.4305985393010205,
    6.477825277943789,
    6.525398852861471,
    6.573321811242483,
    6.621596718981958,
    6.670226160819135,
    6.719212740475748,
    6.768559080795432,
    6.818267823884161,
    6.868341631251707,
    6.9187831839541465,
    6.969595182737405,
    7.020780348181868,
    7.072341420848039,
    7.12428116142328,
    7.176602350869622,
    7.229307790572665,
    7.282400302491566,
    7.335882729310139,
    7.3897579345890545,
    7.444028802919159,
    7.498698240075925,
    7.553769173175033,
    7.609244550829089,
    7.665127343305508,
    7.721420542685542,
    7.778127163024488,
    7.835250240513058,
    7.892792833639953,
    7.950758023355614,
    8.009148913237185,
    8.067968629654684,
    8.127220321938397,
    8.186907162547499,
    8.247032347239916,
    8.307599095243422,
    8.368610649428021,
    8.430070276479563,
    8.491981267074655,
    8.554346936056849,
    8.617170622614125,
    8.680455690457682,
    8.744205528002034,
    8.808423548546433,
    8.873113190457623,
    8.938277917353947,
    9.003921218290783,
    9.070046607947363,
    9.136657626814952,
    9.203757841386416,
    9.271350844347186,
    9.339440254767602,
    9.408029718296703,
    9.477122907357405,
    9.546723521343147,
    9.616835286815954,
    9.687461957705969,
    9.75860731551244,
    9.830275169506201,
    9.90246935693362,
    9.97519374322205,
    10.048452222186796,
    10.122248716239616,
    10.196587176598687,
    10.271471583500228,
    10.346905946411535,
    10.422894304245741,
    10.499440725577974,
    10.576549308863296,
    10.654224182656039,
    10.732469505830963,
    10.811289467805834,
    10.890688288765801,
    10.970670219889325,
    11.051239543575802,
    11.132400573674847,
    11.214157655717276,
    11.296515167147763,
    11.379477517559232,
    11.463049148928938,
    11.547234535856315,
    11.63203818580255,
    11.717464639331915,
    11.803518470354899,
    11.890204286373061,
    11.977526728725799,
    12.065490472838762,
    12.154100228474286,
    12.243360739983457,
    12.333276786560239,
    12.423853182497261,
    12.515094777443686,
    12.607006456664765,
    12.699593141303513,
    12.792859788644087,
    12.886811392377322,
    12.981452982867998,
    13.07678962742425,
    13.172826430568856,
    13.269568534312539,
    13.367021118429289,
    13.465189400733701,
    13.564078637360335,
    13.66369412304516,
    13.76404119140902,
    13.865125215243237,
    13.966951606797256,
    14.069525818068438,
    14.172853341093981,
    14.276939708244939,
    14.381790492522509,
    14.487411307856316,
    14.59380780940512,
    14.700985693859472,
    14.808950699746857,
    14.917708607738819,
    15.027265240960599,
    15.13762646530279,
    15.248798189735533,
    15.36078636662477,
    15.473596992051078,
    15.587236106130584,
    15.701709793338459,
    15.817024182834652,
    15.933185448792065,
    16.05019981072713,
    16.16807353383282,
    16.2868129293141,
    16.40642435472583,
    16.52691421431318,
    16.648288959354513,
    16.770555088506807,
    16.893719148153604,
    17.017787732755526,
    17.142767485203308,
    17.268665097173578,
    17.395487309487006,
    17.52324091246937,
    17.651932746314955,
    17.78156970145298,
    17.91215871891634,
    18.043706790713415,
    18.17622096020227,
    18.309708322467937,
    18.444176024702156,
    18.579631266586144,
    18.71608130067604,
    18.85353343279125,
    18.99199502240557,
    19.131473483041272,
    19.271976282666028,
    19.413510944092746,
    19.556085045382368,
    19.699706220249617,
    19.84438215847172,
    19.99012060630013,
    20.136929366875293,
    20.28481630064439,
    20.433789325782314,
    20.583856418615472,
    20.73502561404902,
    20.887305005996915,
    21.04070274781541,
    21.195227052739472,
    21.3508861943227,
    21.50768850688011,
    21.66564238593458,
    21.824756288666155,
    21.98503873436507,
    22.146498304887693,
    22.309143645116194,
    22.472983463421247,
    22.63802653212846,
