{
  "cm_at_c1": {
    "TP": 0,
    "TN": 101,
    "FP": 0,
    "FN": 78,
    "precision": 0.0,
    "recall": 0.0,
    "accuracy": 0.5642458100558659,
    "F1": 0.0
  },
  "pr_auc": 0.4075129330678271,
  "roc_auc": 0.4921934501142422,
  "prevalence": 0.43575418994413406,
  "normalized_auprc": -0.050051336444147984,
  "auprg": NaN,
  "ece_rank": 0.2798882681564246,
  "c_grid": [
    1.5064994454334224,
    1.5196414380100596,
    1.5328980751485703,
    1.5462703569541891,
    1.559759292256598,
    1.5733658986860346,
    1.5870912027500645,
    1.600936239911022,
    1.6149020546641282,
    1.6289897006162888,
    1.6432002405655806,
    1.6575347465814316,
    1.6719943000854982,
    1.6865799919332518,
    1.701292922496273,
    1.7161342017452665,
    1.7311049493338,
    1.746206294682772,
    1.7614393770656176,
    1.776805345694257,
    1.7923053598057959,
    1.807940588749978,
    1.8237122120774047,
    1.8396214196285223,
    1.8556694116233854,
    1.871857398752203,
    1.8881866022666773,
    1.904658254072135,
    1.9212735968204662,
    1.9380338840038709,
    1.9549403800494252,
    1.9719943604144738,
    1.9891971116828497,
    2.0065499316619393,
    2.0240541294805894,
    2.041711025687871,
    2.0595219523527057,
    2.0774882531643555,
    2.0956112835337977,
    2.113892410695975,
    2.1323330138129473,
    2.1509344840779336,
    2.169698224820269,
    2.1886256516112743,
    2.207718192371048,
    2.22697728747619,
    2.246404389868473,
    2.2660009651644457,
    2.285768491766008,
    2.3057084609719425,
    2.3258223770904216,
    2.3461117575524937,
    2.366578133026562,
    2.3872230475338614,
    2.4080480585649418,
    2.4290547371971676,
    2.4502446682132435,
    2.4716194502207727,
    2.4931806957728604,
    2.514930031489765,
    2.536869098181616,
    2.558999550972199,
    2.581323059423819,
    2.6038413076632607,
    2.6265559945088355,
    2.6494688335985477,
    2.672581553519375,
    2.6958958979376724,
    2.7194136257307227,
    2.743136511119424,
    2.767066343802145,
    2.791204929089741,
    2.8155540880417496,
    2.8401156576037745,
    2.8648914907460705,
    2.8898834566033327,
    2.9150934406157067,
    2.940523344671034,
    2.966175087248329,
    2.9920506035625145,
    3.0181518457104186,
    3.044480782818045,
    3.071039401189125,
    3.0978297044549694,
    3.1248537137256274,
    3.1521134677423603,
    3.179611023031449,
    3.2073484540593458,
    3.235327853389168,
    3.2635513318385714,
    3.2920210186389918,
    3.32073906159628,
    3.3497076272527324,
    3.378928901050543,
    3.4084050874966767,
    3.4381384103291763,
    3.468131112684933,
    3.498385457268909,
    3.5289037265248364,
    3.5596882228074183,
    3.5907412685560147,
    3.6220652064698524,
    3.6536623996847677,
    3.6855352319514814,
    3.717686107815432,
    3.7501174527981855,
    3.7828317135804146,
    3.8158313581864824,
    3.849118876170638,
    3.882696778804832,
    3.9165675992681646,
    3.950733892838005,
    3.985198237082758,
    4.0199632320563214,
    4.055031500494242,
    4.09040568801158,
    4.126088463302492,
    4.162082518341567,
    4.198390568586923,
    4.235015353185048,
    4.271959635177458,
    4.309226201709147,
    4.346817864238846,
    4.3847374587511325,
    4.422987845970382,
    4.461571911576577,
    4.50049256642302,
    4.539752746755928,
    4.579355414435949,
    4.619303557161608,
    4.659600188694709,
    4.700248349087697,
    4.741251104913,
    4.782611549494387,
    4.824332803140327,
    4.866418013379389,
    4.908870355197707,
    4.951693031278497,
    4.994889272243675,
    5.038462336897584,
    5.08241551247285,
    5.126752114878362,
    5.171475488949438,
    5.216589008700176,
    5.262096077577976,
    5.308000128720313,
    5.354304625213748,
    5.4010130603551705,
    5.448128957915348,
    5.495655872404778,
    5.543597389341825,
    5.591957125523229,
    5.6407387292969755,
    5.689945880837509,
    5.739582292423388,
    5.78965170871735,
    5.840157907048799,
    5.891104697698789,
    5.942495924187477,
    5.9943354635640755,
    6.046627226699352,
    6.099375158580678,
    6.152583238609631,
    6.2062554809022155,
    6.260395934591707,
    6.315008684134104,
    6.370097849616279,
    6.4256675870668145,
    6.481722088769519,
    6.538265583579718,
    6.595302337243287,
    6.652836652718454,
    6.710872870500432,
    6.769415368948881,
    6.8284685646182,
    6.8880369125907395,
    6.948124906812883,
    7.008737080434106,
    7.06987800614893,
    7.131552296541918,
    7.1937646044356605,
    7.256519623241772,
    7.319822087314984,
    7.383676772310321,
    7.448088495543366,
    7.513062116353696,
    7.578602536471494,
    7.64471470038732,
    7.711403595725142,
    7.778674253618625,
    7.846531749090671,
    7.914981201436288,
    7.984027774608823,
    8.053676677609507,
    8.12393316488045,
    8.194802536701056,
    8.266290139587861,
    8.338401366697894,
    8.411141658235566,
    8.484516501863057,
    8.55853143311433,
    8.633192035812758,
    8.70850394249235,
    8.784472834822688,
    8.861104444037585,
    8.938404551367427,
    9.016378988475335,
    9.09503363789713,
    9.174374433485092,
    9.254407360855643,
    9.335138457840914,
    9.416573814944238,
    9.498719575799631,
    9.581581937635283,
    9.6651671517411,
    9.749481523940286,
    9.834531415065083,
    9.920323241436655,
    10.00686347534912,
    10.09415864555784,
    10.182215337771993,
    10.271040195151365,
    10.36063991880754,
    10.45102126830947,
    10.542191062193389,
    10.634156178477234,
    10.72692355517955,
    10.820500190842877,
    10.914893145061749,
    11.010109539015298,
    11.106156556004459,
    11.203041441993902,
    11.300771506158704,
    11.399354121435728,
    11.498796725079874,
    11.599106819225172,
    11.700291971450717,
    11.802359815351616,
    11.905318051114877,
    12.009174446100303,
    12.113936835426493,
    12.219613122561952,
    12.326211279921306,
    12.433739349466778,
    12.54220544331491,
    12.651617744348506,
    12.761984506833995,
    12.873314057044167,
    12.985614793886274,
    13.098895189535693,
    13.213163790075066,
    13.328429216139066,
    13.4447001635647,
    13.561985404047375,
    13.680293785802656,
    13.799634234233764,
    13.920015752604934,
    14.04144742272067,
    14.163938405610844,
    14.28749794222184,
    14.41213535411374,
    14.537860044163503,
    14.66468149727437,
    14.792609281091433,
    14.921653046723403,
    15.05182252947072,
    15.18312754956003,
    15.315578012884986,
    15.44918391175363,
    15.583955325642178,
    15.71990242195545,
    15.85703545679395,
    15.995364775727559,
    16.13490081457604,
    16.275654100196356,
    16.417635251276806,
    16.56085497913814,
    16.705324088541612,
    16.851053478504163,
    16.998054143120612,
    17.14633717239308,
    17.29591375306768,
    17.446795169478413,
    17.5989928043985,
    17.752518139899145,
    17.907382758215718,
    18.063598342621564,
    18.22117667830943,
    18.380129653280523,
    18.540469259241373,
    18.702207592508547,
    18.865356854921167,
    19.02992935476145,
    19.19593750768331,
    19.363393837648964,
    19.532310977873774,
    19.702701671779366,
    19.874578773954955,
    20.047955251127142,
    20.22284418313818,
    20.39925876393269,
    20.577212302553054,
    20.756718224143516,
    20.93779007096293,
    21.120441503406443,
    21.304686301036103,
    21.490538363620335,
    21.67801171218262,
    21.867120490059268,
    22.057878963966385,
    22.25030152507619,
    22.444402690102752,
    22.640197102397096,
    22.837699533051964,
    23.03692488201615,
    23.237888179218636,
    23.440604585702385,
    23.645089394768178,
    23.851358033128395,
    24.05942606207076,
    24.26930917863235,
    24.48102321678385,
    24.694584148624024,
    24.910008085584703,
    25.127311279646317,
