{
  "c": 0.5,
  "f1": 0.5161290322580645,
  "prec": 0.36923076923076925,
  "rec": 0.8571428571428571,
  "tp": 24,
  "fp": 41,
  "fn": 4,
  "tn": 11
}