{
  "cm_at_c1": {
    "TP": 5,
    "TN": 112,
    "FP": 15,
    "FN": 48,
    "precision": 0.25,
    "recall": 0.09433962264150944,
    "accuracy": 0.65,
    "F1": 0.13698630136986303
  },
  "pr_auc": 0.31747000220178107,
  "roc_auc": 0.5349130886941019,
  "prevalence": 0.29444444444444445,
  "normalized_auprc": 0.03263464878992591,
  "c_grid": [
    0.40533399112963564,
    0.408297260739344,
    0.41128219388325393,
    0.41428894893666535,
    0.41731768543271075,
    0.4203685640708192,
    0.4234417467252426,
    0.42653739645364513,
    0.4296556775057541,
    0.4327967553320751,
    0.43596079659267045,
    0.4391479691660019,
    0.44235844215783793,
    0.4455923859102262,
    0.4488499720105317,
    0.45213137330054076,
    0.4554367638856317,
    0.4587663191440127,
    0.4621202157360271,
    0.4654986316135263,
    0.46890174602931195,
    0.472329739546647,
    0.47578279404883506,
    0.47926109274887224,
    0.48276482019916694,
    0.48629416230133227,
    0.48984930631604995,
    0.4934304408730057,
    0.4970377559808975,
    0.5006714430375174,
    0.5043316948399069,
    0.5080187055945857,
    0.5117326709278567,
    0.5154737878961854,
    0.519242254996655,
    0.5230382721774987,
    0.5268620408487087,
    0.5307137638927221,
    0.5345936456751861,
    0.5385018920558008,
    0.5424387103992422,
    0.5464043095861641,
    0.5503989000242816,
    0.554422693659534,
    0.5584759039873314,
    0.5625587460638817,
    0.5666714365176009,
    0.5708141935606079,
    0.5749872370003016,
    0.5791907882510239,
    0.5834250703458074,
    0.5876903079482092,
    0.5919867273642313,
    0.596314556554328,
    0.6006740251455004,
    0.605065364443481,
    0.6094888074450059,
    0.613944588850177,
    0.6184329450749152,
    0.6229541142635039,
    0.6275083363012246,
    0.6320958528270849,
    0.6367169072466393,
    0.641371744744904,
    0.6460606122993658,
    0.6507837586930865,
    0.6555414345279026,
    0.6603338922377223,
    0.6651613861019188,
    0.6700241722588215,
    0.6749225087193076,
    0.6798566553804901,
    0.6848268740395088,
    0.6898334284074199,
    0.6948765841231884,
    0.6999566087677827,
    0.7050737718783711,
    0.7102283449626241,
    0.7154206015131195,
    0.7206508170218532,
    0.7259192689948569,
    0.7312262369669219,
    0.7365720025164302,
    0.7419568492802956,
    0.7473810629690117,
    0.7528449313818124,
    0.7583487444219413,
    0.7638927941120335,
    0.7694773746096101,
    0.7751027822226856,
    0.7807693154254891,
    0.7864772748743014,
    0.7922269634234069,
    0.7980186861411629,
    0.8038527503261852,
    0.8097294655236538,
    0.8156491435417362,
    0.8216120984681315,
    0.8276186466867356,
    0.8336691068944276,
    0.8397638001179796,
    0.8459030497310893,
    0.8520871814715388,
    0.8583165234584762,
    0.8645914062098259,
    0.8709121626598254,
    0.8772791281766895,
    0.8836926405804052,
    0.8901530401606552,
    0.8966606696948731,
    0.903215874466431,
    0.9098190022829596,
    0.9164704034948015,
    0.9231704310136009,
    0.9299194403310286,
    0.9367177895376431,
    0.9435658393418905,
    0.9504639530892436,
    0.9574124967814798,
    0.9644118390961002,
    0.9714623514058919,
    0.9785644077986319,
    0.9857183850969349,
    0.9929246628782484,
    1.000183623494991,
    1.00749565209484,
    1.014861136641166,
    1.022280467933619,
    1.0297540396288618,
    1.0372822482614577,
    1.0448654932649102,
    1.0525041769928551,
    1.0601987047404098,
    1.0679494847656774,
    1.075756928311407,
    1.083621449626815,
    1.0915434659895644,
    1.0995233977279026,
    1.1075616682429663,
    1.1156587040312447,
    1.1238149347072088,
    1.1320307930261062,
    1.1403067149069226,
    1.1486431394555106,
    1.157040508987887,
    1.1654992690537036,
    1.1740198684598848,
    1.1826027592944421,
    1.1912483969504604,
    1.1999572401502607,
    1.2087297509697386,
    1.2175663948628819,
    1.2264676406864663,
    1.235433960724932,
    1.2444658307154433,
    1.253563729873129,
    1.2627281409165092,
    1.271959550093108,
    1.2812584472052524,
    1.2906253256360605,
    1.3000606823756198,
    1.3095650180473555,
    1.3191388369345949,
    1.3287826470073216,
    1.3384969599491279,
    1.3482822911843657,
    1.3581391599054915,
    1.3680680891006145,
    1.3780696055812476,
    1.3881442400102557,
    1.3982925269300135,
    1.4085150047907684,
    1.4188122159792078,
    1.4291847068472376,
    1.4396330277409721,
    1.4501577330299322,
    1.460759381136461,
    1.4714385345653522,
    1.4821957599336952,
    1.4930316280009392,
    1.503946713699177,
    1.5149415961636488,
    1.5260168587634717,
    1.5371730891325905,
    1.5484108792009574,
    1.5597308252259399,
    1.5711335278239544,
    1.5826195920023363,
    1.59418962719144,
    1.6058442472769736,
    1.6175840706325701,
    1.6294097201526,
    1.6413218232852178,
    1.6533210120656543,
    1.6654079231497527,
    1.6775831978477462,
    1.6898474821582858,
    1.7022014268027175,
    1.7146456872596048,
    1.7271809237995104,
    1.739807801520028,
    1.7525269903810707,
    1.7653391652404176,
    1.7782450058895232,
    1.7912451970895824,
    1.804340428607864,
    1.8175313952543104,
    1.8308187969184002,
    1.8442033386062846,
    1.8576857304781944,
    1.8712666878861175,
    1.8849469314117564,
    1.8987271869047613,
    1.9126081855212398,
    1.9265906637625525,
    1.9406753635143918,
    1.9548630320861424,
    1.9691544222505328,
    1.9835502922835788,
    1.9980514060048125,
    2.0126585328178104,
    2.027372447751019,
    2.0421939314988737,
    2.0571237704632206,
    2.0721627567950454,
    2.087311688436499,
    2.102571369163238,
    2.1179426086270703,
    2.133426222398914,
    2.1490230320120705,
    2.164733865005813,
    2.180559554969295,
    2.1965009415857786,
    2.212558870677187,
    2.2287341942489807,
    2.245027770535367,
    2.2614404640448322,
    2.2779731456060133,
    2.2946266924139036,
    2.3114019880763914,
    2.328299922661147,
    2.3453213927428447,
    2.3624673014507365,
    2.379738558516566,
    2.3971360803228445,
    2.4146607899514643,
    2.4323136172326807,
    2.450095498794448,
    2.468007378112112,
    2.4860502055584703,
    2.5042249384541995,
    2.522532541118645,
    2.54097398492099,
    2.559550248331793,
    2.578262316974903,
    2.5971111836797545,
    2.6160978485340496,
    2.635223318936815,
    2.6544886096518563,
    2.6738947428615996,
    2.693442748221325,
    2.713133662913799,
    2.7329685317043078,
    2.752948406996086,
    2.77307434888616,
    2.793347425221592,
    2.8137687116561394,
    2.8343392917073253,
    2.8550602568139323,
    2.875932706393907,
    2.8969577479026953,
    2.918136496892005,
    2.9394700770689894,
    2.9609596203558732,
    2.982606266950011,
    3.0044111653843797,
    3.026375472588521,
    3.048500353949928,
    3.0707869833758727,
    3.0932365433556956,
    3.115850225023548,
    3.138629228221586,
    3.161574761563637,
    3.1846880424993245,
    3.2079702973786635,
    3.231422761517131,
    3.2550466792612056,
    3.2788433040543925,
    3.3028138985037314,
    3.3269597344467843,
    3.3512820930191163,
    3.375782264722278,
    3.4004615494922668,
    3.4253212567685054,
    3.45036270556332,
    3.475587224531919,
    3.5009961520428914,
    3.526590836249223,
    3.552372635159819,
    3.5783429167115632,
    3.604503058841898,
    3.6308544495619306,
    3.6573984870300844,
    3.684136579626281,
    3.7110701460266626,
    3.7382006152788696,
    3.765529426877862,
    3.7930580308422934,
    3.8207878877914494,
    3.848720469022747,
    3.8768572565897945,
    3.9051997433810284,
    3.933749433198928,
    3.962507840839797,
    3.991476492174139,
    4.020656924227622,
    4.050050685262623,
    4.07965933486038,
    4.10948444400374,
    4.139527595160512,
    4.169790382367435,
