{
  "cm_at_c1": {
    "TP": 0,
    "TN": 69,
    "FP": 0,
    "FN": 51,
    "precision": 0.0,
    "recall": 0.0,
    "accuracy": 0.575,
    "F1": 0.0
  },
  "pr_auc": 0.41470387503982875,
  "roc_auc": 0.45964762716680885,
  "prevalence": 0.425,
  "normalized_auprc": -0.017906304278558677,
  "c_grid": [
    52.61780241880527,
    52.76654308086986,
    52.915704204898546,
    53.06528697945849,
    53.215292596476644,
    53.36572225124937,
    53.516577142451915,
    53.667858472147934,
    53.81956744579911,
    53.971705272274676,
    54.12427316386119,
    54.27727233627209,
    54.4307040086574,
    54.584569403613486,
    54.73886974719268,
    54.893606268913224,
    55.04878020176894,
    55.2043927822391,
    55.360445250298255,
    55.51693884942619,
    55.67387482661766,
    55.83125443239254,
    55.98907892080566,
    56.14734954945683,
    56.30606757950087,
    56.46523427565759,
    56.624850906222,
    56.78491874307431,
    56.94543906169008,
    57.106413141150476,
    57.26784226415226,
    57.429727717018224,
    57.59207078970736,
    57.754872775825085,
    57.91813497263366,
    58.081858681062364,
    58.24604520571805,
    58.410695854895415,
    58.57581194058746,
    58.74139477849597,
    58.9074456880419,
    59.073965992376046,
    59.24095701838945,
    59.40842009672406,
    59.576356561783264,
    59.744767751742614,
    59.91365500856035,
    60.08301967798823,
    60.25286310958221,
    60.423186656713156,
    60.59399167657771,
    60.76527953020896,
    60.93705158248746,
    61.10930920215202,
    61.28205376181058,
    61.45528663795125,
    61.6290092109531,
    61.80322286509738,
    61.977928988578405,
    62.153128973514654,
    62.3288242159599,
    62.505016115914195,
    62.68170607733524,
    62.858895508149416,
    63.03658582026305,
    63.21477842957369,
    63.39347475598128,
    63.57267622339965,
    63.75238425976771,
    63.932600297060915,
    64.11332577130267,
    64.29456212257563,
    64.47631079503343,
    64.658573236912,
    64.84135090054116,
    65.0246452423562,
    65.20845772290951,
    65.3927898068821,
    65.57764296309544,
    65.76301866452307,
    65.94891838830235,
    66.13534361574617,
    66.32229583235488,
    66.50977652782807,
    66.69778719607638,
    66.88632933523347,
    67.07540444766802,
    67.26501403999548,
    67.45515962309032,
    67.64584271209795,
    67.8370648264468,
    68.0288274898605,
    68.22113223036983,
    68.41398058032514,
    68.60737407640842,
    68.80131425964554,
    68.99580267541863,
    69.19084087347822,
    69.3864304079558,
    69.58257283737602,
    69.77926972466925,
    69.97652263718395,
    70.17433314669913,
    70.37270282943696,
    70.57163326607535,
    70.7711260417604,
    70.97118274611918,
    71.17180497327236,
    71.37299432184678,
    71.57475239498837,
    71.77708080037489,
    71.97998115022868,
    72.18345506132944,
    72.38750415502733,
    72.59213005725569,
    72.79733439854411,
    73.00311881403134,
    73.20948494347844,
    73.41643443128162,
    73.6239689264856,
    73.83209008279665,
    74.04079955859572,
    74.25009901695172,
    74.45999012563466,
    74.67047455712911,
    74.88155398864743,
    75.09323010214311,
    75.30550458432424,
    75.51837912666696,
    75.73185542542873,
    75.9459351816622,
    76.16062010122846,
    76.37591189481084,
    76.59181227792834,
    76.80832297094949,
    77.02544569910597,
    77.24318219250637,
    77.46153418614992,
    77.68050341994048,
    77.90009163870013,
    78.12030059218336,
    78.34113203509085,
    78.56258772708352,
    78.78466943279645,
    79.00737892185306,
    79.23071796887918,
    79.45468835351713,
    79.67929186043999,
    79.90453027936579,
    80.13040540507163,
    80.35691903740825,
    80.58407298131418,
    80.81186904683017,
    81.04030904911367,
    81.2693948084531,
    81.49912815028262,
    81.72951090519652,
    81.96054490896384,
    82.19223200254297,
    82.42457403209639,
    82.65757284900525,
    82.89123030988429,
    83.12554827659652,
    83.36052861626814,
    83.59617320130324,
    83.83248390939895,
    84.06946262356027,
    84.3071112321151,
    84.54543162872932,
    84.78442571242182,
    85.0240953875796,
    85.26444256397312,
    85.50546915677131,
    85.74717708655703,
    85.98956827934212,
    86.232644666583,
    86.47640818519592,
    86.72086077757247,
    86.96600439159495,
    87.21184098065207,
    87.4583725036542,
    87.7056009250494,
    87.95352821483871,
    88.2021563485921,
    88.45148730746406,
    88.70152307820936,
    88.95226565319905,
    89.20371703043622,
    89.45587921357193,
    89.70875421192117,
    89.96234404047898,
    90.21665071993621,
    90.47167627669602,
    90.72742274288973,
    90.98389215639322,
    91.2410865608429,
    91.49900800565227,
    91.75765854602813,
    92.01704024298692,
    92.27715516337125,
    92.53800537986629,
    92.79959297101622,
    93.06192002124095,
    93.32498862085268,
    93.5888008660725,
    93.85335885904705,
    94.11866470786545,
    94.38472052657596,
    94.65152843520285,
    94.91909055976329,
    95.18740903228434,
    95.4564859908199,
    95.72632357946763,
    95.99692394838632,
    96.2682892538128,
    96.54042165807908,
    96.8133233296298,
    97.08699644303933,
    97.36144317902918,
    97.63666572448534,
    97.9126662724757,
    98.18944702226761,
    98.4670101793452,
    98.7453579554272,
    99.02449256848442,
    99.30441624275754,
    99.58513120877456,
    99.86663970336893,
    100.14894396969717,
    100.43204625725676,
    100.71594882190409,
    101.00065392587247,
    101.28616383779006,
    101.57248083269806,
    101.85960719206886,
    102.14754520382384,
    102.43629716235222,
    102.72586536852891,
    103.01625212973299,
    103.30745975986603,
    103.59949057937061,
    103.89234691524872,
    104.18603110108037,
    104.4805454770423,
    104.77589238992611,
    105.07207419315772,
    105.36909324681557,
    105.66695191764967,
    105.96565257910035,
    106.26519761131722,
    106.5655894011781,
    106.86683034230812,
    107.1689228350987,
    107.47186928672673,
    107.77567211117372,
    108.08033372924518,
    108.38585656858946,
    108.69224306371773,
    108.99949565602296,
    109.3076167937995,
    109.61660893226252,
    109.9264745335677,
    110.2372160668307,
    110.54883600814694,
    110.8613368406114,
    111.17472105433798,
    111.48899114647999,
    111.80414962124962,
    112.12019898993799,
    112.43714177093518,
    112.75498048975028,
    113.07371767903152,
    113.39335587858643,
    113.71389763540215,
    114.03534550366565,
    114.3577020447842,
    114.68096982740538,
    115.00515142743816,
    115.33024942807305,
    115.65626641980273,
    115.98320500044272,
    116.3110677751521,
    116.63985735645419,
    116.96957636425748,
    117.30022742587656,
    117.63181317605255,
    117.96433625697489,
    118.29779931830186,
    118.6322050171818,
    118.96755601827438,
    119.3038549937717,
    119.64110462341964,
    119.97930759453928,
    120.3184666020482,
    120.65858434848204,
    120.99966354401596,
    121.34170690648645,
    121.68471716141241,
    122.02869704201765,
    122.37364928925217,
    122.71957665181412,
    123.0664818861717,
    123.41436775658515,
    123.76323703512872,
    124.11309250171284,
    124.4639369441063,
    124.81577315795805,
    125.16860394682016,
    125.52243212216973,
    125.87726050343136,
    126.23309191799963,
    126.58992920126164,
    126.94777519661957,
    127.30663275551343,
    127.66650473744366,
    128.027394009994,
    128.38930344885426,
    128.7522359378435,
    129.11619436893233,
    129.48118164226688,
    129.8472006661912,
    130.21425435727087,
    130.5823456403159,
    130.95147744840423,
    131.32165272290504,
    131.6928744135023,
    132.06514547821823,
    132.4384688834364,
    132.81284760392631,
    133.18828462286632,
    133.56478293186777,
