{
  "c": 0.05,
  "f1": 0.5714285714285715,
  "prec": 0.43333333333333335,
  "rec": 0.8387096774193549,
  "tp": 26,
  "fp": 34,
  "fn": 5,
  "tn": 15
}