{
  "cm_at_c1": {
    "TP": 0,
    "TN": 120,
    "FP": 0,
    "FN": 60,
    "precision": 0.0,
    "recall": 0.0,
    "accuracy": 0.6666666666666666,
    "F1": 0.0
  },
  "pr_auc": 0.3274126834334916,
  "roc_auc": 0.5184722222222222,
  "prevalence": 0.3333333333333333,
  "normalized_auprc": -0.00888097484976255,
  "auprg": NaN,
  "ece_rank": 0.26132596685082876,
  "c_grid": [
    3.3353997500865975,
    3.361821245267583,
    3.388452039321239,
    3.4152937902164964,
    3.4423481690559488,
    3.4696168601798907,
    3.4971015612711858,
    3.524803983460954,
    3.5527258514351048,
    3.5808689035417127,
    3.6092348918992445,
    3.6378255825056365,
    3.6666427553482444,
    3.695688204514665,
    3.7249637383044227,
    3.7544711793415577,
    3.7842123646880963,
    3.814189145958419,
    3.844403389434539,
    3.8748569761822966,
    3.9055518021684628,
    3.936489778378782,
    3.9676728309369453,
    3.9991029012245045,
    4.030781946001739,
    4.062711937529478,
    4.094894863691891,
    4.127332728120248,
    4.160027550317652,
    4.192981365784789,
    4.22619622614663,
    4.259674199280175,
    4.293417369443191,
    4.3274278374039685,
    4.361707720572114,
    4.396259153130377,
    4.431084286167515,
    4.4661852878122135,
    4.5015643433680745,
    4.537223655449665,
    4.573165444119645,
    4.609391947026986,
    4.645905419546281,
    4.682708134918156,
    4.719802384390799,
    4.757190477362608,
    4.794874741525968,
    4.832857523012165,
    4.871141186537457,
    4.909728115550287,
    4.948620712379676,
    4.987821398384785,
    5.027332614105665,
    5.067156819415197,
    5.107296493672233,
    5.147754135875966,
    5.188532264821505,
    5.229633419256686,
    5.271060158040132,
    5.312815060300567,
    5.354900725597374,
    5.397319774082448,
    5.440074846663316,
    5.483168605167552,
    5.526603732508495,
    5.570382932852293,
    5.614508931786238,
    5.658984476488469,
    5.703812335899005,
    5.748995300892119,
    5.794536184450106,
    5.840437821838403,
    5.886703070782115,
    5.933334811643919,
    5.980335947603396,
    6.027709404837773,
    6.075458132704102,
    6.123585103922874,
    6.172093314763106,
    6.220985785228864,
    6.270265559247298,
    6.3199357048581355,
    6.369999314404702,
    6.420459504726435,
    6.47131941735293,
    6.5225822186995375,
    6.574251100264476,
    6.626329278827546,
    6.678819996650387,
    6.731726521678336,
    6.785052147743882,
    6.838800194771738,
    6.89297400898552,
    6.9475769631160835,
    7.002612456611499,
    7.058083915848692,
    7.113994794346764,
    7.170348572981996,
    7.2271487602045665,
    7.284398892256969,
    7.342102533394182,
    7.40026327610556,
    7.4588847413384975,
    7.517970578723861,
    7.577524466803211,
    7.637550113257805,
    7.698051255139446,
    7.75903165910313,
    7.820495121641552,
    7.882445469321471,
    7.944886559021933,
    8.007822278174404,
    8.071256545004784,
    8.135193308777346,
    8.199636550040607,
    8.264590280875153,
    8.330058545143412,
    8.396045418741435,
    8.46255500985262,
    8.529591459203509,
    8.59715894032156,
    8.665261659794984,
    8.733903857534644,
    8.803089807038013,
    8.87282381565524,
    8.94311022485731,
    9.013953410506335,
    9.08535778312798,
    9.15732778818606,
    9.229867906359296,
    9.30298265382028,
    9.376676582516628,
    9.450954280454393,
    9.52582037198368,
    9.601279518086564,
    9.677336416667263,
    9.753995802844619,
    9.831262449246903,
    9.909141166308942,
    9.987636802571595,
    10.066754244983628,
    10.146498419205953,
    10.226874289918293,
    10.307886861128264,
    10.38954117648293,
    10.471842319582787,
    10.554795414298262,
    10.638405625088717,
    10.722678157323973,
    10.807618257608404,
    10.893231214107518,
    10.979522356877267,
    11.066497058195822,
    11.154160732898058,
    11.242518838712678,
    11.331576876601979,
    11.421340391104359,
    11.511814970679449,
    11.603006248056115,
    11.694919900583074,
    11.787561650582381,
    11.88093726570568,
    11.975052559293285,
    12.069913390736122,
    12.165525665840462,
    12.261895337195694,
    12.359028404544835,
    12.4569309151581,
    12.555608964209402,
    12.655068695155766,
    12.755316300119892,
    12.856358020275565,
    12.958200146236306,
    13.060849018446945,
    13.164311027578384,
    13.268592614925495,
    13.37370027280806,
    13.47964054497507,
    13.58642002701204,
    13.69404536675167,
    13.802523264687725,
    13.911860474392169,
    14.022063802935678,
    14.133140111311338,
    14.245096314861907,
    14.357939383710262,
    14.471676343193376,
    14.5863142742997,
    14.701860314109988,
    14.818321656241686,
    14.935705551296694,
    15.054019307312885,
    15.173270290219001,
    15.293465924293264,
    15.414613692625627,
    15.536721137583571,
    15.65979586128179,
    15.78384552605535,
    15.908877854936849,
    16.034900632137152,
    16.16192170353004,
    16.289948977140718,
    16.41899042363805,
    16.549054076830906,
    16.68014803416826,
    16.812280457243325,
    16.945459572301694,
    17.079693670753464,
    17.214991109689485,
    17.351360312401557,
    17.48880976890696,
    17.627348036476945,
    17.766983740169508,
    17.90772557336637,
    18.0495822983142,
    18.192562746670163,
    18.336675820051674,
    18.481930490590706,
    18.62833580149228,
    18.775900867597507,
    18.924634875951096,
    19.074547086373205,
    19.225646832036077,
    19.377943520045,
    19.531446632024007,
    19.686165724706168,
    19.842110430528578,
    19.99929045823207,
    20.157715593465582,
    20.317395699395494,
    20.478340717319607,
    20.640560667286085,
    20.804065648717287,
    20.96886584103852,
    21.134971504311835,
    21.30239297987467,
    21.471140690983848,
    21.641225143464357,
    21.81265692636349,
    21.985446712610088,
    22.15960525967898,
    22.335143410260777,
    22.512072092936812,
    22.690402322859658,
    22.87014520243879,
    23.051311922031832,
    23.23391376064131,
    23.417962086616704,
    23.60346835836239,
    23.79044412505088,
    23.978901027341895,
    24.168850798107094,
    24.36030526316051,
    24.553276341994845,
    24.74777604852344,
    24.943816491828386,
    25.141409876914278,
    25.340568505468124,
    25.541304776625214,
    25.74363118774104,
    25.947560335169435,
    26.153104915046608,
    26.3602777240818,
    26.569091660353816,
    26.779559724114087,
    26.991695018596026,
    27.205510750830797,
    27.42102023246961,
    27.63823688061233,
    27.857174218642978,
    28.07784587707152,
    28.30026559438253,
    28.524447217890547,
    28.75040470460205,
    28.978152122084563,
    29.207703649342324,
    29.43907357769911,
    29.67227631168794,
    29.9073263699479,
    30.144238386128055,
    30.383027109798387,
    30.623707407368258,
    30.866294263011785,
    31.110802779600803,
    31.35724817964513,
    31.605645806240236,
    31.85601112402258,
    32.108359720132206,
    32.362707305183385,
    32.619069714242556,
    32.877462907814255,
    33.13790297283474,
    33.40040612367354,
    33.66498870314299,
    33.931667183515515,
    34.20045816754936,
    34.47137838952216,
    34.744444716272646,
    35.019674148251006,
    35.29708382057698,
    35.576691004106955,
    35.858513106508916,
    36.142567673346456,
    36.42887238917101,
    36.71744507862277,
    37.00830370754058,
    37.301466384080264,
    37.596951359842215,
    37.894777031007415,
    38.194961939483,
    38.49752477405654,
    38.8024843715594,
    39.1098597180398,
    39.419669949944485,
    39.73193435531046,
    40.04667237496545,
    40.36390360373859,
    40.68364779168019,
    41.005924845291176,
    41.33075482876278,
    41.65815796522528,
    41.9881546380074,
    42.320765391905155,
    42.65601093446081,
    42.9939121372524,
    43.33449003719275,
