{
  "cm_at_c1": {
    "TP": 0,
    "TN": 124,
    "FP": 0,
    "FN": 56,
    "precision": 0.0,
    "recall": 0.0,
    "accuracy": 0.6888888888888889,
    "F1": 0.0
  },
  "pr_auc": 0.35819415267417803,
  "roc_auc": 0.5313220046082949,
  "prevalence": 0.3111111111111111,
  "normalized_auprc": 0.06834635065606488,
  "auprg": NaN,
  "ece_rank": 0.29318600368324127,
  "c_grid": [
    3.2699581038357595,
    3.2931012453009707,
    3.3164081824418052,
    3.3398800745228088,
    3.363518089013225,
    3.3873234016450646,
    3.4112971964715904,
    3.435440665926202,
    3.459755010881756,
    3.484241440710287,
    3.5089011733431668,
    3.5337354353316828,
    3.5587454619080408,
    3.5839324970468107,
    3.6092977935267956,
    3.634842612993345,
    3.6605682260211103,
    3.686475912177239,
    3.712566960085018,
    3.738842667487975,
    3.7653043413144207,
    3.7919532977424533,
    3.8187908622654323,
    3.845818369757896,
    3.8730371645419672,
    3.900448600454211,
    3.9280540409129765,
    3.9558548589862137,
    3.983852437459763,
    4.01204816890614,
    4.040443455753797,
    4.069039710356878,
    4.0978383550654724,
    4.126840822296353,
    4.156048554604231,
    4.185463004753506,
    4.21508563579052,
    4.244917921116332,
    4.274961344560004,
    4.3052174004524035,
    4.335687593700532,
    4.366373439862374,
    4.3972764652222835,
    4.428398206866897,
    4.459740212761585,
    4.4913040418274575,
    4.523091264018886,
    4.555103460401603,
    4.587342223231343,
    4.6198091560330345,
    4.652505873680558,
    4.685434002477074,
    4.718595180235909,
    4.751991056362018,
    4.785623291934027,
    4.819493559786855,
    4.853603544594911,
    4.887954942955901,
    4.922549463475204,
    4.9573888268508615,
    4.992474765959159,
    5.027809025940826,
    5.063393364287829,
    5.09922955093079,
    5.1353193683270275,
    5.171664611549203,
    5.208267088374612,
    5.245128619375106,
    5.2822510380076375,
    5.319636190705455,
    5.357285936969953,
    5.395202149463149,
    5.433386714100833,
    5.471841530146375,
    5.510568510305188,
    5.549569580819863,
    5.5888466815659825,
    5.628401766148606,
    5.6682368019994405,
    5.708353770474696,
    5.748754666953646,
    5.789441500937861,
    5.830416296151169,
    5.871681090640315,
    5.9132379368763255,
    5.955088901856595,
    5.997236067207708,
    6.0396815292889645,
    6.082427399296654,
    6.1254758033690715,
    6.168828882692262,
    6.212488793606521,
    6.256457707713653,
    6.300737811984984,
    6.3453313088701355,
    6.3902404164065745,
    6.4354673683299435,
    6.481014414185151,
    6.526883819438268,
    6.573077865589218,
    6.619598850285241,
    6.666449087435189,
    6.713630907324614,
    6.761146656731669,
    6.8089986990438405,
    6.857189414375502,
    6.905721199686295,
    6.954596468900349,
    7.003817653026352,
    7.053387200278471,
    7.103307576198112,
    7.153581263776561,
    7.20421076357849,
    7.2551985938663215,
    7.306547290725491,
    7.358259408190593,
    7.410337518372409,
    7.462784211585841,
    7.515602096478765,
    7.568793800161762,
    7.6223619683388035,
    7.676309265438842,
    7.730638374748339,
    7.785351998544719,
    7.8404528582307895,
    7.8959436944701,
    7.951827267323254,
    8.008106356385193,
    8.06478376092346,
    8.121862300017417,
    8.179344812698474,
    8.237234158091303,
    8.295533215556032,
    8.354244884831479,
    8.413372086179374,
    8.472917760529606,
    8.532884869626514,
    8.593276396176188,
    8.654095343994841,
    8.7153447381582,
    8.777027625151973,
    8.839147073023396,
    8.901706171533812,
    8.96470803231236,
    9.028155789010757,
    9.092052597459144,
    9.156401635823062,
    9.22120610476154,
    9.286469227586275,
    9.352194250421967,
    9.418384442367778,
    9.485043095659934,
    9.552173525835473,
    9.619779071897158,
    9.687863096479566,
    9.756428986016324,
    9.825480150908557,
    9.895020025694528,
    9.965052069220445,
    10.035579764812518,
    10.106606620450215,
    10.178136168940748,
    10.250171968094769,
    10.322717600903363,
    10.39577667571625,
    10.469352826421245,
    10.543449712625033,
    10.61807101983518,
    10.693220459643427,
    10.768901769910345,
    10.84511871495122,
    10.92187508572328,
    10.999174700014287,
    11.077021402632408,
    11.155419065597439,
    11.23437158833343,
    11.313882897862618,
    11.39395694900074,
    11.474597724553774,
    11.555809235516024,
    11.637595521269596,
    11.719960649785381,
    11.802908717825316,
    11.886443851146186,
    11.970570204704874,
    12.055291962864946,
    12.140613339604823,
    12.226538578727407,
    12.313071954071098,
    12.400217769722405,
    12.48798036023006,
    12.57636409082054,
    12.665373357615255,
    12.75501258784918,
    12.845286240091045,
    12.936198804465137,
    13.027754802874616,
    13.11995878922641,
    13.212815349657756,
    13.306329102764307,
    13.400504699829813,
    13.495346825057531,
    13.590860195803184,
    13.687049562809573,
    13.783919710442927,
    13.881475456930845,
    13.979721654601926,
    14.078663190127168,
    14.178304984763006,
    14.278651994596057,
    14.37970921078969,
    14.481481659832248,
    14.583974403787037,
    14.68719254054419,
    14.791141204074131,
    14.89582556468298,
    15.001250829269765,
    15.107422241585317,
    15.214345082493134,
    15.322024670232091,
    15.430466360680876,
    15.53967554762443,
    15.649657663022273,
    15.760418177278586,
    15.871962599514386,
    15.984296477841525,
    16.097425399638603,
    16.211354991828944,
    16.326090921160446,
    16.441638894487415,
    16.558004659054454,
    16.675194002782323,
    16.79321275455579,
    16.912066784513595,
    17.03176200434042,
    17.152304367560877,
    17.273699869835713,
    17.39595454925998,
    17.51907448666335,
    17.643065805912613,
    17.767934674216253,
    17.89368730243117,
    18.020329945371653,
    18.147868902120468,
    18.27631051634212,
    18.4056611765985,
    18.53592731666651,
    18.667115415858127,
    18.799231999342755,
    18.932283638471645,
    19.066276951104808,
    19.20121860194025,
    19.33711530284535,
    19.473973813190746,
    19.611800940186605,
    19.750603539221096,
    19.890388514201447,
    20.031162817897336,
    20.172933452286646,
    20.315707468903835,
    20.45949196919061,
    20.604294104849135,
    20.750121078197807,
    20.896980142529458,
    21.044878602472096,
    21.1938238143523,
    21.343823186561067,
    21.4948841799223,
    21.647014308063916,
    21.800221137791596,
    21.954512289465058,
    22.10989543737719,
    22.266378310135728,
    22.42396869104761,
    22.5826744185062,
    22.74250338638113,
    22.903463544410865,
    23.065562898598266,
    23.22880951160864,
    23.39321150317084,
    23.5587770504812,
    23.72551438861013,
    23.893431810911768,
    24.062537669436587,
    24.23284037534665,
    24.404348399334058,
    24.577070272042338,
    24.751014584490587,
    24.926189988500944,
    25.10260519712883,
    25.28026898509633,
    25.459190189228693,
    25.639377708893825,
    25.820840506444917,
    26.003587607666283,
    26.187628102222263,
    26.372971144109293,
    26.55962595211129,
    26.74760181025816,
    26.936908068287522,
    27.12755414210984,
    27.319549514276723,
    27.512903734452532,
    27.707626419889465,
    27.903727255905853,
    28.10121599636787,
    28.300102464174753,
    28.50039655174735,
    28.702108221520103,
    28.905247506436712,
    29.10982451044901,
    29.315849409019567,
    29.52333244962793,
    29.732283952280135,
    29.942714310022097,
    30.154633989456645,
    30.368053531263946,
    30.582983550725867,
    30.799434738254067,
    31.017417859921533,
    31.23694375799823,
    31.45802335149034,
    31.6806676366833,
    31.90488768768886,
    32.13069465699582,
