{
  "cm_at_c1": {
    "TP": 0,
    "TN": 134,
    "FP": 0,
    "FN": 46,
    "precision": 0.0,
    "recall": 0.0,
    "accuracy": 0.7444444444444445,
    "F1": 0.0
  },
  "pr_auc": 0.36367675032771324,
  "roc_auc": 0.6079656067488645,
  "prevalence": 0.25555555555555554,
  "normalized_auprc": 0.14523742581334617,
  "c_grid": [
    6.076328480515325,
    6.119680911373963,
    6.1633426463242715,
    6.207315892140338,
    6.251602871340798,
    6.296205822301158,
    6.341126999366939,
    6.3863686729676035,
    6.431933129731323,
    6.477822672600542,
    6.524039620948374,
    6.570586310695831,
    6.617465094429886,
    6.664678341522379,
    6.712228438249771,
    6.760117787913754,
    6.8083488109627135,
    6.856923945114071,
    6.905845645477494,
    6.955116384678973,
    7.0047386529858064,
    7.054714958432455,
    7.105047826947308,
    7.155739802480357,
    7.206793447131762,
    7.258211341281351,
    7.30999608371904,
    7.362150291776184,
    7.4146766014578604,
    7.467577667576097,
    7.52085616388406,
    7.574514783211187,
    7.628556237599288,
    7.682983258439629,
    7.7377985966109675,
    7.793005022618601,
    7.848605326734391,
    7.904602319137794,
    7.960998830057887,
    8.017797709916422,
    8.075001829471892,
    8.132614079964622,
    8.190637373262906,
    8.249074642010175,
    8.307928839773224,
    8.367202941191486,
    8.426899942127395,
    8.487022859817776,
    8.547574733026371,
    8.60855862219741,
    8.6699776096103,
    8.731834799535404,
    8.794133318390957,
    8.856876314901058,
    8.920066960254825,
    8.983708448266691,
    9.0478039955378,
    9.112356841618597,
    9.177370249172563,
    9.242847504141116,
    9.308791915909689,
    9.375206817475,
    9.442095565613508,
    9.509461541051063,
    9.577308148633794,
    9.645638817500187,
    9.714457001254402,
    9.783766178140834,
    9.853569851219905,
    9.92387154854512,
    9.994674823341386,
    10.065983254184603,
    10.137800445182515,
    10.21013002615691,
    10.282975652827037,
    10.356341006994402,
    10.430229796728845,
    10.504645756555963,
    10.579592647645855,
    10.655074258003221,
    10.73109440265882,
    10.807656923862305,
    10.884765691276389,
    10.962424602172451,
    11.040637581627509,
    11.119408582722597,
    11.198741586742576,
    11.278640603377347,
    11.359109670924513,
    11.440152856493487,
    11.521774256211057,
    11.603977995428405,
    11.686768228929619,
    11.7701491411417,
    11.854124946346019,
    11.938699888891348,
    12.023878243408367,
    12.109664315025721,
    12.196062439587603,
    12.283076983872903,
    12.37071234581593,
    12.458972954728669,
    12.547863271524662,
    12.63738778894448,
    12.727551031782786,
    12.81835755711704,
    12.909811954537815,
    13.001918846380775,
    13.094682887960298,
    13.188108767804758,
    13.28220120789351,
    13.376964963895531,
    13.472404825409821,
    13.568525616207431,
    13.665332194475301,
    13.762829453061803,
    13.861022319724023,
    13.95991575737684,
    14.059514764343747,
    14.159824374609506,
    14.260849658074543,
    14.36259572081121,
    14.465067705321871,
    14.568270790798795,
    14.672210193385943,
    14.776891166442592,
    14.882319000808865,
    14.988499025073132,
    15.095436605841337,
    15.203137148008242,
    15.311606095030587,
    15.420848929202256,
    15.530871171931315,
    15.641678384019112,
    15.75327616594132,
    15.865670158131007,
    15.978866041263712,
    16.09286953654456,
    16.207686405997435,
    16.323322452756205,
    16.439783521358006,
    16.55707549803867,
    16.675204311030214,
    16.79417593086047,
    16.913996370654846,
    17.03467168644026,
    17.156207977451203,
    17.27861138643804,
    17.40188809997745,
    17.52604434878512,
    17.65108640803069,
    17.777020597654868,
    17.903853282688885,
    18.031590873576196,
    18.160239826496476,
    18.289806643691936,
    18.420297873795946,
    18.551720112164062,
    18.684080001207324,
    18.817384230727995,
    18.951639538257698,
    19.086852709397927,
    19.223030578163016,
    19.36018002732555,
    19.498307988764243,
    19.637421443814265,
    19.777527423620135,
    19.918633009491064,
    20.060745333258875,
    20.20387157763845,
    20.3480189765908,
    20.493194815688643,
    20.63940643248465,
    20.786661216882305,
    20.934966611509417,
    21.084330112094296,
    21.234759267844574,
    21.38626168182878,
    21.538845011360632,
    21.69251696838603,
    21.847285319872853,
    22.00315788820353,
    22.16014255157037,
    22.318247244373786,
    22.477479957623295,
    22.637848739341408,
    22.799361694970393,
    22.962026987781964,
    23.125852839289834,
    23.290847529665317,
    23.457019398155758,
    23.624376843506056,
    23.79292832438315,
    23.962682359803537,
    24.133647529563877,
    24.305832474674588,
    24.47924589779661,
    24.653896563681254,
    24.82979329961321,
    25.006944995856678,
    25.185360606104712,
    25.365049147931774,
    25.546019703249485,
    25.728281418765665,
    25.911843506446623,
    26.096715243982743,
    26.282905975257428,
    26.470425110819328,
    26.659282128358022,
    26.849486573182997,
    27.0410480587061,
    27.23397626692744,
    27.42828094892476,
    27.62397192534622,
    27.82105908690681,
    28.019552394888237,
    28.219461881642378,
    28.42079765109837,
    28.62356987927325,
    28.827788814786324,
    29.033464779377113,
    29.240608168427062,
    29.449229451484946,
    29.659339172796034,
    29.870947951835003,
    30.08406648384269,
    30.298705540366633,
    30.514875969805566,
    30.732588697957606,
    30.95185472857256,
    31.172685143908033,
    31.39509110528963,
    31.61908385367497,
    31.8446747102219,
    32.07187507686068,
    32.30069643687026,
    32.531150355458706,
    32.76324848034766,
    32.99700254236115,
    33.232424356018385,
    33.469525820130976,
    33.708318918404295,
    33.94881572004316,
    34.19102838036185,
    34.43496914139847,
    34.680650332533666,
    34.92808437111387,
    35.17728376307876,
    35.428261103593485,
    35.68102907768513,
    35.93560046088399,
    36.191988119869144,
    36.45020501311884,
    36.710264191565436,
    36.97217879925501,
    37.235962074011745,
    37.501627348106936,
    37.76918804893286,
    38.03865769968147,
    38.31004992002783,
    38.58337842681852,
    38.858657034764924,
    39.135899657141444,
    39.415120306488724,
    39.69633309532185,
    39.979552236843716,
    40.26479204566329,
    40.552066938519154,
    40.84139143500816,
    41.132780158319356,
    41.42624783597294,
    41.721809300564715,
    42.01947949051578,
    42.319273450827495,
    42.62120633384195,
    42.92529340000776,
    43.23155001865139,
    43.539991668753956,
    43.85063393973356,
    44.16349253223325,
    44.47858325891452,
    44.79592204525656,
    45.11552493036116,
    45.43740806776334,
    45.7615877262479,
    46.08808029067152,
    46.41690226279099,
    46.748070262097215,
    47.0816010266553,
    47.417511413950386,
    47.75581840173977,
    48.09653908891098,
    48.43969069634597,
    48.78529056779154,
    49.133356170735944,
    49.483905097291675,
    49.8369550650847,
    50.192523918149895,
    50.550629627832926,
    50.91129029369861,
    51.27452414444568,
    51.640349538828104,
    52.008784966582986,
    52.379849049365156,
    52.75356054168822,
    53.129938331872566,
    53.50900144299995,
    53.89076903387511,
    54.27526039999392,
    54.66249497451873,
    55.05249232926057,
    55.44527217566835,
    55.8408543658251,
    56.23925889345137,
    56.640505894915755,
    57.04461565025265,
    57.451608584187234,
    57.8615052671678,
    58.27432641640542,
    58.690092896921094,
    59.10882572260021,
    59.53054605725483,
    59.95527521569316,
    60.38303466479697,
    60.81384602460653,
    61.24773106941341,
    61.68471172886091,
