{
  "c": 0.05,
  "f1": 0.5411764705882353,
  "prec": 0.38333333333333336,
  "rec": 0.92,
  "tp": 23,
  "fp": 37,
  "fn": 2,
  "tn": 18
}