{
  "cm_at_c1": {
    "TP": 0,
    "TN": 98,
    "FP": 2,
    "FN": 20,
    "precision": 0.0,
    "recall": 0.0,
    "accuracy": 0.8166666666666667,
    "F1": 0.0
  },
  "pr_auc": 0.14909550634281013,
  "roc_auc": 0.45074999999999993,
  "prevalence": 0.16666666666666666,
  "normalized_auprc": -0.021085392388627833,
  "auprg": -1.9999999999539994e+22,
  "c_grid": [
    0.8373850795763597,
    0.8456358201568155,
    0.8539678551402722,
    0.8623819855190642,
    0.8708790201776897,
    0.8794597759705716,
    0.8881250778005849,
    0.8968757586983589,
    0.9057126599023585,
    0.9146366309397569,
    0.9236485297081035,
    0.9327492225577975,
    0.9419395843753733,
    0.951220498667607,
    0.960592857646452,
    0.9700575623148099,
    0.9796155225531484,
    0.9892676572069719,
    0.9990148941751531,
    1.0088581704991362,
    1.0187984324530186,
    1.0288366356345195,
    1.0389737450568464,
    1.0492107352414641,
    1.0595485903117816,
    1.0699883040877578,
    1.0805308801814424,
    1.0911773320934575,
    1.101928683310429,
    1.1127859674033784,
    1.1237502281270848,
    1.1348225195204247,
    1.1460039060077014,
    1.1572954625009724,
    1.1686982745033845,
    1.1802134382135285,
    1.1918420606308207,
    1.2035852596619232,
    1.215444164228213,
    1.2274199143743099,
    1.2395136613776732,
    1.251726567859279,
    1.2640598078953877,
    1.2765145671304126,
    1.2890920428909003,
    1.3017934443006358,
    1.314619992396879,
    1.3275729202477489,
    1.3406534730707627,
    1.3538629083525449,
    1.367202495969713,
    1.3806735183109575,
    1.3942772704003212,
    1.4080150600216972,
    1.4218882078445496,
    1.4358980475508765,
    1.450045925963421,
    1.4643332031751475,
    1.4787612526799923,
    1.4933314615049034,
    1.508045230343182,
    1.5229039736891345,
    1.5379091199740567,
    1.5530621117035515,
    1.5683644055962054,
    1.5838174727236276,
    1.5994227986518692,
    1.6151818835842393,
    1.6310962425055224,
    1.647167405327623,
    1.6633969170366403,
    1.679786337841394,
    1.6963372433234154,
    1.713051224588412,
    1.729929888419229,
    1.7469748574303139,
    1.7641877702237068,
    1.781570281546565,
    1.7991240624502405,
    1.8168508004509252,
    1.834752199691879,
    1.8528299811072546,
    1.8710858825875396,
    1.8895216591466264,
    1.9081390830905287,
    1.9269399441877595,
    1.9459260498413906,
    1.9650992252628052,
    1.9844613136471607,
    2.0040141763505854,
    2.0237596930691177,
    2.0436997620194077,
    2.0638363001211992,
    2.0841712431816157,
    2.1047065460812537,
    2.1254441829621125,
    2.1463861474173793,
    2.1675344526830815,
    2.188891131831623,
    2.210458237967237,
    2.232237844423356,
    2.2542320449619315,
    2.276442953974713,
    2.298872706686516,
    2.3215234593604914,
    2.3443973895054087,
    2.3674966960849964,
    2.3908235997293343,
    2.4143803429483293,
    2.4381691903473017,
    2.4621924288446877,
    2.4864523678918915,
    2.5109513396952994,
    2.5356916994404894,
    2.5606758255186413,
    2.58590611975518,
    2.6113850076406755,
    2.637114938564015,
    2.6630983860478707,
    2.6893378479864896,
    2.7158358468858297,
    2.7425949301060535,
    2.76961767010642,
    2.7969066646925853,
    2.824464537266337,
    2.8522939370777967,
    2.8803975394801005,
    2.9087780461865935,
    2.9374381855305525,
    2.9663807127274766,
    2.9956084101399556,
    3.0251240875451466,
    3.054930582404895,
    3.0850307601385074,
    3.115427514398217,
    3.146123767347359,
    3.1771224699412977,
    3.208426602211107,
    3.2400391735500533,
    3.271963223002905,
    3.304201819558085,
    3.3367580624427036,
    3.369635081420504,
    3.402836037092736,
    3.4363641212020006,
    3.4702225569390777,
    3.5044145992527946,
    3.538943535162932,
    3.573812684076216,
    3.6090253981054325,
    3.6445850623916765,
    3.680495095429775,
    3.716758949396929,
    3.75338011048458,
    3.790362099233554,
    3.8277084708725004,
    3.865422815659679,
    3.903508759228101,
    3.9419699629340728,
    3.9808101242091842,
    4.020032976915754,
    4.059642291705778,
    4.099641876383423,
    4.140035576271083,
    4.18082727457905,
    4.222020892778811,
    4.263620390980051,
    4.305629768311346,
    4.348053063304608,
    4.390894354283343,
    4.434157759754704,
    4.477847438805423,
    4.521967591501639,
    4.566522459292671,
    4.611516325418768,
    4.656953515322863,
    4.702838397066409,
    4.749175381749289,
    4.795968923933876,
    4.843223522073271,
    4.890943718943753,
    4.939134102081497,
    4.98779930422359,
    5.036944003753401,
    5.0865729251503256,
    5.136690839443971,
    5.187302564672819,
    5.238412966347401,
    5.290026957918033,
    5.342149501247179,
    5.394785607086443,
    5.447940335558279,
    5.501618796642434,
    5.555826150667205,
    5.610567608805507,
    5.665848433575852,
    5.721673939348257,
    5.778049492855133,
    5.8349805137072135,
    5.892472474914557,
    5.950530903412701,
    6.009161380593978,
    6.068369542844084,
    6.128161082083922,
    6.188541746316799,
    6.249517340180989,
    6.311093725507773,
    6.373276821884949,
    6.436072607225916,
    6.499487118344342,
    6.563526451534518,
    6.628196763157421,
    6.693504270232535,
    6.759455251035537,
    6.826056045701845,
    6.893313056836114,
    6.961232750127755,
    7.029821654972506,
    7.099086365100125,
    7.169033539208272,
    7.239669901602642,
    7.311002242843397,
    7.383037420397968,
    7.455782359300293,
    7.52924405281655,
    7.603429563117447,
    7.678346021957134,
    7.754000631358813,
    7.830400664307094,
    7.907553465447175,
    7.98546645179092,
    8.06414711342988,
    8.143603014255342,
    8.223841792685489,
    8.304871162399701,
    8.386698913080112,
    8.469332911160446,
    8.552781100582274,
    8.63705150355868,
    8.722152221345473,
    8.808091435019996,
    8.894877406267598,
    8.982518478175876,
    9.071023076036724,
    9.160399708156286,
    9.250656966672901,
    9.341803528383101,
    9.43384815557573,
    9.52679969687432,
    9.62066708808774,
    9.715459353069221,
    9.811185604583864,
    9.90785504518469,
    10.005476968097309,
    10.104060758113318,
    10.203615892492511,
    10.304151941873952,
    10.405678571196047,
    10.508205540625667,
    10.611742706496443,
    10.71630002225629,
    10.821887539424258,
    10.928515408556853,
    11.036193880223834,
    11.144933305993645,
    11.254744139428551,
    11.365636937089583,
    11.477622359551395,
    11.590711172427076,
    11.704914247403128,
    11.820242563284587,
    11.936707207050466,
    12.054319374919583,
    12.173090373426918,
    12.293031620510519,
    12.414154646609198,
    12.536471095770974,
    12.659992726772469,
    12.784731414249324,
    12.910699149837756,
    13.037908043327379,
    13.166370323825323,
    13.296098340931923,
    13.427104565927904,
    13.559401592973298,
    13.693002140318182,
    13.827919051525326,
    13.964165296704905,
    14.10175397376135,
    14.240698309652524,
    14.38101166166128,
    14.522707518679539,
    14.665799502505044,
    14.810301369150867,
    14.956227010167852,
    15.103590453980022,
    15.252405867233243,
    15.402687556157087,
    15.554449967940156,
    15.707707692118952,
    15.86247546198043,
    16.018768155978343,
    16.17660079916361,
    16.33598856462871,
    16.49694677496634,
    16.659490903742427,
    16.823636576983677,
    16.98939957467978,
    17.156795832300354,
    17.325841442326947,
    17.49655265580005,
    17.668945883881356,
    17.84303769943146,
    18.018844838603055,
    18.196384202449877,
    18.375672858551404,
    18.55672804265372,
    18.739567160326395,
    18.924207788635776,
    19.11066767783474,
    19.298964753069104,
    19.489117116100804,
    19.68114304704815,
    19.87506100614313,
