{
  "c": 0.05,
  "f1": 0.6732673267326732,
  "prec": 0.5666666666666667,
  "rec": 0.8292682926829268,
  "tp": 34,
  "fp": 26,
  "fn": 7,
  "tn": 13
}