{
  "cm_at_c1": {
    "TP": 0,
    "TN": 39,
    "FP": 0,
    "FN": 16,
    "precision": 0.0,
    "recall": 0.0,
    "accuracy": 0.7090909090909091,
    "F1": 0.0
  },
  "pr_auc": 0.2994454100869517,
  "roc_auc": 0.5048076923076923,
  "prevalence": 0.2909090909090909,
  "normalized_auprc": 0.012038398840572917,
  "auprg": NaN,
  "ece_rank": 0.3746753246753246,
  "c_grid": [
    10.438510044325607,
    10.498938972942018,
    10.559717726906893,
    10.620848331372384,
    10.682332823214315,
    10.74417325110006,
    10.806371675556818,
    10.868930169040247,
    10.931850816003527,
    10.99513571296683,
    11.058786968587151,
    11.122806703728575,
    11.187197051532968,
    11.251960157491013,
    11.31709817951374,
    11.382613288004396,
    11.448507665930764,
    11.514783508897938,
    11.58144302522143,
    11.648488436000772,
    11.715921975193547,
    11.783745889689783,
    11.851962439386838,
    11.920573897264724,
    11.989582549461794,
    12.058990695350948,
    12.128800647616261,
    12.199014732330001,
    12.26963528903016,
    12.340664670798422,
    12.412105244338527,
    12.483959390055157,
    12.556229502133263,
    12.628917988617806,
    12.702027271494005,
    12.775559786768069,
    12.849517984548317,
    12.923904329126835,
    12.998721299061609,
    13.073971387259077,
    13.149657101057198,
    13.22578096230903,
    13.302345507466706,
    13.379353287666001,
    13.456806868811297,
    13.534708831661083,
    13.613061771913989,
    13.69186830029521,
    13.771131042643537,
    13.850852639998855,
    13.931035748690114,
    14.011683040423847,
    14.09279720237322,
    14.174380937267525,
    14.256436963482255,
    14.338968015129705,
    14.421976842150027,
    14.505466210402876,
    14.589438901759602,
    14.673897714195885,
    14.758845461884995,
    14.84428497529158,
    14.93021910126593,
    15.01665070313886,
    15.103582660817137,
    15.191017870879389,
    15.278959246672676,
    15.367409718409508,
    15.45637223326552,
    15.545849755477645,
    15.63584526644292,
    15.726361764817774,
    15.817402266617997,
    15.908969805319188,
    16.00106743195785,
    16.093698215233076,
    16.18686524160875,
    16.28057161541641,
    16.374820458958713,
    16.46961491261342,
    16.56495813493805,
    16.66085330277517,
    16.757303611358168,
    16.85431227441777,
    16.951882524289125,
    17.05001761201948,
    17.14872080747651,
    17.2479953994573,
    17.347844695797885,
    17.448272023483483,
    17.54928072875939,
    17.6508741772424,
    17.753055754033007,
    17.855828863828197,
    17.95919693103484,
    18.063163399883866,
    18.167731734544954,
    18.27290541924201,
    18.37868795836923,
    18.48508287660791,
    18.592093719043813,
    18.699724051285386,
    18.807977459582485,
    18.916857550945913,
    19.02636795326758,
    19.136512315441436,
    19.247294307484967,
    19.35871762066158,
    19.470785967603508,
    19.58350308243555,
    19.696872720899528,
    19.810898660479367,
    19.925584700526986,
    20.040934662388928,
    20.156952389533622,
    20.27364174767948,
    20.39100662492374,
    20.50905093187194,
    20.627778601768295,
    20.747193590626694,
    20.86729987736255,
    20.988101463925357,
    21.109602375432072,
    21.231806660301174,
    21.354718390387625,
    21.47834166111847,
    21.602680591629365,
    21.72773932490177,
    21.85352202790106,
    21.98003289171529,
    22.107276131694917,
    22.235255987593195,
    22.36397672370747,
    22.493442629021292,
    22.623658017347275,
    22.75462722747085,
    22.88635462329487,
    23.01884459398497,
    23.152101554115813,
    23.286129943818246,
    23.42093422892715,
    23.55651890113033,
    23.692888478118135,
    23.830047503733972,
    23.96800054812574,
    24.10675220789812,
    24.24630710626567,
    24.386669893206957,
    24.527845245619414,
    24.669837867475223,
    24.81265248997802,
    24.9562938717206,
    25.100766798843384,
    25.246076085193987,
    25.39222657248753,
    25.53922313046802,
    25.687070657070585,
    25.83577407858472,
    25.985338349818345,
    26.135768454263005,
    26.28706940425982,
    26.43924624116655,
    26.592304035525597,
    26.746247887232887,
    26.90108292570784,
    27.05681431006432,
    27.213447229282444,
    27.37098690238154,
    27.52943857859408,
    27.68880753754047,
    27.849099089405115,
    28.010318575113224,
    28.172471366508834,
    28.335562866533785,
    28.499598509407782,
    28.664583760809393,
    28.83052411805825,
    28.99742511029813,
    29.165292298681262,
    29.334131276553563,
    29.503947669641096,
    29.6747471362374,
    29.84653536739215,
    30.019318087100682,
    30.193101052494765,
    30.367890054034405,
    30.543690915700857,
    30.720509495190548,
    30.8983516841104,
    31.077223408174017,
    31.257130627399196,
    31.438079336306537,
    31.620075564119084,
    31.803125374963347,
    31.987234868071248,
    32.1724101779834,
    32.3586574747535,
    32.54598296415395,
    32.73439288788256,
    32.92389352377061,
    33.11449118599194,
    33.30619222527339,
    33.49900302910641,
    33.69293002195989,
    33.88797966549416,
    34.08415845877643,
    34.281472938497174,
    34.47992967918806,
    34.67953529344094,
    34.88029643212823,
    35.08221978462452,
    35.285312079029396,
    35.489580082391676,
    35.6950306009349,
    35.901670480284054,
    36.10950660569376,
    36.31854590227762,
    36.528795335238954,
    36.74026191010293,
    36.952952672949955,
    37.16687471065045,
    37.38203515110102,
    37.59844116346196,
    37.81609995839605,
    38.035018788308875,
    38.25520494759048,
    38.47666577285843,
    38.69940864320221,
    38.923440980429184,
    39.14877024931178,
    39.375403957836305,
    39.60334965745306,
    39.83261494332803,
    40.06320745459584,
    40.295134874614405,
    40.528404931220855,
    40.763025396989065,
    40.99900408948863,
    41.23634887154537,
    41.47506765150331,
    41.71516838348814,
    41.956659067672305,
    42.19954775054154,
    42.443842525162985,
    42.689551531454875,
    42.936682956457744,
    43.185245034607185,
    43.435246048008246,
    43.68669432671142,
    43.93959824899013,
    44.193966241620004,
    44.449806780159584,
    44.707128389232686,
    44.965939642812536,
    45.22624916450738,
    45.48806562784793,
    45.7513977565762,
    46.01625432493638,
    46.28264415796699,
    46.5505761317951,
    46.820059173931945,
    47.09110226357057,
    47.36371443188477,
    47.6379047623303,
    47.91368239094725,
    48.19105650666466,
    48.470036351606566,
    48.75063122140009,
    49.032850465485076,
    49.31670348742557,
    49.60219974522325,
    49.88934875163251,
    50.17816007447742,
    50.46864333697057,
    50.76080821803374,
    51.054664452620244,
    51.35022183203949,
    51.64749020428308,
    51.946479474353104,
    52.24719960459198,
    52.549660615014595,
    52.85387258364202,
    53.15984564683739,
    53.46758999964359,
    53.77711589612309,
    54.08843364969939,
    54.40155363350092,
    54.716486280706434,
    55.03324208489279,
    55.35183160038455,
    55.67226544260567,
    55.99455428843325,
    56.318708876553124,
    56.644740007817866,
    56.97265854560655,
    57.302475416186745,
    57.634201609078666,
    57.96784817742127,
    58.30342623834048,
    58.64094697331972,
    58.98042162857245,
    59.32186151541685,
    59.6652780106528,
    60.010682556940914,
    60.358086663183734,
    60.7075019049093,
    61.058939924656805,
    61.41241243236462,
    61.76793120576026,
    62.12550809075311,
    62.48515500182882,
    62.84688392244653,
    63.21070690543802,
    63.57663607340948,
    63.944683619145174,
    64.314861806014,
    64.68718296837785,
    65.06165951200276,
    65.43830391447217,
    65.81712872560276,
    66.19814656786261,
    66.58137013679166,
    66.96681220142486,
    67.35448560471755,
