{
  "cm_at_c1": {
    "TP": 0,
    "TN": 92,
    "FP": 0,
    "FN": 38,
    "precision": 0.0,
    "recall": 0.0,
    "accuracy": 0.7076923076923077,
    "F1": 0.0
  },
  "pr_auc": 0.3511851947639064,
  "roc_auc": 0.5989702517162472,
  "prevalence": 0.2923076923076923,
  "normalized_auprc": 0.08319647086204165,
  "c_grid": [
    2.688721372708917,
    2.710972776104689,
    2.73340832835207,
    2.7560295534358152,
    2.778837987952919,
    2.801835181216994,
    2.825022695363509,
    2.848402105455902,
    2.8719749995925707,
    2.895742979014745,
    2.9197076582152577,
    2.9438706650482107,
    2.9682336408395513,
    2.9927982404985625,
    3.017566132630277,
    3.0425389996488206,
    3.0677185378916936,
    3.093106457734999,
    3.1187044837096227,
    3.1445143546183765,
    3.1705378236541115,
    3.1967766585188047,
    3.2232326415436368,
    3.249907569810059,
    3.276803255271865,
    3.303921524878274,
    3.331264220698024,
    3.3588332000445047,
    3.3866303356019176,
    3.4146575155524794,
    3.4429166437046876,
    3.4714096396226344,
    3.500138438756399,
    3.52910499257352,
    3.5583112686915497,
    3.587759251011713,
    3.617450939853663,
    3.647388352091362,
    3.677573521290079,
    3.7080084978445247,
    3.7386953491181325,
    3.7696361595834835,
    3.800833030963901,
    3.8322880823762175,
    3.864003450474715,
    3.895981289596268,
    3.9282237719066777,
    3.9607330875482205,
    3.993511444788422,
    4.026561070170054,
    4.059884208662384,
    4.09348312381366,
    4.1273600979048775,
    4.161517432104801,
    4.195957446626277,
    4.2306824808838455,
    4.265694893652643,
    4.30099706322863,
    4.336591387590142,
    4.372480284560778,
    4.408666191973637,
    4.445151567836913,
    4.481938890500858,
    4.519030658826132,
    4.556429392353545,
    4.594137631475199,
    4.632157937607054,
    4.67049289336291,
    4.709145102729847,
    4.7481171912450995,
    4.787411806174408,
    4.827031616691828,
    4.866979314061058,
    4.907257611818233,
    4.947869245956256,
    4.988816975110648,
    5.030103580746924,
    5.071731867349544,
    5.113704662612404,
    5.156024817630915,
    5.198695207095677,
    5.2417187294877365,
    5.285098307275484,
    5.3288368871131615,
    5.372937440041023,
    5.417402961687154,
    5.462236472470942,
    5.507441017808265,
    5.553019668318342,
    5.598975520032316,
    5.645311694603567,
    5.692031339519742,
    5.73913762831657,
    5.786633760793422,
    5.8345229632306665,
    5.88280848860883,
    5.931493616829542,
    5.980581654938357,
    6.0300759373493715,
    6.079979826071732,
    6.130296710938004,
    6.181030009834431,
    6.23218316893311,
    6.283759662926073,
    6.335762995261313,
    6.388196698380773,
    6.44106433396028,
    6.494369493151495,
    6.548115796825837,
    6.6023068958204485,
    6.656946471186184,
    6.712038234437644,
    6.767585927805308,
    6.823593324489712,
    6.880064228917767,
    6.9370024770011804,
    6.994411936397005,
    7.052296506770382,
    7.110660120059415,
    7.169506740742264,
    7.22884036610644,
    7.288665026520326,
    7.348984785706961,
    7.40980374102006,
    7.471126023722347,
    7.532955799266179,
    7.595297267576489,
    7.658154663336085,
    7.7215322562732895,
    7.785434351451971,
    7.8498652895639855,
    7.914829447224015,
    7.980331237266871,
    8.046375109047231,
    8.112965548741888,
    8.180107079654471,
    8.247804262522703,
    8.316061695828207,
    8.384884016108856,
    8.454275898273732,
    8.524242055920668,
    8.59478724165644,
    8.665916247419597,
    8.737633904805952,
    8.809945085396794,
    8.882854701089794,
    8.956367704432656,
    9.030489088959534,
    9.105223889530226,
    9.180577182672176,
    9.256554086925307,
    9.333159763189725,
    9.410399415076258,
    9.488278289259949,
    9.56680167583643,
    9.645974908681271,
    9.725803365812295,
    9.806292469754888,
    9.887447687910347,
    9.969274532927251,
    10.051778563075924,
    10.134965382626001,
    10.218840642227107,
    10.303410039292675,
    10.38867931838698,
    10.474654271615345,
    10.561340739017558,
    10.648744608964591,
    10.736871818558608,
    10.825728354036194,
    10.915320251175018,
    11.005653595703842,
    11.096734523715886,
    11.188569222085622,
    11.281163928889066,
    11.374524933827502,
    11.468658578654697,
    11.563571257607702,
    11.659269417841223,
    11.755759559865496,
    11.853048237987883,
    11.951142060758102,
    12.050047691417104,
    12.149771848349685,
    12.250321305540867,
    12.351702893036036,
    12.45392349740486,
    12.556990062209087,
    12.660909588474247,
    12.765689135165138,
    12.871335819665356,
    12.977856818260781,
    13.085259366627017,
    13.193550760320877,
    13.302738355275984,
    13.412829568302433,
    13.523831877590565,
    13.635752823218962,
    13.74860000766663,
    13.862381096329415,
    13.977103818040652,
    14.09277596559622,
    14.209405396283861,
    14.327000032416874,
    14.445567861872311,
    14.565116938633539,
    14.685655383337314,
    14.807191383825417,
    14.929733195700827,
    15.053289142888502,
    15.177867618200775,
    15.303477083907493,
    15.43012607231082,
    15.557823186324786,
    15.686577100059706,
    15.816396559411363,
    15.947290382655083,
    16.079267461044743,
    16.212336759416758,
    16.346507316799,
    16.481788247024785,
    16.61818873935201,
    16.755718059087307,
    16.894385548215393,
    17.034200626033694,
    17.175172789792157,
    17.31731161533834,
    17.460626757767898,
    17.605127952080437,
    17.750825013840785,
    17.897727839845686,
    18.045846408796137,
    18.195190781975167,
    18.345771103931266,
    18.49759760316751,
    18.650680592836338,
    18.80503047144008,
    18.960657723537313,
    19.11757292045506,
    19.275786721006867,
    19.435309872216784,
    19.596153210049444,
    19.758327660146094,
    19.921844238566717,
    20.086714052538337,
    20.252948301209578,
    20.42055827641125,
    20.58955536342346,
    20.759951041748998,
    20.931756885893062,
    21.104984566149483,
    21.279645849393486,
    21.455752599880977,
    21.633316780054415,
    21.81235045135539,
    21.992865775044013,
    22.174875013024867,
    22.35839052867999,
    22.5434247877087,
    22.729990358974337,
    22.918099915357995,
    23.10776623461942,
    23.299002200264937,
    23.491820802422573,
    23.686235138724438,
    23.88225841519651,
    24.079903947155525,
    24.279185160113542,
    24.48011559068992,
    24.682708887530783,
    24.886978812236105,
    25.092939240294573,
    25.300604162026072,
    25.509987683531985,
    25.721104027653393,
    25.933967534937274,
    26.148592664610476,
    26.364993995561978,
    26.583186227333197,
    26.80318418111648,
    27.025002800761822,
    27.248657153791978,
    27.47416243242606,
    27.701533954611328,
    27.930787165063794,
    28.161937636317397,
    28.395001069781664,
    28.62999329680832,
    28.866930279766766,
    29.1058281131282,
    29.346703024558956,
    29.589571376022764,
    29.834449664892293,
    30.081354525069585,
    30.330302728116045,
    30.581311184391772,
    30.834396944204055,
    31.08957719896564,
    31.346869282362597,
    31.60629067153155,
    31.86785898824699,
    32.1315920001182,
    32.397507621796265,
    32.66562391619084,
    32.935959095697136,
    33.208531523433166,
    33.483359714486916,
    33.76046233717413,
    34.039858214306356,
    34.321566324469636,
    34.60560580331347,
    34.8919959448508,
    35.180756202768606,
    35.47190619174921,
    35.76546568880275,
    36.06145463461063,
    36.35989313487986,
    36.66080146170893,
    36.96420005496474,
    37.27010952367119,
    37.57855064740887,
    37.88954437772664,
    38.203111839564976,
    38.519274332690664,
    38.83805333314376,
    39.159470494696514,
    39.483547650324006,
