{
  "cm_at_c1": {
    "TP": 0,
    "TN": 130,
    "FP": 0,
    "FN": 50,
    "precision": 0.0,
    "recall": 0.0,
    "accuracy": 0.7222222222222222,
    "F1": 0.0
  },
  "pr_auc": 0.3785530541320446,
  "roc_auc": 0.5925384615384615,
  "prevalence": 0.2777777777777778,
  "normalized_auprc": 0.1395349980289848,
  "auprg": NaN,
  "ece_rank": 0.2607120933087784,
  "c_grid": [
    2.2278002139024995,
    2.2465438608125665,
    2.265445207814993,
    2.2845055817230304,
    2.303726320513106,
    2.3231087734187397,
    2.342654301025259,
    2.362364275365305,
    2.382240080015148,
    2.402283110191807,
    2.4224947728509902,
    2.44287648678586,
    2.463429682726627,
    2.4841558034409807,
    2.5050563038353713,
    2.526132651057135,
    2.5473863245974857,
    2.5688188163953694,
    2.5904316309421946,
    2.6122262853874405,
    2.6342043096451584,
    2.656367246501366,
    2.6787166517223446,
    2.70125409416385,
    2.723981155881242,
    2.746899432240537,
    2.7700105320304016,
    2.7933160775750783,
    2.816817704848274,
    2.8405170635879946,
    2.8644158174123553,
    2.8885156439363593,
    2.9128182348896603,
    2.9373252962353176,
    2.962038548289549,
    2.986959725842492,
    3.012090578279978,
    3.037432869706336,
    3.062988379068227,
    3.088758900279519,
    3.1147462423472128,
    3.1409522294984336,
    3.1673787013084787,
    3.1940275128299556,
    3.2209005347229978,
    3.2479996533865787,
    3.275326771090932,
    3.3028838061110872,
    3.33067269286152,
    3.358695382031946,
    3.3869538407242543,
    3.4154500525905895,
    3.4441860179725965,
    3.4731637540418387,
    3.502385294941401,
    3.531852691928672,
    3.5615680135193446,
    3.5915333456326115,
    3.621750791737596,
    3.652222473001002,
    3.682950528436022,
    3.713937115052478,
    3.745184408008248,
    3.776694600761946,
    3.8084699052268984,
    3.840512551926417,
    3.87282479015037,
    3.9054088881130755,
    3.9382671331125225,
    3.9714018316909354,
    4.004815309796682,
    4.03850991294755,
    4.072488006395389,
    4.106751975292153,
    4.141304224857323,
    4.176147180546748,
    4.211283288222902,
    4.246715014326585,
    4.282444846050043,
    4.3184752915115725,
    4.354808879931582,
    4.39144816181013,
    4.428395709105965,
    4.465654115417067,
    4.503225996162711,
    4.541113988767063,
    4.579320752844312,
    4.6178489703853725,
    4.656701345946151,
    4.695880606837393,
    4.735389503316134,
    4.775230808778761,
    4.8154073199556935,
    4.855921857107701,
    4.896777264223883,
    4.937976409221305,
    4.979522184146317,
    5.021417505377564,
    5.063665313830708,
    5.106268575164874,
    5.149230279990822,
    5.192553444080885,
    5.236241108580662,
    5.2802963402225025,
    5.324722231540773,
    5.369521901088948,
    5.4146984936585225,
    5.460255180499765,
    5.506195159544329,
    5.552521655629734,
    5.599237920725748,
    5.646347234162656,
    5.693852902861462,
    5.741758261566022,
    5.7900666730771375,
    5.83878152848861,
    5.887906247425281,
    5.937444278283081,
    5.987399098471103,
    6.0377742146556965,
    6.088573163006623,
    6.13979950944529,
    6.191456849895068,
    6.243548810533703,
    6.296079048047871,
    6.349051249889865,
    6.40246913453644,
    6.456336451749835,
    6.510656982841,
    6.565434540935029,
    6.620672971238831,
    6.676376151311045,
    6.732547991334238,
    6.7891924343893875,
    6.846313456732671,
    6.903915068074584,
    6.962001311861409,
    7.02057626555906,
    7.0796440409392964,
    7.139208784368367,
    7.199274677098058,
    7.259845935559218,
    7.320926811657725,
    7.38252159307297,
    7.44463460355882,
    7.507270203247152,
    7.570432788953903,
    7.634126794487721,
    7.698356690961205,
    7.763126987104755,
    7.8284422295830804,
    7.894307003314351,
    7.9607259317920525,
    8.02770367740953,
    8.09524494178729,
    8.163354466103012,
    8.2320370314244,
    8.301297459044758,
    8.371140610821467,
    8.44157138951724,
    8.5125947391443,
    8.584215645311428,
    8.656439135573931,
    8.729270279786574,
    8.802714190459447,
    8.876776023116868,
    8.951460976659265,
    9.026774293728142,
    9.102721261074072,
    9.179307209927835,
    9.256537516374626,
    9.33441760173147,
    9.412952932927746,
    9.492149022888983,
    9.572011430923814,
    9.652545763114258,
    9.733757672709219,
    9.815652860521334,
    9.898237075327168,
    9.981516114270732,
    10.06549582327045,
    10.1501820974295,
    10.235580881449653,
    10.321698170048546,
    10.408540008380532,
    10.496112492460977,
    10.584421769594229,
    10.673474038805114,
    10.763275551274079,
    10.853832610776035,
    10.945151574122841,
    11.037238851609514,
    11.130100907464271,
    11.223744260302226,
    11.318175483583,
    11.413401206072203,
    11.509428112306676,
    11.606262943063774,
    11.703912495834539,
    11.80238362530084,
    11.901683243816576,
    12.001818321892896,
    12.102795888687478,
    12.20462303249801,
    12.307306901259691,
    12.410854703047065,
    12.515273706579961,
    12.620571241733733,
    12.726754700053823,
    12.833831535274605,
    12.941809263842593,
    13.050695465444115,
    13.160497783537355,
    13.271223925888881,
    13.382881665114772,
    13.49547883922614,
    13.609023352179403,
    13.723523174431097,
    13.83898634349735,
    13.955420964518131,
    14.072835210826188,
    14.191237324520756,
    14.31063561704621,
    14.431038469775393,
    14.552454334598044,
    14.674891734514075,
    14.798359264231813,
    14.922865590771389,
    15.048419454073095,
    15.175029667610884,
    15.302705119011096,
    15.43145477067631,
    15.56128766041445,
    15.692212902073294,
    15.824239686180126,
    15.95737728058697,
    16.091635031121125,
    16.227022362241204,
    16.36354877769873,
    16.501223861205244,
    16.64005727710505,
    16.780058771053646,
    16.921238170701816,
    17.06360538638548,
    17.207170411821437,
    17.351943324808797,
    17.49793428793649,
    17.64515354929662,
    17.793611443203798,
    17.943318390920673,
    18.0942849013894,
    18.246521571969335,
    18.400039089181004,
    18.55484822945615,
    18.710959859894317,
    18.86838493902561,
    19.027134517579963,
    19.187219739262897,
    19.348651841537745,
    19.511442156414457,
    19.675602111245144,
    19.84114322952619,
    20.008077131707132,
    20.176415536006495,
    20.346170259234228,
    20.517353217621302,
    20.689976427656184,
    20.86405200692829,
    21.03959217497868,
    21.216609254157795,
    21.395115670490412,
    21.57512395454801,
    21.75664674232824,
    21.939696776142046,
    22.124286905508093,
    22.31043008805472,
    22.498139390429593,
    22.687427989216918,
    22.878309171862348,
    23.070796337605795,
    23.26490299842196,
    23.460642779968854,
    23.658029422544246,
    23.857076782050225,
    24.057798830965815,
    24.260209659327828,
    24.464323475719866,
    24.670154608269808,
    24.87771750565555,
    25.087026738119263,
    25.29809699849015,
    25.51094310321589,
    25.72557999340269,
    25.942022735864033,
    26.16028652417842,
    26.38038667975586,
    26.602338652913378,
    26.826158023959575,
    27.051860504288346,
    27.27946193748174,
    27.508978300422168,
    27.74042570441383,
    27.97382039631381,
    28.209178759672458,
    28.44651731588351,
    28.68585272534378,
    28.927201788622735,
    29.17058144764182,
    29.416008786863667,
    29.663501034491457,
    29.91307556367823,
    30.164749893746464,
    30.418541691417783,
    30.674468772053228,
    30.93254910090376,
    31.192800794371394,
    31.455242121280858,
    31.71989150416208,
    31.986767520543353,
    32.25588890425543,
    32.52727454674652,
    32.80094349840849,
    33.07691496991414,
    33.355208333565606,
    33.63584312465439,
    33.91883904283259,
