{
  "c": 0.05,
  "f1": 0.6021505376344086,
  "prec": 0.4666666666666667,
  "rec": 0.8484848484848485,
  "tp": 28,
  "fp": 32,
  "fn": 5,
  "tn": 15
}