{
  "cm_at_c1": {
    "TP": 0,
    "TN": 122,
    "FP": 0,
    "FN": 58,
    "precision": 0.0,
    "recall": 0.0,
    "accuracy": 0.6777777777777778,
    "F1": 0.0
  },
  "pr_auc": 0.3353722591555023,
  "roc_auc": 0.5007066139061617,
  "prevalence": 0.32222222222222224,
  "normalized_auprc": 0.019401693835986944,
  "auprg": NaN,
  "ece_rank": 0.2885205647636587,
  "c_grid": [
    5.558394148263419,
    5.5981968885997615,
    5.638284649770543,
    5.678659472762776,
    5.719323413178643,
    5.760278541340152,
    5.8015269423945455,
    5.84307071642046,
    5.884911978534848,
    5.927052859000663,
    5.969495503335319,
    6.012242072419926,
    6.055294742609305,
    6.098655705842795,
    6.1423271697558475,
    6.1863113577924285,
    6.2306105093182165,
    6.275226879734618,
    6.320162740593593,
    6.3654203797133135,
    6.411002101294635,
    6.456910226038414,
    6.503147091263665,
    6.549715051026555,
    6.596616476240254,
    6.643853754795654,
    6.691429291682937,
    6.7393455091140195,
    6.78760484664588,
    6.836209761304756,
    6.885162727711248,
    6.934466238206301,
    6.984122802978105,
    7.0341349501898875,
    7.084505226108638,
    7.13523619523474,
    7.186330440432542,
    7.2377905630618535,
    7.2896191831103945,
    7.34181893932718,
    7.394392489356873,
    7.447342509875087,
    7.500671696724668,
    7.5543827650529485,
    7.608478449449976,
    7.662961504087748,
    7.717834702860433,
    7.773100839525595,
    7.828762727846433,
    7.884823201735039,
    7.941285115396681,
    7.998151343475117,
    8.055424781198953,
    8.113108344529051,
    8.171204970306984,
    8.229717616404557,
    8.28864926187441,
    8.348002907101687,
    8.40778157395679,
    8.467988305949238,
    8.528626168382614,
    8.589698248510635,
    8.651207655694328,
    8.713157521560346,
    8.775551000160394,
    8.838391268131826,
    8.901681524859365,
    8.965424992638,
    9.029624916837045,
    9.09428456606536,
    9.159407232337774,
    9.224996231242692,
    9.291054902110897,
    9.357586608185564,
    9.424594736793502,
    9.492082699517603,
    9.560053932370533,
    9.628511895969687,
    9.697460075713362,
    9.766901981958219,
    9.836841150197994,
    9.90728114124352,
    9.978225541403997,
    10.049677962669598,
    10.121642042895347,
    10.194121445986376,
    10.267119862084396,
    10.340641007755636,
    10.414688626180036,
    10.489266487341826,
    10.56437838822147,
    10.640028152988982,
    10.716219633198621,
    10.792956707984992,
    10.870243284260537,
    10.948083296914456,
    11.026480709013033,
    11.10543951200142,
    11.18496372590684,
    11.265057399543274,
    11.345724610717582,
    11.42696946643713,
    11.508796103118877,
    11.591208686799986,
    11.67421141334992,
    11.757808508684063,
    11.842004228978888,
    11.92680286088864,
    12.01220872176359,
    12.098226159869817,
    12.184859554610657,
    12.272113316749573,
    12.359991888634836,
    12.448499744425575,
    12.53764139031969,
    12.627421364783169,
    12.717844238781247,
    12.808914616011045,
    12.900637133136021,
    12.993016460022009,
    13.086057299974973,
    13.179764389980479,
    13.274142500944857,
    13.369196437938111,
    13.464931040438557,
    13.561351182579209,
    13.658461773395944,
    13.756267757077431,
    13.854774113216859,
    13.953985857065454,
    14.053908039787832,
    14.154545748719153,
    14.255904107624154,
    14.357988276957995,
    14.460803454129005,
    14.564354873763287,
    14.668647807971245,
    14.773687566615987,
    14.87947949758367,
    14.986028987055784,
    15.093341459783366,
    15.201422379363212,
    15.310277248515995,
    15.419911609366514,
    15.530331043725747,
    15.641541173375156,
    15.753547660352787,
    15.866356207241667,
    15.979972557460014,
    16.094402495553773,
    16.20965184749101,
    16.325726480958622,
    16.442632305661025,
    16.560375273621048,
    16.67896137948298,
    16.79839666081776,
    16.918687198430373,
    17.03983911666944,
    17.161858583739033,
    17.284751812012704,
    17.408525058349795,
    17.533184624413977,
    17.658736856994086,
    17.785188148327272,
    17.91254493642443,
    18.040813705397984,
    18.17000098579202,
    18.300113354914764,
    18.43115743717346,
    18.56313990441164,
    18.696067476248796,
    18.82994692042249,
    18.964785053132974,
    19.100588739390123,
    19.23736489336308,
    19.375120478732132,
    19.513862509043406,
    19.653598048065792,
    19.794334210150744,
    19.936078160594327,
    20.07883711600218,
    20.222618344656784,
    20.36742916688767,
    20.513276955443956,
    20.66016913586987,
    20.80811318688267,
    20.957116640753508,
    21.10718708369087,
    21.258332156226835,
    21.41055955360605,
    21.56387702617755,
    21.718292379789332,
    21.873813476185777,
    22.030448233407917,
    22.188204626196562,
    22.347090686398328,
    22.50711450337455,
    22.668284224413135,
    22.830608055143383,
    22.994094259953737,
    23.15875116241256,
    23.324587145691925,
    23.49161065299436,
    23.659830187982855,
    23.82925431521363,
    23.999891660572356,
    24.171750911713172,
    24.344840818501144,
    24.519170193457587,
    24.694747912208914,
    24.871582913938344,
    25.04968420184119,
    25.229060843583063,
    25.409721971761734,
    25.591676784371877,
    25.774934545273606,
    25.959504584663897,
    26.145396299551777,
    26.332619154236692,
    26.52118268079037,
    26.711096479542118,
    26.902370219567615,
    27.095013639181197,
    27.28903654643165,
    27.484448819601575,
    27.68126040771032,
    27.879481331020514,
    28.079121681548227,
    28.280191623576787,
    28.48270139417427,
    28.686661303714704,
    28.892081736402996,
    29.09897315080363,
    29.30734608037313,
    29.517211133996383,
    29.728578996526682,
    29.941460429329886,
    30.1558662708321,
    30.371807437071716,
    30.589294922254957,
    30.808339799315856,
    31.02895322047977,
    31.251146417831418,
    31.474930703886496,
    31.700317472167878,
    31.927318197785443,
    32.155944438020555,
    32.38620783291423,
    32.61812010586002,
    32.85169306420066,
    33.086938599829345,
    33.323868689795155,
    33.56249539691284,
    33.80283087037694,
    34.0448873463804,
    34.2886771487375,
    34.534212689511314,
    34.78150646964565,
    35.03057107960149,
    35.28141919999806,
    35.53406360225836,
    35.788517149259455,
    36.044792795987334,
    36.302903590196514,
    36.56286267307431,
    36.82468327990991,
    37.08837874076817,
    37.35396248116845,
    37.62144802276787,
    37.89084898405007,
    38.16217908101824,
    38.435452127893726,
    38.71068203781912,
    38.98788282356683,
    39.26706859825229,
    39.54825357605275,
    39.83145207293069,
    40.11667850736297,
    40.403947401074625,
    40.69327337977852,
    40.98467117391968,
    41.2781556194255,
    41.57374165846096,
    41.87144434018944,
    42.17127882153885,
    42.47326036797337,
    42.777404354270644,
    43.08372626530455,
    43.39224169683359,
    43.702966356294894,
    44.01591606360396,
    44.33110675196009,
    44.648554468657586,
    44.96827537590275,
    45.29028575163679,
    45.61460199036454,
    45.94124060398918,
    46.270218222652886,
    46.601551595583565,
    46.93525759194746,
    47.271353201708315,
    47.60985553649197,
    47.95078183045799,
    48.294149441176714,
    48.639975850513366,
    48.988278665517704,
    49.33907561932086,
    49.69238457203779,
    50.04822351167695,
    50.406610555055785,
    50.76756394872344,
    51.1311020698894,
    51.497243427359486,
    51.866006662477844,
    52.23741055007631,
    52.61147399943014,
    52.9882160552208,
    53.36765589850555,
    53.74981284769403,
    54.134706359531826,
    54.52235603009103,
    54.912781595768,
    55.30600293428814,
    55.70204006571794,
    56.10091315348429,
