{
  "cm_at_c1": {
    "TP": 0,
    "TN": 125,
    "FP": 0,
    "FN": 55,
    "precision": 0.0,
    "recall": 0.0,
    "accuracy": 0.6944444444444444,
    "F1": 0.0
  },
  "pr_auc": 0.314318404665367,
  "roc_auc": 0.5496727272727272,
  "prevalence": 0.3055555555555556,
  "normalized_auprc": 0.012618502718128415,
  "auprg": NaN,
  "ece_rank": 0.2741866175567833,
  "c_grid": [
    3.909664556936165,
    3.9386244861616406,
    3.967798929314981,
    3.9971894753581254,
    4.026797725022874,
    4.056625290898078,
    4.0866737975174665,
    4.116944881448118,
    4.147440191379605,
    4.178161388213784,
    4.209110145155251,
    4.240288147802478,
    4.271697094239615,
    4.303338695128974,
    4.3352146738042,
    4.367326766364131,
    4.399676721767349,
    4.432266301927444,
    4.465097281808967,
    4.498171449524109,
    4.53149060643008,
    4.56505656722723,
    4.598871160057873,
    4.632936226605864,
    4.667253622196903,
    4.701825215899584,
    4.7366528906271865,
    4.771738543240234,
    4.807084084649802,
    4.8426914399215955,
    4.878562548380795,
    4.91469936371768,
    4.9511038540940335,
    4.98777800225034,
    5.024723805613775,
    5.061943276406985,
    5.099438441757691,
    5.1372113438090885,
    5.175264039831074,
    5.213598602332289,
    5.252217119173002,
    5.291121693678821,
    5.330314444755244,
    5.3697975070030735,
    5.4095730308346655,
    5.449643182591055,
    5.490010144659946,
    5.530676115594569,
    5.571643310233427,
    5.612913959820919,
    5.654490312128873,
    5.696374631578958,
    5.738569199366021,
    5.781076313582327,
    5.8238982893427265,
    5.867037458910744,
    5.9104961718255975,
    5.954276795030174,
    5.998381712999938,
    6.042813327872799,
    6.087574059579946,
    6.132666345977639,
    6.178092642979994,
    6.22385542469274,
    6.269957183547965,
    6.31640043043987,
    6.363187694861511,
    6.41032152504259,
    6.45780448808821,
    6.5056391701187195,
    6.553828176410542,
    6.602374131538087,
    6.651279679516683,
    6.7005474839465835,
    6.750180228158045,
    6.800180615357465,
    6.850551368774615,
    6.901295231810955,
    6.952414968189048,
    7.003913362103096,
    7.055793218370565,
    7.108057362584955,
    7.160708641269691,
    7.213749922033154,
    7.267184093724875,
    7.321014066592854,
    7.37524277244208,
    7.429873164794207,
    7.484908219048403,
    7.540350932643427,
    7.596204325220851,
    7.652471438789551,
    7.709155337891366,
    7.766259109768022,
    7.823785864529265,
    7.88173873532225,
    7.9401208785022,
    7.998935473804294,
    8.058185724516864,
    8.117874857655853,
    8.178006124140566,
    8.238582798970752,
    8.299608181404937,
    8.36108559514015,
    8.423018388492927,
    8.485409934581675,
    8.548263631510398,
    8.611582902553755,
    8.675371196343518,
    8.739631987056395,
    8.804368774603253,
    8.869585084819727,
    8.935284469658253,
    9.001470507381548,
    9.068146802757449,
    9.13531698725529,
    9.202984719243664,
    9.271153684189668,
    9.339827594859656,
    9.40901019152141,
    9.478705242147894,
    9.548916542622447,
    9.619647916945521,
    9.690903217442976,
    9.762686324975867,
    9.835001149151825,
    9.907851628537992,
    9.981241730875524,
    10.055175453295702,
    10.12965682253761,
    10.204689895167489,
    10.280278757799625,
    10.356427527318955,
    10.43314035110529,
    10.510421407259178,
    10.588274904829488,
    10.666705084042619,
    10.745716216533477,
    10.8253126055781,
    10.905498586328031,
    10.986278526046462,
    11.06765682434605,
    11.149637913428554,
    11.232226258326254,
    11.315426357145109,
    11.399242741309742,
    11.483679975810245,
    11.568742659450834,
    11.654435425100273,
    11.740762939944219,
    11.827729905739446,
    11.915341059069865,
    12.003601171604554,
    12.092515050357596,
    12.182087537949933,
    12.272323512873074,
    12.363227889754818,
    12.454805619626946,
    12.54706169019483,
    12.64000112610911,
    12.733628989239367,
    12.827950378949799,
    12.922970432376948,
    13.018694324709495,
    13.115127269470145,
    13.212274518799537,
    13.310141363742321,
    13.408733134535339,
    13.508055200897926,
    13.608112972324323,
    13.708911898378377,
    13.810457468990307,
    13.912755214755697,
    14.015810707236724,
    14.119629559265638,
    14.224217425250416,
    14.329580001482741,
    14.435723026448267,
    14.542652281139143,
    14.650373589368854,
    14.758892818089429,
    14.868215877710995,
    14.978348722423647,
    15.089297350521754,
    15.201067804730668,
    15.313666172535827,
    15.427098586514257,
    15.54137122466866,
    15.656490310763852,
    15.772462114665718,
    15.88929295268271,
    16.006989187909898,
    16.125557230575456,
    16.24500353838984,
    16.365334616897513,
    16.48655701983123,
    16.608677349468987,
    16.731702256993607,
    16.85563844285503,
    16.980492657135205,
    17.106271699915716,
    17.2329824216482,
    17.36063172352742,
    17.489226557867088,
    17.618773928478603,
    17.749280891052457,
    17.88075455354252,
    18.013202076553153,
    18.14663067372927,
    18.281047612149145,
    18.41646021272024,
    18.55287585057795,
    18.69030195548728,
    18.828746012247446,
    18.968215561099594,
    19.108718198137463,
    19.250261575721062,
    19.392853402893472,
    19.53650144580074,
    19.681213528114824,
    19.82699753145969,
    19.9738613958406,
    20.121813120076585,
    20.270860762236026,
    20.42101244007558,
    20.572276331482314,
    20.72466067491907,
    20.878173769873168,
    21.03282397730848,
    21.188619720120773,
    21.345569483596414,
    21.50368181587456,
    21.66296532841276,
    21.823428696455878,
    21.98508065950864,
    22.147930021811643,
    22.31198565282084,
    22.477256487690596,
    22.643751527760344,
    22.81147984104487,
    22.980450562728148,
    23.150672895660886,
    23.322156110861805,
    23.4949095480225,
    23.668942616016153,
    23.84426479341001,
    24.020885628981592,
    24.198814742238742,
    24.37806182394357,
    24.55863663664027,
    24.74054901518679,
    24.923808867290486,
    25.108426174047775,
    25.294410990487716,
    25.481773446119632,
    25.670523745484825,
    25.8606721687124,
    26.05222907207908,
    26.245204888573294,
    26.439610128463446,
    26.635455379870265,
    26.832751309343507,
    27.03150866244295,
    27.231738264323592,
    27.43345102032523,
    27.636657916566403,
    27.84137002054283,
    28.047598481730063,
    28.255354532190808,
    28.464649487186684,
    28.675494745794474,
    28.887901791526932,
    29.101882192958268,
    29.317447604354246,
    29.534609766306843,
    29.75338050637374,
    29.97377173972254,
    30.195795469779622,
    30.41946378888396,
    30.64478887894573,
    30.871783012109777,
    31.10045855142397,
    31.330827951512564,
    31.562903759254603,
    31.79669861446715,
    32.03222525059378,
    32.26949649539812,
    32.50852527166245,
    32.74932459789154,
    32.99190758902166,
    33.23628745713501,
    33.482477512179145,
    33.73049116269195,
    33.98034191653196,
    34.23204338161403,
    34.485609266650414,
    34.74105338189752,
    34.99838963990803,
    35.257632056288536,
    35.518794750463016,
    35.781891946441824,
    36.0469379735963,
    36.31394726743927,
    36.58293437041129,
    36.853913932672654,
    37.12690071290128,
    37.40190957909655,
    37.67895550938912,
    37.95805359285664,
    38.23921903034556,
    38.52246713529911,
    38.80781333459129,
    39.095273169366955,
    39.38486229588852,
    39.67659648638847,
    39.97049162992835,
    40.2665637332643,
    40.564828921718785,
    40.865303440058845,
    41.16800365338074,
    41.47294604800148,
    41.78014723235665,
    42.08962393790479,
    42.401393020038974,
    42.715471459004625,
    43.03187636082442,
