{
  "c": 0.05,
  "f1": 0.3116883116883117,
  "prec": 0.2,
  "rec": 0.7058823529411765,
  "tp": 12,
  "fp": 48,
  "fn": 5,
  "tn": 15
}