{
  "cm_at_c1": {
    "TP": 0,
    "TN": 125,
    "FP": 0,
    "FN": 52,
    "precision": 0.0,
    "recall": 0.0,
    "accuracy": 0.7062146892655368,
    "F1": 0.0
  },
  "pr_auc": 0.3358627867143607,
  "roc_auc": 0.5683076923076923,
  "prevalence": 0.2937853107344633,
  "normalized_auprc": 0.05958170598753474,
  "c_grid": [
    3.0947972495277507,
    3.117862221281837,
    3.141099092155356,
    3.164509143281776,
    3.188093665342625,
    3.2118539586386494,
    3.2357913331615054,
    3.2599071086659834,
    3.284202614742771,
    3.3086791908917568,
    3.333338186595885,
    3.3581809613955524,
    3.3832088849635724,
    3.4084233371806816,
    3.4338257082116233,
    3.4594173985817895,
    3.485199819254439,
    3.5111743917084883,
    3.537342548016882,
    3.5637057309255478,
    3.590265393932943,
    3.6170230013701907,
    3.64398002848181,
    3.6711379615070547,
    3.6984982977618563,
    3.726062545721373,
    3.7538322251031606,
    3.781808866950957,
    3.8099940137190975,
    3.8383892193575537,
    3.866996049397609,
    3.8958160810381726,
    3.924850903232735,
    3.954102116776975,
    3.9835713343970145,
    4.013260180838337,
    4.043170292955362,
    4.073303319801695,
    4.103660922721042,
    4.13424477543881,
    4.165056564154378,
    4.196097987634075,
    4.227370757304827,
    4.258876597348522,
    4.290617244797065,
    4.322594449628154,
    4.354809974861756,
    4.387265596657312,
    4.4199631044116625,
    4.452904300857703,
    4.486091002163776,
    4.519525038033802,
    4.553208251808159,
    4.587142500565311,
    4.6213296552242,
    4.6557716006473875,
    4.690470235744984,
    4.7254274735793365,
    4.760645241470503,
    4.796125481102518,
    4.831870148630435,
    4.867881214788186,
    4.904160664997233,
    4.940710499476026,
    4.977532733350287,
    5.014629396764113,
    5.0520025349919,
    5.08965420855111,
    5.127586493315875,
    5.165801480631446,
    5.204301277429495,
    5.243088006344284,
    5.282163805829686,
    5.321530830277089,
    5.36119125013418,
    5.401147252024601,
    5.441401038868511,
    5.48195483000404,
    5.522810861309649,
    5.563971385327404,
    5.605438671387161,
    5.6472150057316925,
    5.689302691642727,
    5.731704049567938,
    5.774421417248887,
    5.817457149849903,
    5.860813620087936,
    5.9044932183633705,
    5.9484983528918205,
    5.9928314498369,
    6.037494953443988,
    6.0824913261749884,
    6.1278230488440935,
    6.173492620754562,
    6.219502559836514,
    6.265855402785752,
    6.312553705203623,
    6.359600041737911,
    6.4069970062247945,
    6.454747211831847,
    6.502853291202114,
    6.5513178965992624,
    6.600143700053805,
    6.649333393510423,
    6.698889688976378,
    6.748815318671039,
    6.799113035176521,
    6.84978561158944,
    6.900835841673808,
    6.952266540015057,
    7.00408054217523,
    7.056280704849302,
    7.1088699060226865,
    7.161851045129912,
    7.215227043214472,
    7.269000843089878,
    7.323175409501903,
    7.377753729292046,
    7.432738811562198,
    7.488133687840554,
    7.543941412248742,
    7.600165061670217,
    7.656807735919901,
    7.713872557915077,
    7.771362673847577,
    7.829281253357239,
    7.88763148970666,
    7.946416599957255,
    8.005639825146622,
    8.065304430467236,
    8.125413705446467,
    8.18597096412795,
    8.246979545254288,
    8.308442812451142,
    8.370364154412679,
    8.43274698508839,
    8.495594743871326,
    8.558910895787726,
    8.622698931688046,
    8.686962368439426,
    8.751704749119595,
    8.816929643212202,
    8.88264064680363,
    8.948841382781241,
    9.015535501033138,
    9.082726678649385,
    9.150418620124743,
    9.218615057562914,
    9.2873197508823,
    9.356536488023306,
    9.426269085157179,
    9.49652138689641,
    9.567297266506703,
    9.63860062612052,
    9.710435396952215,
    9.782805539514788,
    9.855715043838233,
    9.929167929689523,
    10.003168246794244,
    10.077720075059851,
    10.152827524800642,
    10.228494736964338,
    10.304725883360407,
    10.381525166890073,
    10.458896821778028,
    10.53684511380589,
    10.615374340547385,
    10.694488831605284,
    10.774192948850125,
    10.85449108666068,
    10.935387672166245,
    11.016887165490722,
    11.098994059998521,
    11.181712882542293,
    11.265048193712513,
    11.34900458808893,
    11.433586694493869,
    11.518799176247445,
    11.604646731424664,
    11.69113409311445,
    11.778266029680584,
    11.866047345024635,
    11.95448287885077,
    12.04357750693262,
    12.133336141382077,
    12.223763730920139,
    12.314865261149725,
    12.406645754830578,
    12.499110272156159,
    12.592263911032658,
    12.686111807360048,
    12.780659135315243,
    12.875911107637384,
    12.971872975915218,
    13.068550030876649,
    13.165947602680433,
    13.264071061210048,
    13.362925816369756,
    13.46251731838287,
    13.562851058092242,
    13.663932567262993,
    13.765767418887524,
    13.868361227492727,
    13.971719649449577,
    14.075848383284965,
    14.180753169995892,
    14.28643979336598,
    14.392914080284363,
    14.50018190106694,
    14.608249169780022,
    14.717121844566405,
    14.826805927973863,
    14.937307467286082,
    15.048632554856077,
    15.160787328442083,
    15.273777971545952,
    15.387610713754073,
    15.502291831080829,
    15.61782764631462,
    15.73422452936646,
    15.85148889762117,
    15.969627216291194,
    16.088645998773067,
    16.20855180700649,
    16.32935125183613,
    16.451050993376104,
    16.573657741377176,
    16.697178255596675,
    16.8216193461712,
    16.94698787399209,
    17.073290751083672,
    17.200534940984365,
    17.328727459130594,
    17.457875373243574,
    17.587985803719004,
    17.7190659240196,
    17.851122961070626,
    17.984164195658334,
    18.118196962831373,
    18.253228652305197,
    18.3892667088695,
    18.52631863279864,
    18.664391980265236,
    18.803494363756663,
    18.943633452494815,
    19.08481697285895,
    19.227052708811623,
    19.3703485023279,
    19.514712253827675,
    19.660151922611256,
    19.806675527298207,
    19.954291146269433,
    20.103006918112566,
    20.252831042070678,
    20.403771778494338,
    20.55583744929704,
    20.70903643841401,
    20.863377192264444,
    21.0188682202172,
    21.17551809505994,
    21.33333545347178,
    21.492328996499474,
    21.652507490037102,
    21.813879765309434,
    21.976454719358742,
    22.14024131553538,
    22.305248583991947,
    22.471485622181174,
    22.63896159535746,
    22.807685737082238,
    22.977667349733004,
    23.148915805016223,
    23.321440544484016,
    23.49525108005471,
    23.670356994537258,
    23.846767942159577,
    24.02449364910083,
    24.20354391402765,
    24.38392860863439,
    24.56565767818737,
    24.74874114207322,
    24.933189094351267,
    25.119011704310033,
    25.306219217027994,
    25.494821953938317,
    25.68483031339798,
    25.876254771261067,
    26.06910588145633,
    26.263394276569073,
    26.459130668427356,
    26.656325848692585,
    26.854990689454493,
    27.055136143830552,
    27.256773246569878,
    27.459913114661596,
    27.664566947947762,
    27.87074602974086,
    28.078461727445898,
    28.287725493187114,
    28.49854886443939,
    28.710943464664346,
    28.924921003951194,
    29.140493279662348,
    29.357672177083842,
    29.576469670080673,
    29.796897821756875,
    30.018968785120663,
    30.24269480375444,
    30.468088212489857,
    30.695161438087855,
    30.92392699992382,
    31.1543975106778,
    31.3865856770299,
    31.620504300360835,
    31.856166277457746,
    32.09358460122521,
    32.33277236140162,
    32.573742745280825,
    32.81650903843925,
    33.061084625468354,
    33.30748299071256,
    33.555717719012684,
    33.80580249645496,
    34.057751111125576,
    34.31157745387087,
    34.567295519063165,
    34.82491940537236,
    35.08446331654322,
