{
  "c": 0.05,
  "f1": 0.6373626373626374,
  "prec": 0.48333333333333334,
  "rec": 0.9354838709677419,
  "tp": 29,
  "fp": 31,
  "fn": 2,
  "tn": 18
}