{
  "cm_at_c1": {
    "TP": 0,
    "TN": 141,
    "FP": 0,
    "FN": 39,
    "precision": 0.0,
    "recall": 0.0,
    "accuracy": 0.7833333333333333,
    "F1": 0.0
  },
  "pr_auc": 0.22099226381200773,
  "roc_auc": 0.5315511911256591,
  "prevalence": 0.21666666666666667,
  "normalized_auprc": 0.005522038908946033,
  "auprg": NaN,
  "ece_rank": 0.3344076120319215,
  "c_grid": [
    4.827940391865874,
    4.870653863487707,
    4.913745227235354,
    4.9572178263739115,
    5.001075033746813,
    5.045320252037515,
    5.089956914033496,
    5.1349884828925925,
    5.180418452411687,
    5.226250347297778,
    5.272487723441443,
    5.31913416819273,
    5.366193300639479,
    5.41366877188811,
    5.4615642653469,
    5.509883497011763,
    5.558630215754548,
    5.607808203613907,
    5.657421276088726,
    5.707473282434145,
    5.757968105960209,
    5.808909664333157,
    5.860301909879376,
    5.912148829892046,
    5.964454446940489,
    6.017222819182269,
    6.070458040678046,
    6.124164241709211,
    6.17834558909834,
    6.2330062865324765,
    6.28815057488928,
    6.343782732566054,
    6.399907075811687,
    6.456527959061531,
    6.513649775275249,
    6.571276956277634,
    6.629413973102462,
    6.688065336339375,
    6.747235596483844,
    6.806929344290216,
    6.8671512111278865,
    6.927905869340638,
    6.989198032609135,
    7.051032456316642,
    7.113413937917974,
    7.176347317311703,
    7.2398374772156755,
    7.303889343545827,
    7.368507885798371,
    7.433698117435358,
    7.499465096273645,
    7.565813924877308,
    7.632749750953534,
    7.700277767751997,
    7.768403214467796,
    7.837131376647918,
    7.906467586601342,
    7.976417223812733,
    8.04698571535982,
    8.118178536334456,
    8.190001210267402,
    8.262459309556888,
    8.33555845590093,
    8.409304320733499,
    8.483702625664558,
    8.55875914292395,
    8.634479695809256,
    8.710870159137597,
    8.787936459701426,
    8.865684576728377,
    8.944120542345146,
    9.023250442045516,
    9.103080415162491,
    9.183616655344618,
    9.264865411036538,
    9.346832985963758,
    9.429525739621734,
    9.512950087769294,
    9.597112502926372,
    9.682019514876215,
    9.767677711171979,
    9.85409373764784,
    9.941274298934603,
    10.029226158979897,
    10.117956141572945,
    10.207471130874005,
    10.297778071948468,
    10.388883971305711,
    10.480795897442684,
    10.57352098139233,
    10.667066417276846,
    10.761439462865848,
    10.856647440139476,
    10.952697735856452,
    11.049597802127199,
    11.147355156992019,
    11.245977385004378,
    11.34547213781936,
    11.445847134787325,
    11.547110163552812,
    11.649269080658764,
    11.752331812156052,
    11.856306354218468,
    11.961200773763062,
    12.06702320907605,
    12.17378187044421,
    12.281485040791896,
    12.390141076323657,
    12.499758407172585,
    12.61034553805433,
    12.721911048926975,
    12.834463595656704,
    12.948011910689374,
    13.062564803728023,
    13.178131162416385,
    13.294719953028427,
    13.412340221164007,
    13.531001092450708,
    13.650711773251807,
    13.771481551380587,
    13.89331979682093,
    14.016235962454287,
    14.140239584793088,
    14.265340284720653,
    14.391547768237599,
    14.518871827214909,
    14.647322340153638,
    14.776909272951332,
    14.907642679675245,
    15.039532703342388,
    15.172589576706473,
    15.306823623051836,
    15.442245256994362,
    15.578864985289536,
    15.716693407647577,
    15.855741217555844,
    15.996019203108483,
    16.137538247843462,
    16.28030933158692,
    16.424343531305087,
    16.56965202196367,
    16.716246077394885,
    16.86413707117214,
    17.013336477492448,
    17.163855872066666,
    17.315706933017612,
    17.468901441786098,
    17.623451284045018,
    17.77936845062148,
    17.93666503842716,
    18.095353251396812,
    18.255445401435107,
    18.41695390937192,
    18.57989130592593,
    18.744270232676868,
    18.91010344304631,
    19.077403803287154,
    19.246184293481864,
    19.416458008549522,
    19.588238159261817,
    19.761538073268003,
    19.936371196128928,
    20.112751092360224,
    20.2906914464847,
    20.470206064094103,
    20.65130887292018,
    20.834013923915283,
    21.01833539234254,
    21.204287578875654,
    21.391884910708384,
    21.58114194267392,
    21.772073358374126,
    21.964693971318766,
    22.159018726074816,
    22.35506269942596,
    22.552841101542317,
    22.752369277160522,
    22.953662706774278,
    23.156737007835392,
    23.361607935965505,
    23.568291386178448,
    23.776803394113486,
    23.98716013727945,
    24.199377936309915,
    24.413473256229373,
    24.629462707730724,
    24.84736304846403,
    25.06719118433664,
    25.288964170824865,
    25.51269921429723,
    25.738413673349424,
    25.966125060151104,
    26.195851041804556,
    26.42760944171541,
    26.661418240975532,
    26.897295579758005,
    27.135259758724608,
    27.37532924044564,
    27.61752265083243,
    27.861858780582317,
    28.10835658663663,
    28.357035193651427,
    28.607913895481307,
    28.861012156676335,
    29.116349613992195,
    29.373946077913736,
    29.633821534191966,
    29.89599614539465,
    30.16049025247066,
    30.427324376328084,
    30.696519219426452,
    30.968095667382826,
    31.24207479059229,
    31.518477845862684,
    31.79732627806388,
    32.078641721791506,
    32.36244600304551,
    32.64876114092359,
    32.93760934932947,
    33.22901303869646,
    33.52299481772612,
    33.819577495142404,
    34.11878408146127,
    34.42063779077596,
    34.72516204255808,
    35.03238046347465,
    35.34231688922112,
    35.6549953663707,
    35.970440154240045,
    36.288675726771466,
    36.60972677443163,
    36.93361820612729,
    37.26037515113782,
    37.59002296106488,
    37.922587211799346,
    38.258093705505594,
    38.59656847262342,
    38.938037773887594,
    39.28252810236533,
    39.63006618551174,
    39.98067898724354,
    40.33439371003101,
    40.691237797008526,
    41.05123893410375,
    41.41442505218573,
    41.78082432923178,
    42.1504651925138,
    42.523376320803784,
    42.899586646598884,
    43.279125358366144,
    43.6620219028071,
    44.04830598714241,
    44.43800758141676,
    44.83115692082401,
    45.22778450805309,
    45.627921115654495,
    46.0315977884279,
    46.438845845830656,
    46.849696884407756,
    47.26418278024341,
    47.68233569143394,
    48.10418806058294,
    48.529772617318315,
    48.9591223808316,
    49.3922706624398,
    49.829251068169846,
    50.27009750136595,
    50.71484416532001,
    51.16352556592527,
    51.616176514353505,
    52.07283212975586,
    52.53352784198755,
    52.99829939435671,
    53.46718284639771,
    53.940214576668595,
    54.41743128557367,
    54.89886999821095,
    55.3845680672447,
    55.8745631758035,
    56.36889334040391,
    56.86759691389997,
    57.370712588458865,
    57.87827939856284,
    58.39033672403773,
    58.90692429310827,
    59.42808218548041,
    59.95385083545094,
    60.484271035044515,
    61.01938393717879,
    61.55923105885693,
    62.10385428438896,
    62.653295868641315,
    63.20759844031521,
    63.76680500525402,
    64.33095894977988,
    64.90010404405989,
    65.47428444550197,
    66.0535447021809,
    66.63792975629457,
    67.22748494765085,
    67.82225601718531,
    68.42228911051005,
    69.02763078149385,
    69.63832799587439,
    70.25442813490162,
    70.87597899901418,
    71.50302881154802,
    72.13562622247771,
    72.77382031219102,
    73.41766059529688,
    74.06719702446696,
    74.72247999431131,
    75.38356034528816,
    76.05048936764852,
    76.7233188054155,
    77.40210086039887,
    78.08688819624525,
    78.77773394252394,
    79.47469169884899,
    80.17781553903808,
    80.88716001530733,
    81.60278016250415,
    82.324731502377,
    83.05307004788311,
    83.7878523075343,
    84.52913528978111,
