{
  "cm_at_c1": {
    "TP": 0,
    "TN": 88,
    "FP": 0,
    "FN": 32,
    "precision": 0.0,
    "recall": 0.0,
    "accuracy": 0.7333333333333333,
    "F1": 0.0
  },
  "pr_auc": 0.3119926543221625,
  "roc_auc": 0.5704900568181819,
  "prevalence": 0.26666666666666666,
  "normalized_auprc": 0.061808164984767044,
  "c_grid": [
    42.04704809783417,
    42.184469450640435,
    42.32233993433844,
    42.46066101681181,
    42.59943417074171,
    42.73866087362234,
    42.878342607776794,
    43.01848086037281,
    43.15907712343859,
    43.3001328938787,
    43.44164967349001,
    43.583628968977685,
    43.72607229197119,
    43.86898115904043,
    44.01235709171184,
    44.15620161648472,
    44.3005162648473,
    44.44530257329317,
    44.590562083337595,
    44.73629634153394,
    44.88250689949012,
    45.02919531388518,
    45.176363146485784,
    45.32401196416288,
    45.47214333890838,
    45.6207588478519,
    45.76986007327759,
    45.9194486026409,
    46.06952602858552,
    46.220093948960354,
    46.37115396683652,
    46.52270769052438,
    46.67475673359077,
    46.82730271487605,
    46.980347258511394,
    47.133891993936125,
    47.28793855591498,
    47.44248858455556,
    47.59754372532586,
    47.75310562907165,
    47.90917595203412,
    48.06575635586753,
    48.22284850765687,
    48.380454079935674,
    48.53857475070373,
    48.69721220344499,
    48.85636812714551,
    49.01604421631142,
    49.17624217098694,
    49.336963696772564,
    49.4982105048431,
    49.659984311965964,
    49.82228684051944,
    49.985119818511,
    50.1484849795958,
    50.312384063094974,
    50.476818814014266,
    50.64179098306258,
    50.80730232667062,
    50.97335460700957,
    51.13994959200994,
    51.30708905538027,
    51.474774776626056,
    51.64300854106875,
    51.81179213986468,
    51.98112737002425,
    52.1510160344309,
    52.32145994186044,
    52.49246090700024,
    52.66402075046857,
    52.83614129883397,
    53.00882438463477,
    53.18207184639847,
    53.355885528661425,
    53.53026728198842,
    53.70521896299238,
    53.88074243435425,
    54.056839564842605,
    54.233512229333755,
    54.410762308831586,
    54.588591690487625,
    54.76700226762112,
    54.94599593973928,
    55.125574612557344,
    55.30574019801899,
    55.48649461431665,
    55.6678397859119,
    55.849777643556095,
    56.03231012431072,
    56.21543917156813,
    56.399166735072235,
    56.58349477093925,
    56.76842524167848,
    56.95396011621333,
    57.140101369902126,
    57.32685098455923,
    57.5142109484761,
    57.70218325644248,
    57.8907699097677,
    58.079972916301855,
    58.26979429045726,
    58.4602360532299,
    58.65130023222091,
    58.842988861658185,
    59.0353039824181,
    59.2282476420471,
    59.42182189478362,
    59.61602880157988,
    59.810870430123856,
    60.006348854861386,
    60.20246615701807,
    60.39922442462157,
    60.59662575252378,
    60.79467224242317,
    60.993366002887086,
    61.192709149374366,
    61.39270380425765,
    61.59335209684611,
    61.79465616340809,
    61.99661814719381,
    62.19924019845832,
    62.40252447448421,
    62.60647313960468,
    62.81108836522659,
    63.01637232985353,
    63.22232721910903,
    63.42895522575994,
    63.63625854973956,
    63.84423939817122,
    64.05289998539175,
    64.26224253297498,
    64.47226926975559,
    64.6829824318526,
    64.8943842626933,
    65.10647701303712,
    65.31926294099962,
    65.53274431207645,
    65.74692339916761,
    65.9618024826015,
    66.17738385015927,
    66.3936697970992,
    66.61066262618101,
    66.82836464769065,
    67.04677817946457,
    67.26590554691461,
    67.48574908305268,
    67.70631112851562,
    67.92759403159013,
    68.14960014823772,
    68.37233184211992,
    68.59579148462326,
    68.81998145488467,
    69.04490413981668,
    69.27056193413307,
    69.49695724037406,
    69.72409246893207,
    69.95197003807736,
    70.18059237398377,
    70.40996191075452,
    70.64008109044815,
    70.87095236310459,
    71.1025781867711,
    71.33496102752854,
    71.56810335951755,
    71.80200766496509,
    72.03667643421059,
    72.27211216573264,
    72.50831736617553,
    72.74529455037599,
    72.98304624138989,
    73.22157497051913,
    73.46088327733871,
    73.70097370972354,
    73.94184882387574,
    74.18351118435181,
    74.42596336408987,
    74.66920794443722,
    74.91324751517763,
    75.158084674559,
    75.40372202932107,
    75.6501621947231,
    75.89740779457166,
    76.14546146124883,
    76.39432583573986,
    76.64400356766156,
    76.89449731529035,
    77.14580974559075,
    77.39794353424357,
    77.65090136567446,
    77.90468593308256,
    78.15929993846913,
    78.41474609266629,
    78.6710271153659,
    78.92814573514859,
    79.18610468951269,
    79.44490672490342,
    79.70455459674211,
    79.96505106945571,
    80.22639891650594,
    80.48860092041902,
    80.75165987281518,
    81.01557857443849,
    81.28035983518662,
    81.54600647414068,
    81.81252131959548,
    82.07990720908933,
    82.34816698943445,
    82.61730351674719,
    82.88731965647857,
    83.15821828344461,
    83.43000228185704,
    83.70267454535401,
    83.97623797703086,
    84.25069548947106,
    84.52605000477712,
    84.80230445460197,
    85.07946178017984,
    85.35752493235778,
    85.63649687162696,
    85.91638056815438,
    86.19717900181426,
    86.4788951622199,
    86.76153204875547,
    87.04509267060799,
    87.32958004679926,
    87.61499720621812,
    87.90134718765275,
    88.18863303982278,
    88.47685782141194,
    88.76602460110063,
    89.05613645759844,
    89.3471964796772,
    89.63920776620355,
    89.93217342617216,
    90.22609657873869,
    90.52098035325312,
    90.81682788929292,
    91.11364233669673,
    91.4114268555976,
    91.71018461645677,
    92.00991880009747,
    92.31063259773867,
    92.61232921102926,
    92.91501185208188,
    93.21868374350726,
    93.52334811844852,
    93.8290082206156,
    94.13566730431978,
    94.44332863450825,
    94.75199548679909,
    95.06167114751592,
    95.37235891372296,
    95.6840620932601,
    95.99678400477835,
    96.3105279777748,
    96.62529735262832,
    96.94109548063507,
    97.25792572404414,
    97.57579145609343,
    97.8946960610454,
    98.21464293422339,
    98.53563548204747,
    98.85767712207083,
    99.18077128301616,
    99.5049214048123,
    99.83013093863053,
    100.15640334692166,
    100.48374210345266,
    100.81215069334374,
    101.14163261310546,
    101.47219137067596,
    101.80383048545815,
    102.13655348835765,
    102.47036392181974,
    102.8052653398675,
    103.1412613081395,
    103.47835540392786,
    103.81655121621623,
    104.15585234571806,
    104.49626240491494,
    104.83778501809505,
    105.18042382139171,
    105.52418246282204,
    105.86906460232622,
    106.21507391180577,
    106.56221407516315,
    106.91048878834079,
    107.25990175936049,
    107.6104567083629,
    107.96215736764711,
    108.3150074817104,
    108.66901080728805,
    109.02417111339346,
    109.38049218135808,
    109.73797780487219,
    110.09663179002415,
    110.45645795534246,
    110.81746013183516,
    111.17964216303119,
    111.54300790502123,
    111.90756122649867,
    112.27330600880094,
    112.64024614595068,
    113.0083855446973,
    113.37772812455844,
    113.74827781786225,
    114.12003856978798,
    114.49301433840968,
    114.86720909473698,
    115.24262682275797,
    115.61927151948156,
    115.99714719497995,
    116.37625787243134,
    116.75660758816284,
    117.13820039169337,
    117.52104034577665,
    117.90513152644513,
    118.29047802305196,
    118.67708393831631,
    119.06495338836568,
    119.45409050278029,
    119.84449942463704,
    120.23618431055347,
    120.62914933073216,
    121.023398669005,
    121.41893652287787,
    121.81576710357507,
    122.21389463608486,
    122.61332335920306,
    123.01405752557993,
    123.41610140176404,
