{
  "cm_at_c1": {
    "TP": 0,
    "TN": 94,
    "FP": 0,
    "FN": 26,
    "precision": 0.0,
    "recall": 0.0,
    "accuracy": 0.7833333333333333,
    "F1": 0.0
  },
  "pr_auc": 0.20780488901712804,
  "roc_auc": 0.4639934533551555,
  "prevalence": 0.21666666666666667,
  "normalized_auprc": -0.011312907637708893,
  "auprg": NaN,
  "ece_rank": 0.371763085399449,
  "c_grid": [
    8.092513641684999,
    8.149101379742044,
    8.206084813406187,
    8.263466709619864,
    8.321249854673631,
    8.379437054341476,
    8.438031134017052,
    8.497034938850865,
    8.55645133388843,
    8.616283204209394,
    8.676533455067617,
    8.737205012032248,
    8.798300821129784,
    8.859823848987109,
    8.92177708297556,
    8.984163531355971,
    9.046986223424758,
    9.110248209660996,
    9.173952561874557,
    9.238102373355261,
    9.302700759023072,
    9.367750855579358,
    9.433255821659193,
    9.499218837984735,
    9.56564310751967,
    9.63253185562474,
    9.69988833021435,
    9.767715801914287,
    9.836017564220526,
    9.904796933659158,
    9.974057249947412,
    10.043801876155849,
    10.114034198871641,
    10.184757628363018,
    10.255975598744877,
    10.327691568145498,
    10.399909018874503,
    10.472631457591906,
    10.545862415478403,
    10.619605448406858,
    10.693864137114913,
    10.768642087378918,
    10.843942930188964,
    10.91977032192522,
    10.996127944535488,
    11.073019505713946,
    11.150448739081218,
    11.228419404365665,
    11.30693528758592,
    11.38600020123476,
    11.465617984464197,
    11.545792503271914,
    11.626527650688992,
    11.707827346968918,
    11.789695539777975,
    11.872136204386898,
    11.955153343863909,
    12.038750989269117,
    12.122933199850218,
    12.20770406323962,
    12.293067695652935,
    12.37902824208882,
    12.465589876530284,
    12.55275680214732,
    12.640533251501049,
    12.728923486749188,
    12.81793179985304,
    12.907562512785907,
    12.997819977742914,
    13.08870857735236,
    13.180232724888553,
    13.272396864486044,
    13.36520547135548,
    13.458663052000867,
    13.5527741444384,
    13.647543318416846,
    13.742975175639382,
    13.839074349987099,
    13.93584550774396,
    14.033293347823403,
    14.131422601996519,
    14.230238035121781,
    14.329744445376427,
    14.429946664489465,
    14.530849557976241,
    14.632458025374746,
    14.734777000483469,
    14.837811451601025,
    14.941566381767347,
    15.046046829006643,
    15.151257866572049,
    15.257204603191923,
    15.363892183317937,
    15.47132578737489,
    15.579510632012225,
    15.688451970357333,
    15.798155092270672,
    15.908625324602564,
    16.01986803145191,
    16.1318886144266,
    16.244692512905853,
    16.35828520430429,
    16.472672204337922,
    16.587859067291983,
    16.703851386290616,
    16.82065479356845,
    16.93827496074413,
    17.05671759909565,
    17.1759884598377,
    17.29609333440097,
    17.41703805471329,
    17.538828493482885,
    17.66147056448345,
    17.78497022284141,
    17.909333465324988,
    18.034566330635425,
    18.160674899700243,
    18.287665295968445,
    18.415543685707885,
    18.544316278304706,
    18.673989326564797,
    18.804569127017466,
    18.93606202022112,
    19.068474391071216,
    19.20181266911022,
    19.33608332883984,
    19.471292890035436,
    19.607447918062544,
    19.744555024195687,
    19.882620865939447,
    20.02165214735167,
    20.161655619369004,
    20.302638080134763,
    20.444606375328934,
    20.58756739850067,
    20.731528091402943,
    20.876495444329684,
    21.02247649645515,
    21.169478336175743,
    21.317508101454262,
    21.466572980166394,
    21.6166802104498,
    21.767837081055603,
    21.92005093170223,
    22.073329153431853,
    22.2276791889693,
    22.383108533083384,
    22.539624732950898,
    22.697235388523012,
    22.85594815289438,
    23.01577073267469,
    23.176710888362873,
    23.338776434724,
    23.50197524116866,
    23.666315232135105,
    23.831804387474076,
    23.998450742836198,
    24.166262390062258,
    24.335247477576036,
    24.505414210780053,
    24.676770852453913,
    24.849325723155566,
    25.02308720162536,
    25.198063725192807,
    25.37426379018633,
    25.551695952345835,
    25.730368827238088,
    25.910291090675095,
    26.091471479135404,
    26.2739187901883,
    26.457641882920907,
    26.642649678368503,
    26.828951159947625,
    27.016555373892242,
    27.205471429693052,
    27.39570850053985,
    27.58727582376687,
    27.780182701301356,
    27.974438500115287,
    28.170052652680106,
    28.367034657424806,
    28.565394079197144,
    28.76514054972808,
    28.96628376809936,
    29.168833501214653,
    29.37279958427369,
    29.578191921249832,
    29.785020485370993,
    29.993295319603956,
    30.203026537141945,
    30.41422432189573,
    30.626898928988183,
    30.84106068525213,
    31.056719989731846,
    31.273887314188023,
    31.49257320360623,
    31.7127882767089,
    31.934543226470986,
    32.15784882063921,
    32.382715902254844,
    32.60915539018024,
    32.837178279629065,
    33.06679564270011,
    33.29801862891497,
    33.53085846575943,
    33.76532645922868,
    34.00143399437613,
    34.23919253586645,
    34.47861362853216,
    34.71970889793417,
    34.96249005092633,
    35.20696887622392,
    35.453157244976,
    35.70106711134183,
    35.950710513071456,
    36.202099572090056,
    36.455246495086634,
    36.71016357410676,
    36.96686318714942,
    37.22535779876794,
    37.48565996067542,
    37.74778231235409,
    38.011737581669045,
    38.277538585486276,
    38.5451982302951,
    38.81472951283473,
    39.08614552072544,
    39.35945943310408,
    39.634684521263914,
    39.91183414929911,
    40.19092177475369,
    40.47196094927492,
    40.754965319271356,
    41.03994862657543,
    41.32692470911086,
    41.615907501564394,
    41.90691103606252,
    42.199949442852876,
    42.49503695099028,
    42.79218788902766,
    43.09141668571188,
    43.39273787068433,
    43.6961660751863,
    44.001716032769664,
    44.30940258001216,
    44.6192406572378,
    44.93124530924234,
    45.24543168602389,
    45.561815043518436,
    45.88041074434066,
    46.20123425852998,
    46.52430116430162,
    46.84962714880305,
    47.17722800887581,
    47.50711965182251,
    47.83931809617905,
    48.17383947249278,
    48.51070002410552,
    48.849916107942285,
    49.191504195305605,
    49.535480872675336,
    49.881862842513954,
    50.23066692407764,
    50.581910054233,
    50.9356092882794,
    51.291781800777116,
    51.65044488638138,
    52.01161596068208,
    52.37531256104937,
    52.741552347485275,
    53.11035310348129,
    53.48173273688173,
    53.85570928075336,
    54.23230089426112,
    54.611525863549694,
    54.99340260263153,
    55.37794965428101,
    55.765185690934814,
    56.15512951559841,
    56.547800062759364,
    56.9432163993066,
    57.341397725456176,
    57.74236337568363,
    58.146132819662924,
    58.55272566321162,
    58.962161649242994,
    59.37446065872478,
    59.78964271164434,
    60.20772796798086,
    60.62873672868433,
    61.05268943666127,
    61.47960667776713,
    61.90950918180629,
    62.3424178235384,
    62.77835362369193,
    63.21733774998499,
    63.659391518153264,
    64.10453639298478,
    64.55279398936234,
    65.00418607331315,
    65.45873456306549,
    65.91646153011314,
    66.37738920028713,
    66.84153995483493,
    67.30893633150711,
    67.7796010256518,
    68.2535568913168,
    68.73082694235912,
    69.21143435356248,
    69.69540246176282,
    70.18275476698125,
    70.67351493356512,
    71.1677067913373,
    71.66535433675318,
    72.16648173406566,
    72.67111331649883,
    73.1792735874294,
    73.69098722157635,
    74.2062790661992,
    74.7251741423046,
    75.24769764586108,
    75.77387494902258,
    76.30373160136057,
    76.83729333110439,
    77.37458604639073,
    77.91563583652164,
