{
  "cm_at_c1": {
    "TP": 0,
    "TN": 86,
    "FP": 0,
    "FN": 34,
    "precision": 0.0,
    "recall": 0.0,
    "accuracy": 0.7166666666666667,
    "F1": 0.0
  },
  "pr_auc": 0.3374892541971717,
  "roc_auc": 0.5589945280437757,
  "prevalence": 0.2833333333333333,
  "normalized_auprc": 0.07556640120535585,
  "c_grid": [
    1.3701366170366336,
    1.381923170389642,
    1.3938111171644563,
    1.4058013295945178,
    1.417894687416625,
    1.4300920779354833,
    1.4423943960888053,
    1.4548025445129753,
    1.4673174336092762,
    1.4799399816106866,
    1.4926711146492526,
    1.5055117668240405,
    1.5184628802696707,
    1.5315254052254448,
    1.5447003001050656,
    1.5579885315669577,
    1.57139107458519,
    1.584908912521014,
    1.5985430371950118,
    1.612294448959869,
    1.6261641567737697,
    1.6401531782744272,
    1.6542625398537483,
    1.6684932767331406,
    1.682846433039469,
    1.6973230618816635,
    1.7119242254279878,
    1.7266509949839721,
    1.7415044510710151,
    1.7564856835056646,
    1.771595791479577,
    1.786835883640168,
    1.802207078171955,
    1.8177105028785987,
    1.8333472952656524,
    1.8491186026240225,
    1.8650255821141453,
    1.881069400850891,
    1.8972512359891947,
    1.9135722748104276,
    1.9300337148095073,
    1.9466367637827606,
    1.9633826399165415,
    1.9802725718766097,
    1.9973077988982797,
    2.014489570877347,
    2.0318191484617913,
    2.0492978031442743,
    2.066926817355429,
    2.0847074845579554,
    2.1026411093415205,
    2.12072900751848,
    2.1389725062204206,
    2.157372943995532,
    2.1759316709068206,
    2.1946500486311624,
    2.2135294505592125,
    2.232571261896172,
    2.2517768797634217,
    2.271147713301033,
    2.2906851837711546,
    2.3103907246622946,
    2.3302657817944983,
    2.350311813425427,
    2.3705302903573546,
    2.3909226960450805,
    2.4114905267047733,
    2.4322352914237504,
    2.4531585122712003,
    2.474261724409861,
    2.4955464762086543,
    2.5170143293562925,
    2.5386668589758634,
    2.560505653740395,
    2.5825323159894222,
    2.60474846184655,
    2.6271557213380317,
    2.649755738512366,
    2.6725501715609212,
    2.6955406929396015,
    2.7187289894915563,
    2.742116762570944,
    2.765705728167764,
    2.789497617033762,
    2.8134941748094153,
    2.8376971621520144,
    2.862108354864844,
    2.886729544027474,
    2.9115625361271764,
    2.93660915319147,
    2.9618712329218,
    2.9873506288283758,
    3.013049210366167,
    3.0389688630720624,
    3.06511148870322,
    3.091479005376598,
    3.11807334770969,
    3.1448964669624684,
    3.171950331180557,
    3.1992369253396213,
    3.226758251491013,
    3.2545163289086623,
    3.282513194237233,
    3.310750901641557,
    3.3392315229573475,
    3.367957147843213,
    3.3969298839339808,
    3.4261518569953324,
    3.455625211079777,
    3.485352108683962,
    3.515334730907338,
    3.5455752776121883,
    3.5760759675850378,
    3.6068390386994458,
    3.6378667480802003,
    3.669161372268932,
    3.7007252073911405,
    3.732560569324667,
    3.7646697938696114,
    3.797055236919716,
    3.8297192746352176,
    3.862664303617189,
    3.895892741083382,
    3.9294070250455846,
    3.9632096144884934,
    3.9973029895501386,
    4.031689651703854,
    4.066372123941808,
    4.10135295096013,
    4.136634699345603,
    4.172219957763989,
    4.208111337149957,
    4.244311470898658,
    4.280823015058925,
    4.317648648528166,
    4.354791073248912,
    4.392253014407062,
    4.4300372206318315,
    4.468146464197427,
    4.506583541226448,
    4.545351271895041,
    4.5844525006398245,
    4.623890096366586,
    4.663666952660774,
    4.703785987999809,
    4.744250145967212,
    4.78506239546858,
    4.826225730949421,
    4.8677431726148574,
    4.909617766651222,
    4.9518525854495605,
    4.994450727831061,
    5.03741531927441,
    5.080749512145121,
    5.124456485926823,
    5.168539447454542,
    5.2130016311499965,
    5.257846299258904,
    5.303076742090338,
    5.348696278258149,
    5.394708254924445,
    5.44111604804518,
    5.487923062617859,
    5.535132732931356,
    5.5827485228179015,
    5.630773925907222,
    5.679212465882873,
    5.72806769674078,
    5.777343203049997,
    5.82704260021571,
    5.8771695347445005,
    5.927727684511904,
    5.9787207590322495,
    6.03015249973084,
    6.082026680218459,
    6.134347106568247,
    6.1871176175949625,
    6.240342085136633,
    6.294024414338641,
    6.348168543940249,
    6.402778446563587,
    6.457858129005134,
    6.513411632529697,
    6.569443033166925,
    6.625956442010372,
    6.682956005519136,
    6.740445905822088,
    6.798430361024714,
    6.8569136255186125,
    6.9158999902936396,
    6.975393783252744,
    7.035399369529513,
    7.095921151808442,
    7.156963570647973,
    7.218531104806301,
    7.280628271569982,
    7.343259627085375,
    7.406429766692935,
    7.470143325264373,
    7.534404977542726,
    7.599219438485349,
    7.664591463609853,
    7.730525849343035,
    7.797027433372779,
    7.8641010950030195,
    7.931751755511734,
    7.999984378512027,
    8.068803970316312,
    8.138215580303635,
    8.208224301290155,
    8.278835269902803,
    8.350053666956173,
    8.421884717832635,
    8.494333692865732,
    8.567405907726872,
    8.641106723815348,
    8.715441548651699,
    8.790415836274478,
    8.866035087640421,
    8.942304851028055,
    9.01923072244478,
    9.09681834603746,
    9.17507341450654,
    9.254001669523724,
    9.333608902153253,
    9.413900953276794,
    9.494883714022007,
    9.576563126194767,
    9.658945182715142,
    9.74203592805708,
    9.825841458691912,
    9.910367923535654,
    9.995621524400168,
    10.081608516448178,
    10.168335208652246,
    10.255807964257645,
    10.344033201249248,
    10.433017392822425,
    10.52276706785799,
    10.613288811401224,
    10.704589265145044,
    10.796675127917295,
    10.889553156172264,
    10.9832301644864,
    11.077713026058314,
    11.173008673213083,
    11.269124097910858,
    11.366066352259898,
    11.463842549033975,
    11.562459862194261,
    11.661925527415677,
    11.762246842617795,
    11.863431168500284,
    11.96548592908299,
    12.068418612250625,
    12.172236770302177,
    12.276948020505033,
    12.382560045653852,
    12.48908059463428,
    12.59651748299148,
    12.704878593503581,
    12.814171876760026,
    12.92440535174496,
    13.035587106425542,
    13.147725298345394,
    13.260828155223134,
    13.374903975556045,
    13.489961129228947,
    13.60600805812831,
    13.723053276761645,
    13.841105372882218,
    13.960173008119153,
    14.08026491861294,
    14.201389915656417,
    14.32355688634127,
    14.446774794210086,
    14.57105267991402,
    14.696399661876118,
    14.82282493696035,
    14.950337781146393,
    15.078947550210222,
    15.208663680410554,
    15.339495689181192,
    15.471453175829357,
    15.604545822239965,
    15.738783393586017,
    15.874175739045086,
    16.010732792521953,
    16.148464573377478,
    16.287381187163728,
    16.427492826365437,
    16.56880977114784,
    16.711342390110946,
    16.85510114105028,
    17.000096571724207,
    17.14633932062781,
    17.29384011777347,
    17.442609785478133,
    17.592659239157356,
    17.743999488126168,
    17.896641636406887,
    18.05059688354378,
    18.20587652542481,
    18.362491955110432,
    18.520454663669522,
    18.679776241022473,
    18.840468376791573,
    19.002542861158695,
    19.166011585730327,
    19.33088654441012,
    19.497179834278857,
    19.66490365648204,
    19.83407031712512,
    20.004692228176392,
    20.17678190837768,
    20.350351984162867,
    20.525415190584276,
    20.701984372247132,
    20.880072484251883,
    21.059692593144817,
    21.240857877876724,
    21.423581630769878,
    21.60787725849329,
    21.793758283046387,
    21.981238342751137,
    22.170331193252704,
    22.361050708528712,
