{
  "cm_at_c1": {
    "TP": 0,
    "TN": 130,
    "FP": 0,
    "FN": 50,
    "precision": 0.0,
    "recall": 0.0,
    "accuracy": 0.7222222222222222,
    "F1": 0.0
  },
  "pr_auc": 0.3150771071313003,
  "roc_auc": 0.517,
  "prevalence": 0.2777777777777778,
  "normalized_auprc": 0.05164522525872351,
  "auprg": NaN,
  "ece_rank": 0.3027010435850215,
  "c_grid": [
    1.737998362564587,
    1.7520529588843161,
    1.7662212099012908,
    1.7805040347020442,
    1.7949023598054468,
    1.8094171192228092,
    1.8240492545184712,
    1.8387997148708797,
    1.8536694571341628,
    1.8686594459001988,
    1.8837706535611902,
    1.8990040603727407,
    1.914360654517445,
    1.929841432168992,
    1.9454473975567848,
    1.9611795630310846,
    1.9770389491286824,
    1.9930265846391002,
    2.009143506671327,
    2.0253907607210966,
    2.0417694007387084,
    2.0582804891973963,
    2.074925097162249,
    2.0917043043596935,
    2.108619199247532,
    2.125670879085552,
    2.1428604500067046,
    2.1601890270888586,
    2.1776577344271337,
    2.1952677052068226,
    2.213020081776898,
    2.230916015724115,
    2.248956667947719,
    2.267143208734747,
    2.2854768178359457,
    2.3039586845423017,
    2.322590007762189,
    2.3413719960991437,
    2.3603058679302626,
    2.37939285148524,
    2.3986341849260424,
    2.4180311164272283,
    2.437584904256914,
    2.457296816858398,
    2.477168132932447,
    2.4972001415202394,
    2.5173941420869883,
    2.5377514446062355,
    2.55827336964483,
    2.578961248448591,
    2.5998164230286664,
    2.6208402462485876,
    2.6420340819120285,
    2.6633993048512763,
    2.684937301016414,
    2.7066494675652284,
    2.728537212953841,
    2.750601957028075,
    2.7728451311155595,
    2.795268178118578,
    2.817872552607672,
    2.8406597209159927,
    2.863631161234427,
    2.8867883637074825,
    2.910132830529955,
    2.933666076044373,
    2.9573896268392352,
    2.9813050218480353,
    3.0054138124490954,
    3.0297175625662023,
    3.054217848770056,
    3.0789162603805442,
    3.103814399569839,
    3.1289138814663273,
    3.1542163342593876,
    3.179723399305005,
    3.2054367312322487,
    3.2313579980506044,
    3.257488881258178,
    3.2838310759507743,
    3.310386290931855,
    3.3371562488233915,
    3.3641426861776047,
    3.3913473535896195,
    3.4187720158110215,
    3.4464184518643375,
    3.47428845515844,
    3.502383833604881,
    3.5307064097351755,
    3.559258020819023,
    3.5880405189834947,
    3.617055771333176,
    3.646305660071288,
    3.675792082621782,
    3.705516951752426,
    3.735482195698885,
    3.7656897582898035,
    3.7961415990729015,
    3.8268396934420887,
    3.8577860327656075,
    3.888982624515213,
    3.9204314923963937,
    3.952134676479651,
    3.984094233332835,
    4.016312236154557,
    4.048790774908672,
    4.081531956459854,
    4.1145379047102715,
    4.147810760737361,
    4.1813526829327134,
    4.215165847142098,
    4.249252446806595,
    4.283614693104896,
    4.318254815096733,
    4.353175059867479,
    4.388377692673917,
    4.423864997091181,
    4.459639275160896,
    4.4957028475405085,
    4.532058053653824,
    4.568707251842763,
    4.605652819520352,
    4.642897153324938,
    4.6804426692756635,
    4.7182918029291825,
    4.756447009537665,
    4.794910764208063,
    4.833685562062663,
    4.872773918400956,
    4.912178368862794,
    4.951901469592876,
    4.991945797406571,
    5.032313949957067,
    5.07300854590388,
    5.114032225082729,
    5.155387648676778,
    5.197077499389269,
    5.239104481617539,
    5.281471321628461,
    5.324180767735293,
    5.367235590475958,
    5.41063858279277,
    5.454392560213607,
    5.498500361034558,
    5.542964846504034,
    5.587788901008383,
    5.632975432258994,
    5.678527371480922,
    5.724447673603032,
    5.770739317449683,
    5.817405305933969,
    5.864448666252504,
    5.911872450081812,
    5.9596797337762695,
    6.007873618567679,
    6.056457230766441,
    6.105433721964351,
    6.15480626923905,
    6.204578075360116,
    6.254752368996821,
    6.305332404927581,
    6.356321464251089,
    6.407722854599153,
    6.459539910351268,
    6.51177599285091,
    6.564434490623587,
    6.61751881959665,
    6.671032423320879,
    6.7249787731938735,
    6.779361368685229,
    6.83418373756355,
    6.889449436125303,
    6.945162049425495,
    7.0013251915102455,
    7.057942505651225,
    7.115017664581992,
    7.17255437073624,
    7.230556356487973,
    7.289027384393624,
    7.347971247436127,
    7.407391769270971,
    7.467292804474231,
    7.527678238792616,
    7.588551989395536,
    7.649918005129206,
    7.711780266772807,
    7.774142787296711,
    7.837009612122807,
    7.90038481938692,
    7.964272520203367,
    8.028676858931627,
    8.093602013445196,
    8.159052195402598,
    8.225031650520597,
    8.291544658849606,
    8.358595535051341,
    8.426188628678709,
    8.494328324457948,
    8.563019042573089,
    8.632265238952659,
    8.702071405558756,
    8.772442070678439,
    8.84338179921746,
    8.914895192996404,
    8.986986891049199,
    9.059661569924048,
    9.132923943986793,
    9.206778765726737,
    9.281230826064933,
    9.356284954664966,
    9.431946020246254,
    9.508218930899881,
    9.585108634406975,
    9.662620118559675,
    9.740758411484679,
    9.819528581969424,
    9.898935739790893,
    9.978985036047082,
    10.05968166349114,
    10.141030856868241,
    10.223037893255139,
    10.305708092402496,
    10.389046817079977,
    10.473059473424124,
    10.557751511289045,
    10.643128424599954,
    10.729195751709545,
    10.81595907575729,
    10.903424025031557,
    10.991596273334794,
    11.0804815403515,
    11.170085592019342,
    11.260414240903101,
    11.351473346571822,
    11.443268815978827,
    11.535806603844984,
    11.629092713044919,
    11.723133194996453,
    11.817934150053146,
    11.913501727900025,
    12.009842127952508,
    12.106961599758558,
    12.204866443404084,
    12.303563009921632,
    12.403057701702382,
    12.503356972911417,
    12.604467329906488,
    12.706395331659973,
    12.809147590184468,
    12.912730770961586,
    13.01715159337446,
    13.122416831143514,
    13.228533312765968,
    13.335507921958737,
    13.443347598104989,
    13.552059336704309,
    13.661650189826483,
    13.772127266568969,
    13.883497733518054,
    13.995768815213749,
    14.10894779461844,
    14.223042013589332,
    14.338058873354703,
    14.45400583499405,
    14.570890419922012,
    14.688720210376383,
    14.807502849909856,
    14.927246043885969,
    15.047957559978828,
    15.16964522867712,
    15.292316943791942,
    15.415980662968988,
    15.540644408204667,
    15.666316266366534,
    15.793004389717863,
    15.920716996446483,
    16.049462371197887,
    16.17924886561266,
    16.310084898868226,
    16.441978958225015,
    16.574939599577036,
    16.70897544800683,
    16.84409519834508,
    16.98030761573452,
    17.117621536198655,
    17.2560458672148,
    17.395589588292054,
    17.536261751553685,
    17.67807148232438,
    17.821027979722203,
    17.965140517255325,
    18.110418443423598,
    18.25687118232498,
    18.40450823426687,
    18.553339176382412,
    18.703373663251718,
    18.854621427528187,
    19.007092280569843,
    19.1607961130758,
    19.31574289572785,
    19.471942679837284,
    19.62940559799688,
    19.78814186473822,
    19.948161777194315,
    20.109475715767548,
    20.272094144803038,
    20.43602761326749,
    20.601286755433478,
    20.767882291569286,
    20.93582502863433,
    21.105125860980195,
    21.27579577105736,
    21.447845830127598,
    21.621287198982184,
    21.79613112866588,
    21.97238896120679,
    22.1500721303521,
    22.32919216230979,
    22.50976067649633,
    22.69178938629042,
    22.87529009979282,
    23.060274720592393,
    23.246755248538197,
    23.43474378051796,
    23.624252511242798,
    23.81529373403827,
