{
  "c": 0.05,
  "f1": 0.4545454545454545,
  "prec": 0.3333333333333333,
  "rec": 0.7142857142857143,
  "tp": 20,
  "fp": 40,
  "fn": 8,
  "tn": 12
}