{
  "cm_at_c1": {
    "TP": 0,
    "TN": 130,
    "FP": 0,
    "FN": 50,
    "precision": 0.0,
    "recall": 0.0,
    "accuracy": 0.7222222222222222,
    "F1": 0.0
  },
  "pr_auc": 0.355208411278909,
  "roc_auc": 0.6081538461538462,
  "prevalence": 0.2777777777777778,
  "normalized_auprc": 0.10721164638618169,
  "auprg": NaN,
  "ece_rank": 0.2806015960712093,
  "c_grid": [
    4.9257818875766874,
    4.962109738247151,
    4.998705508359534,
    5.035571173831102,
    5.072708725151594,
    5.110120167490696,
    5.147807520806304,
    5.185772819953592,
    5.224018114794876,
    5.262545470310292,
    5.301356966709296,
    5.340454699542973,
    5.3798407798171874,
    5.419517334106567,
    5.459486504669307,
    5.499750449562858,
    5.540311342760431,
    5.581171374268382,
    5.622332750244458,
    5.663797693116913,
    5.705568441704503,
    5.747647251337367,
    5.790036393978802,
    5.832738158347929,
    5.87575485004327,
    5.9190887916672335,
    5.962742322951521,
    6.006717800883453,
    6.051017599833232,
    6.095644111682143,
    6.140599745951695,
    6.185886929933722,
    6.231508108821438,
    6.27746574584146,
    6.323762322386808,
    6.370400338150878,
    6.417382311262414,
    6.464710778421463,
    6.512388295036349,
    6.56041743536163,
    6.608800792637115,
    6.657540979227851,
    6.706640626765202,
    6.756102386288918,
    6.80592892839028,
    6.856122943356295,
    6.9066871413149515,
    6.957624252381544,
    7.008937026806086,
    7.060628235121799,
    7.112700668294709,
    7.16515713787433,
    7.218000476145479,
    7.271233536281186,
    7.324859192496761,
    7.37888034020497,
    7.43329989617237,
    7.4881207986768,
    7.543346007666017,
    7.598978504917524,
    7.655021294199555,
    7.7114774014332665,
    7.768349874856107,
    7.8256417851864155,
    7.883356225789194,
    7.941496312843158,
    8.000065185508962,
    8.059066006098712,
    8.118501960246691,
    8.178376257081382,
    8.238692129398718,
    8.299452833836641,
    8.360661651050938,
    8.422321885892371,
    8.484436867585115,
    8.547009949906519,
    8.610044511368177,
    8.673543955398351,
    8.737511710525737,
    8.801951230564569,
    8.866865994801108,
    8.932259508181502,
    8.998135301501025,
    9.064496931594714,
    9.131347981529418,
    9.198692060797253,
    9.266532805510503,
    9.334873878597914,
    9.403718970002513,
    9.473071796880788,
    9.542936103803436,
    9.613315662957504,
    9.684214274350095,
    9.755635766013508,
    9.827583994211965,
    9.900062843649774,
    9.973076227681126,
    10.046628088521354,
    10.120722397459794,
    10.195363155074222,
    10.270554391446833,
    10.346300166381845,
    10.42260456962472,
    10.499471721082966,
    10.576905771048567,
    10.654910900422097,
    10.733491320938452,
    10.812651275394254,
    10.89239503787692,
    10.972726913995444,
    11.05365124111288,
    11.135172388580516,
    11.217294757973779,
    11.300022783329918,
    11.383360931387381,
    11.467313701827019,
    11.551885627514997,
    11.637081274747585,
    11.72290524349766,
    11.809362167663117,
    11.896456715317019,
    11.984193588959693,
    12.072577525772582,
    12.161613297874055,
    12.251305712577068,
    12.34165961264869,
    12.432679876571614,
    12.524371418807553,
    12.616739190062589,
    12.709788177554458,
    12.803523405281839,
    12.897949934295626,
    12.993072862972182,
    13.088897327288596,
    13.185428501100006,
    13.282671596418965,
    13.380631863696841,
    13.479314592107285,
    13.578725109831852,
    13.678868784347639,
    13.779751022717138,
    13.88137727188013,
    13.983753018947837,
    14.086883791499135,
    14.190775157879049,
    14.295432727499364,
    14.40086215114154,
    14.507069121261761,
    14.614059372298343,
    14.721838680981325,
    14.83041286664436,
    14.939787791538937,
    15.049969361150909,
    15.160963524519344,
    15.272776274557708,
    15.385413648377455,
    15.498881727614014,
    15.613186638755128,
    15.728334553471635,
    15.844331688950708,
    15.961184308231553,
    16.07889872054356,
    16.19748128164693,
    16.316938394175875,
    16.437276507984315,
    16.558502120494122,
    16.68062177704591,
    16.803642071252465,
    16.92756964535475,
    17.052411190580546,
    17.178173447505717,
    17.304863206418155,
    17.432487307684404,
    17.561052642119023,
    17.690566151356627,
    17.82103482822665,
    17.95246571713096,
    18.08486591442418,
    18.218242568796875,
    18.35260288166147,
    18.487954107541125,
    18.624303554461424,
    18.761658584344964,
    18.9000266134088,
    19.039415112564914,
    19.179831607823598,
    19.32128368069978,
    19.46377896862238,
    19.607325165346662,
    19.751930021369702,
    19.897601344348804,
    20.044346999523064,
    20.192174910138053,
    20.341093057873625,
    20.491109483274865,
    20.642232286186218,
    20.79446962618881,
    20.94782972304103,
    21.10232085712234,
    21.257951369880374,
    21.414729664281253,
    21.572664205263347,
    21.73176352019432,
    21.892036199331535,
    22.053490896285847,
    22.216136328488858,
    22.379981277663624,
    22.545034590298776,
    22.71130517812616,
    22.878802018602013,
    23.04753415539172,
    23.217510698858085,
    23.3887408265532,
    23.561233783713995,
    23.73499888376143,
    23.910045508803357,
    24.086383110141032,
    24.264021208779464,
    24.44296939594151,
    24.623237333585678,
    24.804834754927853,
    24.987771464966777,
    25.17205734101346,
    25.35770233322454,
    25.54471646513948,
    25.733109834221743,
    25.922892612404016,
    26.114075046637446,
    26.306667459444885,
    26.500680249478194,
    26.696123892079743,
    26.89300893984802,
    27.09134602320737,
    27.291145850981955,
    27.492419210973953,
    27.695176970546083,
    27.899430077208315,
    28.105189559208956,
    28.312466526130095,
    28.521272169487506,
    28.731617763334857,
    28.94351466487241,
    29.156974315060275,
    29.37200823923614,
    29.58862804773755,
    29.806845436528786,
    30.026672187832336,
    30.24812017076508,
    30.47120134197917,
    30.69592774630758,
    30.922311517414393,
    31.150364878449995,
    31.38010014271105,
    31.611529714305313,
    31.844666088821324,
    32.07952185400312,
    32.31610969042991,
    32.55444237220074,
    32.79453276762411,
    33.03639383991287,
    33.28003864788413,
    33.52548034666435,
    33.77273218839955,
    34.02180752297091,
    34.27271979871558,
    34.52548256315275,
    34.78010946371513,
    35.03661424848581,
    35.29501076694063,
    35.55531297069585,
    35.81753491426156,
    36.081690755800366,
    36.34779475789198,
    36.61586128830324,
    36.885904820763905,
    37.15793993574804,
    37.43198132126135,
    37.70804377363423,
    37.98614219832064,
    38.26629161070287,
    38.54850713690229,
    38.83280401459607,
    39.119197593839935,
    39.40770333789686,
    39.69833682407205,
    39.99111374455403,
    40.28604990726189,
    40.58316123669875,
    40.88246377481162,
    41.18397368185759,
    41.487707237276325,
    41.793680840569024,
    42.10191101218389,
    42.41241439440818,
    42.72520775226673,
    43.04030797442709,
    43.357732074111496,
    43.67749719001539,
    43.99962058723285,
    44.32411965818877,
    44.65101192357786,
    44.98031503331072,
    45.31204676746681,
    45.646225037254446,
    45.982867885977825,
    46.321993490011266,
    46.66362015978067,
    47.00776634075211,
    47.35445061442771,
    47.703691699348965,
    48.05550845210744,
    48.40991986836288,
    48.76694508386876,
    49.12660337550559,
    49.48891416232169,
    49.8538970065817,
    50.22157161482282,
    50.59195783891867,
    50.965075677151404,
    51.340945275291325,
    51.719586927684716,
    52.101021078349326,
    52.485268322078596,
    52.87234940555338,
    53.262285228462225,
