{
  "c": 0.05,
  "f1": 0.631578947368421,
  "prec": 0.5,
  "rec": 0.8571428571428571,
  "tp": 30,
  "fp": 30,
  "fn": 5,
  "tn": 15
}