{
  "cm_at_c1": {
    "TP": 0,
    "TN": 93,
    "FP": 0,
    "FN": 27,
    "precision": 0.0,
    "recall": 0.0,
    "accuracy": 0.775,
    "F1": 0.0
  },
  "pr_auc": 0.24971827970998214,
  "roc_auc": 0.5306650736758263,
  "prevalence": 0.225,
  "normalized_auprc": 0.03189455446449308,
  "auprg": NaN,
  "ece_rank": 0.3471763085399449,
  "c_grid": [
    7.283595301356822,
    7.332993775235209,
    7.3827272772309644,
    7.432798079556789,
    7.483208469835873,
    7.533960751206425,
    7.585057242426896,
    7.636500277981918,
    7.688292208188953,
    7.7404353993056905,
    7.7929322336381395,
    7.845785109649479,
    7.898996442069644,
    7.9525686620056355,
    8.0065042170526,
    8.060805571405659,
    8.115475205972485,
    8.170515618486649,
    8.225929323621745,
    8.281718853106266,
    8.337886755839287,
    8.39443559800691,
    8.451367963199505,
    8.508686452529762,
    8.566393684751516,
    8.62449229637939,
    8.682984941809275,
    8.741874293439572,
    8.801163041793307,
    8.860853895641057,
    8.920949582124692,
    8.981452846881984,
    9.042366454172054,
    9.103693187001651,
    9.165435847252303,
    9.227597255808346,
    9.290180252685781,
    9.353187697162038,
    9.416622467906622,
    9.48048746311261,
    9.544785600629075,
    9.609519818094402,
    9.67469307307049,
    9.740308343177881,
    9.806368626231809,
    9.87287694037915,
    9.939836324236317,
    10.007249837028107,
    10.075120558727432,
    10.143451590196074,
    10.212246053326343,
    10.28150709118369,
    10.35123786815034,
    10.42144157006985,
    10.492121404392647,
    10.563280600322598,
    10.634922408964535,
    10.707050103472769,
    10.77966697920067,
    10.852776353851203,
    10.926381567628496,
    11.000485983390476,
    11.075092986802494,
    11.15020598649199,
    11.225828414204265,
    11.301963724959249,
    11.37861539720933,
    11.455786932998327,
    11.533481858121455,
    11.611703722286409,
    11.690456099275565,
    11.769742587109242,
    11.849566808210097,
    11.929932409568604,
    12.010843062909705,
    12.092302464860557,
    12.174314337119393,
    12.256882426625602,
    12.340010505730895,
    12.423702372371642,
    12.507961850242426,
    12.592792788970716,
    12.67819906429274,
    12.76418457823058,
    12.850753259270448,
    12.937909062542134,
    13.025655969999757,
    13.113997990603647,
    13.202939160503536,
    13.292483543222957,
    13.382635229844869,
    13.473398339198608,
    13.564777018048046,
    13.656775441281058,
    13.749397812100232,
    13.842648362214957,
    13.936531352034724,
    14.031051070863763,
    14.126211837097058,
    14.22201799841761,
    14.318473931995065,
    14.415584044685732,
    14.513352773233906,
    14.611784584474545,
    14.710883975537401,
    14.810655474052455,
    14.911103638356757,
    15.012233057702725,
    15.114048352467805,
    15.216554174365532,
    15.319755206658112,
    15.423656164370358,
    15.528261794505093,
    15.633576876260072,
    15.739606221246309,
    15.84635467370789,
    15.953827110743338,
    16.062028442528412,
    16.170963612540447,
    16.280637597784185,
    16.391055409019216,
    16.502222090988877,
    16.61414272265071,
    16.726822417408556,
    16.840266323346174,
    16.954479623462376,
    17.069467535907922,
    17.185235314223867,
    17.301788247581577,
    17.419131661024423,
    17.537270915711048,
    17.65621140916028,
    17.775958575497786,
    17.896517885704306,
    18.017894847865602,
    18.140095007424158,
    18.263123947432508,
    18.386987288808278,
    18.511690690591074,
    18.63723985020097,
    18.763640503698817,
    18.89089842604833,
    19.019019431379938,
    19.148009373256375,
    19.277874144940167,
    19.40861967966287,
    19.540251950896106,
    19.672776972624533,
    19.80620079962059,
    19.940529527721097,
    20.075769294105807,
    20.211926277577785,
    20.349006698845667,
    20.487016820807924,
    20.625962948838986,
    20.765851431077277,
    20.906688658715304,
    21.04848106629165,
    21.19123513198489,
    21.33495737790965,
    21.479654370414554,
    21.625332720382183,
    21.771999083531185,
    21.919660160720323,
    22.068322698254594,
    22.217993488193514,
    22.3686793686614,
    22.52038722415976,
    22.673123985881887,
    22.82689663202951,
    22.981712188131564,
    23.137577727365255,
    23.294500370879167,
    23.452487288118583,
    23.611545697153122,
    23.77168286500646,
    23.93290610798833,
    24.09522279202884,
    24.258640333014984,
    24.423166197129415,
    24.588807901191636,
    24.75557301300138,
    24.923469151684344,
    25.092503988040345,
    25.262685244893763,
    25.43402069744633,
    25.60651817363244,
    25.780185554476763,
    25.955030774454247,
    26.131061821852732,
    26.308286739137863,
    26.48671362332049,
    26.666350626326697,
    26.84720595537019,
    27.02928787332723,
    27.212604699114234,
    27.3971648080678,
    27.58297663232731,
    27.770048661220276,
    27.95838944165014,
    28.148007578486734,
    28.338911734959485,
    28.5311106330532,
    28.724613053906484,
    28.919427838213043,
    29.115563886625527,
    29.313030160162164,
    29.511835680616233,
    29.711989530968218,
    29.91350085580074,
    30.11637886171645,
    30.320632817758593,
    30.52627205583448,
    30.733305971141892,
    30.94174402259831,
    31.151595733273016,
    31.362870690822263,
    31.575578547927286,
    31.789729022735255,
    32.005331899303364,
    32.222397028045805,
    32.44093432618376,
    32.660953778198596,
    32.88246543628797,
    33.105479420825084,
    33.33000592082109,
    33.55605519439062,
    33.78363756922039,
    34.012763443041116,
    34.243443284102554,
    34.4756876316517,
    34.70950709641442,
    34.94491236108014,
    35.18191418078993,
    35.42052338362792,
    35.66075087111601,
    35.90260761871183,
    36.14610467631035,
    36.391253168748634,
    36.638064296314056,
    36.886549335256134,
    37.13671963830168,
    37.38858663517337,
    37.64216183311212,
    37.89745681740273,
    38.15448325190313,
    38.41325287957743,
    38.67377752303232,
    38.9360690850572,
    39.20013954916808,
    39.46600098015506,
    39.73366552463342,
    40.00314541159878,
    40.27445295298567,
    40.547600544230015,
    40.82260066483559,
    41.09946587894407,
    41.37820883590907,
    41.6588422708741,
    41.94137900535444,
    42.22583194782276,
    42.512214094299104,
    42.80053852894451,
    43.09081842465878,
    43.38306704368243,
    43.677297738202554,
    43.97352395096276,
    44.27175921587753,
    44.57201715865043,
    44.87431149739662,
    45.17865604326968,
    45.485064701092604,
    45.793551469992984,
    46.10413044404272,
    46.41681581290191,
    46.73162186246705,
    47.04856297552389,
    47.36765363240445,
    47.688908411648534,
    48.01234199066996,
    48.33796914642702,
    48.66580475609758,
    48.99586379775888,
    49.32816135107184,
    49.66271259796985,
    49.99953282335273,
    50.338637415784696,
    50.6800418681976,
    51.0237617785989,
    51.369812850784044,
    51.71821089505402,
    52.06897182893792,
    52.4221116779198,
    52.77764657617106,
    53.135592767287704,
    53.495966605032166,
    53.85878455408064,
    54.22406319077547,
    54.591819203882146,
    54.962069395351996,
    55.33483068108991,
    55.710120091726935,
    56.087954773398494,
    56.46835198852792,
    56.85132911661482,
    57.236903655029266,
    57.62509321981138,
    58.01591554647583,
    58.40938849082229,
    58.80553002975142,
    59.20435826208583,
    59.605891409397174,
    60.01014781683879,
    60.417145953983514,
    60.8269044156677,
    61.239441922840946,
    61.654777323421065,
    62.07292959315535,
    62.493917836487775,
    62.9177612874314,
    63.34447931044736,
    63.77409140132977,
    64.20661718809605,
    64.64207643188385,
    65.08048902785418,
    65.52187500609989,
