{
  "c": 0.05,
  "f1": 0.47058823529411764,
  "prec": 0.32,
  "rec": 0.8888888888888888,
  "tp": 16,
  "fp": 34,
  "fn": 2,
  "tn": 8
}