{
  "cm_at_c1": {
    "TP": 0,
    "TN": 101,
    "FP": 0,
    "FN": 29,
    "precision": 0.0,
    "recall": 0.0,
    "accuracy": 0.7769230769230769,
    "F1": 0.0
  },
  "pr_auc": 0.2497724265691831,
  "roc_auc": 0.5720382383065892,
  "prevalence": 0.2230769230769231,
  "normalized_auprc": 0.03436054904944359,
  "c_grid": [
    5.916886546624538,
    5.9579037443014276,
    5.999205282482738,
    6.040793132281246,
    6.08266927847393,
    6.124835719596692,
    6.167294468039739,
    6.210047550143616,
    6.2530970062959295,
    6.296444891028709,
    6.340093273116463,
    6.38404423567492,
    6.428299876260435,
    6.4728623069701,
    6.517733654542538,
    6.562916060459413,
    6.608411681047621,
    6.654222687582203,
    6.700351266389972,
    6.746799618953856,
    6.793569962017957,
    6.8406645276933515,
    6.888085563564617,
    6.935835332797092,
    6.983916114244893,
    7.0323302025596695,
    7.081079908300117,
    7.130167558042241,
    7.179595494490407,
    7.229366076589131,
    7.279481679635674,
    7.329944695393386,
    7.38075753220587,
    7.431922615111912,
    7.483442385961209,
    7.535319303530922,
    7.587555843643008,
    7.640154499282381,
    7.693117780715893,
    7.746448215612135,
    7.800148349162072,
    7.8542207442005,
    7.908667981328374,
    7.963492659035958,
    8.018697393826839,
    8.074284820342797,
    8.13025759148955,
    8.186618378563354,
    8.243369871378498,
    8.300514778395675,
    8.35805582685124,
    8.415995762887365,
    8.474337351683104,
    8.533083377586363,
    8.592236644246766,
    8.651799974749483,
    8.71177621174995,
    8.77216821760952,
    8.8329788745321,
    8.894211084701679,
    8.955867770420845,
    9.01795187425025,
    9.080466359149035,
    9.143414208616258,
    9.206798426833263,
    9.270622038807051,
    9.334888090514667,
    9.39959964904856,
    9.464759802762947,
    9.530371661421224,
    9.596438356344377,
    9.662963040560404,
    9.72994888895482,
    9.797399098422158,
    9.865316888018548,
    9.93370549911535,
    10.002568195553847,
    10.071908263800996,
    10.141729013106305,
    10.212033775659739,
    10.28282590675075,
    10.354108784928439,
    10.425885812162752,
    10.49816041400688,
    10.570936039760712,
    10.644216162635468,
    10.718004279919448,
    10.792303913144968,
    10.867118608256378,
    10.942451935779339,
    11.01830749099119,
    11.094688894092545,
    11.171599790380087,
    11.249043850420499,
    11.327024770225686,
    11.405546271429122,
    11.484612101463505,
    11.564226033739565,
    11.644391867826199,
    11.725113429631747,
    11.806394571586639,
    11.8882391728272,
    11.970651139380825,
    12.053634404352357,
    12.13719292811184,
    12.22133069848347,
    12.306051730935973,
    12.391360068774189,
    12.477259783332068,
    12.563754974166985,
    12.650849769255354,
    12.738548325189676,
    12.826854827376879,
    12.915773490238083,
    13.005308557409721,
    13.095464301946103,
    13.186245026523283,
    13.277655063644474,
    13.369698775846757,
    13.46238055590932,
    13.55570482706308,
    13.649676043201813,
    13.744298689094675,
    13.839577280600276,
    13.935516364882165,
    14.032120520625856,
    14.129394358257374,
    14.227342520163226,
    14.32596968091203,
    14.425280547477543,
    14.525279859463343,
    14.625972389329004,
    14.727362942617894,
    14.829456358186466,
    14.93225750843525,
    15.035771299541338,
    15.140002671692566,
    15.244956599323253,
    15.350638091351653,
    15.45705219141895,
    15.564203978130006,
    15.672098565295718,
    15.780741102177066,
    15.890136773730898,
    16.00029080085733,
    16.11120844064897,
    16.22289498664176,
    16.335355769067633,
    16.4485961551089,
    16.562621549154407,
    16.67743739305743,
    16.793049166395427,
    16.90946238673151,
    17.02668260987778,
    17.144715430160502,
    17.263566480687086,
    17.383241433614884,
    17.503746000421977,
    17.625085932179662,
    17.747267019826978,
    17.87029509444708,
    17.994176027545485,
    18.11891573133035,
    18.244520158994572,
    18.370995304999933,
    18.498347205363178,
    18.626581937944113,
    18.75570562273561,
    18.885724422155754,
    19.016644541341876,
    19.148472228446735,
    19.2812137749367,
    19.41487551589201,
    19.549463830309136,
    19.684985141405168,
    19.821445916924393,
    19.958852669446983,
    20.097211956699773,
    20.23653038186926,
    20.376814593916738,
    20.518071287895573,
    20.660307205270776,
    20.803529134240712,
    20.947743910061096,
    21.09295841537115,
    21.239179580522148,
    21.3864143839081,
    21.534669852298837,
    21.683953061175327,
    21.83427113506741,
    21.985631247893775,
    22.138040623304317,
    22.29150653502492,
    22.446036307204583,
    22.60163731476496,
    22.75831698375234,
    22.916082791692066,
    23.074942267945342,
    23.234902994068626,
    23.395972604175434,
    23.558158785300712,
    23.72146927776764,
    23.885911875557106,
    24.05149442667961,
    24.218224833549847,
    24.386111053363834,
    24.55516109847869,
    24.72538303679501,
    24.896784992141885,
    25.069375144664633,
    25.243161731215196,
    25.418153045745232,
    25.594357439701962,
    25.771783322426746,
    25.950439161556364,
    26.1303334834272,
    26.3114748734821,
    26.493871976680207,
    26.67753349790941,
    26.8624682024019,
    27.048684916152425,
    27.236192526339522,
    27.424999981749657,
    27.615116293204334,
    27.806550533990116,
    27.999311840291618,
    28.193409411627563,
    28.388852511289823,
    28.5856504667855,
    28.78381267028211,
    28.9833485790558,
    29.184267715942674,
    29.386579669793303,
    29.590294095930332,
    29.795420716609325,
    30.001969321482676,
    30.20994976806692,
    30.41937198221308,
    30.630245958580446,
    30.84258176111354,
    31.056389523522448,
    31.271679449766435,
    31.48846181454089,
    31.706746963767735,
    31.926545315089147,
    32.147867358364806,
    32.370723656172416,
    32.595124844311925,
    32.821081632313,
    33.048604803946226,
    33.27770521773768,
    33.508393807487295,
    33.740681582790465,
    33.974579629563706,
    34.21009911057354,
    34.44725126596934,
    34.68604741381972,
    34.92649895065275,
    35.168617351999806,
    35.412414172943215,
    35.657901048667775,
    35.905089695015995,
    36.153991909047306,
    36.40461956960098,
    36.65698463786313,
    36.9110991579375,
    37.16697525742028,
    37.4246251479789,
    37.684061125934896,
    37.94529557285059,
    38.2083409561202,
    38.47320982956468,
    38.73991483403092,
    39.00846869799502,
    39.2788842381698,
    39.55117436011642,
    39.82535205886029,
    40.10143041951128,
    40.37942261788822,
    40.659341921147714,
    40.94120168841725,
    41.2250153714329,
    41.51079651518114,
    41.79855875854538,
    42.088315834956845,
    42.380081573050056,
    42.67386989732276,
    42.96969482880044,
    43.26757048570551,
    43.56751108413112,
    43.86953093871955,
    44.17364446334549,
    44.47986617180386,
    44.788210678502466,
    45.09869269915949,
    45.411327051505815,
    45.726128655992234,
    46.04311253650142,
    46.36229382106507,
    46.68368774258577,
    47.00730963956404,
    47.33317495683037,
    47.661299246282326,
    47.991698167626765,
    48.32438748912715,
    48.659383088356094,
    48.996700952953184,
    49.3363571813879,
    49.67836798372802,
    50.02274968241318,
    50.36951871303379,
    50.71869162511557,
    51.070285082909216,
    51.424315866185914,
    51.7808008710379,
    52.13975711068503,
    52.501201716286616,
    52.865151937759045,
    53.231625144599015,
    53.600638826712554,
    53.97221059524969,
    54.346358183444885,
    54.72309944746339,
    55.10245236725349,
    55.48443504740447,
    55.86906571801081,
    56.25636273554212,
    56.64634458371918,
