{
  "c": 0.5,
  "f1": 0.5631067961165048,
  "prec": 0.4603174603174603,
  "rec": 0.725,
  "tp": 29,
  "fp": 34,
  "fn": 11,
  "tn": 6
}