{
  "cm_at_c1": {
    "TP": 2,
    "TN": 111,
    "FP": 1,
    "FN": 66,
    "precision": 0.6666666666666666,
    "recall": 0.029411764705882353,
    "accuracy": 0.6277777777777778,
    "F1": 0.056338028169014086
  },
  "pr_auc": 0.5059540136612541,
  "roc_auc": 0.6429884453781513,
  "prevalence": 0.37777777777777777,
  "normalized_auprc": 0.20599752195558702,
  "c_grid": [
    0.3643872389469248,
    0.3674511309197303,
    0.370540785139447,
    0.37365641822381845,
    0.37679824861198413,
    0.3799664965797939,
    0.3831613842552524,
    0.38638313563409177,
    0.3896319765954767,
    0.39290813491784077,
    0.39621184029485623,
    0.3995433243515378,
    0.40290282066048244,
    0.40629056475824477,
    0.4097067941618511,
    0.4131517483854517,
    0.4166256689571135,
    0.42012879943575343,
    0.42366138542821496,
    0.4272236746064873,
    0.43081591672507025,
    0.4344383636384844,
    0.43809126931892894,
    0.44177488987408775,
    0.4454894835650852,
    0.44923531082459356,
    0.4530126342750911,
    0.4568217187472756,
    0.4606628312986316,
    0.46453624123215387,
    0.46844222011522824,
    0.4723810417986717,
    0.47635298243593216,
    0.48035832050245,
    0.48439733681518143,
    0.48847031455228757,
    0.49257753927298786,
    0.496719298937581,
    0.5008958839276336,
    0.5051075870663396,
    0.5093547036390502,
    0.5136375314139761,
    0.5179563706630644,
    0.5223115241830515,
    0.5267032973166912,
    0.5311319979741637,
    0.5355979366546624,
    0.5401014264681638,
    0.54464278315738,
    0.5492223251198948,
    0.5538403734304876,
    0.558497251863644,
    0.563193286916255,
    0.5679288078305097,
    0.5727041466169769,
    0.5775196380778833,
    0.582375619830587,
    0.5872724323312479,
    0.5922104188986967,
    0.5971899257385063,
    0.6022113019672634,
    0.6072748996370463,
    0.6123810737601066,
    0.6175301823337604,
    0.6227225863654865,
    0.6279586498982377,
    0.6332387400359641,
    0.6385632269693506,
    0.6439324840017714,
    0.6493468875754628,
    0.6548068172979152,
    0.6603126559684885,
    0.6658647896052498,
    0.671463607472037,
    0.6771095021057519,
    0.6828028693438795,
    0.6885441083522411,
    0.6943336216529806,
    0.7001718151527849,
    0.7060590981713424,
    0.7119958834700411,
    0.7179825872809068,
    0.7240196293357867,
    0.7301074328957754,
    0.7362464247808914,
    0.7424370354000013,
    0.7486796987809956,
    0.7549748526012194,
    0.761322938218158,
    0.7677244007003803,
    0.7741796888587438,
    0.7806892552778599,
    0.7872535563478262,
    0.7938730522962231,
    0.8005482072203814,
    0.8072794891199203,
    0.814067369929559,
    0.8209123255522047,
    0.8278148358923181,
    0.83477538488956,
    0.841794460552721,
    0.8488725549939353,
    0.8560101644631836,
    0.8632077893830857,
    0.8704659343839847,
    0.877785108339328,
    0.8851658244013435,
    0.8926086000370186,
    0.9001139570643785,
    0.9076824216890726,
    0.9153145245412664,
    0.9230108007128444,
    0.9307717897949258,
    0.9385980359156959,
    0.9464900877785549,
    0.9544484987005881,
    0.962473826651359,
    0.9705666342920296,
    0.9787274890148081,
    0.9869569629827298,
    0.9952556331697715,
    1.003624081401304,
    1.012062894394883,
    1.0205726638013866,
    1.0291539862464936,
    1.0378074633725154,
    1.0465337018805765,
    1.055333313573151,
    1.0642069153969569,
    1.0731551294862098,
    1.082178583206242,
    1.091277909197487,
    1.1004537454198338,
    1.1097067351973564,
    1.1190375272634163,
    1.1284467758061456,
    1.1379351405143134,
    1.1475032866235766,
    1.1571518849631193,
    1.1668816120026873,
    1.1766931499000122,
    1.186587186548642,
    1.1965644156261668,
    1.2066255366428549,
    1.2167712549906937,
    1.227002281992848,
    1.2373193349535296,
    1.2477231372082882,
    1.2582144181747246,
    1.268793913403632,
    1.2794623646305643,
    1.2902205198278418,
    1.301069133256989,
    1.3120089655216192,
    1.3230407836207598,
    1.3341653610026272,
    1.345383477618853,
    1.3566959199791682,
    1.368103481206546,
    1.379606961092807,
    1.3912071661546932,
    1.4029049096904147,
    1.41470101183667,
    1.426596299626146,
    1.438591607045502,
    1.4506877750938407,
    1.4628856518416717,
    1.475186092490371,
    1.4875899594321387,
    1.5000981223104606,
    1.5127114580810832,
    1.5254308510734942,
    1.5382571930529259,
    1.551191383282874,
    1.5642343285881506,
    1.577386943418458,
    1.5906501499125034,
    1.6040248779626498,
    1.617512065280112,
    1.6311126574607007,
    1.6448276080511173,
    1.6586578786158084,
    1.6726044388043824,
    1.6866682664195916,
    1.7008503474858871,
    1.7151516763185484,
    1.729573255593397,
    1.7441160964170943,
    1.758781218398031,
    1.7735696497178108,
    1.7884824272033402,
    1.8035205963995182,
    1.8186852116425418,
    1.8339773361338265,
    1.849398042014545,
    1.8649484104408003,
    1.880629531659423,
    1.896442505084411,
    1.9123884393740078,
    1.9284684525084346,
    1.94468367186827,
    1.961035234313494,
    1.9775242862631892,
    1.994151983775923,
    2.0109194926307956,
    2.027827988409176,
    2.04487865657712,
    2.062072692568486,
    2.079411301868748,
    2.096895700099513,
    2.1145271131037457,
    2.1323067770317183,
    2.1502359384276746,
    2.168315854317227,
    2.186547792295486,
    2.2049330306159356,
    2.2234728582800485,
    2.242168575127662,
    2.261021491928107,
    2.2800329304721125,
    2.2992042236644714,
    2.3185367156174963,
    2.3380317617452504,
    2.3576907288585827,
    2.3775149952609524,
    2.3975059508450633,
    2.4176649971903106,
    2.4379935476610455,
    2.4584930275056682,
    2.4791648739565537,
    2.500010536330816,
    2.5210314761319177,
    2.542229167152145,
    2.5636050955759284,
    2.5851607600840443,
    2.606897671958686,
    2.6288173551894234,
    2.650921346580049,
    2.6732111958563256,
    2.6956884657746363,
    2.7183547322315533,
    2.7412115843743234,
    2.764260624712285,
    2.7875034692292195,
    2.8109417474966505,
    2.8345771027880944,
    2.8584111921942714,
    2.882445686739282,
    2.9066822714977696,
    2.9311226457130566,
    2.955768522916284,
    2.9806216310465428,
    3.005683712572027,
    3.0309565246121957,
    3.0564418390609673,
    3.0821414427109453,
    3.108057137378696,
    3.1341907400310722,
    3.160544082912603,
    3.1871190136739527,
    3.2139173955014626,
    3.240941107247776,
    3.2681920435635736,
    3.2956721150304014,
    3.3233832482946237,
    3.3513273862025095,
    3.3795064879364327,
    3.4079225291522475,
    3.4365775021177907,
    3.4654734158525633,
    3.4946122962685933,
    3.5239961863124614,
    3.553627146108538,
    3.5835072531034258,
    3.6136386022116005,
    3.6440233059622966,
    3.674663494647609,
    3.7055613164718593,
    3.7367189377021974,
    3.768138542820486,
    3.799822334676459,
    3.8317725346421563,
    3.86399138276767,
    3.8964811379382023,
    3.929244078032423,
    3.962282500082189,
    3.995598720433578,
    4.0291950749092935,
    4.063073918972437,
    4.09723762789164,
    4.1316885969076065,
    4.166429241401037,
    4.201461997061972,
    4.236789320060571,
    4.272413687219304,
    4.308337596186604,
    4.344563565611992,
    4.38109413532264,
    4.417931866501464,
    4.455079341866669,
    4.492539165852834,
    4.5303139647935184,
    4.568406387105381,
    4.606819103473871,
    4.645554807040474,
    4.68461621359152,
    4.724006061748602,
    4.763727113160572,
    4.8037821526971625,
    4.844173988644248,
    4.884905452900719,
    4.9259794011770355,
    4.967398713195452,
    5.009166292891898,
    5.0512850686195945,
    5.093757993354345,
    5.136588044901581,
    5.179778226105142,
    5.223331565057795,
    5.26725111531354,
    5.311539956101709,
