{
  "c": 0.05,
  "f1": 0.3950617283950617,
  "prec": 0.26666666666666666,
  "rec": 0.7619047619047619,
  "tp": 16,
  "fp": 44,
  "fn": 5,
  "tn": 15
}