{
  "cm_at_c1": {
    "TP": 0,
    "TN": 131,
    "FP": 0,
    "FN": 49,
    "precision": 0.0,
    "recall": 0.0,
    "accuracy": 0.7277777777777777,
    "F1": 0.0
  },
  "pr_auc": 0.2733337139474538,
  "roc_auc": 0.5147219193020719,
  "prevalence": 0.2722222222222222,
  "normalized_auprc": 0.0015272405384861912,
  "c_grid": [
    2.7367492851582167,
    2.7617475085942305,
    2.7869740727037375,
    2.812431063213483,
    2.8381205849018136,
    2.8640447617727043,
    2.8902057372313674,
    2.9166056742614708,
    2.9432467556039725,
    2.970131183937588,
    2.9972611820609094,
    3.0246389930761834,
    3.0522668805747735,
    3.08014712882431,
    3.108282042957555,
    3.136673949162989,
    3.1653251948771413,
    3.194238148978674,
    3.22341520198424,
    3.2528587662461335,
    3.282571276151736,
    3.3125551883248012,
    3.342812981828557,
    3.3733471583706827,
    3.404160242510144,
    3.435254781865927,
    3.466633347327671,
    3.4982985332682315,
    3.530252957758184,
    3.562499262782279,
    3.595040114457889,
    3.627878203255436,
    3.661016244220844,
    3.6944569772000126,
    3.728203167065354,
    3.7622576039443842,
    3.7966231034504174,
    3.831302506915357,
    3.8662986816246137,
    3.9016145210541753,
    3.93725294510984,
    3.9732169003686315,
    4.009509360322418,
    4.046133325623768,
    4.083091824334034,
    4.120387912173722,
    4.158024672775127,
    4.196005217937299,
    4.234332687883311,
    4.27301025151991,
    4.312041106699505,
    4.351428480484576,
    4.3911756294144775,
    4.431285839774698,
    4.471762427868564,
    4.51260874029143,
    4.553828154207379,
    4.595424077628439,
    4.637399949696367,
    4.679759240966983,
    4.722505453697127,
    4.765642122134216,
    4.809172812808463,
    4.85310112482775,
    4.897430690175201,
    4.942165174009482,
    4.987308274967826,
    5.032863725471842,
    5.078835292036106,
    5.125226775579579,
    5.172042011739865,
    5.219284871190341,
    5.266959259960184,
    5.315069119757317,
    5.363618428294313,
    5.4126111996172686,
    5.462051484437689,
    5.5119433704673915,
    5.562290982756483,
    5.6130984840344205,
    5.664370075054177,
    5.716109994939563,
    5.768322521535717,
    5.821011971762796,
    5.874182701972896,
    5.92783910831024,
    5.981985627074642,
    6.0366267350883,
    6.0917669500659475,
    6.147410830988372,
    6.203562978479345,
    6.260228035186007,
    6.317410686162721,
    6.37511565925843,
    6.433347725507553,
    6.492111699524453,
    6.551412439901511,
    6.611254849610834,
    6.671643876409629,
    6.73258451324928,
    6.794081798688168,
    6.85614081730826,
    6.918766700135499,
    6.9819646250640295,
    7.045739817284313,
    7.110097549715147,
    7.1750431434396225,
    7.2405819681450705,
    7.306719442567027,
    7.373461034937258,
    7.440812263435868,
    7.508778696647542,
    7.577365954021951,
    7.646579706338371,
    7.716425676174545,
    7.78690963837982,
    7.858037420552608,
    7.929814903522215,
    8.002248021835067,
    8.075342764245374,
    8.14910517421028,
    8.223541350389532,
    8.298657447149724,
    8.374459675073131,
    8.450954301471203,
    8.528147650902737,
    8.606046105696798,
    8.684656106480414,
    8.763984152711066,
    8.844036803214081,
    8.924820676724911,
    9.006342452436353,
    9.088608870550809,
    9.171626732837534,
    9.255402903195039,
    9.339944308218561,
    9.425257937772784,
    9.511350845569735,
    9.598230149752006,
    9.685903033481255,
    9.77437674553213,
    9.863658600891585,
    9.953755981363681,
    10.044676336179926,
    10.13642718261515,
    10.229016106609057,
    10.322450763393418,
    10.416738878124994,
    10.511888246524268,
    10.607906735519997,
    10.704802283899603,
    10.802582902965632,
    10.901256677198035,
    11.000831764922657,
    11.101316398985746,
    11.202718887434616,
    11.305047614204616,
    11.408311039812242,
    11.512517702054696,
    11.617676216715786,
    11.723795278278244,
    11.830883660642627,
    11.938950217852723,
    12.048003884827573,
    12.15805367810028,
    12.269108696563407,
    12.381178122221334,
    12.494271220949408,
    12.608397343260012,
    12.723565925075736,
    12.839786488509445,
    12.957068642651636,
    13.075422084364899,
    13.194856599085615,
    13.315382061633063,
    13.437008437025854,
    13.559745781305795,
    13.683604242369407,
    13.80859406080685,
    13.93472557074869,
    14.062009200720292,
    14.190455474504022,
    14.320075012009431,
    14.450878530151206,
    14.582876843735315,
    14.716080866353158,
    14.85050161128386,
    14.986150192404907,
    15.123037825111004,
    15.26117582724134,
    15.400575620015426,
    15.541248728977289,
    15.683206784948489,
    15.82646152498972,
    15.971024793371194,
    16.116908542552018,
    16.2641248341683,
    16.4126858400305,
    16.562603843129736,
    16.713891238653364,
    16.866560535009796,
    17.020624354862722,
    17.176095436174684,
    17.332986633260347,
    17.49131091784918,
    17.65108138015804,
    17.812311229973442,
    17.9750137977437,
    18.139202535681182,
    18.304891018874425,
    18.472092946410598,
    18.640822142508114,
    18.81109255765959,
    18.982918269785326,
    19.156313485397217,
    19.331292540773333,
    19.50786990314333,
    19.686060171884463,
    19.865878079728777,
    20.047338493981147,
    20.230456417748478,
    20.41524699118027,
    20.601725492720252,
    20.789907340369716,
    20.979808092962244,
    21.171443451450052,
    21.364829260202228,
    21.559981508314706,
    21.75691633093218,
    21.955650010582296,
    22.156198978521722,
    22.358579816094803,
    22.562809256104465,
    22.768904184195627,
    22.976881640251424,
    23.186758819801916,
    23.398553075445925,
    23.6122819182857,
    23.827963019374693,
    24.045614211178677,
    24.26525348905009,
    24.48689901271583,
    24.710569107778852,
    24.936282267233132,
    25.164057152992807,
    25.393912597435097,
    25.625867604957293,
    25.85994135354819,
    26.096153196373546,
    26.334522663376315,
    26.575069462891353,
    26.817813483274836,
    27.062774794548723,
    27.309973650060094,
    27.559430488155648,
    27.811165933871624,
    28.065200800639033,
    28.321556092004492,
    28.580253003366828,
    28.841312923729497,
    29.104757437468972,
    29.370608326119427,
    29.638887570173573,
    29.909617350900007,
    30.182820052177128,
    30.458518262343897,
    30.736734776067383,
    31.017492596227456,
    31.300814935818586,
    31.586725219869194,
    31.87524708737837,
    32.16640439327033,
    32.460221210366775,
    32.75672183137717,
    33.055930770907324,
    33.35787276748622,
    33.662572785611395,
    33.97005601781296,
    34.28034788673659,
    34.59347404724544,
    34.90946038854123,
    35.228333036304775,
    35.55011835485613,
    35.874842949334294,
    36.20253366789696,
    36.5332176039403,
    36.866922098339025,
    37.20367474170697,
    37.54350337667825,
    37.88643610020931,
    38.23250126590187,
    38.58172748634735,
    38.934143635492454,
    39.28977885102651,
    39.64866253679049,
    40.0108243652082,
    40.37629427973957,
    40.745102497356335,
    41.117279511040415,
    41.49285609230499,
    41.8718632937388,
    42.25433245157346,
    42.64029518827443,
    43.0297834151554,
    43.4228293350169,
    43.819465444808685,
    44.21972453831667,
    44.62363970887417,
    45.03124435209822,
    45.442572168650614,
    45.8576571670243,
    46.276533666355206,
    46.69923629925965,
    47.1258000146979,
    47.55626008086366,
    47.990652088100056,
    48.42901195184218,
    48.87137591558667,
    49.31778055388828,
    49.768262775383825,
    50.22285982584376,
    50.681609291251746,
    51.144549100912165,
    51.61171753058615,
    52.0831532056562,
    52.55889510431969,
    53.03898256081163,
    53.52345526865682,
