{
  "cm_at_c1": {
    "TP": 0,
    "TN": 143,
    "FP": 0,
    "FN": 37,
    "precision": 0.0,
    "recall": 0.0,
    "accuracy": 0.7944444444444444,
    "F1": 0.0
  },
  "pr_auc": 0.2769528482273828,
  "roc_auc": 0.6786996786996787,
  "prevalence": 0.20555555555555555,
  "normalized_auprc": 0.08987071804845388,
  "auprg": NaN,
  "ece_rank": 0.2985573971761817,
  "c_grid": [
    10.935198413202544,
    11.000755216996712,
    11.066705035564038,
    11.13305022503847,
    11.199793155679064,
    11.266936211954636,
    11.334481792628946,
    11.402432310846416,
    11.47079019421834,
    11.53955788490958,
    11.608737839725869,
    11.678332530201546,
    11.74834444268785,
    11.818776078441779,
    11.889629953715433,
    11.960908599845892,
    12.032614563345685,
    12.104750405993755,
    12.177318704926957,
    12.250322052732171,
    12.323763057538883,
    12.397644343112404,
    12.471968548947585,
    12.546738330363098,
    12.621956358596345,
    12.697625320898862,
    12.77374792063231,
    12.850326877365097,
    12.927364926969517,
    13.004864821719464,
    13.082829330388812,
    13.161261238350308,
    13.24016334767506,
    13.319538477232687,
    13.399389462792005,
    13.479719157122323,
    13.560530430095394,
    13.641826168787928,
    13.723609277584716,
    13.805882678282437,
    13.888649310194012,
    13.971912130253605,
    14.055674113122299,
    14.139938251294344,
    14.22470755520406,
    14.309985053333412,
    14.3957737923202,
    14.482076837066876,
    14.568897270850085,
    14.656238195430795,
    14.744102731165095,
    14.83249401711571,
    14.92141521116413,
    15.010869490123405,
    15.100860049851695,
    15.191390105366382,
    15.28246289095899,
    15.374081660310692,
    15.466249686608576,
    15.558970262662552,
    15.652246701023039,
    15.746082334099258,
    15.840480514278331,
    15.935444614045023,
    16.03097802610224,
    16.127084163492214,
    16.223766459718476,
    16.321028368868486,
    16.418873365737056,
    16.5173049459505,
    16.616326626091467,
    16.715941943824646,
    16.816154458023117,
    16.916967748895473,
    17.018385418113773,
    17.120411088942202,
    17.22304840636648,
    17.32630103722414,
    17.4301726703355,
    17.53466701663544,
    17.639787809306,
    17.745538803909753,
    17.85192377852395,
    17.958946533875533,
    18.066610893476906,
    18.1749207037625,
    18.28387983422625,
    18.393492177559825,
    18.503761649791628,
    18.614692190426805,
    18.726287762587933,
    18.838552353156587,
    18.951489972915823,
    19.065104656693464,
    19.179400463506187,
    19.294381476704626,
    19.410051804119178,
    19.52641557820681,
    19.643476956198676,
    19.761240120248644,
    19.879709277582684,
    19.998888660649232,
    20.11878252727032,
    20.239395160793773,
    20.36073087024619,
    20.482793990486897,
    20.605588882362802,
    20.729119932864236,
    20.853391555281615,
    20.978408189363176,
    21.10417430147356,
    21.230694384753384,
    21.357972959279742,
    21.486014572227738,
    21.61482379803288,
    21.744405238554563,
    21.874763523240457,
    22.005903309291853,
    22.13782928183013,
    22.27054615406408,
    22.404058667458283,
    22.538371591902564,
    22.673489725882344,
    22.809417896650075,
    22.946160960397755,
    23.08372380243033,
    23.222111337340323,
    23.36132850918335,
    23.501380291654783,
    23.642271688267403,
    23.78400773253022,
    23.92659348812822,
    24.07003404910335,
    24.214334540036457,
    24.359500116230407,
    24.5055359638942,
    24.652447300328348,
    24.800239374111165,
    24.948917465286367,
    25.09848688555167,
    25.248952978448557,
    25.40032111955315,
    25.552596716668354,
    25.705785210016927,
    25.859892072435954,
    26.01492280957231,
    26.170882960079386,
    26.327778095814896,
    26.485613822040047,
    26.644395777619685,
    26.804129635223838,
    26.964821101530326,
    27.126475917428667,
    27.289099858225125,
    27.45269873384913,
    27.617278389060743,
    27.782844703659546,
    27.94940359269469,
    28.11696100667615,
    28.285522931787412,
    28.455095390099284,
    28.62568443978502,
    28.797296175336808,
    28.969936727783487,
    29.14361226490953,
    29.31832899147551,
    29.494093149439628,
    29.670911018180846,
    29.848788914723148,
    30.02773319396126,
    30.20775024888763,
    30.38884651082092,
    30.571028449635655,
    30.75430257399348,
    30.938675431575625,
    31.124153609316846,
    31.310743733640713,
    31.49845247069644,
    31.687286526596914,
    31.8772526476584,
    32.068357620641486,
    32.260608272993586,
    32.454011473092805,
    32.6485741304934,
    32.84430319617255,
    33.041205662778744,
    33.23928856488159,
    33.438558979223146,
    33.63902402497065,
    33.84069086397104,
    34.04356670100661,
    34.2476587840526,
    34.45297440453601,
    34.65952089759616,
    34.86730564234671,
    35.07633606213927,
    35.2866196248287,
    35.498163843039826,
    35.71097627443584,
    35.92506452198837,
    36.140436234248995,
    36.35709910562259,
    36.575060876642205,
    36.79432933424559,
    37.014912312053376,
    37.236817690649,
    37.460053397860136,
    37.68462740904202,
    37.91054774736238,
    38.13782248408803,
    38.36645973887327,
    38.59646768004986,
    38.82785452491903,
    39.06062854004486,
    39.294798041549754,
    39.53037139541147,
    39.76735701776205,
    40.005763375188415,
    40.24559898503497,
    40.48687241570774,
    40.72959228698064,
    40.97376727030335,
    41.219406089111104,
    41.46651751913633,
    41.71511038872229,
    41.96519357913829,
    42.21677602489715,
    42.46986671407433,
    42.724474688629044,
    42.980609044727245,
    43.23827893306665,
    43.49749355920369,
    43.75826218388234,
    44.02059412336496,
    44.28449874976518,
    44.549985491382664,
    44.81706383303997,
    45.085743316421464,
    45.35603354041415,
    45.62794416145061,
    45.901484893854,
    46.17666551018508,
    46.45349584159136,
    46.731985778158375,
    47.01214526926298,
    47.2939843239288,
    47.57751301118383,
    47.86274146042014,
    48.149679861755736,
    48.438338466398726,
    48.72872758701344,
    49.020857598088945,
    49.31473893630956,
    49.6103821009279,
    49.90779765413979,
    50.20699622146176,
    50.50798849211056,
    50.81078521938513,
    51.11539722105063,
    51.4218353797251,
    51.730110643268084,
    52.040234025171884,
    52.352216604954975,
    52.66606952855786,
    52.98180400874117,
    53.29943132548643,
    53.61896282639886,
    53.94040992711294,
    54.26378411170017,
    54.58909693307937,
    54.916360013429376,
    55.24558504460428,
    55.576783788551225,
    55.90996807773049,
    56.24514981553828,
    56.58234097673198,
    56.92155360785793,
    57.26279982768184,
    57.60609182762177,
    57.951441872183636,
    58.2988622993994,
    58.64836552126789,
    58.99996402419811,
    59.35367036945543,
    59.70949719361039,
    60.0674572089901,
    60.427563204132404,
    60.7898280442427,
    61.15426467165374,
    61.520886106287804,
    61.88970544612201,
    62.26073586765619,
    62.633990626383664,
    63.009483057264696,
    63.3872265752031,
    63.76723467552528,
    64.14952093446257,
    64.53409900963615,
    64.92098264054502,
    65.31018564905673,
    65.70172193990146,
    66.09560550116845,
    66.491850404806,
    66.89047080712412,
    67.29148094930027,
    67.69489515788806,
    68.10072784532927,
    68.50899351046858,
    68.91970673907169,
    69.3328822043463,
    69.74853466746644,
    70.1666789780997,
    70.58733007493778,
    71.01050298623038,
    71.43621283032185,
    71.86447481619143,
    72.29530424399665,
    72.7287165056198,
    73.1647270852179,
    73.60335155977603,
    74.04460559966358,
    74.4885049691943,
    74.93506552718941,
    75.38430322754414,
    75.8362341197977,
