{
  "c": 0.05,
  "f1": 0.4444444444444444,
  "prec": 0.3,
  "rec": 0.8571428571428571,
  "tp": 18,
  "fp": 42,
  "fn": 3,
  "tn": 17
}