{
  "cm_at_c1": {
    "TP": 0,
    "TN": 143,
    "FP": 0,
    "FN": 35,
    "precision": 0.0,
    "recall": 0.0,
    "accuracy": 0.8033707865168539,
    "F1": 0.0
  },
  "pr_auc": 0.2193586373687837,
  "roc_auc": 0.5631368631368632,
  "prevalence": 0.19662921348314608,
  "normalized_auprc": 0.02829256959191256,
  "auprg": NaN,
  "ece_rank": 0.31479505366894733,
  "c_grid": [
    3.552372548279499,
    3.5789720937890657,
    3.6057708120519676,
    3.632770194439012,
    3.659971743488133,
    3.687376972988003,
    3.7149874080622807,
    3.7428045852544862,
    3.7708300526135075,
    3.799065369779752,
    3.8275121080719434,
    3.8561718505745652,
    3.885046192225962,
    3.9141367399070974,
    3.943445112530978,
    3.9729729411327517,
    4.00272186896047,
    4.03269355156654,
    4.0628896568998565,
    4.093311865398622,
    4.123961870083871,
    4.154841376653681,
    4.185952103578099,
    4.21729578219478,
    4.248874156805326,
    4.280688984772371,
    4.312742036617369,
    4.3450350961191315,
    4.377569960413097,
    4.410348440091337,
    4.4433723593033205,
    4.476643555857431,
    4.510163881323241,
    4.543935201134549,
    4.5779593946932,
    4.612238355473667,
    4.646773991128438,
    4.6815682235941605,
    4.716622989198612,
    4.751940238768457,
    4.787521937737806,
    4.823370066257597,
    4.8594866193057955,
    4.895873606798408,
    4.932533053701349,
    4.969467000143119,
    5.006677501528344,
    5.044166628652166,
    5.081936467815473,
    5.119989120941017,
    5.158326705690373,
    5.196951355581802,
    5.235865220108975,
    5.2750704648605975,
    5.314569271640923,
    5.354363838591177,
    5.3944563803118815,
    5.434849127986101,
    5.475544329503607,
    5.516544249585979,
    5.55785116991264,
    5.599467389247823,
    5.641395223568511,
    5.68363700619332,
    5.726195087912343,
    5.769071837117982,
    5.812269639936749,
    5.85579090036205,
    5.8996380403879805,
    5.9438135001441,
    5.988319738031234,
    6.033159230858286,
    6.078334473980068,
    6.123847981436178,
    6.169702286090899,
    6.215899939774161,
    6.262443513423555,
    6.309335597227399,
    6.356578800768889,
    6.404175753171329,
    6.4521291032444354,
    6.50044151963175,
    6.5491156909591535,
    6.598154325984482,
    6.6475601537482865,
    6.69733592372569,
    6.747484405979408,
    6.798008391313903,
    6.848910691430692,
    6.900194139084824,
    6.9518615882425205,
    7.003915914240005,
    7.05636001394352,
    7.109196805910534,
    7.16242923055216,
    7.216060250296807,
    7.270092849755021,
    7.324530035885594,
    7.379374838162901,
    7.43463030874549,
    7.490299522645945,
    7.546385577902001,
    7.60289159574896,
    7.6598207207933955,
    7.717176121188138,
    7.774960988808596,
    7.833178539430385,
    7.891832012908284,
    7.950924673356544,
    8.010459809330532,
    8.070440734009738,
    8.13087078538217,
    8.191753326430103,
    8.253091745317233,
    8.314889455577244,
    8.377149896303752,
    8.439876532341717,
    8.503072854480248,
    8.566742379646868,
    8.630888651103254,
    8.695515238642392,
    8.760625738787265,
    8.826223774990988,
    8.892312997838458,
    8.958897085249522,
    9.025979742683644,
    9.09356470334612,
    9.161655728395841,
    9.230256607154592,
    9.299371157317946,
    9.369003225167706,
    9.439156685785965,
    9.50983544327076,
    9.581043430953324,
    9.652784611616989,
    9.725062977717723,
    9.797882551606303,
    9.871247385752163,
    9.945161562968929,
    10.01962919664161,
    10.094654430955543,
    10.170241441126981,
    10.246394433635478,
    10.323117646457975,
    10.400415349304645,
    10.478291843856494,
    10.556751464004767,
    10.635798576092142,
    10.7154375791557,
    10.795672905171752,
    10.876509019302455,
    10.957950420144343,
    11.040001639978636,
    11.122667245023498,
    11.205951835688142,
    11.289860046828819,
    11.374396548006803,
    11.4595660437482,
    11.545373273805808,
    11.631823013422856,
    11.718920073598772,
    11.80666930135689,
    11.895075580014216,
    11.984143829453185,
    12.073879006395453,
    12.164286104677744,
    12.255370155529747,
    12.34713622785414,
    12.439589428508636,
    12.532734902590226,
    12.626577833721491,
    12.72112344433905,
    12.816376995984246,
    12.912343789595894,
    13.00902916580534,
    13.10643850523363,
    13.204577228790976,
    13.3034507979784,
    13.403064715191691,
    13.503424524027636,
    13.604535809592495,
    13.706404198812836,
    13.80903536074865,
    13.912435006908892,
    14.016608891569263,
    14.121562812092504,
    14.227302609250994,
    14.333834167551775,
    14.441163415564075,
    14.549296326249191,
    14.65823891729293,
    14.76799725144047,
    14.87857743683378,
    14.98998562735151,
    15.102228022951481,
    15.215310870015731,
    15.329240461698106,
    15.444023138274503,
    15.559665287495669,
    15.676173344942747,
    15.793553794385357,
    15.911813168142476,
    16.03095804744595,
    16.15099506280671,
    16.271930894383832,
    16.39377227235622,
    16.516525977297214,
    16.64019884055189,
    16.76479774461725,
    16.890329623525226,
    17.016801463228557,
    17.1442203019896,
    17.272593230771985,
    17.401927393635244,
    17.53222998813236,
    17.663508265710366,
    17.79576953211383,
    17.929021147791484,
    18.063270528305825,
    18.198525144745748,
    18.334792524142404,
    18.472080249887995,
    18.61039596215787,
    18.74974735833567,
    18.890142193441715,
    19.031588280564534,
    19.1740934912957,
    19.317665756167916,
    19.462313065096318,
    19.608043467823137,
    19.754865074365643,
    19.90278605546754,
    20.05181464305359,
    20.2019591306878,
    20.35322787403495,
    20.50562929132553,
    20.65917186382432,
    20.813864136302293,
    20.9697147175122,
    21.12673228066762,
    21.28492556392566,
    21.44430337087319,
    21.6048745710168,
    21.766648100276434,
    21.929632961482618,
    22.09383822487752,
    22.259273028619667,
    22.425946579292553,
    22.59386815241694,
    22.763047092967078,
    22.933492815890776,
    23.105214806633278,
    23.278222621665243,
    23.452525889014456,
    23.628134308801744,
    23.805057653780718,
    23.98330576988168,
    24.162888576759524,
    24.343816068345777,
    24.526098313404802,
    24.709745456094115,
    24.894767716528914,
    25.081175391350794,
    25.26897885430087,
    25.45818855679695,
    25.64881502851529,
    25.840868877976515,
    26.034360793135964,
    26.229301541978565,
    26.42570197311799,
    26.62357301640049,
    26.822925683513052,
    27.023771068596297,
    27.226120348861787,
    27.429984785214106,
    27.635375722877544,
    27.84230459202744,
    28.050782908426307,
    28.26082227406463,
    28.472434377806632,
    28.685630996040658,
    28.90042399333463,
    29.116825323096286,
    29.33484702823835,
    29.554501241848836,
    29.77580018786614,
    29.998756181759422,
    30.223381631213908,
    30.44968903682142,
    30.677690992776004,
    30.907400187574826,
    31.138829404724337,
    31.37199152345164,
    31.60689951942125,
    31.843566465457158,
    32.08200553227043,
    32.32222998919206,
    32.56425320491152,
    32.8080886482207,
    33.05374988876341,
    33.301250597790634,
    33.55060454892123,
    33.80182561890858,
    34.05492778841273,
    34.30992514277852,
    34.56683187281931,
    34.82566227560684,
    35.08643075526683,
    35.349151823780595,
    35.613840101792604,
    35.88051031942415,
    36.14917731709314,
    36.4198560463399,
    36.69256157065931,
    36.96730906633907,
    37.24411382330424,
    37.52299124596821,
    37.80395685408992,
    38.087026283637506,
    38.3722152876586,
    38.65953973715679,
    38.949015621975065,
    39.24065905168553,
    39.534486256485934,
    39.83051358810296,
    40.128757520702095,
