{
  "c": 0.05,
  "f1": 0.5176470588235295,
  "prec": 0.36666666666666664,
  "rec": 0.88,
  "tp": 22,
  "fp": 38,
  "fn": 3,
  "tn": 17
}