{
  "cm_at_c1": {
    "TP": 0,
    "TN": 42,
    "FP": 0,
    "FN": 18,
    "precision": 0.0,
    "recall": 0.0,
    "accuracy": 0.7,
    "F1": 0.0
  },
  "pr_auc": 0.24601258411410437,
  "roc_auc": 0.3697089947089947,
  "prevalence": 0.3,
  "normalized_auprc": -0.07712487983699375,
  "c_grid": [
    5.592461361628843,
    5.624456498692386,
    5.6566346837431265,
    5.688996964020381,
    5.721544392754855,
    5.754278029202909,
    5.787198938681031,
    5.8203081926005185,
    5.853606868502337,
    5.8870960500921905,
    5.9207768272757955,
    5.95465029619435,
    5.988717559260198,
    6.022979725192726,
    6.057437909054431,
    6.0920932322872146,
    6.126946822748882,
    6.16199981474985,
    6.1972533490900545,
    6.232708573096088,
    6.2683666406585345,
    6.304228712269522,
    6.340295955060491,
    6.376569542840187,
    6.413050656132843,
    6.4497404822166216,
    6.486640215162243,
    6.523751055871844,
    6.561074212118069,
    6.5986108985833765,
    6.636362336899559,
    6.674329755687516,
    6.712514390597237,
    6.750917484348002,
    6.789540286768844,
    6.828384054839216,
    6.867450052729893,
    6.906739551844132,
    6.946253830859033,
    6.985994175767158,
    7.025961879918393,
    7.066158244062024,
    7.106584576389083,
    7.1472421925749225,
    7.18813241582202,
    7.229256576903061,
    7.270616014204238,
    7.312212073768805,
    7.354046109340897,
    7.396119482409576,
    7.438433562253144,
    7.4809897259837115,
    7.52378935859201,
    7.5668338529924615,
    7.610124610068526,
    7.653663038718283,
    7.697450555900277,
    7.741488586679652,
    7.785778564274515,
    7.830321930102581,
    7.875120133828092,
    7.920174633408992,
    7.9654868951443705,
    8.011058393722193,
    8.056890612267294,
    8.10298504238963,
    8.149343184232846,
    8.195966546523085,
    8.24285664661809,
    8.290015010556587,
    8.337443173107959,
    8.385142677822175,
    8.433115077080048,
    8.481361932143743,
    8.529884813207586,
    8.57868529944918,
    8.627764979080787,
    8.67712544940102,
    8.726768316846828,
    8.776695197045779,
    8.826907714868636,
    8.877407504482239,
    8.9281962094027,
    8.97927548254887,
    9.030646986296155,
    9.082312392530607,
    9.13427338270333,
    9.18653164788522,
    9.239088888821984,
    9.291946815989498,
    9.345107149649479,
    9.398571619905463,
    9.452341966759109,
    9.506419940166841,
    9.560807300096792,
    9.615505816586072,
    9.670517269798395,
    9.725843450082,
    9.781486158027915,
    9.837447204528575,
    9.89372841083674,
    9.95033160862477,
    10.007258640044245,
    10.06451135778592,
    10.122091625139996,
    10.180001316056803,
    10.238242315207744,
    10.296816518046661,
    10.355725830871505,
    10.414972170886399,
    10.474557466264,
    10.534483656208293,
    10.59475269101766,
    10.655366532148383,
    10.716327152278454,
    10.777636535371817,
    10.839296676742881,
    10.901309583121515,
    10.963677272718304,
    11.026401775290266,
    11.089485132206894,
    11.152929396516619,
    11.216736633013577,
    11.280908918304863,
    11.345448340878075,
    11.410357001169299,
    11.475637011631457,
    11.541290496803091,
    11.60731959337745,
    11.673726450272088,
    11.74051322869875,
    11.807682102233741,
    11.875235256888647,
    11.943174891181503,
    12.011503216208302,
    12.080222455715012,
    12.14933484616989,
    12.218842636836303,
    12.288748089845916,
    12.359053480272337,
    12.429761096205116,
    12.500873238824257,
    12.572392222475077,
    12.64432037474354,
    12.716660036531998,
    12.789413562135406,
    12.862583319317896,
    12.936171689389884,
    13.010181067285528,
    13.084613861640692,
    13.159472494871334,
    13.234759403252356,
    13.31047703699685,
    13.386627860335903,
    13.463214351598735,
    13.54023900329339,
    13.617704322187842,
    13.695612829391605,
    13.773967060437728,
    13.852769565365378,
    13.932022908802779,
    14.011729670050702,
    14.0918924431664,
    14.172513837048058,
    14.253596475519648,
    14.335142997416382,
    14.417156056670539,
    14.499638322397866,
    14.582592478984436,
    14.666021226174033,
    14.749927279155965,
    14.834313368653499,
    14.919182241012663,
    15.004536658291672,
    15.090379398350791,
    15.176713254942783,
    15.263541037803769,
    15.350865572744736,
    15.43868970174345,
    15.527016283036975,
    15.615848191214686,
    15.705188317311846,
    15.795039568903645,
    15.885404870199887,
    15.976287162140103,
    16.067689402489304,
    16.159614565934213,
    16.25206564418011,
    16.345045646048156,
    16.438557597573357,
    16.53260454210301,
    16.62718954039576,
    16.72231567072123,
    16.817986028960192,
    16.9142037287053,
    17.010971901362467,
    17.108293696252733,
    17.206172280714792,
    17.304610840208035,
    17.40361257841629,
    17.50318071735199,
    17.603318497461135,
    17.70402917772866,
    17.80531603578456,
    17.907182368010545,
    18.009631489647294,
    18.1126667349024,
    18.216291457058855,
    18.320509028584162,
    18.42532284124012,
    18.530736306193205,
    18.636752854125564,
    18.743375935346716,
    18.8506090199058,
    18.958455597704507,
    19.06691917861068,
    19.17600329257253,
    19.28571148973352,
    19.396047340547913,
    19.507014435896977,
    19.618616387205815,
    19.730856826560935,
    19.84373940682844,
    19.957267801772907,
    20.07144570617698,
    20.18627683596159,
    20.301764928306877,
    20.417913741773845,
    20.53472705642666,
    20.652208673955695,
    20.770362417801255,
    20.889192133277998,
    21.008701687700075,
    21.128894970507005,
    21.249775893390254,
    21.37134839042053,
    21.49361641817585,
    21.61658395587029,
    21.74025500548345,
    21.864633591890755,
    21.989723762994405,
    22.11552958985514,
    22.24205516682473,
    22.369304611679222,
    22.49728206575293,
    22.62599169407325,
    22.755437685496183,
    22.88562425284267,
    23.01655563303573,
    23.14823608723831,
    23.280669900991967,
    23.413861384356355,
    23.547814872049493,
    23.682534723588834,
    23.818025323433158,
    23.95429108112527,
    24.09133643143546,
    24.229165834505892,
    24.367783775995715,
    24.50719476722707,
    24.647403345331927,
    24.788414073399732,
    24.930231540625883,
    25.072860362461125,
    25.216305180761736,
    25.36057066394061,
    25.5056615071192,
    25.65158243228031,
    25.79833818842175,
    25.945933551710915,
    26.094373325640227,
    26.243662341183448,
    26.393805456952943,
    26.544807559357775,
    26.696673562762705,
    26.849408409648177,
    27.00301707077115,
    27.15750454532687,
    27.31287586111159,
    27.469136074686194,
    27.626290271540714,
    27.784343566259906,
    27.943301102689656,
    28.103168054104405,
    28.263949623375527,
    28.425651043140657,
    28.588277575973937,
    28.75183451455733,
    28.916327181852875,
    29.08176093127589,
    29.248141146869244,
    29.415473243478566,
    29.583762666928425,
    29.753014894199612,
    29.923235433607385,
    30.09442982498071,
    30.266603639842607,
    30.439762481591437,
    30.613911985683245,
    30.7890578198152,
    30.96520568411005,
    31.142361311301595,
    31.320530466921337,
    31.49971894948605,
    31.679932590686494,
    31.86117725557724,
    32.04345884276753,
    32.22678328461324,
    32.41115654740999,
    32.59658463158728,
    32.78307357190376,
    32.97062943764368,
    33.15925833281435,
    33.34896639634486,
    33.53975980228584,
    33.73164476001042,
    33.92462751441625,
    34.11871434612881,
    34.31391157170577,
    34.51022554384257,
    34.70766265157925,
    34.90622932050819,
    35.10593201298345,
    35.306777228330944,
    35.50877150306,
    35.71192141107608,
    35.9162335638948,
    36.12171461085697,
    36.328371239345145,
