{
  "c": 0.05,
  "f1": 0.7010309278350515,
  "prec": 0.5666666666666667,
  "rec": 0.918918918918919,
  "tp": 34,
  "fp": 26,
  "fn": 3,
  "tn": 17
}