{
  "cm_at_c1": {
    "TP": 0,
    "TN": 129,
    "FP": 0,
    "FN": 51,
    "precision": 0.0,
    "recall": 0.0,
    "accuracy": 0.7166666666666667,
    "F1": 0.0
  },
  "pr_auc": 0.2253750693330663,
  "roc_auc": 0.40120079039367684,
  "prevalence": 0.2833333333333333,
  "normalized_auprc": -0.08087199627944235,
  "auprg": NaN,
  "ece_rank": 0.36086556169429107,
  "c_grid": [
    1.332230626756741,
    1.3444048819772116,
    1.3566903885735302,
    1.3690881631884728,
    1.3815992317551506,
    1.3942246295819076,
    1.4069654014379922,
    1.4198226016400155,
    1.4327972941391953,
    1.4458905526094012,
    1.4591034605360018,
    1.472437111305525,
    1.4858926082961368,
    1.4994710649689478,
    1.5131736049601532,
    1.5270013621740162,
    1.5409554808766988,
    1.5550371157909528,
    1.5692474321916734,
    1.5835876060023286,
    1.5980588238922675,
    1.6126622833749193,
    1.627399192906889,
    1.6422707719879592,
    1.657278251262005,
    1.672422872618832,
    1.6877058892969437,
    1.7031285659872493,
    1.7186921789377188,
    1.7343980160589931,
    1.7502473770309623,
    1.7662415734103143,
    1.7823819287390685,
    1.798669778654102,
    1.815106470997672,
    1.831693365928957,
    1.848431836036606,
    1.8653232664523263,
    1.8823690549655034,
    1.8995706121388702,
    1.9169293614252334,
    1.934446739285265,
    1.9521241953063737,
    1.9699631923226575,
    1.9879652065359583,
    2.0061317276380164,
    2.0244642589337474,
    2.042964317465641,
    2.0616334341392983,
    2.0804731538501184,
    2.0994850356111385,
    2.1186706526820456,
    2.1380315926993645,
    2.1575694578078393,
    2.17728586479301,
    2.1971824452150077,
    2.2172608455435636,
    2.2375227272942624,
    2.2579697671660295,
    2.278603657179883,
    2.2994261048189517,
    2.3204388331697694,
    2.3416435810648637,
    2.363042103226647,
    2.3846361704126227,
    2.4064275695619153,
    2.428418103943147,
    2.450609593303655,
    2.4730038740200833,
    2.495602799250339,
    2.5184082390869533,
    2.5414220807118233,
    2.564646228552387,
    2.5880826044392142,
    2.6117331477650407,
    2.635599815645257,
    2.6596845830798594,
    2.683989443116888,
    2.708516407017351,
    2.733267504421662,
    2.7582447835175916,
    2.783450311209762,
    2.808886173290686,
    2.8345544746133635,
    2.86045733926547,
    2.8865969107451193,
    2.912975352138248,
    2.9395948462976076,
    2.966457596023405,
    2.993565824245579,
    3.0209217742077623,
    3.048527709652901,
    3.0763859150105892,
    3.10449869558611,
    3.1328683777511968,
    3.1614973091365504,
    3.190387858826103,
    3.219542417553068,
    3.2489633978977714,
    3.278653234487302,
    3.3086143841969746,
    3.338849326353645,
    3.369360562940874,
    3.4001506188059687,
    3.4312220418689248,
    3.4625774033332606,
    3.4942192978987965,
    3.526150343976362,
    3.5583731839044805,
    3.5908904841680194,
    3.623704935618852,
    3.6568192536985236,
    3.6902361786629627,
    3.723958475809237,
    3.7579889357043874,
    3.7923303744163537,
    3.826985633747002,
    3.8619575814672964,
    3.897249111554601,
    3.93286314443217,
    3.9688026272108092,
    4.00507053393276,
    4.041669865817799,
    4.0786036515116,
    4.115874947336354,
    4.1534868375436815,
    4.191442434569868,
    4.229744879293413,
    4.26839734129495,
    4.3074030191195245,
    4.346765140541284,
    4.386486962830586,
    4.426571773023526,
    4.467022888193964,
    4.507843655727997,
    4.549037453600979,
    4.590607690657037,
    4.6325578068911675,
    4.674891273733898,
    4.717611594338553,
    4.760722303871144,
    4.804226969802905,
    4.848129192205521,
    4.892432604049017,
    4.937140871502414,
    4.982257694237087,
    5.02778680573294,
    5.0737319735873365,
    5.120096999826893,
    5.166885721222081,
    5.214102009604745,
    5.26174977218849,
    5.309832951892008,
    5.358355527665371,
    5.407321514819283,
    5.4567349653573585,
    5.506599968311427,
    5.556920650079916,
    5.607701174769301,
    5.658945744538707,
    5.710658599947632,
    5.76284402030686,
    5.8155063240325875,
    5.86864986900377,
    5.922279052922749,
    5.976398313679162,
    6.031012129717192,
    6.086125020406154,
    6.14174154641449,
    6.197866310087162,
    6.254503955826511,
    6.311659170476579,
    6.369336683710957,
    6.427541268424174,
    6.486277741126653,
    6.545550962343293,
    6.6053658370156745,
    6.665727314907964,
    6.726640391016497,
    6.788110105983136,
    6.8501415465123765,
    6.912739845792296,
    6.975910183919315,
    7.039657788326866,
    7.103987934217977,
    7.168905945001785,
    7.234417192734074,
    7.300527098561802,
    7.3672411331717305,
    7.434564817243106,
    7.502503721904527,
    7.571063469194944,
    7.640249732528907,
    7.710068237166037,
    7.780524760684799,
    7.851625133460621,
    7.9233752391483385,
    7.995781015169103,
    8.068848453201689,
    8.142583599678334,
    8.216992556285065,
    8.292081480466651,
    8.367856585936112,
    8.444324143188934,
    8.521490480021948,
    8.599361982056964,
    8.677945093269201,
    8.757246316520527,
    8.837272214097581,
    8.918029408254807,
    8.999524581762467,
    9.081764478459633,
    9.164755903812267,
    9.248505725476363,
    9.333020873866278,
    9.418308342728212,
    9.50437518971896,
    9.591228536989949,
    9.678875571776588,
    9.76732354699305,
    9.856579781832423,
    9.946651662372421,
    10.037546642186566,
    10.129272242960996,
    10.221836055116887,
    10.315245738438579,
    10.409509022707416,
    10.504633708341425,
    10.600627667040788,
    10.697498842439234,
    10.795255250761413,
    10.893904981486221,
    10.993456198016235,
    11.09391713835322,
    11.19529611577987,
    11.297601519547728,
    11.400841815571386,
    11.505025547129092,
    11.610161335569693,
    11.716257881026067,
    11.823323963135067,
    11.931368441764063,
    12.040400257744095,
    12.15042843360975,
    12.261462074345769,
    12.37351036814052,
    12.486582587146334,
    12.600688088246752,
    12.715836313830872,
    12.832036792574685,
    12.949299140229606,
    13.067633060418157,
    13.187048345437,
    13.30755487706724,
    13.42916262739215,
    13.551881659622401,
    13.675722128928758,
    13.800694283282493,
    13.926808464303386,
    14.0540751081155,
    14.182504746210814,
    14.312108006320695,
    14.44289561329538,
    14.57487838999143,
    14.708067258167386,
    14.842473239387537,
    14.978107455933973,
    15.114981131726948,
    15.253105593253714,
    15.392492270505786,
    15.533152697924764,
    15.675098515356874,
    15.818341469016142,
    15.962893412456436,
    16.108766307552322,
    16.255972225488982,
    16.40452334776109,
    16.554431967180847,
    16.70571048889522,
    16.858371431412525,
    17.012427427638315,
    17.16789122592076,
    17.32477569110563,
    17.483093805600856,
    17.64285867045086,
    17.80408350642063,
    17.966781655089832,
    18.1309665799568,
    18.296651867552683,
    18.46385122856569,
    18.632578498975757,
    18.802847641199445,
    18.974672745245325,
    19.148068029880005,
    19.323047843804712,
    19.49962666684269,
    19.677819111137385,
    19.857639922361674,
    20.03910398093806,
    20.222226303270048,
    20.407022042984774,
    20.593506492186997,
    20.781695082724553,
    20.97160338746531,
    21.163247121585908,
    21.356642143872183,
    21.551804458031505,
    21.748750214017086,
    21.947495709364457,
    22.148057390540078,
    22.35045185430233,
    22.554695849074868,
    22.76080627633264,
    22.968800192000497,
    23.178694807864535,
    23.390507492996463,
    23.604255775190897,
    23.819957342415808,
    24.03763004427619,
    24.25729189349121,
    24.47896106738474,
    24.70265590938954,
    24.928394930565254,
    25.15619681113019,
    25.38608040200715,
