{
  "c": 0.05,
  "f1": 0.48275862068965514,
  "prec": 0.35,
  "rec": 0.7777777777777778,
  "tp": 21,
  "fp": 39,
  "fn": 6,
  "tn": 14
}