{
  "cm_at_c1": {
    "TP": 0,
    "TN": 128,
    "FP": 0,
    "FN": 52,
    "precision": 0.0,
    "recall": 0.0,
    "accuracy": 0.7111111111111111,
    "F1": 0.0
  },
  "pr_auc": 0.3044312670136252,
  "roc_auc": 0.5343299278846154,
  "prevalence": 0.28888888888888886,
  "normalized_auprc": 0.0218564692379105,
  "c_grid": [
    3.916291965508797,
    3.9462455741633033,
    3.976428281842941,
    4.006841840802802,
    4.0374880167000375,
    4.068368588696354,
    4.099485349561313,
    4.130840105776402,
    4.162434677639915,
    4.194270899372627,
    4.226350619224278,
    4.258675699580877,
    4.291248017072821,
    4.324069462683842,
    4.357141941860789,
    4.390467374624246,
    4.424047695680005,
    4.457884854531376,
    4.491980815592373,
    4.526337558301755,
    4.560957077237941,
    4.595841382234807,
    4.630992498498367,
    4.6664124667243465,
    4.702103343216649,
    4.738067200006744,
    4.774306124973952,
    4.81082222196666,
    4.847617610924457,
    4.88469442800121,
    4.922054825689074,
    4.959700972943461,
    4.997635055308952,
    5.035859275046184,
    5.074375851259701,
    5.1131870200267775,
    5.152295034527246,
    5.191702165174292,
    5.2314106997462755,
    5.271422943519535,
    5.311741219402231,
    5.352367868069196,
    5.393305248097826,
    5.434555736105002,
    5.4761217268850695,
    5.518005633548868,
    5.560209887663822,
    5.602736939395104,
    5.6455892576478846,
    5.688769330210656,
    5.732279663899669,
    5.7761227847044605,
    5.820301237934501,
    5.864817588366964,
    5.909674420395623,
    5.954874338180884,
    6.00041996580098,
    6.046313947404299,
    6.092558947362902,
    6.139157650427195,
    6.186112761881794,
    6.23342700770258,
    6.281103134714958,
    6.32914391075332,
    6.377552124821734,
    6.426330587255856,
    6.475482129886089,
    6.525009606201982,
    6.574915891517887,
    6.625203883139889,
    6.675876500534008,
    6.726936685495685,
    6.778387402320575,
    6.8302316379766275,
    6.882472402277509,
    6.935112728057327,
    6.988155671346702,
    7.041604311550189,
    7.095461751625052,
    7.149731118261403,
    7.204415562063725,
    7.259518257733775,
    7.315042404254896,
    7.370991225077734,
    7.427367968307371,
    7.484175906891898,
    7.54141833881242,
    7.599098587274528,
    7.657220000901222,
    7.715785953927315,
    7.774799846395327,
    7.834265104352872,
    7.894185180051558,
    7.954563552147405,
    8.015403725902804,
    8.076709233390003,
    8.13848363369618,
    8.200730513130045,
    8.263453485430057,
    8.326656191974212,
    8.390342301991451,
    8.454515512774664,
    8.51917954989535,
    8.584338167419896,
    8.649995148127521,
    8.716154303729887,
    8.782819475092385,
    8.849994532457117,
    8.917683375667588,
    8.985889934395095,
    9.054618168366888,
    9.123872067596029,
    9.19365565261305,
    9.263972974699346,
    9.334828116122393,
    9.406225190372727,
    9.478168342402755,
    9.550661748867407,
    9.623709618366577,
    9.69731619168949,
    9.77148574206088,
    9.846222575389076,
    9.921531030515979,
    9.997415479468959,
    10.073880327714667,
    10.150930014414799,
    10.228569012683806,
    10.306801829848585,
    10.385633007710148,
    10.465067122807298,
    10.545108786682322,
    10.625762646148706,
    10.707033383560915,
    10.78892571708622,
    10.871444400978614,
    10.954594225854818,
    11.0383800189724,
    11.122806644510025,
    11.20787900384984,
    11.293602035862026,
    11.379980717191522,
    11.467020062546949,
    11.554725124991714,
    11.643100996237425,
    11.732152806939403,
    11.821885726994637,
    11.912304965841827,
    12.00341577276391,
    12.09522343719272,
    12.18773328901615,
    12.280950698887494,
    12.37488107853731,
    12.469529881087558,
    12.564902601368193,
    12.661004776236167,
    12.757841984896872,
    12.855419849228033,
    12.953744034106093,
    13.052820247735086,
    13.152654241978025,
    13.253251812690825,
    13.354618800058784,
    13.45676108893563,
    13.559684609185174,
    13.663395336025555,
    13.767899290376146,
    13.873202539207087,
    13.979311195891503,
    14.086231420560425,
    14.193969420460405,
    14.30253145031389,
    14.411923812682303,
    14.522152858332017,
    14.633224986602938,
    14.745146645780137,
    14.857924333468086,
    14.971564596967996,
    15.086074033657798,
    15.201459291375278,
    15.317727068803888,
    15.43488411586177,
    15.552937234093491,
    15.671893277065033,
    15.791759150761552,
    15.912541813988424,
    16.034248278775138,
    16.156885610782435,
    16.2804609297125,
    16.40498140972228,
    16.53045427983998,
    16.656886824384753,
    16.784286383389595,
    16.91266035302745,
    17.04201618604062,
    17.172361392173407,
    17.30370353860811,
    17.43605025040434,
    17.56940921094166,
    17.70378816236569,
    17.839194906037545,
    17.975637302986744,
    18.113123274367606,
    18.251660801919055,
    18.391257928428107,
    18.531922758196647,
    18.67366345751207,
    18.816488255121246,
    18.960405442708367,
    19.10542337537617,
    19.251550472131164,
    19.398795216372225,
    19.54716615638325,
    19.696671905829284,
    19.84732114425674,
    19.99912261759712,
    20.152085138674938,
    20.306217587719182,
    20.46152891287897,
    20.61802813074298,
    20.775724326862935,
    20.93462665628104,
    21.094744344061496,
    21.256086685826045,
    21.41866304829364,
    21.58248286982423,
    21.747555660966682,
    21.913891005010946,
    22.08149855854439,
    22.250388052012415,
    22.42056929028337,
    22.59205215321776,
    22.764846596241817,
    22.938962650925475,
    23.114410425564742,
    23.291200105768553,
    23.469341955050034,
    23.648846315422478,
    23.82972360799958,
    24.01198433360061,
    24.19563907335986,
    24.380698489341118,
    24.567173325156457,
    24.755074406590158,
    24.94441264222699,
    25.135199024085722,
    25.327444628257044,
    25.52116061554682,
    25.716358232123785,
    25.913048810172683,
    26.11124376855194,
    26.310954613456733,
    26.512192939086926,
    26.714970428320164,
    26.91929885339014,
    27.12519007657002,
    27.332656050861118,
    27.54170882068681,
    27.75236052259179,
    27.964623385946638,
    28.178509733657815,
    28.394031982883053,
    28.61120264575224,
    28.830034330093806,
    29.05053974016668,
    29.272731677397818,
    29.496623041125417,
    29.722226829347708,
    29.949556139477714,
    30.178624169103408,
    30.40944421675411,
    30.642029682672327,
    30.87639406959192,
    31.112550983521768,
    31.350514134535914,
    31.590297337569243,
    31.831914513219775,
    32.07537968855655,
    32.32070699793426,
    32.567910683813494,
    32.81700509758793,
    33.06800470041718,
    33.32092406406656,
    33.57577787175296,
    33.83258091899729,
    34.09134811448341,
    34.35209448092372,
    34.61483515593121,
    34.87958539289837,
    35.14636056188263,
    35.415176150498745,
    35.686047764817886,
    35.95899113027366,
    36.234022092575046,
    36.51115661862633,
    36.790410797454044,
    37.07180084114101,
    37.35534308576758,
    37.641053992359936,
    37.92895014784585,
    38.21904826601749,
    38.51136518850193,
    38.80591788573864,
    39.10272345796501,
    39.40179913620879,
    39.70316228328871,
    40.00683039482224,
    40.31282110024147,
    40.621152163816525,
    40.931841485686846,
    41.24490710290041,
    41.56036719046088,
    41.87824006238271,
    42.198544172754396,
    42.52129811680983,
    42.84652063200784,
    43.17423059911997,
    43.504447043326635,
    43.83718913532161,
    44.17247619242497,
    44.5103276797046,
    44.85076321110618,
    45.19380255059191,
    45.539465613287895,
    45.88777246664033,
    46.23874333158047,
    46.59239858369863,
    46.94875875442701,
    47.307844532231684,
