{
  "c": 1.0,
  "f1": 0.44705882352941173,
  "prec": 0.3064516129032258,
  "rec": 0.8260869565217391,
  "tp": 19,
  "fp": 43,
  "fn": 4,
  "tn": 14
}