{
  "cm_at_c1": {
    "TP": 4,
    "TN": 131,
    "FP": 3,
    "FN": 41,
    "precision": 0.5714285714285714,
    "recall": 0.08888888888888889,
    "accuracy": 0.7541899441340782,
    "F1": 0.15384615384615385
  },
  "pr_auc": 0.29227797885889667,
  "roc_auc": 0.49610281923714755,
  "prevalence": 0.25139664804469275,
  "normalized_auprc": 0.05461013593837688,
  "auprg": NaN,
  "ece_rank": 0.3363128491620112,
  "c_grid": [
    0.8147144285367202,
    0.8177090485626589,
    0.8207146758185982,
    0.8237313507634652,
    0.8267591140048997,
    0.8297980062998025,
    0.8328480685548831,
    0.8359093418272104,
    0.8389818673247654,
    0.8420656864069962,
    0.8451608405853741,
    0.8482673715239534,
    0.8513853210399309,
    0.8545147311042104,
    0.857655643841966,
    0.8608081015332106,
    0.8639721466133642,
    0.867147821673825,
    0.8703351694625435,
    0.8735342328845974,
    0.876745055002769,
    0.8799676790381253,
    0.8832021483705997,
    0.8864485065395756,
    0.889706797244473,
    0.8929770643453361,
    0.8962593518634243,
    0.8995537039818049,
    0.9028601650459468,
    0.9061787795643186,
    0.9095095922089871,
    0.912852647816219,
    0.9162079913870841,
    0.919575668088061,
    0.9229557232516458,
    0.9263482023769612,
    0.9297531511303702,
    0.9331706153460898,
    0.9366006410268084,
    0.9400432743443053,
    0.9434985616400716,
    0.9469665494259347,
    0.9504472843846838,
    0.9539408133706986,
    0.9574471834105799,
    0.9609664417037829,
    0.9644986356232521,
    0.9680438127160594,
    0.9716020207040439,
    0.9751733074844544,
    0.978757721130594,
    0.9823553098924676,
    0.9859661221974304,
    0.9895902066508415,
    0.9932276120367164,
    0.9968783873183849,
    1.0005425816391493,
    1.004220244322947,
    1.0079114248750134,
    1.0116161729825488,
    1.0153345385153871,
    1.0190665715266674,
    1.0228123222535075,
    1.0265718411176799,
    1.0303451787262912,
    1.0341323858724625,
    1.0379335135360142,
    1.0417486128841507,
    1.045577735272151,
    1.0494209322440584,
    1.0532782555333755,
    1.0571497570637598,
    1.0610354889497229,
    1.0649355034973325,
    1.0688498532049153,
    1.0727785907637652,
    1.0767217690588513,
    1.0806794411695306,
    1.0846516603702623,
    1.0886384801313242,
    1.0926399541195337,
    1.09665613619897,
    1.1006870804316975,
    1.104732841078496,
    1.1087934725995896,
    1.1128690296553796,
    1.1169595671071817,
    1.121065140017963,
    1.1251858036530842,
    1.1293216134810422,
    1.133472625174219,
    1.1376388946096292,
    1.1418204778696723,
    1.146017431242889,
    1.1502298112247173,
    1.1544576745182542,
    1.1587010780350182,
    1.1629600788957155,
    1.1672347344310097,
    1.1715251021822919,
    1.1758312399024575,
    1.1801532055566812,
    1.1844910573231995,
    1.1888448535940919,
    1.1932146529760683,
    1.1976005142912576,
    1.2020024965779987,
    1.2064206590916366,
    1.2108550613053188,
    1.2153057629107964,
    1.2197728238192278,
    1.224256304161985,
    1.2287562642914625,
    1.2332727647818904,
    1.23780586643015,
    1.2423556302565912,
    1.2469221175058551,
    1.2515053896476969,
    1.256105508377815,
    1.2607225356186804,
    1.265356533520371,
    1.2700075644614066,
    1.274675691049591,
    1.2793609761228533,
    1.2840634827500934,
    1.288783274232032,
    1.2935204141020622,
    1.2982749661271047,
    1.3030469943084664,
    1.3078365628827013,
    1.3126437363224768,
    1.317468579337439,
    1.322311156875086,
    1.3271715341216417,
    1.332049776502932,
    1.336945949685267,
    1.3418601195763245,
    1.3467923523260366,
    1.351742714327481,
    1.356711272217774,
    1.3616980928789686,
    1.3667032434389532,
    1.371726791272356,
    1.3767688040014527,
    1.3818293494970757,
    1.386908495879528,
    1.3920063115194998,
    1.3971228650389906,
    1.4022582253122304,
    1.4074124614666084,
    1.412585642883603,
    1.4177778391997164,
    1.422989120307411,
    1.428219556356051,
    1.433469217752846,
    1.4387381751637998,
    1.4440264995146601,
    1.4493342619918752,
    1.45466153404355,
    1.4600083873804102,
    1.465374893976765,
    1.4707611260714786,
    1.4761671561689405,
    1.4815930570400422,
    1.4870389017231573,
    1.4925047635251243,
    1.4979907160222325,
    1.5034968330612146,
    1.5090231887602383,
    1.514569857509905,
    1.5201369139742524,
    1.5257244330917574,
    1.531332490076346,
    1.5369611604184064,
    1.5426105198858036,
    1.5482806445249004,
    1.5539716106615813,
    1.5596834949022782,
    1.5654163741350045,
    1.571170325530387,
    1.5769454265427068,
    1.5827417549109413,
    1.5885593886598102,
    1.5943984061008265,
    1.6002588858333506,
    1.6061409067456476,
    1.6120445480159495,
    1.6179698891135221,
    1.6239170097997329,
    1.6298859901291267,
    1.6358769104505013,
    1.6418898514079903,
    1.6479248939421491,
    1.653982119291043,
    1.6600616089913414,
    1.666163444879416,
    1.6722877090924417,
    1.6784344840695018,
    1.6846038525526994,
    1.690795897588269,
    1.6970107025276968,
    1.7032483510288399,
    1.7095089270570551,
    1.7157925148863278,
    1.7220991991004062,
    1.7284290645939404,
    1.7347821965736256,
    1.7411586805593482,
    1.747558602385337,
    1.7539820482013193,
    1.7604291044736804,
    1.7668998579866269,
    1.773394395843356,
    1.7799128054672266,
    1.7864551746029376,
    1.7930215913177077,
    1.7996121440024615,
    1.8062269213730204,
    1.812866012471294,
    1.8195295066664818,
    1.8262174936562745,
    1.8329300634680614,
    1.8396673064601428,
    1.8464293133229464,
    1.8532161750802476,
    1.8600279830903945,
    1.8668648290475396,
    1.873726804982871,
    1.8806140032658547,
    1.8875265166054744,
    1.8944644380514823,
    1.901427860995651,
    1.9084168791730294,
    1.9154315866632052,
    1.922472077891573,
    1.9295384476306021,
    1.9366307910011145,
    1.9437492034735655,
    1.9508937808693272,
    1.95806461936198,
    1.965261815478606,
    1.9724854661010884,
    1.9797356684674177,
    1.9870125201729973,
    1.9943161191719596,
    2.0016465637784844,
    2.0090039526681207,
    2.016388384879117,
    2.0237999598137533,
    2.0312387772396794,
    2.0387049372912576,
    2.0461985404709115,
    2.0537196876504775,
    2.0612684800725645,
    2.0688450193519143,
    2.076449407476772,
    2.084081746810257,
    2.091742140091742,
    2.0994306904382345,
    2.107147501345768,
    2.1148926766907907,
    2.1226663207315672,
    2.1304685381095823,
    2.1382994338509453,
    2.1461591133678093,
    2.154047682459786,
    2.1619652473153717,
    2.1699119145133765,
    2.1778877910243595,
    2.185892984212067,
    2.1939276018348792,
    2.2019917520472605,
    2.210085543401215,
    2.2182090848477487,
    2.2263624857383344,
    2.234545855826385,
    2.242759305268731,
    2.251002944627102,
    2.259276884869617,
    2.267581237372276,
    2.27591611392046,
    2.2842816267104373,
    2.2926778883508714,
    2.301105011864338,
    2.3095631106888472,
    2.318052298679368,
    2.3265726901093644,
    2.3351243996723303,
    2.343707542483335,
    2.3523222340805736,
    2.3609685904269204,
    2.3696467279114906,
    2.378356763351208,
    2.3870988139923766,
    2.3958729975122575,
    2.404679432020656,
    2.4135182360615097,
    2.4223895286144836,
    2.431293429096573,
    2.4402300573637103,
    2.4491995337123784,
    2.4582019788812315,
    2.4672375140527163,
    2.476306260854709,
    2.4854083413621475,
    2.4945438780986775,
    2.503712994038301,
    2.5129158126070315,
    2.522152457684555,
    2.531423053605899,
    2.5407277251631055,
    2.5500665976069095,
    2.5594397966484275,
    2.568847448460847,
    2.578289679681128,
    2.5877666174117033,
    2.5972783892221956,
    2.6068251231511286,
