{
  "cm_at_c1": {
    "TP": 0,
    "TN": 120,
    "FP": 0,
    "FN": 60,
    "precision": 0.0,
    "recall": 0.0,
    "accuracy": 0.6666666666666666,
    "F1": 0.0
  },
  "pr_auc": 0.3263283339163606,
  "roc_auc": 0.45743055555555556,
  "prevalence": 0.3333333333333333,
  "normalized_auprc": -0.010507499125459034,
  "auprg": NaN,
  "ece_rank": 0.3279926335174954,
  "c_grid": [
    3.997873227618889,
    4.024285121400583,
    4.050871504990587,
    4.0776335311533884,
    4.104572360269199,
    4.131689160384263,
    4.1589851072615085,
    4.186461384431523,
    4.214119183243874,
    4.241959702918764,
    4.269984150599023,
    4.298193741402459,
    4.326589698474533,
    4.355173253041405,
    4.38394564446331,
    4.4129081202883,
    4.4420619363063345,
    4.471408356603735,
    4.500948653617989,
    4.5306841081929266,
    4.560616009634251,
    4.59074565576545,
    4.6210743529840625,
    4.651603416318324,
    4.682334169484186,
    4.713267944942711,
    4.744406083957848,
    4.775749936654586,
    4.807300862077496,
    4.839060228249659,
    4.871029412231982,
    4.903209800182903,
    4.9356027874185004,
    4.968209778472984,
    5.001032187159603,
    5.034071436631944,
    5.0673289594456365,
    5.100806197620468,
    5.13450460270291,
    5.168425635829061,
    5.202570767787987,
    5.2369414790855044,
    5.27153926000837,
    5.3063656106889034,
    5.3414220411700235,
    5.376710071470725,
    5.412231231651993,
    5.447987061883132,
    5.4839791125085595,
    5.520208944115019,
    5.556678127599249,
    5.5933882442360945,
    5.630340885747073,
    5.6675376543693865,
    5.704980162925395,
    5.742670034892546,
    5.780608904473769,
    5.818798416668334,
    5.857240227343174,
    5.895936003304683,
    5.934887422370987,
    5.974096173444702,
    6.013563956586145,
    6.053292483087066,
    6.093283475544835,
    6.133538667937138,
    6.174059805697166,
    6.214848645789282,
    6.255906956785214,
    6.297236518940736,
    6.338839124272854,
    6.38071657663751,
    6.422870691807795,
    6.46530329755268,
    6.5080162337162655,
    6.55101135229756,
    6.594290517530773,
    6.637855605966151,
    6.681708506551351,
    6.725851120713327,
    6.77028536244079,
    6.815013158367187,
    6.860036447854245,
    6.905357183076053,
    6.950977329103718,
    6.9968988639905545,
    7.043123778857861,
    7.089654077981256,
    7.13649177887757,
    7.183638912392334,
    7.231097522787831,
    7.278869667831733,
    7.326957418886327,
    7.375362860998327,
    7.424088092989276,
    7.473135227546557,
    7.522506391314987,
    7.572203724989037,
    7.622229383405644,
    7.672585535637645,
    7.7232743650878275,
    7.7742980695835975,
    7.825658861472281,
    7.877358967717039,
    7.9294006299934425,
    7.9817861047866545,
    8.034517663489277,
    8.087597592499836,
    8.141028193321917,
    8.19481178266396,
    8.248950692539697,
    8.303447270369293,
    8.358303879081097,
    8.41352289721412,
    8.469106719021152,
    8.525057754572583,
    8.5813784298609,
    8.638071186905876,
    8.69513848386045,
    8.752582795117318,
    8.810406611416218,
    8.868612439951917,
    8.927202804482944,
    8.98618024544099,
    9.045547320041079,
    9.105306602392437,
    9.16546068361011,
    9.226012171927305,
    9.286963692808495,
    9.348317889063237,
    9.410077420960775,
    9.472244966345391,
    9.534823220752498,
    9.597814897525536,
    9.661222727933602,
    9.72504946128989,
    9.789297865070887,
    9.853970725036389,
    9.919070845350255,
    9.984601048702032,
    10.050564176429315,
    10.11696308864096,
    10.183800664341092,
    10.251079801553935,
    10.318803417449471,
    10.386974448469928,
    10.455595850457089,
    10.524670598780478,
    10.594201688466349,
    10.664192134327553,
    10.734644971094264,
    10.805563253545557,
    10.876950056641864,
    10.948808475658296,
    11.021141626318864,
    11.09395264493155,
    11.167244688524336,
    11.241020934982046,
    11.315284583184162,
    11.390038853143517,
    11.465286986145918,
    11.541032244890674,
    11.617277913632078,
    11.694027298321803,
    11.771283726752236,
    11.849050548700799,
    11.927331136075153,
    12.006128883059427,
    12.085447206261376,
    12.165289544860531,
    12.245659360757315,
    12.326560138723146,
    12.407995386551534,
    12.489968635210175,
    12.572483438994071,
    12.655543375679606,
    12.7391520466797,
    12.823313077199959,
    12.908030116395855,
    12.99330683753096,
    13.079146938136201,
    13.165554140170217,
    13.252532190180672,
    13.340084859466796,
    13.4282159442428,
    13.516929265802581,
    13.606228670685331,
    13.696118030842362,
    13.786601243804972,
    13.87768223285344,
    13.969364947187172,
    14.061653362095853,
    14.154551479131916,
    14.248063326283962,
    14.342192958151454,
    14.436944456120505,
    14.532321928540856,
    14.628329510903994,
    14.724971366022473,
    14.822251684210435,
    14.920174683465227,
    15.018744609650383,
    15.11796573667965,
    15.217842366702332,
    15.318378830289822,
    15.419579486623375,
    15.521448723683111,
    15.62399095843828,
    15.727210637038803,
    15.831112235007973,
    15.935700257436626,
    16.040979239178377,
    16.14695374504631,
    16.25362837001087,
    16.36100773939911,
    16.46909650909526,
    16.57789936574255,
    16.687421026946506,
    16.79766624147938,
    16.90863978948619,
    17.020346482691874,
    17.132791164609973,
    17.245978710752635,
    17.359914028842002,
    17.47460205902305,
    17.59004777407769,
    17.706256179640516,
    17.823232314415712,
    17.94098125039565,
    18.059508093080716,
    18.178817981700718,
    18.298916089437714,
    18.419807623650314,
    18.5414978260995,
    18.66399197317582,
    18.78729537612828,
    18.911413381294523,
    19.036351370332746,
    19.162114760454973,
    19.288709004661964,
    19.41613959197965,
    19.54441204769714,
    19.67353193360631,
    19.80350484824288,
    19.934336427129296,
    20.066032343018914,
    20.198598306142138,
    20.33204006445389,
    20.466363403882873,
    20.601574148582465,
    20.737678161183208,
    20.87468134304708,
    21.01258963452325,
    21.151409015205797,
    21.291145504192837,
    21.431805160347633,
    21.573394082561208,
    21.715918410016833,
    21.85938432245621,
    22.003798040447407,
    22.149165825654624,
    22.295493981109594,
    22.44278885148502,
    22.591056823369517,
    22.740304325544674,
    22.8905378292637,
    23.041763848532064,
    23.19398894038991,
    23.347219705196373,
    23.50146278691581,
    23.656724873405757,
    23.813012696707084,
    23.970333033335695,
    24.12869270457654,
    24.28809857677924,
    24.44855756165588,
    24.61007661658066,
    24.77266274489158,
    24.936322996194136,
    25.101064466666852,
    25.26689429936917,
    25.433819684550944,
    25.601847859964405,
    25.77098611117784,
    25.94124177189156,
    26.11262222425586,
    26.285134899191096,
    26.45878727670995,
    26.63358688624161,
    26.809541306958433,
    26.98665816810438,
    27.16494514932599,
    27.344409981005228,
    27.52506044459473,
    27.706904372955194,
    27.88994965069499,
    28.074204214512097,
    28.259676053538083,
    28.446373209684698,
    28.634303777992415,
    28.823475906981493,
    29.013897799005278,
    29.205577710605844,
    29.398523952872,
    29.592744891799633,
    29.788248948654523,
    29.98504460033732,
    30.183140379751308,
    30.38254487617221,
    30.583266735620708,
    30.78531466123728,
    30.9886974136596,
    31.19342381140236,
    31.39950273123964,
    31.606943108589853,
    31.815753937903033,
    32.02594427305103,
    32.237523227719905,
    32.45049997580517,
    32.664883751809576,
    32.880683851243454,
    33.097909631027804,
    33.3165705099,
    33.53667596882221,
    33.758235551392346,
    33.98125886425808,
