{
  "cm_at_c1": {
    "TP": 0,
    "TN": 88,
    "FP": 0,
    "FN": 27,
    "precision": 0.0,
    "recall": 0.0,
    "accuracy": 0.7652173913043478,
    "F1": 0.0
  },
  "pr_auc": 0.2928442677593787,
  "roc_auc": 0.5614478114478114,
  "prevalence": 0.23478260869565218,
  "normalized_auprc": 0.07587603173100627,
  "c_grid": [
    13.810028745704132,
    14.432372683979281,
    15.0827623261874,
    15.7624615418076,
    16.472791156138822,
    17.21513151699322,
    17.990925177056592,
    18.801679697128524,
    19.64897057568942,
    20.534444310487473,
    21.459821598094916,
    22.426900677651133,
    23.43756082529035,
    24.493766006044364,
    25.597568690317082,
    26.751113842346985,
    27.95664308840825,
    29.216499072850343,
    30.53313001044097,
    31.909094443858674,
    33.34706621558015,
    34.84983966382384,
    36.42033505264688,
    38.061604246747244,
    39.77683664199908,
    41.56936536324518,
    43.44267374139089,
    45.40040208238584,
    47.446354741247355,
    49.58450751487231,
    51.81901536800321,
    54.1542205073622,
    56.59466081964297,
    59.14507868975777,
    61.81043021647544,
    64.59589484335889,
    67.50688542371729,
    70.54905873913158,
    73.72832649199374,
    77.05086679342045,
    80.523136168866,
    84.15188210476326,
    87.94415616057474,
    91.90732767173344,
    96.04909807010164,
    100.37751584977623,
    104.90099220732242,
    109.62831738682893,
    114.5686777615472,
    119.73167368530858,
    125.12733814840892,
    130.7661562742141,
    136.65908569437286,
    142.81757784223137,
    149.25360020582713,
    155.97965958370736,
    163.00882638876112,
    170.35476004729523,
    178.03173554271055,
    186.05467115535913,
    194.43915745248813,
    203.201487584605,
    212.35868894713727,
    221.92855626891384,
    231.92968619176625,
    242.3815134084477,
    253.3043484290936,
    264.7194170496148,
    276.64890159871874,
    289.1159840437135,
    302.14489103885865,
    315.76094100380396,
    329.99059332360116,
    344.8614997658956,
    360.40255821521595,
    376.64396882877946,
    393.617292722939,
    411.3555133043116,
    429.8931003647756,
    449.2660770648822,
    469.51208993585175,
    490.67048203618447,
    512.7823694050471,
    535.8907209610038,
    560.0404420013546,
    585.2784614643413,
    611.6538231237906,
    639.2177808934167,
    668.0238984259713,
    698.1281532007965,
    729.5890453020452,
    762.4677110989519,
    796.8280420490644,
    832.7368088552994,
    870.2637912180911,
    909.4819134347741,
    950.4673861097012,
    993.299854250479,
    1038.0625520381045,
    1084.8424645717628,
    1133.7304969025954,
    1184.8216506849135,
    1238.2152087881348,
    1294.0149282281905,
    1352.3292417933144,
    1413.2714687560294,
    1476.960035080783,
    1543.5187035551774,
    1613.076814291963,
    1685.7695360691764,
    1761.738128996828,
    1841.130219020568,
    1924.1000847957623,
    2010.8089574894439,
    2101.42533409273,
    2196.1253048525487,
    2295.092895458962,
    2398.520424653031,
    2506.608877950153,
    2619.568298205104,
    2737.6181937777587,
    2860.9879650926323,
    2989.917350421205,
    3124.6568917532354,
    3265.4684216624114,
    3412.6255721124194,
    3566.414306192179,
    3727.1334738135283,
    3895.095392451228,
    4070.6264540538,
    4254.067759304587,
    4445.775780465549,
    4646.12305409189,
    4855.498904963594,
    5074.310202640705,
    5302.982152112463,
    5541.9591200767845,
    5791.705498455716,
    6052.706606824879,
    6325.46963551062,
    6610.524631187447,
    6908.425526891072,
    7219.75121844862,
    7545.106689417775,
    7885.124186720892,
    8240.464449258652,
    8611.817991890724,
    8999.90644727857,
    9405.483968197892,
    9829.338693045795,
    10272.29427739048,
    10735.211494539728,
    11218.989908238327,
    11724.569620745016,
    12252.933099686028,
    12805.10708723494,
    13382.164595329104,
    13985.226990799792,
    14615.466174467942,
    15274.106858440091,
    15962.428946029808,
    16681.77001892943,
    17433.527936465285,
    18219.16355198742,
    19040.20355167243,
    19898.243421255927,
    20794.950546459713,
    21732.067453138596,
    22711.415193443234,
    23734.896884579244,
    24804.501407038948,
    25922.307269493074,
    27090.486647851947,
    28311.30960634572,
    29587.148508825998,
    30920.482628861213,
    32313.902967584243,
    33770.11728865458,
    35291.95538011928,
    36882.37455339772,
    38544.46539007616,
    40281.45774767947,
    42096.727036090844,
    43993.80077681599,
    45976.36545783831,
    48048.27369738555,
    50213.55173052903,
    52476.40723316376,
    54841.237498573355,
    57312.63798246892,
    59895.41123310701,
    62594.57622384004,
    65415.37810623485,
    68363.29840271185,
    71444.06565851191,
    74663.66657369015,
    78028.35763676901,
    81544.67728265782,
    85219.4585984644,
    89059.8426018896,
    93073.29211800783,
    97267.6062813996,
    101650.93569181759,
    106231.79825283714,
    111019.09572426979,
    116022.13102050552,
    121250.62628839826,
    126714.74179982493,
    132425.09569563073,
    138392.78461932848,
    144629.40528064675,
    151147.07699083412,
    157958.46521350628,
    165076.80617680447,
    172515.93259469216,
    180290.3005473721,
    188415.01757306,
    196905.87202570372,
    205779.3637556973,
    215052.73617321035,
    224744.00975643983,
    234872.0170698989,
    245456.43936079225,
    256517.84480459403,
    268077.7284741486,
    280158.5541099646,
    292783.79777287174,
    305977.99346386944,
    319766.78079981665,
    334176.95483760996,
    349236.5181436696,
    364974.7352099187,
    381422.18932199845,
    398610.84199022857,
    416574.09505880304,
    435346.8556139139,
    454965.60381693597,
    475468.4637944897,
    496895.2777231388,
    519287.68325268826,
    542689.1944185358,
    567145.2862003042,
    592703.482891088,
    619413.4504490179,
    647327.0930106203,
    676498.6537535153,
    706984.8203044549,
    738844.8348975375,
    772140.6094966612,
    806936.8461059302,
    843301.1625018036,
    881304.2236313209,
    921019.8789317381,
    962525.3058384258,
    1005901.1597598968,
    1051231.7308114052,
    1098605.1076116874,
    1148113.348461145,
    1199852.6602341088,
    1253923.5853328195,
    1310431.1970664207,
    1369485.303834636,
    1431200.6625129087,
    1495697.2014536662,
    1563100.253537055,
    1633540.7997240236,
    1707155.7235850347,
    1784088.0772990242,
    1864487.3596395042,
    1948509.8064880115,
    2036318.694439437,
    2128084.6580892205,
    2223986.0216189777,
    2324209.1453249184,
    2428948.787762417,
    2538408.484210546,
    2652800.942191928,
    2772348.4548165714,
    2897283.332752888,
    3027848.355665333,
    3164297.2439959142,
    3306895.1520063663,
    3455919.1830390915,
    3611658.927998147,
    3774417.028096683,
    3944509.76296439,
    4122267.6652577985,
    4308036.16296776,
    4502176.250672293,
    4705065.191039186,
    4917097.247941566,
    5138684.452611053,
    5370257.404317331,
    5612266.107130043,
    5865180.844389075,
    6129493.092582514,
    6405716.476408181,
    6694387.766874681,
    6996067.924381504,
    7311343.18880515,
    7640826.218709603,
    7985157.281894895,
    8345005.499597325,
    8721070.146759098,
    9114082.010894174,
    9524804.812190803,
    9954036.687610673,
    10402611.741868252,
    10871401.668304535,
    11361317.44280488,
    11873311.094052622,
    12408377.55355853,
    12967556.58906117,
    13551934.825055255,
    14162647.854374371,
    14800882.444931412,
    15467878.845904976,
    16164933.197853217,
    16893400.051438592,
    17654694.99965804,
    18450297.428693645,
    19281753.392729413,
    20150678.618320577,
    21058761.644153778,
    22007767.102299336,
    22999539.147332028,
    24036005.039983887,
    25119178.89229307,
