{
  "c": 0.05,
  "f1": 0.653061224489796,
  "prec": 0.5333333333333333,
  "rec": 0.8421052631578947,
  "tp": 32,
  "fp": 28,
  "fn": 6,
  "tn": 14
}