{
  "cm_at_c1": {
    "TP": 0,
    "TN": 131,
    "FP": 0,
    "FN": 49,
    "precision": 0.0,
    "recall": 0.0,
    "accuracy": 0.7277777777777777,
    "F1": 0.0
  },
  "pr_auc": 0.2900323130169956,
  "roc_auc": 0.5436983953886898,
  "prevalence": 0.2722222222222222,
  "normalized_auprc": 0.024471880481368048,
  "auprg": NaN,
  "ece_rank": 0.2765193370165746,
  "c_grid": [
    4.400044910174677,
    4.436927050523846,
    4.474118345053145,
    4.511621385160634,
    4.549438783966048,
    4.587573176492857,
    4.626027219851877,
    4.664803593426409,
    4.703904999058933,
    4.7433341612393605,
    4.7830938272948815,
    4.823186767581377,
    4.863615775676462,
    4.90438366857413,
    4.945493286881036,
    4.9869474950144195,
    5.028749181401697,
    5.0709012586817135,
    5.113406663907691,
    5.156268358751877,
    5.199489329711902,
    5.243072588318874,
    5.287021171347219,
    5.331338141026266,
    5.376026585253623,
    5.421089617810333,
    5.466530378577832,
    5.512352033756732,
    5.558557776087434,
    5.605150825072582,
    5.6521344272014025,
    5.699511856175903,
    5.747286413138978,
    5.795461426904427,
    5.844040254188896,
    5.893026279845764,
    5.942422917100993,
    5.9922336077909515,
    6.042461822602235,
    6.093111061313496,
    6.144184853039299,
    6.195686756476015,
    6.247620360149794,
    6.29998928266659,
    6.352797172964317,
    6.406047710567072,
    6.45974460584154,
    6.5138916002555085,
    6.568492466638565,
    6.623551009444985,
    6.679071065018809,
    6.735056501861162,
    6.791511220899783,
    6.848439155760847,
    6.905844273043045,
    6.963730572593965,
    7.0221020877888,
    7.080962885811366,
    7.1403170679375165,
    7.200168769820892,
    7.260522161781088,
    7.3213814490942335,
    7.382750872286,
    7.44463470742708,
    7.507037266431125,
    7.569962897355188,
    7.633415984702692,
    7.697400949728927,
    7.761922250749115,
    7.826984383449052,
    7.8925918811983555,
    7.958749315366343,
    8.025461295640547,
    8.09273247034792,
    8.160567526778694,
    8.22897119151301,
    8.297948230750231,
    8.367503450641047,
    8.43764169762236,
    8.508367858754962,
    8.579686862064067,
    8.651603676882669,
    8.724123314197804,
    8.797250826999697,
    8.87099131063384,
    8.945349903156043,
    9.0203317856904,
    9.095942182790347,
    9.172186362802655,
    9.249069638234538,
    9.326597366123814,
    9.404774948412149,
    9.483607832321491,
    9.563101510733576,
    9.643261522572688,
    9.724093453191584,
    9.805602934760671,
    9.88779564666045,
    9.970677315877218,
    10.054253717402139,
    10.138530674633621,
    10.223514059783055,
    10.309209794284016,
    10.39562384920481,
    10.482762245664565,
    10.570631055252747,
    10.659236400452201,
    10.748584455065767,
    10.838681444646468,
    10.929533646931269,
    11.021147392278488,
    11.113529064108917,
    11.206685099350555,
    11.300621988887158,
    11.395346278010495,
    11.490864566876384,
    11.58718351096462,
    11.684309821542662,
    11.782250266133303,
    11.881011668986195,
    11.980600911553324,
    12.081024932968544,
    12.182290730531017,
    12.284405360192826,
    12.387375937050583,
    12.491209635841187,
    12.595913691441773,
    12.701495399373774,
    12.80796211631131,
    12.915321260593748,
    13.023580312742583,
    13.132746815982703,
    13.242828376767939,
    13.3538326653111,
    13.465767416118402,
    13.578640428528368,
    13.692459567255293,
    13.807232762937236,
    13.9229680126886,
    14.039673380657355,
    14.157356998586916,
    14.276027066382754,
    14.395691852683752,
    14.516359695438334,
    14.638039002485439,
    14.760738252140337,
    14.884465993785401,
    15.009230848465808,
    15.135041509490229,
    15.261906743036525,
    15.389835388762613,
    15.518836360422332,
    15.648918646486576,
    15.780091310769576,
    15.91236349306042,
    16.045744409759912,
    16.18024335452276,
    16.315869698905118,
    16.452632893017586,
    16.59054246618364,
    16.72960802760363,
    16.869839267024354,
    17.011245955414175,
    17.15383794564387,
    17.297625173173106,
    17.44261765674277,
    17.58882549907302,
    17.73625888756725,
    17.884928095021884,
    18.034843480342175,
    18.186015489263976,
    18.338454655081616,
    18.492171599381784,
    18.64717703278366,
    18.803481755685144,
    18.961096659015453,
    19.12003272499397,
    19.28030102789544,
    19.44191273482159,
    19.604879106479267,
    19.769211497965003,
    19.934921359556252,
    20.102020237509212,
    20.270519774863306,
    20.440431712252465,
    20.611767888723207,
    20.78454024255952,
    20.95876081211471,
    21.134441736650185,
    21.3115952571813,
    21.49023371733029,
    21.67036956418635,
    21.852015349172888,
    22.03518372892209,
    22.21988746615679,
    22.406139430579806,
    22.593952599770585,
    22.78334006008952,
    22.97431500758971,
    23.16689074893647,
    23.36108070233451,
    23.556898398462874,
    23.754357481417724,
    23.953471709663006,
    24.15425495698912,
    24.356721213479645,
    24.560884586486104,
    24.766759301610893,
    24.97435970369858,
    25.183700257835294,
    25.39479555035675,
    25.6076602898645,
    25.822309308250805,
    26.03875756173209,
    26.257020131891093,
    26.477112226727662,
    26.699049181718454,
    26.922846460885417,
    27.14851965787332,
    27.37608449703631,
    27.605556834533495,
    27.8369526594338,
    28.070288094829998,
    28.305579398962163,
    28.542842966350523,
    28.78209532893775,
    29.0233531572409,
    29.266633261512926,
    29.511952592914,
    29.75932824469266,
    30.00877745337679,
    30.260317599974638,
    30.513966211185842,
    30.76974096062267,
    31.02765967004152,
    31.287740310584645,
    31.550001004032314,
    31.814460024065585,
    32.08113579753945,
    32.35004690576689,
    32.621212085813504,
    32.89465023180308,
    33.17038039623406,
    33.44842179130714,
    33.72879379026389,
    34.01151592873664,
    34.29660790610964,
    34.58408958689169,
    34.873981002100294,
    35.166302350657304,
    35.461074000796394,
    35.75831649148219,
    36.05805053384142,
    36.36029701260605,
    36.665076987568426,
    36.9724116950487,
    37.28232254937449,
    37.59483114437299,
    37.909959254875616,
    38.22772883823517,
    38.54816203585584,
    38.87128117473584,
    39.19710876902321,
    39.52566752158451,
    39.85698032558674,
    40.19107026609236,
    40.527960621667965,
    40.86767486600611,
    41.21023666956106,
    41.55566990119799,
    41.90399862985611,
    42.25524712622573,
    42.60943986443948,
    42.96660152377748,
    43.326756990387004,
    43.689931359016434,
    44.05614993476383,
    44.42543823484017,
    44.79782199034725,
    45.17332714807066,
    45.55197987228748,
    45.93380654658965,
    46.31883377572209,
    46.70708838743653,
    47.09859743436083,
    47.49338819588379,
    47.89148818005612,
    48.29292512550703,
    48.697727003376976,
    49.10592201926669,
    49.5175386152023,
    49.93260547161735,
    50.35115150935102,
    50.77320589166331,
    51.19879802626709,
    51.62795756737698,
    52.06071441777588,
    52.49709873089829,
    52.93714091293144,
    53.38087162493391,
    53.828321784971834,
    54.27952257027352,
    54.73450541940157,
    55.19330203444351,
    55.65594438322076,
    56.12246470151587,
    56.59289549531891,
    57.06726954309227,
    57.54561989805463,
    58.02797989048381,
    58.51438313003951,
    59.00486350810488,
    59.49945520014809,
    59.99819266810363,
    60.50111066277327,
    61.00824422624782,
    61.5196286943485,
    62.03529969908913,
    62.55529317115892,
    63.07964534242584,
    63.608392748461455,
    64.14157223108647,
    64.67922094093777,
    65.22137634005712,
    65.76807620450109,
    66.31935862697365,
    66.8752620194801,
