{
  "cm_at_c1": {
    "TP": 0,
    "TN": 132,
    "FP": 0,
    "FN": 48,
    "precision": 0.0,
    "recall": 0.0,
    "accuracy": 0.7333333333333333,
    "F1": 0.0
  },
  "pr_auc": 0.2701804733096563,
  "roc_auc": 0.4683554292929294,
  "prevalence": 0.26666666666666666,
  "normalized_auprc": 0.004791554513167655,
  "c_grid": [
    2.3170760880931467,
    2.3365070709445894,
    2.35610100187379,
    2.3758592473621163,
    2.395783185350241,
    2.415874205334235,
    2.436133708462475,
    2.4565631076333547,
    2.4771638275938255,
    2.4979373050387554,
    2.518884988711125,
    2.5400083395030624,
    2.561308830557727,
    2.582787947372045,
    2.604447187900309,
    2.6262880626586456,
    2.6483120948303576,
    2.6705208203721527,
    2.692915788121259,
    2.715498559903443,
    2.7382707106419297,
    2.76123382846724,
    2.784389514827943,
    2.8077393846023457,
    2.8312850662111124,
    2.8550282017308306,
    2.878970447008529,
    2.903113471777159,
    2.9274589597720384,
    2.9520086088482778,
    2.976764131099188,
    3.001727252975681,
    3.026899715406675,
    3.052283273920503,
    3.077879698767346,
    3.1036907750426916,
    3.129718302811823,
    3.1559640972353584,
    3.1824299886958394,
    3.2091178229253816,
    3.236029461134396,
    3.263166780141392,
    3.290531672503863,
    3.3181260466502764,
    3.3459518270131676,
    3.3740109541633463,
    3.402305384945238,
    3.4308370926133485,
    3.4596080669698805,
    3.488620314503507,
    3.5178758585292953,
    3.547376739329822,
    3.577125014297456,
    3.6071227580778427,
    3.637372062714593,
    3.6678750377951777,
    3.6986338105980527,
    3.729650526241017,
    3.7609273478308096,
    3.792466456613966,
    3.824270052128942,
    3.856340352359504,
    3.8886795938894134,
    3.9212900320584096,
    3.9541739411194907,
    3.987333614397524,
    4.020771364449185,
    4.0544895232242295,
    4.088490442228127,
    4.122776492686056,
    4.15735006570827,
    4.192213572456854,
    4.227369444313886,
    4.262820133050989,
    4.298568111000329,
    4.334615871227031,
    4.370965927703044,
    4.407620815482466,
    4.444583090878344,
    4.481855331640943,
    4.519440137137524,
    4.557340128533625,
    4.595557948975855,
    4.6340962637762315,
    4.672957760598061,
    4.712145149643375,
    4.7516611638419315,
    4.791508559041829,
    4.831690114201678,
    4.872208631584419,
    4.913066936952749,
    4.954267879766192,
    4.995814333379811,
    5.03770919524461,
    5.079955387109598,
    5.122555855225537,
    5.165513570550439,
    5.208831528956744,
    5.252512751440251,
    5.296560284330813,
    5.340977199504781,
    5.385766594599239,
    5.430931593228028,
    5.476475345199599,
    5.522401026736667,
    5.56871184069773,
    5.615411016800433,
    5.662501811846808,
    5.709987509950405,
    5.75787142276533,
    5.806156889717189,
    5.85484727823599,
    5.903945983990985,
    5.9534564311274805,
    6.003382072505639,
    6.053726389941289,
    6.104492894448735,
    6.155685126485621,
    6.207306656199847,
    6.259361083678543,
    6.311852039199143,
    6.3647831834825634,
    6.418158207948497,
    6.471980834972853,
    6.526254818147361,
    6.580983942541342,
    6.636172024965675,
    6.691822914238997,
    6.747940491456099,
    6.804528670258609,
    6.861591397107928,
    6.919132651560445,
    6.977156446545083,
    7.035666828643161,
    7.094667878370594,
    7.154163710462473,
    7.21415847416003,
    7.274656353500003,
    7.335661567606426,
    7.397178370984881,
    7.4592110538192005,
    7.521763942270668,
    7.58484139877972,
    7.648447822370189,
    7.712587648956089,
    7.777265351650973,
    7.8424854410798925,
    7.908252465693971,
    7.974571012087602,
    8.04144570531833,
    8.108881209229397,
    8.176882226775001,
    8.245453500348276,
    8.314599812112034,
    8.38432598433226,
    8.454636879714439,
    8.525537401742659,
    8.597032495021585,
    8.669127145621314,
    8.741826381425076,
    8.8151352724799,
    8.88905893135019,
    8.963602513474276,
    9.038771217523957,
    9.114570285767053,
    9.191005004433007,
    9.268080704081537,
    9.345802759974402,
    9.42417659245026,
    9.50320766730269,
    9.58290149616138,
    9.663263636876497,
    9.744299693906301,
    9.826015318708002,
    9.90841621013188,
    9.991508114818735,
    10.07529682760066,
    10.159788191905143,
    10.244988100162653,
    10.3309024942175,
    10.417537365742264,
    10.504898756655669,
    10.592992759543899,
    10.681825518085516,
    10.771403227479963,
    10.861732134879542,
    10.95281853982513,
    11.044668794685537,
    11.137289305100463,
    11.23068653042725,
    11.324866984191397,
    11.419837234540747,
    11.515603904703582,
    11.612173673450561,
    11.70955327556043,
    11.807749502289735,
    11.906769201846494,
    12.0066192798677,
    12.107306699900974,
    12.20883848389023,
    12.311221712665304,
    12.414463526435853,
    12.518571125289268,
    12.62355176969281,
    12.729412780999976,
    12.836161541961083,
    12.943805497238118,
    13.052352153923968,
    13.161809082065941,
    13.272183915193692,
    13.38348435085161,
    13.495718151135645,
    13.608893143234598,
    13.723017219976038,
    13.838098340376732,
    13.954144530197677,
    14.071163882503866,
    14.189164558228672,
    14.308154786742975,
    14.428142866429122,
    14.549137165259626,
    14.67114612138074,
    14.794178243700967,
    14.918242112484458,
    15.043346379949366,
    15.169499770871308,
    15.296711083191806,
    15.424989188631828,
    15.554343033310552,
    15.684781638369245,
    15.816314100600376,
    15.94894959308207,
    16.082697365817815,
    16.21756674638154,
    16.353567140568156,
    16.490708033049515,
    16.628998988035818,
    16.76844964994269,
    16.909069744063753,
    17.05086907724885,
    17.193857538588016,
    17.338045100101116,
    17.483441817433278,
    17.630057830556225,
    17.777903364475407,
    17.926988729943055,
    18.077324324177333,
    18.228920631587393,
    18.38178822450454,
    18.53593776391959,
    18.69138000022636,
    18.848125773971358,
    19.006186016609853,
    19.16557175126823,
    19.3262940935127,
    19.488364252124548,
    19.65179352988182,
    19.816593324347554,
    19.982775128664684,
    20.150350532357567,
    20.319331222140185,
    20.48972898273125,
    20.661555697676043,
    20.834823350175125,
    21.00954402392013,
    21.18572990393644,
    21.36339327743293,
    21.54254653465895,
    21.723202169768395,
    21.905372781690996,
    22.08907107501109,
    22.274309860853503,
    22.461102057777044,
    22.649460692675547,
    22.8393989016862,
    23.03092993110574,
    23.224067138314325,
    23.418823992706923,
    23.615214076632803,
    23.813251086342664,
    24.0129488329439,
    24.214321243363752,
    24.41738236132053,
    24.622146348303097,
    24.828627484558464,
    25.036840170087633,
    25.246798925649966,
    25.458518393775787,
    25.672013339787547,
    25.887298652829607,
    26.10438934690659,
    26.32330056193041,
    26.544047564776207,
    26.766645750347028,
    26.99111064264741,
    27.21745789586613,
    27.44570329546787,
    27.67586275929406,
    27.907952338673073,
    28.141988219539606,
    28.37798672356343,
    28.615964309287776,
    28.85593757327708,
    29.097923251274416,
    29.341938219368707,
    29.587999495171623,
    29.836124239004413,
    30.086329755094606,
    30.3386334927829,
    30.593053047740042,
    30.849606163193883,
    31.10831073116691,
    31.369184793723967,
    31.632246544230483,
    31.89751432862135,
    32.16500664668035,
    32.43474215333025,
    32.70673965993391,
    32.981018135606156,
    33.2575967085366,
    33.53649466732378,
    33.81773146232026,
    34.10132670698906,
    34.38730017927165,
    34.675671822967104,
    34.96646174912305,
    35.259690237438235,
    35.55537773767682,
