{
  "c": 0.05,
  "f1": 0.5934065934065934,
  "prec": 0.45,
  "rec": 0.8709677419354839,
  "tp": 27,
  "fp": 33,
  "fn": 4,
  "tn": 16
}