{
  "cm_at_c1": {
    "TP": 0,
    "TN": 147,
    "FP": 0,
    "FN": 33,
    "precision": 0.0,
    "recall": 0.0,
    "accuracy": 0.8166666666666667,
    "F1": 0.0
  },
  "pr_auc": 0.21562155665376143,
  "roc_auc": 0.5214388785817358,
  "prevalence": 0.18333333333333332,
  "normalized_auprc": 0.03953659998419768,
  "auprg": NaN,
  "ece_rank": 0.36012891344383063,
  "c_grid": [
    7.182161424101944,
    7.234220870690504,
    7.286657666912284,
    7.33947454796243,
    7.392674268861981,
    7.44625960460157,
    7.500233350286182,
    7.554598321280938,
    7.609357353357961,
    7.664513302844287,
    7.7200690467708615,
    7.776027483022608,
    7.832391530489588,
    7.889164129219251,
    7.9463482405698,
    8.003946847364658,
    8.06196295404805,
    8.120399586841737,
    8.179259793902846,
    8.238546645482888,
    8.2982632340879,
    8.35841267463975,
    8.418998104638623,
    8.480022684326684,
    8.541489596852905,
    8.603402048439122,
    8.665763268547265,
    8.728576510047812,
    8.79184504938948,
    8.855572186770107,
    8.919761246308816,
    8.984415576219394,
    9.049538548984948,
    9.115133561533822,
    9.181204035416773,
    9.247753416985457,
    9.3147851775722,
    9.382302813671052,
    9.450309847120188,
    9.518809825285606,
    9.58780632124616,
    9.65730293397995,
    9.727303288552033,
    9.797811036303528,
    9.86882985504207,
    9.940363449233654,
    10.01241555019586,
    10.084989916292493,
    10.158090333129621,
    10.231720613753042,
    10.305884598847173,
    10.380586156935397,
    10.455829184581836,
    10.53161760659463,
    10.607955376230628,
    10.684846475401622,
    10.762294914882037,
    10.84030473451815,
    10.918880003438804,
    10.998024820267673,
    11.077743313337045,
    11.158039640903166,
    11.238917991363142,
    11.32038258347341,
    11.402437666569805,
    11.485087520789198,
    11.56833645729277,
    11.65218881849088,
    11.736648978269576,
    11.821721342218748,
    11.907410347861925,
    11.993720464887746,
    12.080656195383106,
    12.16822207406801,
    12.256422668532077,
    12.345262579472822,
    12.434746440935623,
    12.52487892055545,
    12.615664719800328,
    12.707108574216585,
    12.79921525367585,
    12.891989562623875,
    12.985436340331132,
    13.079560461145244,
    13.174366834745232,
    13.269860406397623,
    13.366046157214395,
    13.4629291044128,
    13.560514301577088,
    13.65880683892209,
    13.75781184355873,
    13.857534479761489,
    13.957979949237759,
    14.059153491399183,
    14.161060383634954,
    14.263705941587085,
    14.36709551942769,
    14.471234510138263,
    14.576128345790984,
    14.681782497832073,
    14.788202477367177,
    14.895393835448852,
    15.00336216336611,
    15.112113092936069,
    15.221652296797718,
    15.33198548870782,
    15.443118423838943,
    15.555056899079657,
    15.667806753336922,
    15.78137386784064,
    15.895764166450459,
    16.010983615964733,
    16.127038226431782,
    16.24393405146339,
    16.361677188550566,
    16.480273779381594,
    16.599730010162403,
    16.720052111939257,
    16.84124636092375,
    16.963319078820216,
    17.086276633155467,
    17.210125437610923,
    17.33487195235717,
    17.460522684390963,
    17.58708418787458,
    17.714563064477755,
    17.842965963721998,
    17.97229958332747,
    18.102570669562322,
    18.233786017594625,
    18.365952471846786,
    18.499076926352583,
    18.63316632511676,
    18.76822766247726,
    18.90426798347002,
    19.041294384196505,
    19.179314012193807,
    19.318334066807502,
    19.458361799567168,
    19.59940451456464,
    19.741469568835004,
    19.884564372740353,
    20.028696390356334,
    20.17387313986146,
    20.320102193929298,
    20.46739118012348,
    20.615747781295532,
    20.76517973598566,
    20.915694838826386,
    21.06730094094914,
    21.220005950393787,
    21.37381783252112,
    21.528744610428355,
    21.68479436536762,
    21.841975237167492,
    22.00029542465759,
    22.15976318609623,
    22.32038683960119,
    22.482174763583632,
    22.64513539718507,
    22.80927724071762,
    22.97460885610738,
    23.14113886734103,
    23.308875960915675,
    23.47782888629195,
    23.64800645635041,
    23.819417547851216,
    23.99207110189717,
    24.165976124400107,
    24.34114168655063,
    24.517576925291312,
    24.69529104379328,
    24.874293311936267,
    25.054593066792144,
    25.23619971311197,
    25.419122723816546,
    25.603371640490543,
    25.788956073880225,
    25.975885704394727,
    26.164170282611035,
    26.353819629782578,
    26.544843638351512,
    26.73725227246478,
    26.931055568493772,
    27.12626363555791,
    27.32288665605192,
    27.520934886177002,
    27.72041865647576,
    27.92134837237111,
    28.123734514709003,
    28.327587640305147,
    28.5329183824957,
    28.739737451691855,
    28.94805563593855,
    29.157883801477208,
    29.369232893312503,
    29.582113935783305,
    29.796538033137697,
    30.012516370112223,
    30.23006021251528,
    30.449180907814767,
    30.669889885730008,
    30.89219865882791,
    31.11611882312351,
    31.341662058684836,
    31.568840130242148,
    31.79766488780162,
    32.028148267263454,
    32.260302291044475,
    32.49413906870524,
    32.72967079758169,
    32.96690976342141,
    33.205868341024434,
    33.44655899488877,
    33.68899427986056,
    33.933186841788945,
    34.17914941818574,
    34.42689483888976,
    34.676436026736184,
    34.92778599823048,
    35.18095786422748,
    35.4359648306152,
    35.69282019900371,
    35.95153736741899,
    36.212129831001754,
    36.474611182711385,
    36.73899511403498,
    37.00529541570156,
    37.27352597840135,
    37.543700793510375,
    37.81583395382027,
    38.08993965427337,
    38.3660321927032,
    38.64412597058021,
    38.924235493763,
    39.20637537325498,
    39.49056032596651,
    39.77680517548255,
    40.06512485283588,
    40.355534397285936,
    40.648048957103285,
    40.94268379035977,
    41.23945426572445,
    41.53837586326516,
    41.83946417525608,
    42.142734906991,
    42.448203877602545,
    42.75588702088732,
    43.06580038613708,
    43.37796013897583,
    43.69238256220312,
    44.00908405664333,
    44.32808114200119,
    44.6493904577235,
    44.973028763867006,
    45.299012941972705,
    45.62735999594636,
    45.958087052945494,
    46.29121136427276,
    46.62675030627579,
    46.96472138125357,
    47.3051422183694,
    47.64803057457052,
    47.993404335514235,
    48.34128151650091,
    48.69168026341372,
    49.044618853665106,
    49.400115697150206,
    49.758189337207114,
    50.11885845158415,
    50.482141853414134,
    50.84805849219569,
    51.21662745478169,
    51.587867966374866,
    51.96179939153063,
    52.33844123516715,
    52.71781314358278,
    53.09993490548083,
    53.48482645300179,
    53.872507862763,
    54.26299935690593,
    54.65632130415096,
    55.05249422085986,
    55.45153877210597,
    55.853475772752105,
    56.25832618853632,
    56.6661111371655,
    57.07685188941688,
    57.49056987024767,
    57.90728665991246,
    58.32702399508898,
    58.74980377001191,
    59.17564803761493,
    59.60457901068099,
    60.03661906300106,
    60.47179073054108,
    60.910116712617516,
    61.35161987308149,
    61.79632324151124,
    62.24425001441347,
    62.695423556433305,
    63.149867401573054,
    63.60760525441976,
    64.06866099138166,
    64.53305866193367,
    65.00082248987178,
    65.47197687457667,
    65.9465463922864,
    66.42455579737833,
    66.9060300236604,
    67.39099418567169,
    67.8794735799924,
    68.37149368656347,
    68.86708017001553,
    69.36625888100771,
    69.86905585757603,
    70.37549732649154,
    70.88560970462846,
    71.399419600342,
    71.9169538148564,
    72.43823934366287,
    72.96330337792777,
    73.49217330591092,
    74.02487671439421,
    74.56144139012058,
    75.10189532124348,
    75.64626669878665,
