{
  "c": 0.05,
  "f1": 0.35897435897435903,
  "prec": 0.23333333333333334,
  "rec": 0.7777777777777778,
  "tp": 14,
  "fp": 46,
  "fn": 4,
  "tn": 16
}