{
  "cm_at_c1": {
    "TP": 0,
    "TN": 140,
    "FP": 0,
    "FN": 40,
    "precision": 0.0,
    "recall": 0.0,
    "accuracy": 0.7777777777777778,
    "F1": 0.0
  },
  "pr_auc": 0.24926144014388887,
  "roc_auc": 0.5640178571428571,
  "prevalence": 0.2222222222222222,
  "normalized_auprc": 0.034764708756428564,
  "c_grid": [
    3.83860226838761,
    3.8666955762234037,
    3.894994488570937,
    3.9235005101734584,
    3.952215156786871,
    3.9811399552603377,
    4.010276443617461,
    4.039626171138074,
    4.0691906984406065,
    4.098971597565083,
    4.128970452056706,
    4.159188857050054,
    4.1896284193539115,
    4.220290757536695,
    4.251177502012525,
    4.282290295127923,
    4.313630791249129,
    4.345200656850086,
    4.377001570601032,
    4.409035223457778,
    4.441303318751612,
    4.4738075722798705,
    4.506549712397178,
    4.539531480107345,
    4.572754629155945,
    4.606220926123562,
    4.639932150519732,
    4.673890094877563,
    4.708096564849043,
    4.742553379301067,
    4.777262370412135,
    4.812225383769784,
    4.847444278468727,
    4.882920927209696,
    4.9186572163990325,
    4.954655046248982,
    4.990916330878741,
    5.027442998416236,
    5.064236991100644,
    5.101300265385679,
    5.1386347920436055,
    5.176242556270046,
    5.214125557789533,
    5.252285810961838,
    5.290725344889093,
    5.32944620352367,
    5.368450445776875,
    5.407740145628421,
    5.4473173922367115,
    5.4871842900499255,
    5.5273429589179175,
    5.567795534204941,
    5.608544166903187,
    5.649591023747159,
    5.690938287328894,
    5.732588156214004,
    5.774542845058596,
    5.816804584727017,
    5.85937562241049,
    5.902258221746594,
    5.945454662939632,
    5.988967242881882,
    6.032798275275722,
    6.076950090756662,
    6.121425037017268,
    6.166225478932001,
    6.21135379868296,
    6.256812395886551,
    6.3026036877210885,
    6.348730109055313,
    6.395194112577871,
    6.441998168927728,
    6.489144766825541,
    6.536636413205993,
    6.5844756333510865,
    6.632664971024436,
    6.681206988606514,
    6.7301042672309075,
    6.779359406921565,
    6.828975026731047,
    6.878953764879785,
    6.929298278896376,
    6.98001124575888,
    7.031095362037167,
    7.0825533440363015,
    7.134387927940985,
    7.1866018699610335,
    7.239197946477944,
    7.292178954192524,
    7.345547710273596,
    7.399307052507797,
    7.45345983945047,
    7.508008950577673,
    7.562957286439277,
    7.6183077688132,
    7.674063340860779,
    7.730226967283253,
    7.786801634479411,
    7.843790350704386,
    7.901196146229623,
    7.959022073503994,
    8.017271207316114,
    8.075946644957844,
    8.135051506388969,
    8.194588934403102,
    8.254562094794807,
    8.31497417652792,
    8.375828391905122,
    8.437127976738745,
    8.498876190522841,
    8.561076316606481,
    8.623731662368357,
    8.686845559392639,
    8.75042136364613,
    8.814462455656706,
    8.878972240693075,
    8.943954148945851,
    9.009411635709935,
    9.07534818156825,
    9.141767292576825,
    9.208672500451211,
    9.276067362754267,
    9.343955463085347,
    9.41234041127084,
    9.481225843556114,
    9.550615422798868,
    9.620512838663908,
    9.690921807819318,
    9.761846074134107,
    9.833289408877269,
    9.905255610918326,
    9.977748506929311,
    10.050771951588253,
    10.124329827784143,
    10.198426046823407,
    10.273064548637851,
    10.348249301994203,
    10.423984304705122,
    10.50027358384176,
    10.57712119594793,
    10.654531227255777,
    10.732507793903073,
    10.81105504215206,
    10.89017714860996,
    10.969878320451015,
    11.050162795640228,
    11.131034843158696,
    11.212498763230611,
    11.29455888755191,
    11.377219579520597,
    11.460485234468788,
    11.544360279896386,
    11.628849175706542,
    11.71395641444278,
    11.799686521527889,
    11.886044055504547,
    11.97303360827771,
    12.060659805358803,
    12.148927306111634,
    12.237840804000184,
    12.327405026838155,
    12.417624737040363,
    12.50850473187598,
    12.600049843723607,
    12.692264940328222,
    12.78515492506005,
    12.878724737175252,
    12.972979352078578,
    13.067923781587922,
    13.16356307420082,
    13.259902315362881,
    13.356946627738203,
    13.454701171481785,
    13.553171144513874,
    13.652361782796373,
    13.752278360611259,
    13.852926190840996,
    13.954310625251107,
    14.056437054774666,
    14.15931090979901,
    14.26293766045447,
    14.36732281690523,
    14.472471929642325,
    14.578390589778765,
    14.68508442934687,
    14.792559121597689,
    14.900820381302715,
    15.009873965057729,
    15.119725671588906,
    15.230381342061152,
    15.341846860388678,
    15.454128153547911,
    15.56723119189259,
    15.681161989471288,
    15.79592660434716,
    15.911531138920084,
    16.027981740251146,
    16.145284600389477,
    16.263445956701545,
    16.382472092202768,
    16.502369335891643,
    16.62314406308626,
    16.7448026957633,
    16.867351702899516,
    16.990797600815693,
    17.115146953523148,
    17.240406373072787,
    17.366582519906657,
    17.493682103212112,
    17.621711881278564,
    17.75067866185685,
    17.880589302521187,
    18.011450711033852,
    18.143269845712485,
    18.276053715800064,
    18.40980938183762,
    18.544543956039682,
    18.68026460267241,
    18.816978538434608,
    18.954693032841398,
    19.09341540861081,
    19.23315304205312,
    19.3739133634631,
    19.515703857515096,
    19.658532063660985,
    19.802405576531143,
    19.947332046338182,
    20.093319179283828,
    20.240374737968626,
    20.388506541804716,
    20.53772246743163,
    20.688030449135084,
    20.839438479268924,
    20.991954608680032,
    21.145586947136486,
    21.30034366375875,
    21.45623298745404,
    21.61326320735392,
    21.771442673255,
    21.93077979606299,
    22.091283048239877,
    22.25296096425448,
    22.415822141036227,
    22.579875238432283,
    22.745128979668046,
    22.91159215181093,
    23.079273606237656,
    23.248182259104908,
    23.418327091823404,
    23.58971715153549,
    23.762361551596175,
    23.93626947205777,
    24.111450160157954,
    24.28791293081151,
    24.465667167105657,
    24.644722320798948,
    24.825087912823843,
    25.006773533793005,
    25.18978884450919,
    25.374143576479046,
    25.559847532430453,
    25.74691058683388,
    25.935342686427358,
    26.125153850745416,
    26.316354172651856,
    26.508953818876368,
    26.702963030555228,
    26.89839212377574,
    27.095251490124866,
    27.29355159724173,
    27.493302989374236,
    27.694516287939734,
    27.897202192089757,
    28.101371479279024,
    28.307035005838387,
    28.514203707552205,
    28.722888600239788,
    28.93310078034113,
    29.14485142550699,
    29.358151795193155,
    29.573013231259257,
    29.789447158571743,
    30.007465085611464,
    30.227078605085573,
    30.448299394543938,
    30.671139217000118,
    30.895609921556765,
    31.12172344403573,
    31.349491807612758,
    31.57892712345674,
    31.81004159137373,
    32.04284750045565,
    32.277357229733695,
    32.51358324883667,
    32.75153811865388,
    32.99123449200322,
    33.23268511430382,
    33.47590282425382,
    33.720900554513065,
    33.967691332390665,
    34.216288280537874,
    34.46670461764569,
    34.71895365914787,
    34.97304881792888,
    35.2290036050371,
    35.48683163040331,
    35.74654660356427,
    36.00816233439182,
    36.27169273382708,
    36.53715181462024,
    36.804553692075594,
    37.07391258480213,
    37.345242815469575,
    37.618558811569926,
    37.893875106184716,
    38.171206338757635,
    38.4505672558731,
    38.73197271204032,
    39.01543767048311,
    39.3009772039356,
    39.58860649544372,
    39.87834083917237,
    40.170195641218875,
    40.46418642043207,
    40.760328809237464,
    41.058638554468516,
    41.35913151820397,
    41.66182367861109,
