{
  "c": 0.05,
  "f1": 0.6185567010309277,
  "prec": 0.5,
  "rec": 0.8108108108108109,
  "tp": 30,
  "fp": 30,
  "fn": 7,
  "tn": 13
}