{
  "cm_at_c1": {
    "TP": 0,
    "TN": 111,
    "FP": 0,
    "FN": 69,
    "precision": 0.0,
    "recall": 0.0,
    "accuracy": 0.6166666666666667,
    "F1": 0.0
  },
  "pr_auc": 0.4055755716041518,
  "roc_auc": 0.5349262305784045,
  "prevalence": 0.38333333333333336,
  "normalized_auprc": 0.036068494493219104,
  "c_grid": [
    2.363785809916197,
    2.3833149093741315,
    2.4030053541299514,
    2.4228584771844544,
    2.442875622551408,
    2.46305814534854,
    2.4834074118892735,
    2.5039247997752248,
    2.524611697989464,
    2.5454695069905466,
    2.566499638807321,
    2.58770351713452,
    2.6090825774291404,
    2.6306382670076243,
    2.6523720451438346,
    2.674285383167848,
    2.696379764565559,
    2.7186566850791105,
    2.74111765280815,
    2.7637641883119266,
    2.786597824712229,
    2.809620107797176,
    2.8328325961258582,
    2.856236861133855,
    2.879834487239614,
    2.9036270719517154,
    2.9276162259770144,
    2.95180357332969,
    2.9761907514411816,
    3.0007794112710418,
    3.0255712174187033,
    3.050567848236167,
    3.0757709959416246,
    3.1011823667340166,
    3.126803680908539,
    3.1526366729731055,
    3.1786830917657656,
    3.2049447005731,
    3.2314232772495934,
    3.258120614337987,
    3.2850385191906306,
    3.312178814091841,
    3.339543336381259,
    3.3671339385782426,
    3.3949524885072715,
    3.4230008694243947,
    3.4512809801447295,
    3.4797947351710006,
    3.5085440648231487,
    3.5375309153690138,
    3.5667572491560886,
    3.5962250447443647,
    3.625936297040282,
    3.6558930174317736,
    3.6860972339244364,
    3.716550991278822,
    3.747256351148862,
    3.778215392221436,
    3.8094302103570987,
    3.8409029187319583,
    3.8726356479807422,
    3.9046305463410307,
    3.9368897797986873,
    3.969415532234498,
    4.002210005572007,
    4.035275419926587,
    4.068614013755737,
    4.102228044010619,
    4.136119786288847,
    4.170291534988545,
    4.2047456034636665,
    4.239484324180611,
    4.274510048876121,
    4.3098251487164925,
    4.345432014458097,
    4.381333056609227,
    4.417530705593291,
    4.45402741191334,
    4.4908256463179645,
    4.52792789996856,
    4.565336684607969,
    4.603054532730522,
    4.641083997753488,
    4.679427654189927,
    4.718088097822985,
    4.757067945881616,
    4.796369837217774,
    4.835996432485043,
    4.875950414318771,
    4.916234487517673,
    4.956851379226937,
    4.997803839122852,
    5.039094639598948,
    5.08072657595369,
    5.122702466579706,
    5.165025153154591,
    5.2076975008332775,
    5.250722398442008,
    5.2941027586738905,
    5.337841518286097,
    5.381941638298661,
    5.426406104194944,
    5.471237926123737,
    5.516440139103043,
    5.562015803225549,
    5.6079680038657775,
    5.654299851888967,
    5.701014483861668,
    5.748115062264079,
    5.795604775704141,
    5.843486839133407,
    5.891764494064677,
    5.940441008791449,
    5.989519678609166,
    6.0390038260383125,
    6.088896801049331,
    6.139201981289417,
    6.1899227723111725,
    6.241062607803157,
    6.292624949822339,
    6.344613289028469,
    6.397031144920396,
    6.449882066074324,
    6.503169630384045,
    6.556897445303154,
    6.611069148089264,
    6.665688406050244,
    6.720758916792489,
    6.776284408471236,
    6.832268640042954,
    6.888715401519814,
    6.945628514226273,
    7.003011831057759,
    7.060869236741511,
    7.119204648099567,
    7.178022014313919,
    7.237325317193868,
    7.297118571445579,
    7.3574058249438785,
    7.418191159006278,
    7.479478688669274,
    7.541272562966921,
    7.603576965211723,
    7.666396113277829,
    7.729734259886566,
    7.793595692894359,
    7.857984735582985,
    7.9229057469522735,
    7.988363122015187,
    8.054361292095352,
    8.120904725127064,
    8.187997925957745,
    8.255645436652912,
    8.323851836803675,
    8.392621743836756,
    8.46195981332708,
    8.531870739312954,
    8.602359254613837,
    8.67343013115074,
    8.745088180269285,
    8.817338253065406,
    8.89018524071378,
    8.96363407479893,
    9.037689727649086,
    9.112357212672812,
    9.187641584698392,
    9.263547940316032,
    9.340081418222894,
    9.417247199570975,
    9.495050508317842,
    9.573496611580314,
    9.65259081999101,
    9.73233848805787,
    9.812745014526655,
    9.893815842746426,
    9.975556461038035,
    10.057972403065696,
    10.141069248211574,
    10.224852621953524,
    10.30932819624591,
    10.394501689903574,
    10.480378868989014,
    10.566965547202713,
    10.654267586276722,
    10.74229089637148,
    10.831041436475934,
    10.92052521481093,
    11.01074828923597,
    11.10171676765932,
    11.193436808451478,
    11.28591462086212,
    11.379156465440412,
    11.473168654458867,
    11.567957552340662,
    11.663529576090493,
    11.759891195728995,
    11.857048934730745,
    11.955009370465895,
    12.053779134645435,
    12.153364913770163,
    12.253773449583315,
    12.355011539527004,
    12.457086037202375,
    12.560003852833562,
    12.663771953735532,
    12.768397364785727,
    12.87388716889965,
    12.980248507510352,
    13.087488581051897,
    13.195614649446819,
    13.304634032597603,
    13.414554110882206,
    13.525382325653725,
    13.637126179744152,
    13.74979323797227,
    13.863391127655817,
    13.977927539127817,
    14.0934102262572,
    14.209847006973726,
    14.32724576379724,
    14.445614444371301,
    14.56496106200123,
    14.685293696196563,
    14.806620493218063,
    14.928949666629174,
    15.052289497852053,
    15.176648336728235,
    15.30203460208388,
    15.428456782299714,
    15.555923435885664,
    15.684443192060272,
    15.814024751334852,
    15.944676886102513,
    16.07640844123203,
    16.20922833466659,
    16.343145558027583,
    16.47816917722324,
    16.61430833306244,
    16.75157224187348,
    16.889970196128022,
    17.029511565070173,
    17.170205795350746,
    17.312062411666798,
    17.455091017406417,
    17.59930129529887,
    17.744703008070058,
    17.891305999103494,
    18.039120193106648,
    18.188155596782796,
    18.33842229950852,
    18.489930474016685,
    18.64269037708513,
    18.79671235023103,
    18.952006820410993,
    19.108584300726935,
    19.26645539113782,
    19.4256307791772,
    19.586121240676803,
    19.74793764049601,
    19.911090933257338,
    20.075592164088125,
    20.2414524693682,
    20.408683077483815,
    20.57729530958778,
    20.747300580365877,
    20.91871039880962,
    21.09153636899538,
    21.265790190869943,
    21.4414836610426,
    21.618628673583757,
    21.797237220830063,
    21.977321394196377,
    22.158893384994254,
    22.34196548525729,
    22.526550088573273,
    22.712659690923193,
    22.900306891527205,
    23.089504393697553,
    23.280265005698585,
    23.472601641613778,
    23.66652732222011,
    23.862055175869397,
    24.059198439377184,
    24.257970458918766,
    24.458384690932732,
    24.660454703031917,
    24.864194174921916,
    25.069616899327162,
    25.276736782924665,
    25.48556784728547,
    25.696124229823905,
    25.908420184754554,
    26.122470084057387,
    26.33828841845062,
    26.555889798371723,
    26.775288954966516,
    26.996500741086432,
    27.219540132294036,
    27.44442222787682,
    27.67116225186942,
    27.899775554084208,
    28.130277611150483,
    28.36268402756222,
    28.59701053673433,
    28.833273002067976,
    29.071487418024354,
    29.31166991120753,
    29.55383674145617,
    29.79800430294429,
    30.044189125291112,
    30.292407874680087,
    30.542677354987156,
    30.795014508918328,
    31.049436419156716,
    31.30596030951886,
    31.564603546120917,
    31.825383638554218,
    32.088318241070624,
    32.35342515377772,
    32.62072232384381,
    32.8902278467129,
    33.161959967329764,
    33.435937081375044,
    33.71217773651062,
    33.99070063363525,
    34.2715246281505,
    34.55466873123738,
