{
  "cm_at_c1": {
    "TP": 0,
    "TN": 70,
    "FP": 0,
    "FN": 50,
    "precision": 0.0,
    "recall": 0.0,
    "accuracy": 0.5833333333333334,
    "F1": 0.0
  },
  "pr_auc": 0.551393288922414,
  "roc_auc": 0.6217142857142858,
  "prevalence": 0.4166666666666667,
  "normalized_auprc": 0.23095992386699546,
  "auprg": NaN,
  "ece_rank": 0.19876033057851245,
  "c_grid": [
    6.268187181399948,
    6.310504006744665,
    6.353106514959955,
    6.395996634704257,
    6.439176307656485,
    6.482647488603907,
    6.526412145530659,
    6.5704722597068255,
    6.614829825778144,
    6.659486851856291,
    6.704445359609807,
    6.749707384355604,
    6.795274975151121,
    6.841150194887073,
    6.887335120380853,
    6.933831842470543,
    6.9806424661095665,
    7.027769110461996,
    7.075213908998469,
    7.122979009592792,
    7.171066574619163,
    7.219478781050072,
    7.26821782055485,
    7.317285899598894,
    7.366685239543547,
    7.416418076746671,
    7.466486662663886,
    7.516893263950488,
    7.567640162564075,
    7.618729655867843,
    7.670164056734601,
    7.7219456936514606,
    7.774076910825271,
    7.826560068288722,
    7.879397542007202,
    7.932591723986344,
    7.986145022380333,
    8.040059861600911,
    8.094338682427136,
    8.148983942115883,
    8.203998114513078,
    8.259383690165706,
    8.31514317643454,
    8.371279097607674,
    8.42779399501478,
    8.484690427142173,
    8.541970969748622,
    8.599638215981969,
    8.65769477649652,
    8.716143279571227,
    8.774986371228675,
    8.834226715354873,
    8.893866993819856,
    8.953909906599076,
    9.01435817189566,
    9.075214526263437,
    9.136481724730855,
    9.198162540925672,
    9.26025976720055,
    9.32277621475945,
    9.3857147137849,
    9.449078113566124,
    9.512869282628031,
    9.577091108861085,
    9.641746499652017,
    9.706838382015478,
    9.772369702726518,
    9.838343428454017,
    9.904762545894965,
    9.971630061909687,
    10.038949003657969,
    10.106722418736084,
    10.17495337531477,
    10.243644962278147,
    10.312800289363517,
    10.382422487302174,
    10.452514707961113,
    10.523080124485753,
    10.594121931443551,
    10.665643344968638,
    10.737647602907417,
    10.81013796496516,
    10.88311771285354,
    10.956590150439228,
    11.030558603893462,
    11.105026421842606,
    11.179996975519764,
    11.255473658917387,
    11.331459888940925,
    11.40795910556354,
    11.484974771981788,
    11.562510374772431,
    11.640569424050291,
    11.719155453627124,
    11.798272021171611,
    11.877922708370441,
    11.958111121090422,
    12.038840889541738,
    12.120115668442299,
    12.201939137183174,
    12.284314999995196,
    12.367246986116614,
    12.450738849961942,
    12.534794371291934,
    12.619417355384675,
    12.704611633207858,
    12.790381061592234,
    12.876729523406183,
    12.963660927731521,
    13.051179210040452,
    13.139288332373733,
    13.227992283520065,
    13.31729507919663,
    13.407200762230898,
    13.497713402743685,
    13.588837098333359,
    13.680575974261366,
    13.772934183639007,
    13.865915907615411,
    13.95952535556685,
    14.053766765287287,
    14.148644403180228,
    14.24416256445189,
    14.340325573305604,
    14.437137783137604,
    14.534603576734124,
    14.632727366469776,
    14.731513594507314,
    14.83096673299877,
    14.931091284287852,
    15.031891781113819,
    15.13337278681666,
    15.235538895543677,
    15.338394732457502,
    15.441944953945432,
    15.546194247830252,
    15.651147333582486,
    15.756808962533993,
    15.863183918093105,
    15.970277015961186,
    16.0780931043506,
    16.186637064204234,
    16.295913809416447,
    16.405928287055517,
    16.51668547758764,
    16.628190395102344,
    16.74044808753952,
    16.85346363691795,
    16.967242159565348,
    17.081788806349987,
    17.197108762913928,
    17.313207249907713,
    17.43008952322675,
    17.547760874249246,
    17.666226630075734,
    17.78549215377029,
    17.905562844603242,
    18.02644413829567,
    18.14814150726547,
    18.270660460875067,
    18.39400654568085,
    18.51818534568429,
    18.643202482584698,
    18.769063616033744,
    18.89577444389167,
    19.023340702485232,
    19.151768166867427,
    19.28106265107887,
    19.411230008411042,
    19.5422761316713,
    19.674206953449588,
    19.807028446387037,
    19.940746623446408,
    20.075367538184178,
    20.21089728502474,
    20.34734199953619,
    20.484707858708138,
    20.623001081231358,
    20.762227927779282,
    20.902394701291428,
    21.043507747258793,
    21.18557345401105,
    21.328598253005772,
    21.47258861911967,
    21.617551070941552,
    21.763492171067615,
    21.9104185263984,
    22.05833678843794,
    22.207253653594936,
    22.3571758634858,
    22.508110205239923,
    22.66006351180696,
    22.813042662266092,
    22.967054582137486,
    23.12210624369587,
    23.27820466628604,
    23.4353569166408,
    23.59357010920075,
    23.75285140643642,
    23.913208019172536,
    24.074647206914413,
    24.23717627817663,
    24.400802590813917,
    24.565533552354193,
    24.731376620333947,
    24.898339302635897,
    25.066429157828736,
    25.235653795509503,
    25.406020876647926,
    25.5775381139333,
    25.75021327212369,
    25.92405416839737,
    26.099068672706736,
    26.275264708134653,
    26.45265025125305,
    26.63123333248406,
    26.811022036463637,
    26.992024502407386,
    27.17424892447923,
    27.35770355216224,
    27.54239669063211,
    27.728336701133223,
    27.915532001357068,
    28.103991065823365,
    28.293722426263752,
    28.484734672007946,
    28.677036450372633,
    28.870636467052996,
    29.06554348651667,
    29.26176633240073,
    29.459313887910973,
    29.658195096224137,
    29.85841896089281,
    30.059994546252938,
    30.26293097783423,
    30.467237442773317,
    30.672923190229568,
    30.879997531803866,
    31.088469841960205,
    31.298349558449925,
    31.509646182739164,
    31.722369280438855,
    31.936528481737803,
    32.15213348183873,
    32.369194041397066,
    32.587719986962895,
    32.80772121142584,
    33.029207674462846,
    33.25218940298909,
    33.476676491612004,
    33.70267910308806,
    33.93020746878309,
    34.15927188913531,
    34.389882734121656,
    34.62205044372732,
    34.855785528418274,
    35.09109856961714,
    35.32800022018227,
    35.5665012048899,
    35.806612320919754,
    36.04834443834388,
    36.29170850061856,
    36.53671552508,
    36.78337660344288,
    37.03170290230258,
    37.28170566364071,
    37.53339620533401,
    37.7867859216667,
    38.04188628384643,
    38.29870884052344,
    38.557265218313454,
    38.8175671223241,
    39.0796263366846,
    39.3434547250795,
    39.60906423128561,
    39.87646687971268,
    40.1456747759479,
    40.4167001073038,
    40.689555143369994,
    40.96425223656878,
    41.24080382271408,
    41.5192224215747,
    41.79952063744101,
    42.08171115969539,
    42.36580676338699,
    42.65182030980983,
    42.93976474708513,
    43.22965311074754,
    43.521498524335165,
    43.81531419998372,
    44.11111343902475,
    44.40890963258757,
    44.70871626220577,
    45.010546900427386,
    45.31441521142925,
    45.62033495163584,
    45.92831997034181,
    46.23838421033905,
    46.550541708547954,
    46.86480659665277,
    47.1811931017414,
    47.499715546949574,
    47.82038835210901,
    48.143226034400556,
    48.46824320901119,
    48.79545458979559,
    49.12487498994251,
    49.45651932264514,
    49.79040260177634,
    50.1265399425684,
    50.46494656229717,
    50.805637780971054,
    51.14862902202465,
    51.4939358130167,
    51.8415737863334,
    52.191558679895834,
    52.5439063378725,
    52.89863271139673,
    53.255753859288596,
    53.61528594878204,
    53.977245256256815,
    54.341648167975215,
    54.708511180823955,
    55.077850903061105,
    55.449684055067685,
    55.824027470104966,
