{
  "cm_at_c1": {
    "TP": 2,
    "TN": 122,
    "FP": 3,
    "FN": 53,
    "precision": 0.4,
    "recall": 0.03636363636363636,
    "accuracy": 0.6888888888888889,
    "F1": 0.06666666666666667
  },
  "pr_auc": 0.3133039379687858,
  "roc_auc": 0.5145454545454545,
  "prevalence": 0.3055555555555556,
  "normalized_auprc": 0.011157670675051527,
  "c_grid": [
    0.8524209279846993,
    0.855192980771444,
    0.8579740482085807,
    0.8607641596115401,
    0.8635633443910861,
    0.8663716320536256,
    0.8691890522015199,
    0.8720156345333964,
    0.8748514088444616,
    0.8776964050268153,
    0.8805506530697659,
    0.8834141830601462,
    0.8862870251826307,
    0.8891692097200536,
    0.8920607670537286,
    0.8949617276637681,
    0.8978721221294057,
    0.9007919811293175,
    0.9037213354419461,
    0.906660215945825,
    0.9096086536199037,
    0.9125666795438748,
    0.9155343248985012,
    0.9185116209659446,
    0.9214985991300962,
    0.9244952908769064,
    0.9275017277947173,
    0.9305179415745954,
    0.9335439640106661,
    0.9365798270004483,
    0.9396255625451909,
    0.9426812027502104,
    0.9457467798252286,
    0.948822326084713,
    0.9519078739482163,
    0.9550034559407198,
    0.9581091046929743,
    0.9612248529418458,
    0.9643507335306594,
    0.9674867794095459,
    0.9706330236357893,
    0.9737894993741752,
    0.9769562398973402,
    0.9801332785861225,
    0.9833206489299144,
    0.9865183845270146,
    0.9897265190849829,
    0.9929450864209951,
    0.9961741204621998,
    0.9994136552460757,
    1.002663724920791,
    1.0059243637455624,
    1.0091956060910172,
    1.0124774864395547,
    1.0157700393857108,
    1.0190732996365215,
    1.0223873020118894,
    1.0257120814449507,
    1.0290476729824434,
    1.0323941117850761,
    1.0357514331278999,
    1.0391196724006793,
    1.0424988651082654,
    1.04588904687097,
    1.0492902534249422,
    1.052702520622543,
    1.0561258844327257,
    1.0595603809414125,
    1.0630060463518771,
    1.0664629169851252,
    1.069931029280277,
    1.073410419794953,
    1.0769011252056568,
    1.0804031823081646,
    1.0839166280179102,
    1.0874414993703765,
    1.0909778335214846,
    1.094525667747986,
    1.0980850394478545,
    1.1016559861406825,
    1.105238545468074,
    1.1088327551940433,
    1.1124386532054127,
    1.1160562775122107,
    1.1196856662480739,
    1.1233268576706488,
    1.1269798901619943,
    1.1306448022289879,
    1.1343216325037293,
    1.1380104197439498,
    1.1417112028334195,
    1.1454240207823578,
    1.149148912727844,
    1.152885917934231,
    1.1566350757935577,
    1.1603964258259654,
    1.164170007680114,
    1.1679558611335998,
    1.1717540260933745,
    1.1755645425961674,
    1.1793874508089048,
    1.1832227910291362,
    1.187070603685457,
    1.1909309293379358,
    1.1948038086785415,
    1.198689282531572,
    1.2025873918540855,
    1.2064981777363313,
    1.2104216814021826,
    1.2143579442095729,
    1.2183070076509297,
    1.2222689133536133,
    1.2262437030803552,
    1.2302314187296983,
    1.2342321023364387,
    1.238245796072068,
    1.2422725422452194,
    1.2463123833021124,
    1.2503653618270005,
    1.2544315205426204,
    1.2585109023106418,
    1.2626035501321198,
    1.2667095071479482,
    1.2708288166393134,
    1.2749615220281512,
    1.2791076668776051,
    1.2832672948924846,
    1.287440449919726,
    1.2916271759488551,
    1.2958275171124505,
    1.300041517686609,
    1.3042692220914118,
    1.308510674891394,
    1.3127659207960123,
    1.317035004660119,
    1.3213179714844319,
    1.325614866416011,
    1.329925734748733,
    1.3342506219237698,
    1.338589573530066,
    1.342942635304821,
    1.347309853133971,
    1.3516912730526707,
    1.3560869412457812,
    1.3604969040483559,
    1.3649212079461277,
    1.3693598995760004,
    1.3738130257265404,
    1.378280633338469,
    1.3827627695051572,
    1.3872594814731236,
    1.3917708166425302,
    1.3962968225676842,
    1.4008375469575378,
    1.4053930376761914,
    1.4099633427433986,
    1.4145485103350723,
    1.419148588783792,
    1.4237636265793137,
    1.4283936723690809,
    1.4330387749587377,
    1.4376989833126426,
    1.4423743465543855,
    1.4470649139673046,
    1.4517707349950066,
    1.4564918592418876,
    1.4612283364736562,
    1.4659802166178577,
    1.4707475497644007,
    1.4755303861660845,
    1.4803287762391304,
    1.4851427705637112,
    1.4899724198844853,
    1.494817775111132,
    1.4996788873188873,
    1.5045558077490826,
    1.5094485878096853,
    1.5143572790758397,
    1.519281933290412,
    1.5242226023645344,
    1.5291793383781531,
    1.5341521935805769,
    1.5391412203910286,
    1.5441464713991964,
    1.5491679993657892,
    1.554205857223093,
    1.5592600980755273,
    1.564330775200207,
    1.5694179420475023,
    1.5745216522416026,
    1.5796419595810824,
    1.584778918039468,
    1.5899325817658054,
    1.595103005085233,
    1.600290242499553,
    1.605494348687806,
    1.610715378506847,
    1.615953386991926,
    1.6212084293572644,
    1.62648056099664,
    1.6317698374839693,
    1.6370763145738945,
    1.64240004820237,
    1.647741094487253,
    1.6530995097288943,
    1.6584753504107326,
    1.6638686731998888,
    1.6692795349477645,
    1.6747079926906405,
    1.680154103650278,
    1.6856179252345223,
    1.691099515037908,
    1.6965989308422649,
    1.7021162306173283,
    1.7076514725213505,
    1.713204714901712,
    1.718776016295538,
    1.7243654354303153,
    1.7299730312245103,
    1.735598862788192,
    1.7412429894236536,
    1.746905470626037,
    1.752586366083962,
    1.7582857356801544,
    1.7640036394920764,
    1.7697401377925612,
    1.775495291050448,
    1.781269159931219,
    1.7870618052976386,
    1.7928732882103968,
    1.7987036699287504,
    1.80455301191117,
    1.8104213758159884,
    1.8163088235020488,
    1.8222154170293587,
    1.8281412186597432,
    1.834086290857501,
    1.8400506962900636,
    1.8460344978286554,
    1.852037758548956,
    1.8580605417317668,
    1.8641029108636762,
    1.8701649296377287,
    1.876246661954099,
    1.8823481719207615,
    1.8884695238541698,
    1.8946107822799327,
    1.9007720119334943,
    1.9069532777608171,
    1.913154644919067,
    1.919376178777298,
    1.9256179449171442,
    1.931880009133509,
    1.9381624374352588,
    1.9444652960459203,
    1.9507886514043773,
    1.9571325701655702,
    1.9634971192012007,
    1.969882365600436,
    1.976288376670615,
    1.9827152199379583,
    1.9891629631482812,
    1.9956316742677056,
    2.0021214214833782,
    2.0086322732041895,
    2.0151642980614923,
    2.021717564909828,
    2.0282921428276524,
    2.03488810111806,
    2.0415055093095202,
    2.048144437156606,
    2.0548049546407308,
    2.061487131970886,
    2.06819103958438,
    2.074916748147583,
    2.081664328556671,
    2.0884338519383707,
    2.095225389650713,
    2.102039013283783,
    2.108874794660474,
    2.115732805837247,
    2.122613119104889,
    2.1295158069892732,
    2.1364409422521273,
    2.1433885978917977,
    2.1503588471440187,
    2.1573517634826866,
    2.1643674206206334,
    2.1714058925104025,
    2.1784672533450293,
    2.185551577558824,
    2.1926589398281546,
    2.1997894150722357,
    2.206943078453917,
    2.2141200053804755,
    2.2213202715044114,
    2.2285439527242454,
    2.2357911251853175,
    2.243061865280592,
    2.2503562496514595,
    2.257674355188548,
    2.265016259032531,
    2.272382038574943,
    2.2797717714589925,
    2.2871855355803827,
    2.2946234090881314,
    2.3020854703853955,
    2.309571798130297,
    2.3170824712367524,
    2.3246175688753037,
    2.3321771704739547,
    2.3397613557190065,
    2.347370204555898,
    2.3550037971900504,
    2.3626622140877083,
    2.370345535976792,
    2.378053843847749,
    2.3857872189544023,
    2.393545742814813,
    2.401329497212136,
    2.4091385641954832,
    2.416973026080788,
