{
  "c": 0.05,
  "f1": 0.6122448979591837,
  "prec": 0.5,
  "rec": 0.7894736842105263,
  "tp": 30,
  "fp": 30,
  "fn": 8,
  "tn": 12
}