{
  "cm_at_c1": {
    "TP": 0,
    "TN": 123,
    "FP": 0,
    "FN": 57,
    "precision": 0.0,
    "recall": 0.0,
    "accuracy": 0.6833333333333333,
    "F1": 0.0
  },
  "pr_auc": 0.37534940181899623,
  "roc_auc": 0.5545571245186136,
  "prevalence": 0.31666666666666665,
  "normalized_auprc": 0.08587717339365304,
  "auprg": NaN,
  "ece_rank": 0.2895334561080417,
  "c_grid": [
    2.5217750902866576,
    2.5418034888565373,
    2.5619909566276386,
    2.582338756956626,
    2.6028481632339697,
    2.6235204589636427,
    2.64435693784344,
    2.665358903845941,
    2.686527671300114,
    2.7078645649735673,
    2.7293709201554557,
    2.7510480827400454,
    2.7728974093109398,
    2.7949202672259785,
    2.817118034702805,
    2.83949210090512,
    2.8620438660296172,
    2.884774741393607,
    2.90768614952334,
    2.930779524243031,
    2.9540563107645874,
    2.977517965778055,
    3.001165957542777,
    3.0250017659792814,
    3.0490268827618947,
    3.0732428114120944,
    3.0976510673925994,
    3.1222531782022114,
    3.147050683471406,
    3.1720451350586854,
    3.1972380971476957,
    3.222631146345116,
    3.2482258717793226,
    3.27402387519984,
    3.300026771077581,
    3.3262361867058794,
    3.3526537623023334,
    3.3792811511114453,
    3.4061200195080903,
    3.433172047101796,
    3.460438926841856,
    3.487922365123276,
    3.515624081893563,
    3.5435458107603615,
    3.5716892990999454,
    3.6000563081665686,
    3.62864861320269,
    3.6574680035500675,
    3.686516282761738,
    3.7157952687148863,
    3.7453067937246107,
    3.7750527046585898,
    3.805034863052663,
    3.83525514522733,
    3.865715442405165,
    3.896417660829183,
    3.927363721882127,
    3.9585555622067132,
    3.9899951338268282,
    4.021684404269689,
    4.053625356688973,
    4.085819989988928,
    4.1182703189494605,
    4.150978374352232,
    4.18394620310774,
    4.217175868383421,
    4.250669449732763,
    4.284429043225448,
    4.3184567615785285,
    4.352754734288638,
    4.387325107765264,
    4.42217004546507,
    4.457291728027289,
    4.492692353410185,
    4.528374137028613,
    4.564339311892655,
    4.600590128747366,
    4.637128856213634,
    4.673957780930143,
    4.711079207696484,
    4.748495459617385,
    4.786208878248097,
    4.8242218237409284,
    4.8625366749929535,
    4.9011558297948765,
    4.9400817049810986,
    4.979316736580956,
    5.0188633799711795,
    5.058724110029548,
    5.098901421289774,
    5.13939782809761,
    5.180215864768204,
    5.221358085744698,
    5.262827065758086,
    5.304625399988349,
    5.34675570422686,
    5.389220615040084,
    5.43202278993458,
    5.475164907523311,
    5.51864966769327,
    5.562479791774452,
    5.606658022710144,
    5.651187125228596,
    5.696069886016031,
    5.741309113891047,
    5.78690763998039,
    5.832868317896133,
    5.8791940239142555,
    5.92588765715465,
    5.972952139762547,
    6.020390417091387,
    6.068205457887148,
    6.1164002544741285,
    6.164977822942217,
    6.2139412033356365,
    6.263293459843196,
    6.313037680990057,
    6.363176979831002,
    6.413714494145275,
    6.4646533866329285,
    6.51599684511276,
    6.567748082721806,
    6.619910338116423,
    6.672486875674968,
    6.725480985702091,
    6.778895984634638,
    6.832735215249207,
    6.887002046871335,
    6.94169987558636,
    6.996832124451948,
    7.052402243712319,
    7.108413711014157,
    7.1648700316242575,
    7.221774738648881,
    7.279131393254865,
    7.336943584892486,
    7.39521493152009,
    7.4539490798305055,
    7.513149705479267,
    7.5728205133146345,
    7.63296523760945,
    7.693587642294835,
    7.754691521195735,
    7.816280698268349,
    7.878359027839437,
    7.940930394847523,
    8.003998715086025,
    8.067567935448308,
    8.131642034174682,
    8.196225021101371,
    8.261320937911453,
    8.326933858387788,
    8.393067888667966,
    8.45972716750127,
    8.526915866507688,
    8.594638190438976,
    8.662898377441795,
    8.731700699322944,
    8.80104946181669,
    8.870949004854236,
    8.941403702835292,
    9.012417964901868,
    9.083996235214181,
    9.15614299322878,
    9.228862753978875,
    9.302160068356896,
    9.376039523399292,
    9.450505742573595,
    9.525563386067759,
    9.601217151081803,
    9.677471772121768,
    9.754332021296003,
    9.831802708613818,
    9.909888682286496,
    9.988594829030697,
    10.067926074374279,
    10.147887382964543,
    10.228483758878923,
    10.309720245938156,
    10.391601928021919,
    10.474133929387,
    10.55732141498795,
    10.641169590800358,
    10.725683704146604,
    10.810869044024274,
    10.89673094143713,
    10.983274769728746,
    11.070505944918768,
    11.158429926041862,
    11.247052215489346,
    11.336378359353532,
    11.426413947774813,
    11.517164615291499,
    11.60863604119243,
    11.700833949872399,
    11.793764111190386,
    11.887432340830648,
    11.981844500666664,
    12.077006499127991,
    12.172924291570007,
    12.269603880646619,
    12.367051316685886,
    12.465272698068706,
    12.564274171610416,
    12.664061932945488,
    12.764642226915255,
    12.866021347958723,
    12.96820564050648,
    13.07120149937774,
    13.17501537018054,
    13.279653749715122,
    13.385123186380488,
    13.491430280584234,
    13.598581685155594,
    13.706584105761786,
    13.815444301327666,
    13.925169084458705,
    14.035765321867332,
    14.147239934802657,
    14.259599899483621,
    14.372852247535567,
    14.4870040664303,
    14.602062499929596,
    14.71803474853232,
    14.834928069925004,
    14.952749779436052,
    15.071507250493545,
    15.191207915086673,
    15.31185926423085,
    15.433468848436497,
    15.55604427818157,
    15.67959322438783,
    15.804123418900904,
    15.929642654974145,
    16.056158787756356,
    16.183679734783357,
    16.31221347647349,
    16.441768056627044,
    16.572351582929624,
    16.703972227459566,
    16.836638227199348,
    16.97035788455107,
    17.105139567856003,
    17.24099171191834,
    17.377922818533023,
    17.515941457017796,
    17.6550562647495,
    17.795275947704596,
    17.936609281004,
    18.079065109462242,
    18.22265234814099,
    18.367379982906957,
    18.513257070994246,
    18.660292741571183,
    18.808496196311605,
    18.957876709970723,
    19.108443630965557,
    19.260206381959954,
    19.41317446045429,
    19.567357439379816,
    19.722764967697756,
    19.879406771003143,
    20.037292652133477,
    20.196432491782154,
    20.35683624911687,
    20.518513962402846,
    20.681475749631037,
    20.845731809151324,
    21.01129242031076,
    21.17816794409684,
    21.346368823785916,
    21.51590558559675,
    21.68678883934927,
    21.859029279128507,
    22.03263768395389,
    22.20762491845378,
    22.384001933545406,
    22.561779767120186,
    22.740969544734476,
    22.921582480305847,
    23.103629876814846,
    23.287123127012357,
    23.47207371413259,
    23.658493212611656,
    23.846393288811992,
    24.03578570175241,
    24.226682303843987,
    24.419095041631827,
    24.61303595654267,
    24.808517185638472,
    25.00555096237595,
    25.20414961737217,
    25.40432557917621,
    25.60609137504696,
    25.80945963173709,
    26.014443076283246,
    26.221054536802516,
    26.429306943295263,
    26.639213328454233,
    26.85078682848023,
    27.064040683904164,
    27.278988240415657,
    27.495642949698237,
    27.714018370271152,
    27.9341281683379,
    28.155986118641458,
    28.37960610532633,
    28.605002122807434,
    28.832188276645883,
    29.061178784431743,
    29.291987976673767,
    29.524630297696238,
    29.759120306542897,
    29.995472677888067,
    30.233702202955026,
    30.473823790441635,
    30.715852467453377,
    30.959803380443734,
    31.205691796162117,
    31.4535331026092,
    31.703342810000013,
    31.95513655173454,
    32.20893008537608,
    32.46473929363738,
    32.72258018537459,
