{
  "c": 0.05,
  "f1": 0.34146341463414637,
  "prec": 0.23333333333333334,
  "rec": 0.6363636363636364,
  "tp": 14,
  "fp": 46,
  "fn": 8,
  "tn": 12
}