{
  "cm_at_c1": {
    "TP": 0,
    "TN": 133,
    "FP": 0,
    "FN": 47,
    "precision": 0.0,
    "recall": 0.0,
    "accuracy": 0.7388888888888889,
    "F1": 0.0
  },
  "pr_auc": 0.3199334853740271,
  "roc_auc": 0.5787873940169571,
  "prevalence": 0.2611111111111111,
  "normalized_auprc": 0.07960922832575094,
  "auprg": NaN,
  "ece_rank": 0.282780847145488,
  "c_grid": [
    4.535910468020425,
    4.569307128130761,
    4.602949678655909,
    4.636839930019301,
    4.6709797059740215,
    4.705370843700947,
    4.74001519390761,
    4.774914620927793,
    4.810071002821856,
    4.845486231477798,
    4.881162212713072,
    4.917100866377138,
    4.953304126454778,
    4.989773941170176,
    5.0265122730917495,
    5.06352109923777,
    5.100802411182747,
    5.13835821516461,
    5.176190532192662,
    5.2143013981563415,
    5.252692863934783,
    5.291366995507176,
    5.330325874063949,
    5.369571596118764,
    5.409106273621329,
    5.448932034071062,
    5.489051020631573,
    5.529465392245996,
    5.570177323753167,
    5.611189006004662,
    5.652502645982697,
    5.6941204669188865,
    5.736044708413889,
    5.778277626557927,
    5.820821494052193,
    5.863678600331154,
    5.906851251685751,
    5.950341771387511,
    5.9941524998135725,
    6.038285794572621,
    6.082744030631769,
    6.127529600444359,
    6.172644914078707,
    6.218092399347801,
    6.263874501939942,
    6.30999368555037,
    6.356452432013825,
    6.40325324143812,
    6.450398632338669,
    6.4978911417740255,
    6.545733325482405,
    6.59392775801922,
    6.642477032895622,
    6.691383762718081,
    6.740650579328956,
    6.790280133948151,
    6.84027509731576,
    6.890638159835808,
    6.941372031721022,
    6.99247944313868,
    7.04396314435753,
    7.095825905895791,
    7.148070518670245,
    7.200699794146427,
    7.253716564489919,
    7.307123682718755,
    7.360924022856963,
    7.4151204800892065,
    7.469715970916612,
    7.524713433313686,
    7.580115826886445,
    7.635926133031661,
    7.692147355097313,
    7.748782518544205,
    7.8058346711087765,
    7.86330688296711,
    7.9212022469001475,
    7.979523878460131,
    8.038274916138251,
    8.097458521533547,
    8.15707787952304,
    8.21713619843313,
    8.277636710212226,
    8.338582670604707,
    8.399977359326076,
    8.461824080239502,
    8.524126161533568,
    8.58688695590141,
    8.650109840721107,
    8.713798218237455,
    8.777955515745035,
    8.842585185772656,
    8.907690706269145,
    8.973275580790512,
    9.03934333868848,
    9.105897535300427,
    9.17294175214069,
    9.240479597093314,
    9.308514704606209,
    9.377050735886709,
    9.446091379098625,
    9.515640349560691,
    9.585701389946522,
    9.656278270485993,
    9.72737478916816,
    9.798994771945615,
    9.871142072940392,
    9.943820574651363,
    10.01703418816317,
    10.090786853356693,
    10.16508253912107,
    10.239925243567287,
    10.315318994243302,
    10.391267848350822,
    10.467775892963589,
    10.544847245247368,
    10.622486052681463,
    10.700696493281942,
    10.779482775826443,
    10.858849140080673,
    10.938799857026583,
    11.019339229092177,
    11.100471590383053,
    11.18220130691563,
    11.264532776852112,
    11.34747043073717,
    11.431018731736335,
    11.515182175876202,
    11.599965292286388,
    11.68537264344322,
    11.771408825415309,
    11.858078468110827,
    11.945386235526714,
    12.033336825999605,
    12.121934972458721,
    12.211185442680524,
    12.301093039545295,
    12.391662601295616,
    12.482899001796717,
    12.574807150798744,
    12.667391994200981,
    12.760658514318026,
    12.85461173014786,
    12.949256697641998,
    13.044598509977497,
    13.140642297831109,
    13.237393229655318,
    13.334856511956527,
    13.43303738957519,
    13.531941145968084,
    13.63157310349263,
    13.731938623693306,
    13.833043107590152,
    13.934891995969428,
    14.037490769676424,
    14.140844949910383,
    14.244960098521602,
    14.349841818310757,
    14.455495753330412,
    14.561927589188736,
    14.669143053355453,
    14.777147915470078,
    14.885947987652385,
    14.9955491248152,
    15.105957224979461,
    15.217178229591598,
    15.329218123843269,
    15.442082936993474,
    15.555778742692983,
    15.670311659311166,
    15.785687850265269,
    15.901913524352093,
    16.018994936082105,
    16.136938386015988,
    16.255750221103735,
    16.375436835026175,
    16.496004668539058,
    16.617460209819654,
    16.739809994815875,
    16.86306060759802,
    16.9872186807131,
    17.112290895541744,
    17.238283982657734,
    17.36520472219021,
    17.493059944188555,
    17.621856528989927,
    17.751601407589494,
    17.882301562013428,
    18.013964025694666,
    18.146595883851365,
    18.28020427386818,
    18.414796385680376,
    18.550379462160716,
    18.68696079950927,
    18.824547747646008,
    18.963147710606325,
    19.102768146939493,
    19.243416570110046,
    19.385100548902088,
    19.527827707826575,
    19.671605727531645,
    19.816442345215947,
    19.962345355044995,
    20.109322608570587,
    20.25738201515333,
    20.406531542388276,
    20.556779216533705,
    20.70813312294303,
    20.86060140649986,
    21.014192272056363,
    21.168913984874777,
    21.3247748710722,
    21.481783318068615,
    21.639947775038266,
    21.799276753364367,
    21.9597788270971,
    22.121462633415,
    22.284336873089764,
    22.448410310954507,
    22.613691776375394,
    22.78019016372675,
    22.947914432869755,
    23.116873609634563,
    23.287076786306056,
    23.458533122113096,
    23.631251843721422,
    23.805242245730156,
    23.980513691172025,
    24.157075612017188,
    24.334937509680778,
    24.514108955534237,
    24.694599591420396,
    24.87641913017233,
    25.059577356136,
    25.244084125696826,
    25.42994936781007,
    25.617183084535178,
    25.80579535157401,
    25.995796318813024,
    26.187196210869487,
    26.380005327641747,
    26.57423404486346,
    26.769892814661926,
    26.966992166120587,
    27.165542705845645,
    27.365555118536832,
    27.567040167562357,
    27.770008695538138,
    27.97447162491132,
    28.18043995854802,
    28.38792478032541,
    28.596937255728193,
    28.807488632449466,
    29.019590240996017,
    29.23325349529803,
    29.44848989332329,
    29.665311017695963,
    29.883728536319904,
    30.103754203006535,
    30.325399858107332,
    30.548677429151017,
    30.77359893148545,
    31.000176468924185,
    31.228422234397808,
    31.4583485106101,
    31.689967670698994,
    31.923292178902468,
    32.15833459122924,
    32.395107556134455,
    32.63362381520033,
    32.873896203821886,
    33.115937651897625,
    33.35976118452529,
    33.605379922702845,
    33.85280708403458,
    34.10205598344236,
    34.353140033882134,
    34.60607274706573,
    34.86086773418806,
    35.11753870665948,
    35.37609947684368,
    35.636563958800984,
    35.89894616903709,
    36.16326022725742,
    36.42952035712689,
    36.69774088703531,
    36.967936250868476,
    37.240120988784966,
    37.51430974799852,
    37.79051728356626,
    38.06875845918272,
    38.349048247979766,
    38.631401733332325,
    38.91583410967,
    39.20236068329484,
    39.49099687320494,
    39.78175821192429,
    40.074660346338575,
    40.36971903853714,
    40.666950166661266,
    40.96636972575866,
    41.26799382864415,
    41.57183870676676,
    41.87792071108319,
    42.186256312937786,
    42.496862104948846,
    42.80975480190154,
    43.12495124164737,
    43.44246838601037,
    43.762323321699796,
    44.08453326122961,
    44.40911554384479,
    44.73608763645438,
    45.06546713457151,
    45.39727176326025,
    45.73151937808937,
    46.06822796609324,
    46.407415646739985,
    46.74910067290624,
    47.09330143185957,
    47.44003644624796,
    47.78932437509647,
    48.1411840148116,
    48.495634300192464,
    48.85269430544992,
    49.21238324523298,
