{
  "c": 0.05,
  "f1": 0.417910447761194,
  "prec": 0.28,
  "rec": 0.8235294117647058,
  "tp": 14,
  "fp": 36,
  "fn": 3,
  "tn": 27
}