{
  "cm_at_c1": {
    "TP": 3,
    "TN": 128,
    "FP": 20,
    "FN": 35,
    "precision": 0.13043478260869565,
    "recall": 0.07894736842105263,
    "accuracy": 0.7043010752688172,
    "F1": 0.09836065573770492
  },
  "pr_auc": 0.18848584358223702,
  "roc_auc": 0.4887980085348506,
  "prevalence": 0.20430107526881722,
  "normalized_auprc": -0.019875899281783217,
  "c_grid": [
    0.4166784511097674,
    0.4206199513046701,
    0.4245987354621705,
    0.4286151562636837,
    0.43266956972675596,
    0.436762335236622,
    0.4408938155780612,
    0.4450643769675546,
    0.4492743890857472,
    0.4535242251102163,
    0.4578142617485499,
    0.4621448792717387,
    0.4665164615478833,
    0.47092939607622036,
    0.47538407402147087,
    0.4798808902485132,
    0.484420243357384,
    0.4890025357186104,
    0.49362817350887633,
    0.49829756674702613,
    0.5030111293304091,
    0.507769279071567,
    0.5125724377352698,
    0.5174210310759011,
    0.5223154888751962,
    0.5272562449803395,
    0.5322437373424205,
    0.5372784080552533,
    0.542360703394565,
    0.5474910738575532,
    0.5526699742028186,
    0.5578978634906748,
    0.5631752051238399,
    0.5685024668885122,
    0.573880120995836,
    0.5793086441237575,
    0.5847885174592784,
    0.5903202267411088,
    0.5959042623027225,
    0.6015411191158213,
    0.6072312968342087,
    0.6129752998380803,
    0.6187736372787316,
    0.6246268231236897,
    0.6305353762022718,
    0.6364998202515745,
    0.6425206839628975,
    0.648598501028608,
    0.6547338101894469,
    0.6609271552822826,
    0.6671790852883182,
    0.6734901543817524,
    0.6798609219789024,
    0.6862919527877902,
    0.6927838168581992,
    0.6993370896322039,
    0.705952351995176,
    0.7126301903272764,
    0.7193711965554304,
    0.7261759682057974,
    0.733045108456736,
    0.739979226192269,
    0.7469789360560566,
    0.7540448585058777,
    0.7611776198686276,
    0.768377852395837,
    0.7756461943197137,
    0.7829832899097164,
    0.7903897895296637,
    0.7978663496953814,
    0.8054136331328977,
    0.8130323088371862,
    0.8207230521314676,
    0.828486544727069,
    0.836323474783852,
    0.8442345369712121,
    0.8522204325296532,
    0.860281869332947,
    0.8684195619508784,
    0.8766342317125863,
    0.8849266067705018,
    0.8932974221648926,
    0.9017474198890164,
    0.9102773489548928,
    0.9188879654596951,
    0.9275800326527716,
    0.9363543210033002,
    0.9452116082685834,
    0.954152679562989,
    0.9631783274275427,
    0.9722893519001801,
    0.9814865605866615,
    0.9907707687321593,
    1.0001427992935212,
    1.0096034830122178,
    1.0191536584879801,
    1.0287941722531326,
    1.0385258788476315,
    1.0483496408948105,
    1.0582663291778447,
    1.068276822716937,
    1.078382008847236,
    1.0885827832974877,
    1.098880050269435,
    1.109274722517966,
    1.1197677214320219,
    1.1303599771162673,
    1.1410524284735377,
    1.1518460232880625,
    1.1627417183094781,
    1.1737404793376336,
    1.1848432813082008,
    1.196051108379093,
    1.2073649540176998,
    1.2187858210889508,
    1.2303147219442083,
    1.241952678511003,
    1.2537007223836185,
    1.2655598949145324,
    1.2775312473067217,
    1.2896158407068428,
    1.3018147462992908,
    1.3141290454011518,
    1.3265598295580496,
    1.3391082006409007,
    1.3517752709435873,
    1.3645621632815481,
    1.377470011091307,
    1.3904999585309428,
    1.4036531605815046,
    1.4169307831493927,
    1.4303340031697045,
    1.443864008710558,
    1.4575219990784025,
    1.4713091849243274,
    1.4852267883513728,
    1.4992760430228593,
    1.5134581942717389,
    1.5277744992109823,
    1.5422262268450115,
    1.5568146581821827,
    1.5715410863483368,
    1.5864068167014236,
    1.601413166947207,
    1.6165614672560684,
    1.6318530603809154,
    1.647289301776201,
    1.6628715597180723,
    1.6786012154256587,
    1.6944796631834984,
    1.7105083104651335,
    1.7266885780578654,
    1.7430219001886955,
    1.7595097246514575,
    1.776153512935148,
    1.7929547403534736,
    1.8099148961756264,
    1.8270354837582905,
    1.844318020678901,
    1.8617640388701644,
    1.8793750847558475,
    1.8971527193878555,
    1.9150985185846026,
    1.9332140730706935,
    1.951500988617928,
    1.969960886187635,
    1.9885954020743555,
    2.0074061880508878,
    2.0263949115146964,
    2.0455632556357144,
    2.064912919505541,
    2.0844456182880475,
    2.1041630833714096,
    2.124067062521583,
    2.144159320037222,
    2.1644416369060706,
    2.1849158109628264,
    2.2055836570485057,
    2.22644700717131,
    2.2475077106690162,
    2.2687676343729026,
    2.2902286627732265,
    2.311892698186266,
    2.3337616609229417,
    2.3558374894590353,
    2.3781221406070157,
    2.4006175896894915,
    2.4233258307143086,
    2.4462488765512935,
    2.469388759110681,
    2.49274752952322,
    2.5163272583219873,
    2.540130035625924,
    2.5641579713251006,
    2.5884131952677385,
    2.6128978574490063,
    2.63761412820159,
    2.662564198388075,
    2.687750279595147,
    2.7131746043296245,
    2.7388394262163533,
    2.7647470201979663,
    2.7908996827365335,
    2.817299732017129,
    2.8439495081533073,
    2.8708513733945376,
    2.8980077123355943,
    2.925420932127926,
    2.953093462693028,
    2.9810277569378347,
    3.009226290972141,
    3.0376915643280897,
    3.0664261001817317,
    3.095432445576677,
    3.124713171649873,
    3.1542708738595047,
    3.18410817221506,
    3.2142277115095723,
    3.2446321615540485,
    3.275324217414129,
    3.306306599648977,
    3.3375820545524313,
    3.3691533543964356,
    3.401023297676782,
    3.433194709361161,
    3.4656704411395745,
    3.4984533716771122,
    3.531546406869111,
    3.5649524800987433,
    3.5986745524970267,
    3.632715613205303,
    3.6670786796401997,
    3.7017667977610906,
    3.7367830423400927,
    3.7721305172346193,
    3.8078123556625014,
    3.84383172047972,
    3.8801918044607677,
    3.9168958305816504,
    3.953947052305579,
    3.9913487538713555,
    4.0291042505844885,
    4.067216889111069,
    4.105690047774415,
    4.144527136854525,
    4.183731598890381,
    4.223306908985077,
    4.263256575113873,
    4.303584138435125,
    4.344293173604199,
    4.3853872890903025,
    4.426870127496361,
    4.468745365881894,
    4.511016716088949,
    4.553687925071122,
    4.596762775225698,
    4.640245084728909,
    4.684138707874391,
    4.728447535414826,
    4.773175494906819,
    4.818326551059046,
    4.8639047060836775,
    4.909914000051142,
    4.956358511248241,
    5.003242356539646,
    5.050569691732822,
    5.0983447119464085,
    5.1465716519820575,
    5.195254786699826,
    5.244398431397095,
    5.294006942191076,
    5.344084716404952,
    5.394636192957643,
    5.445665852757282,
    5.497178219098404,
    5.549177858062896,
    5.6016693789247265,
    5.6546574345585325,
    5.708146721852032,
    5.762141982122369,
    5.816648001536389,
    5.8716696115348785,
    5.9272116892608295,
    5.983279157991765,
    6.039876987576116,
    6.0970101948737705,
    6.154683844200762,
    6.212903047778175,
    6.271672966185303,
    6.330998808817068,
    6.390885834345795,
    6.451339351187345,
    6.512364717971647,
    6.573967344017695,
    6.6361526898130405,
    6.698926267497796,
    6.762293641353244,
    6.826260428295057,
    6.890832298371181,
    6.9560149752644405,
    7.021814236799875,
    7.0882359154568935,
    7.155285898886274,
    7.222970130432041,
    7.291294609658285,
    7.360265392880984,
    7.42988859370481,
    7.500170383565064,
    7.571116992274709,
    7.642734708576575,
    7.71502988070082,
    7.788008916927611,
    7.861678286155174,
    7.936044518473197,
    8.011114205741663,
    8.086894002175145,
    8.163390624932664,
    8.240610854713069,
    8.3185615363561,
    8.397249579449118,
    8.476681958939569,
    8.556865715753254,
