{
  "cm_at_c1": {
    "TP": 32,
    "TN": 40,
    "FP": 21,
    "FN": 26,
    "precision": 0.6037735849056604,
    "recall": 0.5517241379310345,
    "accuracy": 0.6050420168067226,
    "F1": 0.5765765765765765
  },
  "pr_auc": 0.5697649612293959,
  "roc_auc": 0.5904465799886942,
  "prevalence": 0.48739495798319327,
  "normalized_auprc": 0.16068902272619862,
  "c_grid": [
    0.4920139801830318,
    0.4950289360877528,
    0.4980623669941477,
    0.501114386113055,
    0.5041851073490455,
    0.5072746453046721,
    0.510383115284748,
    0.5135106333006492,
    0.5166573160746445,
    0.5198232810442519,
    0.523008646366621,
    0.5262135309229432,
    0.5294380543228882,
    0.532682336909068,
    0.5359464997615282,
    0.5392306647022672,
    0.5425349542997824,
    0.5458594918736439,
    0.5492044014990985,
    0.5525698080116991,
    0.5559558370119639,
    0.5593626148700642,
    0.5627902687305405,
    0.5662389265170479,
    0.5697087169371299,
    0.5731997694870221,
    0.5767122144564857,
    0.580246182933669,
    0.5838018068100006,
    0.5873792187851112,
    0.5909785523717866,
    0.5945999419009499,
    0.5982435225266756,
    0.6019094302312329,
    0.6055978018301615,
    0.6093087749773772,
    0.6130424881703093,
    0.6167990807550695,
    0.6205786929316528,
    0.6243814657591695,
    0.6282075411611097,
    0.6320570619306403,
    0.6359301717359338,
    0.6398270151255308,
    0.6437477375337337,
    0.6476924852860356,
    0.6516614056045805,
    0.6556546466136581,
    0.6596723573452318,
    0.6637146877445008,
    0.6677817886754966,
    0.6718738119267128,
    0.6759909102167702,
    0.6801332372001165,
    0.684300947472761,
    0.688494196578044,
    0.6927131410124419,
    0.6969579382314078,
    0.7012287466552484,
    0.7055257256750354,
    0.709849035658555,
    0.7141988379562928,
    0.7185752949074554,
    0.7229785698460293,
    0.7274088271068762,
    0.7318662320318668,
    0.7363509509760512,
    0.7408631513138675,
    0.7454030014453882,
    0.7499706708026055,
    0.7545663298557543,
    0.7591901501196744,
    0.7638423041602118,
    0.7685229656006588,
    0.7732323091282339,
    0.7779705105006014,
    0.7827377465524309,
    0.7875341952019964,
    0.7923600354578174,
    0.7972154474253388,
    0.8021006123136529,
    0.8070157124422628,
    0.8119609312478855,
    0.8169364532912997,
    0.8219424642642322,
    0.8269791509962892,
    0.8320467014619283,
    0.8371453047874742,
    0.8422751512581773,
    0.8474364323253147,
    0.8526293406133363,
    0.8578540699270528,
    0.8631108152588691,
    0.8683997727960621,
    0.8737211399281015,
    0.8790751152540177,
    0.8844618985898135,
    0.8898816909759203,
    0.895334694684703,
    0.9008211132280076,
    0.9063411513647569,
    0.9118950151085925,
    0.9174829117355635,
    0.9231050497918618,
    0.9287616391016055,
    0.9344528907746699,
    0.9401790172145664,
    0.945940232126369,
    0.9517367505246911,
    0.9575687887417088,
    0.9634365644352356,
    0.9693402965968453,
    0.9752802055600449,
    0.9812565130084979,
    0.9872694419842972,
    0.9933192168962904,
    0.9994060635284537,
    1.0055302090483194,
    1.0116918820154528,
    1.0178913123899844,
    1.0241287315411898,
    1.0304043722561262,
    1.03671846874832,
    1.0430712566665077,
    1.04946297310343,
    1.0558938566046818,
    1.0623641471776135,
    1.0688740863002897,
    1.0754239169304998,
    1.0820138835148265,
    1.0886442319977694,
    1.0953152098309218,
    1.1020270659822085,
    1.1087800509451753,
    1.115574416748339,
    1.1224104169645928,
    1.1292883067206703,
    1.136208342706667,
    1.143170783185619,
    1.1501758880031445,
    1.1572239185971387,
    1.1643151380075323,
    1.1714498108861078,
    1.1786282035063775,
    1.1858505837735205,
    1.1931172212343804,
    1.200428387087527,
    1.2077843541933762,
    1.2151853970843738,
    1.2226317919752412,
    1.2301238167732849,
    1.237661751088767,
    1.2452458762453413,
    1.252876475290553,
    1.2605538330064012,
    1.268278235919968,
    1.2760499723141119,
    1.2838693322382269,
    1.2917366075190675,
    1.2996520917716392,
    1.3076160804101578,
    1.3156288706590735,
    1.3236907615641642,
    1.331802054003696,
    1.339963050699652,
    1.3481740562290319,
    1.3564353770352158,
    1.3647473214394041,
    1.3731101996521236,
    1.3815243237848032,
    1.389990007861425,
    1.3985075678302412,
    1.4070773215755685,
    1.4156995889296489,
    1.4243746916845883,
    1.4331029536043658,
    1.4418847004369157,
    1.4507202599262865,
    1.4596099618248708,
    1.468554137905714,
    1.477553121974895,
    1.486607249883984,
    1.4957168595425785,
    1.5048822909309125,
    1.5141038861125462,
    1.5233819892471316,
    1.5327169466032577,
    1.5421091065713715,
    1.5515588196767833,
    1.5610664385927466,
    1.5706323181536204,
    1.580256815368113,
    1.589940289432605,
    1.5996831017445545,
    1.6094856159159874,
    1.6193481977870643,
    1.6292712154397357,
    1.6392550392114804,
    1.6493000417091248,
    1.659406597822749,
    1.669575084739681,
    1.6798058819585702,
    1.6900993713035517,
    1.7004559369384986,
    1.710875965381356,
    1.7213598455185686,
    1.7319079686195937,
    1.7425207283515032,
    1.753198520793677,
    1.7639417444525838,
    1.7747508002766534,
    1.7856260916712434,
    1.7965680245136915,
    1.8075770071684636,
    1.8186534505023975,
    1.829797767900033,
    1.841010375279041,
    1.8522916911057488,
    1.8636421364107534,
    1.8750621348046368,
    1.8865521124937772,
    1.8981124982962516,
    1.9097437236578445,
    1.9214462226681457,
    1.9332204320767525,
    1.9450667913095714,
    1.956985742485215,
    1.968977730431504,
    1.9810432027020692,
    1.993182609593053,
    2.005396404159915,
    2.0176850422343438,
    2.0300489824412637,
    2.0424886862159557,
    2.055004617821277,
    2.067597244364987,
    2.0802670358171818,
    2.093014465027832,
    2.1058400077444324,
    2.1187441426297564,
    2.131727351279719,
    2.144790118241351,
    2.157932931030885,
    2.1711562801519473,
    2.1844606591138644,
    2.1978465644500833,
    2.2113144957366995,
    2.2248649556111046,
    2.238498449790744,
    2.2522154870919904,
    2.266016579449135,
    2.2799022419334904,
    2.293872992772617,
    2.3079293533696617,
    2.3220718483228184,
    2.3363010054449043,
    2.3506173557830623,
    2.365021433638577,
    2.3795137765868155,
    2.394094925497293,
    2.408765424553856,
    2.4235258212749913,
    2.4383766665342637,
    2.4533185145808716,
    2.4683519230603324,
    2.4834774530352974,
    2.4986956690064877,
    2.514007138933764,
    2.529412434257323,
    2.544912129919023,
    2.560506804383845,
    2.5761970396614764,
    2.591983421328035,
    2.607866538547926,
    2.6238469840958243,
    2.639925354378801,
    2.6561022494585838,
    2.6723782730739476,
    2.6887540326632484,
    2.705230139387096,
    2.7218072081511586,
    2.7384858576291164,
    2.7552667102857473,
    2.77215039240016,
    2.7891375340891678,
    2.8062287693308026,
    2.8234247359879783,
    2.840726075832297,
    2.858133434567997,
    2.875647461856054,
    2.8932688113384284,
    2.910998140662455,
    2.9288361115053916,
    2.946783389599113,
    2.964840644754953,
    2.983008550888709,
    3.0012877860457867,
    3.0196790324265086,
    3.0381829764115755,
    3.0568003085876807,
    3.0755317237732838,
    3.0943779210445435,
    3.1133396037614074,
    3.1324174795938586,
    3.151612260548334,
    3.170924662994291,
    3.1903554076909426,
    3.2099052198141638,
    3.229574828983549,
    3.249364969289643,
    3.269276379321344,
    3.2893098021934604,
    3.309465985574451,
    3.3297456817143236,
    3.3501496474727137,
    3.370678644347131,
    3.391333438501377,
    3.4121148007941384,
    3.4330235068077637,
    3.454060336877198,
