{
  "cm_at_c1": {
    "TP": 0,
    "TN": 89,
    "FP": 0,
    "FN": 31,
    "precision": 0.0,
    "recall": 0.0,
    "accuracy": 0.7416666666666667,
    "F1": 0.0
  },
  "pr_auc": 0.31127295908976743,
  "roc_auc": 0.5103298296484233,
  "prevalence": 0.25833333333333336,
  "normalized_auprc": 0.07137927068283245,
  "c_grid": [
    49.14816301477583,
    49.35552022281745,
    49.56375227559567,
    49.77286286410014,
    49.98285569489291,
    50.19373449017413,
    50.40550298784789,
    50.61816494158868,
    50.83172412090779,
    51.046184311220195,
    51.26154931391154,
    51.47782294640568,
    51.69500904223227,
    51.91311145109464,
    52.13213403893817,
    52.35208068801875,
    52.57295529697154,
    52.79476178088019,
    53.01750407134613,
    53.24118611655838,
    53.46581188136335,
    53.6913853473353,
    53.917910512846845,
    54.14539139313977,
    54.37383202039629,
    54.603236443810545,
    54.83360872966017,
    55.06495296137866,
    55.297273239627536,
    55.53057368236915,
    55.764858424939554,
    56.000131620121934,
    56.23639743822019,
    56.47366006713273,
    56.711923712426874,
    56.951192597413346,
    57.191470963221015,
    57.43276306887226,
    57.67507319135835,
    57.91840562571529,
    58.162764685099845,
    58.4081547008662,
    58.654580022642605,
    58.9020450184084,
    59.15055407457162,
    59.40011159604666,
    59.65072200633225,
    59.90238974759006,
    60.1551192807233,
    60.40891508545586,
    60.6637816604116,
    60.919723523194286,
    61.176745210467516,
    61.43485127803512,
    61.69404630092203,
    61.954334873455345,
    62.2157216093456,
    62.4782111417688,
    62.741808123448415,
    63.00651722673778,
    63.272343143703054,
    63.539290586206334,
    63.80736428598919,
    64.0765689947564,
    64.34690948426042,
    64.61839054638583,
    64.89101699323416,
    65.16479365720942,
    65.4397253911036,
    65.71581706818277,
    65.99307358227334,
    66.27149984784893,
    66.55110080011748,
    66.83188139510857,
    67.11384660976148,
    67.39700144201332,
    67.68135091088747,
    67.96690005658283,
    68.25365394056301,
    68.54161764564591,
    68.83079627609408,
    69.12119495770507,
    69.4128188379022,
    69.70567308582592,
    69.99976289242547,
    70.29509347055074,
    70.59167005504476,
    70.8894979028365,
    71.18858229303405,
    71.48892852701816,
    71.79054192853617,
    72.09342784379652,
    72.39759164156341,
    72.70303871325189,
    73.00977447302358,
    73.31780435788264,
    73.6271338277719,
    73.93776836566994,
    74.24971347768816,
    74.56297469316826,
    74.87755756478045,
    75.19346766862179,
    75.51071060431494,
    75.82929199510752,
    76.14921748797182,
    76.47049275370483,
    76.79312348702861,
    77.11711540669155,
    77.44247425556956,
    77.76920580076772,
    78.09731583372282,
    78.42681017030577,
    78.75769465092483,
    79.089975140629,
    79.42365752921206,
    79.7587477313171,
    80.09525168654099,
    80.43317535954007,
    80.77252474013571,
    81.11330584342029,
    81.45552470986419,
    81.79918740542263,
    82.14430002164313,
    82.49086867577368,
    82.83889951087107,
    83.18839869590983,
    83.53937242589134,
    83.89182692195406,
    84.24576843148348,
    84.60120322822289,
    84.95813761238473,
    85.31657791076216,
    85.67653047684125,
    86.03800169091345,
    86.40099796018893,
    86.76552571891003,
    87.13159142846517,
    87.49920157750363,
    87.86836268205047,
    88.23908128562188,
    88.61136395934139,
    88.98521730205627,
    89.36064794045434,
    89.73766252918172,
    90.11626775096059,
    90.49647031670757,
    90.87827696565296,
    91.2616944654599,
    91.64672961234457,
    92.03338923119638,
    92.42168017569924,
    92.81160932845283,
    93.20318360109478,
    93.59640993442288,
    93.99129529851848,
    94.38784669286984,
    94.78607114649608,
    95.18597571807207,
    95.58756749605335,
    95.99085359880172,
    96.3958411747116,
    96.80253740233671,
    97.21094949051704,
    97.62108467850702,
    98.03295023610364,
    98.44655346377523,
    98.86190169279102,
    99.27900228535113,
    99.69786263471673,
    100.11849016534154,
    100.54089233300317,
    100.96507662493516,
    101.3910505599602,
    101.81882168862275,
    102.24839759332316,
    102.67978588845249,
    103.11299422052669,
    103.54803026832258,
    103.9849017430142,
    104.42361638830883,
    104.86418198058499,
    105.30660632902965,
    105.75089727577698,
    106.1970626960472,
    106.64511049828661,
    107.09504862430695,
    107.54688504942712,
    108.00062778261368,
    108.45628486662328,
    108.9138643781454,
    109.37337442794497,
    109.83482316100641,
    110.29821875667832,
    110.76356942881787,
    111.23088342593664,
    111.7001690313472,
    112.1714345633093,
    112.6446883751776,
    113.11993885555006,
    113.59719442841603,
    114.07646355330584,
    114.5577547254411,
    115.04107647588451,
    115.52643737169198,
    116.01384601606367,
    116.50331104849681,
    116.99484114493927,
    117.48844501794252,
    117.98413141681654,
    118.48190912778517,
    118.98178697414117,
    119.48377381640299,
    119.98787855247214,
    120.49411011779023,
    121.00247748549772,
    121.51298966659327,
    122.02565571009283,
    122.54048470319032,
    123.05748577141911,
    123.5766680788129,
    124.0980408280692,
    124.62161326071146,
    125.14739465725351,
    125.67539433736373,
    126.20562166003074,
    126.7380860237285,
    127.27279686658379,
    127.80976366654274,
    128.34899594153907,
    128.89050324966334,
    129.4342951893315,
    129.98038139945538,
    130.52877155961406,
    131.07947539022453,
    131.6325026527145,
    132.18786314969572,
    132.74556672513697,
    133.30562326453898,
    133.86804269511006,
    134.43283498594116,
    135.00001014818312,
    135.5695782352244,
    136.14154934286844,
    136.7159336095136,
    137.29274121633202,
    137.8719823874505,
    138.45366739013156,
    139.037806534956,
    139.62441017600452,
    140.21348871104257,
    140.8050525817036,
    141.3991122736744,
    141.99567831688177,
    142.59476128567786,
    143.19637179902836,
    143.80052052070104,
    144.40721815945392,
    145.01647546922547,
    145.62830324932574,
    146.24271234462685,
    146.85971364575573,
    147.47931808928746,
    148.10153665793842,
    148.7263803807613,
    149.35386033334103,
    149.9839876379901,
    150.6167734639469,
    151.2522290275726,
    151.89036559255052,
    152.5311944700861,
    153.17472701910657,
    153.82097464646273,
    154.46994880713166,
    155.12166100441868,
    155.7761227901619,
    156.43334576493731,
    157.0933415782636,
    157.75612192880888,
    158.4216985645989,
    159.09008328322392,
    159.76128793204862,
    160.43532440842242,
    161.1122046598893,
    161.7919406844008,
    162.47454453052762,
    163.16002829767385,
    163.84840413629107,
    164.5396842480943,
    165.23388088627732,
    165.931006355731,
    166.63107301326036,
    167.33409326780423,
    168.04007958065483,
    168.74904446567936,
    169.46100048954068,
    170.17596027192135,
    170.89393648574608,
    171.614941857407,
    172.33898916698965,
    173.06609124849842,
    173.79626099008524,
    174.52951133427706,
    175.26585527820566,
    176.00530587383793,
    176.74787622820784,
    177.4935795036475,
    178.2424289180219,
    178.99443774496194,
    179.7496193141005,
    180.5079870113083,
    181.26955427893185,
    182.03433461603055,
    182.8023415786173,
    183.57358877989762,
    184.34808989051163,
    185.12585863877598,
    185.906908810928,
    186.6912542513687,
    187.47890886290963,
    188.26988660701812,
    189.06420150406524,
    189.86186763357486,
    190.6628991344719,
    191.46731020533454,
    192.27511510464447,
    193.08632815104045,
    193.90096372357166,
    194.7190362619535,
