{
  "c": 0.05,
  "f1": 0.37037037037037035,
  "prec": 0.25,
  "rec": 0.7142857142857143,
  "tp": 15,
  "fp": 45,
  "fn": 6,
  "tn": 14
}