{
  "cm_at_c1": {
    "TP": 0,
    "TN": 136,
    "FP": 0,
    "FN": 44,
    "precision": 0.0,
    "recall": 0.0,
    "accuracy": 0.7555555555555555,
    "F1": 0.0
  },
  "pr_auc": 0.3278352417818335,
  "roc_auc": 0.6364471925133689,
  "prevalence": 0.24444444444444444,
  "normalized_auprc": 0.11037017294654433,
  "auprg": NaN,
  "ece_rank": 0.26537753222836097,
  "c_grid": [
    1.0631916487280597,
    1.0732602936126852,
    1.0834242906475406,
    1.0936845428372168,
    1.1040419617379447,
    1.1144974675385813,
    1.125051989142363,
    1.1357064642494312,
    1.1464618394401425,
    1.1573190702591647,
    1.1682791213003718,
    1.1793429662925408,
    1.1905115881858621,
    1.2017859792392676,
    1.2131671411085865,
    1.2246560849355361,
    1.2362538314375553,
    1.2479614109984876,
    1.259779863760125,
    1.2717102397146176,
    1.2837535987977584,
    1.2959110109831515,
    1.3081835563772726,
    1.3205723253154287,
    1.3330784184586284,
    1.3457029468913677,
    1.358447032220342,
    1.3713118066740948,
    1.384298413203608,
    1.3974080055838458,
    1.41064174851626,
    1.4240008177322656,
    1.4374864000976983,
    1.4510996937182585,
    1.464841908045955,
    1.4787142639865578,
    1.4927179940080673,
    1.50685434225021,
    1.521124564634974,
    1.5355299289781883,
    1.5500717151021592,
    1.5647512149493765,
    1.5795697326972915,
    1.594528584874186,
    1.6096291004761376,
    1.6248726210850912,
    1.6402605009880502,
    1.6557941072973967,
    1.6714748200723495,
    1.6873040324415733,
    1.7032831507269508,
    1.7194135945685223,
    1.735696797050614,
    1.752134204829157,
    1.7687272782602133,
    1.7854774915297191,
    1.802386332784456,
    1.819455304264264,
    1.8366859224355048,
    1.8540797181257906,
    1.8716382366599877,
    1.8893630379975086,
    1.907255696870904,
    1.9253178029257685,
    1.9435509608619679,
    1.961956790576209,
    1.9805369273059552,
    1.9992930217747065,
    2.018226740338657,
    2.0373397651347376,
    2.056633794230065,
    2.0761105417728016,
    2.095771738144449,
    2.1156191301135787,
    2.135654480991022,
    2.155879570786529,
    2.176296196366909,
    2.1969061716156753,
    2.217711327594189,
    2.2387135127043436,
    2.259914592852781,
    2.281316451616664,
    2.302920990411021,
    2.324730128657676,
    2.3467458039557716,
    2.3689699722539173,
    2.3914046080239606,
    2.414051704436406,
    2.4369132735374928,
    2.459991346427957,
    2.483287973443479,
    2.5068052243368397,
    2.5305451884618093,
    2.5545099749587705,
    2.5787017129421,
    2.60312255168933,
    2.6277746608320953,
    2.6526602305488893,
    2.6777814717596518,
    2.7031406163221896,
    2.7287399172304663,
    2.7545816488147623,
    2.7806681069437387,
    2.8070016092284074,
    2.833584495228034,
    2.860419126657997,
    2.8875078875996065,
    2.914853184711917,
    2.9424574474455403,
    2.9703231282584914,
    2.9984527028340664,
    3.0268486703007973,
    3.055513553454479,
    3.0844498989823044,
    3.1136602776891213,
    3.143147284725832,
    3.172913539819954,
    3.2029616875083664,
    3.2332943973722603,
    3.263914364274311,
    3.2948243085981046,
    3.32602697648982,
    3.357525140102207,
    3.38932159784088,
    3.4214191746129297,
    3.453820722077904,
    3.486529118901155,
    3.5195472710095905,
    3.552878111849851,
    3.5865246026489195,
    3.620489732677213,
    3.654776519514159,
    3.6893880093162843,
    3.7243272770878484,
    3.7595974269540404,
    3.7952015924367535,
    3.8311429367329826,
    3.8674246529958545,
    3.9040499646183138,
    3.941022125519505,
    3.97834442043386,
    4.016020165202925,
    4.054052707069952,
    4.09244542497728,
    4.131201729866527,
    4.170325064981639,
    4.209818906174793,
    4.2496867622152035,
    4.289932175100856,
    4.330558720373192,
    4.371570007434768,
    4.412969679869929,
    4.45476141576852,
    4.496948928052655,
    4.53953596480659,
    4.582526309609717,
    4.625923781872703,
    4.6697322371768255,
    4.713955567616517,
    4.758597702145148,
    4.803662606924087,
    4.849154285675079,
    4.895076780035934,
    4.941434169919612,
    4.988230573876695,
    5.035470149461288,
    5.083157093600392,
    5.131295642966781,
    5.1798900743553915,
    5.228944705063293,
    5.278463893273257,
    5.32845203844094,
    5.378913581685757,
    5.429853006185447,
    5.481274837574364,
    5.533183644345555,
    5.5855840382566475,
    5.638480674739562,
    5.691878253314125,
    5.74578151800559,
    5.800195257766107,
    5.855124306900194,
    5.9105735454942385,
    5.966547899850051,
    6.023052342922536,
    6.080091894761521,
    6.1376716229577335,
    6.195796643093035,
    6.254472119194913,
    6.313703264195257,
    6.373495340393498,
    6.43385365992414,
    6.494783585228693,
    6.556290529532098,
    6.61837995732366,
    6.681057384842523,
    6.744328380567764,
    6.808198565713103,
    6.872673614726317,
    6.937759255793382,
    7.003461271347377,
    7.069785498582217,
    7.136737829971256,
    7.204324213790787,
    7.272550654648508,
    7.341423214016999,
    7.410948010772237,
    7.481131221737217,
    7.5519790822307336,
    7.623497886621334,
    7.695693988886538,
    7.768573803177353,
    7.842143804388118,
    7.9164105287317605,
    7.991380574320502,
    8.067060601752047,
    8.143457334701337,
    8.220577560517915,
    8.29842813082892,
    8.377015962147818,
    8.456348036488896,
    8.536431401987551,
    8.617273173526486,
    8.698880533367818,
    8.781260731791166,
    8.864421087737796,
    8.948368989460873,
    9.033111895181836,
    9.11865733375303,
    9.205012905326589,
    9.29218628202966,
    9.380185208646015,
    9.469017503304146,
    9.558691058171824,
    9.64921384015729,
    9.740593891617051,
    9.832839331070394,
    9.925958353920665,
    10.01995923318338,
    10.114850320221212,
    10.210640045485967,
    10.307336919267593,
    10.404949532450225,
    10.503486557275455,
    10.602956748112794,
    10.703368942237448,
    10.804732060615445,
    10.907055108696207,
    11.010347177212621,
    11.114617442988711,
    11.219875169754907,
    11.326129708971088,
    11.433390500657392,
    11.541667074232901,
    11.650969049362265,
    11.76130613681036,
    11.872688139305003,
    11.985124952407872,
    12.098626565393667,
    12.213203062137573,
    12.328864622011187,
    12.445621520786833,
    12.563484131550538,
    12.682462925623598,
    12.802568473492885,
    12.923811445749966,
    13.046202614039137,
    13.169752852014373,
    13.294473136305408,
    13.420374547492933,
    13.547468271093031,
    13.675765598550923,
    13.805277928244184,
    13.936016766495353,
    14.067993728594233,
    14.20122053982983,
    14.335709036532057,
    14.471471167123314,
    14.608518993180056,
    14.74686469050434,
    14.886520550205596,
    15.027498979792602,
    15.169812504275813,
    15.313473767280113,
    15.45849553216816,
    15.604890683174263,
    15.752672226549114,
    15.901853291715284,
    16.052447132433695,
    16.204467127981115,
    16.357926784338858,
    16.512839735392653,
    16.669219744143955,
    16.827080703932687,
    16.986436639671577,
    17.147301709092172,
    17.309690204002692,
    17.473616551557708,
    17.639095315539944,
    17.80614119765415,
    17.97476903883327,
    18.14499382055694,
    18.316830666182543,
    18.49029484228875,
    18.665401760031905,
    18.84216697651518,
    19.02060619617075,
    19.200735272154986,
    19.38257020775697,
    19.566127157820212,
    19.751422430177932,
    19.93847248710192,
    20.127293946765075,
    20.317903584717822,
    20.510318335378557,
    20.70455529353809,
    20.900631715878433,
    21.098565022505966,
    21.29837279849907,
    21.50007279547045,
    21.703682933144286,
    21.90922130094822,
    22.116706159620534,
    22.326155942832468,
