{
  "cm_at_c1": {
    "TP": 0,
    "TN": 142,
    "FP": 0,
    "FN": 37,
    "precision": 0.0,
    "recall": 0.0,
    "accuracy": 0.7932960893854749,
    "F1": 0.0
  },
  "pr_auc": 0.25243536611355466,
  "roc_auc": 0.6026836695850781,
  "prevalence": 0.20670391061452514,
  "normalized_auprc": 0.057647398129058336,
  "c_grid": [
    4.043064454774679,
    4.0742760276139425,
    4.105728546965439,
    4.137423872883512,
    4.169363879781724,
    4.201550456543696,
    4.23398550663482,
    4.2666709482148235,
    4.299608714251207,
    4.332800752633554,
    4.366249026288737,
    4.399955513296987,
    4.4339222070088855,
    4.468151116163243,
    4.502644265005893,
    4.537403693409406,
    4.572431456993723,
    4.607729627247716,
    4.643300291651704,
    4.679145553800892,
    4.715267533529786,
    4.751668367037544,
    4.788350207014316,
    4.825315222768552,
    4.8625656003552855,
    4.900103542705415,
    4.937931269755988,
    4.976051018581478,
    5.014465043526081,
    5.053175616337041,
    5.092185026298994,
    5.131495580369347,
    5.1711096033147195,
    5.211029437848418,
    5.2512574447689815,
    5.2917960030998,
    5.3326475102298,
    5.37381438205523,
    5.415299053122528,
    5.457103976772292,
    5.499231625284383,
    5.541684490024111,
    5.584465081589587,
    5.627575929960191,
    5.671019584646184,
    5.714798614839495,
    5.7589156095656495,
    5.803373177836881,
    5.848173948806432,
    5.893320571924029,
    5.938815717092571,
    5.984662074826023,
    6.030862356408532,
    6.077419294054759,
    6.124335641071471,
    6.171614172020359,
    6.219257682882119,
    6.267268991221809,
    6.315650936355477,
    6.36440637951806,
    6.413538204032612,
    6.463049315480805,
    6.512942641874764,
    6.5632211338302335,
    6.613887764741058,
    6.664945530955038,
    6.716397451951122,
    6.76824657051797,
    6.820495952933914,
    6.873148689148274,
    6.9262078929641095,
    6.979676702222356,
    7.0335582789873925,
    7.087855809734045,
    7.142572505536031,
    7.197711602255846,
    7.253276360736143,
    7.309270066992566,
    7.365696032408077,
    7.422557593928792,
    7.479858114261323,
    7.537600982071637,
    7.595789612185463,
    7.6544274457902395,
    7.713517950638613,
    7.773064621253526,
    7.833070979134876,
    7.893540572967763,
    7.954476978832357,
    8.015883800415398,
    8.077764669223289,
    8.140123244796861,
    8.20296321492782,
    8.266288295876796,
    8.330102232593147,
    8.394408798936421,
    8.459211797899538,
    8.524515061833682,
    8.59032245267496,
    8.656637862172774,
    8.723465212119981,
    8.790808454584823,
    8.858671572144644,
    8.927058578121407,
    8.995973516819049,
    9.065420463762653,
    9.135403525939449,
    9.20592684204172,
    9.27699458271155,
    9.348610950787458,
    9.420780181552965,
    9.49350654298705,
    9.566794336016557,
    9.64064789477054,
    9.71507158683659,
    9.79006981351911,
    9.865647010099607,
    9.941807646099008,
    10.018556225541944,
    10.09589728722314,
    10.173835404975817,
    10.2523751879422,
    10.331521280846067,
    10.411278364267464,
    10.491651154919477,
    10.572644405927193,
    10.654262907108773,
    10.736511485258745,
    10.819395004433416,
    10.90291836623856,
    10.987086510119259,
    11.07190441365204,
    11.157377092839226,
    11.24350960240559,
    11.330307036097256,
    11.41777452698298,
    11.50591724775766,
    11.59474041104828,
    11.684249269722153,
    11.774449117197598,
    11.865345287756947,
    11.956943156862023,
    12.04924814147206,
    12.142265700364007,
    12.236001334455388,
    12.330460587129597,
    12.425649044563759,
    12.521572336059032,
    12.618236134373575,
    12.715646156057982,
    12.81380816179337,
    12.912727956732045,
    13.012411390840846,
    13.112864359247041,
    13.214092802587022,
    13.316102707357572,
    13.418900106269927,
    13.522491078606524,
    13.626881750580555,
    13.732078295698207,
    13.83808693512381,
    13.944913938047705,
    14.052565622057012,
    14.161048353509246,
    14.270368547908799,
    14.380532670286366,
    14.491547235581269,
    14.603418809026715,
    14.71615400653809,
    14.829759495104192,
    14.944241993181507,
    15.059608271091554,
    15.175865151421247,
    15.29301950942637,
    15.411078273438177,
    15.53004842527313,
    15.649937000645771,
    15.77075108958485,
    15.892497836852549,
    16.015184442367087,
    16.138818161628453,
    16.26340630614751,
    16.388956243878383,
    16.515475399654207,
    16.642971255626186,
    16.771451351706112,
    16.900923286012226,
    17.03139471531859,
    17.162873355507887,
    17.29536698202771,
    17.42888343035043,
    17.56343059643655,
    17.69901643720164,
    17.83564897098692,
    17.973336278033464,
    18.11208650096002,
    18.25190784524459,
    18.392808579709673,
    18.534797037011245,
    18.67788161413158,
    18.822070772875804,
    18.967373040372337,
    19.113797009577173,
    19.261351339782024,
    19.410044757126467,
    19.559886055113942,
    19.71088409513182,
    19.863047806975434,
    20.01638618937621,
    20.170908310533775,
    20.326623308652316,
    20.48354039248092,
    20.64166884185821,
    20.80101800826114,
    20.961597315358,
    21.123416259565772,
    21.286484410611685,
    21.450811412099156,
    21.616406982078118,
    21.783280913619716,
    21.95144307539546,
    22.120903412260862,
    22.291671945843547,
    22.46375877513588,
    22.637174077092258,
    22.811928107230933,
    22.988031200240503,
    23.165493770591144,
    23.3443263131504,
    23.524539403803956,
    23.70614370008098,
    23.889149941784442,
    24.073568951626235,
    24.259411635867252,
    24.446688984962282,
    24.635412074210077,
    24.825592064408227,
    25.01724020251325,
    25.210367822305713,
    25.404986345060472,
    25.601107280222152,
    25.798742226085768,
    25.997902870482616,
    26.198600991471498,
    26.40084845803526,
    26.604657230782674,
    26.810039362655832,
    27.0170069996429,
    27.225572381496377,
    27.435747842456998,
    27.647545811983136,
    27.86097881548584,
    28.076059475069645,
    28.292800510278905,
    28.51121473885014,
    28.731315077469933,
    28.953114542538895,
    29.176626250941364,
    29.40186342082122,
    29.628839372363448,
    29.85756752858201,
    30.088061416113558,
    30.320334666017427,
    30.55440101458175,
    30.79027430413578,
    31.027968483868566,
    31.267497610653827,
    31.508875849881246,
    31.752117476294238,
    31.997236874834105,
    32.24424854149073,
    32.49316708415991,
    32.744007223507175,
    32.99678379383838,
    33.251511743976955,
    33.50820613814799,
    33.76688215686908,
    34.02755509784814,
    34.29024037688798,
    34.554953528798094,
    34.82171020831327,
    35.09052619101942,
    35.36141737428653,
    35.63439977820884,
    35.90948954655214,
    36.18670294770864,
    36.46605637565893,
    36.74756635094155,
    37.03124952162998,
    37.31712266431717,
    37.60520268510773,
    37.8955066206177,
    38.188051638982046,
    38.48285504086997,
    38.77993426050808,
    39.07930686671135,
    39.38099056392222,
    39.68500319325756,
    39.9913627335637,
    40.300087302479746,
    40.61119515750903,
    40.92470469709882,
    41.24063446172829,
    41.559003135005234,
    41.87982954477064,
    42.20313266421237,
    42.528931612987144,
    42.85724565835125,
    43.18809421629993,
    43.521496852715785,
    43.857473284525625,
    44.19604338086667,
    44.53722716426152,
    44.881044811802276,
    45.22751665634372,
    45.57666318770597,
    45.92850505388592,
    46.28306306227855,
    46.640358180907356,
    47.0004115396644,
    47.36324443155987,
    47.72887831398131,
    48.097334809962724,
    48.468635709463065,
    48.84280297065506,
    49.21985872122371,
    49.599825259674915,
    49.9827250566541,
