{
  "cm_at_c1": {
    "TP": 0,
    "TN": 91,
    "FP": 0,
    "FN": 27,
    "precision": 0.0,
    "recall": 0.0,
    "accuracy": 0.7711864406779662,
    "F1": 0.0
  },
  "pr_auc": 0.27121683468602115,
  "roc_auc": 0.5799755799755799,
  "prevalence": 0.2288135593220339,
  "normalized_auprc": 0.05498446695549995,
  "auprg": NaN,
  "ece_rank": 0.2931206380857428,
  "c_grid": [
    2.491161598487992,
    2.5134150651882847,
    2.5358673213932326,
    2.5585201428831095,
    2.581375321301175,
    2.6044346642953826,
    2.627699995661345,
    2.651173155486585,
    2.6748560002960664,
    2.698750403199031,
    2.722858254037147,
    2.7471814595339756,
    2.77172194344578,
    2.7964816467136764,
    2.8214625276171446,
    2.846666561928913,
    2.8720957430712244,
    2.8977520822734983,
    2.923637608731403,
    2.949754369767345,
    2.9761044309923985,
    3.002689876469673,
    3.029512808879148,
    3.0565753496839756,
    3.083879639298271,
    3.1114278372563993,
    3.1392221223837766,
    3.1672646929691974,
    3.195557766938699,
    3.2241035820309802,
    3.25290439597439,
    3.281962486665491,
    3.311280152349222,
    3.3408597118006713,
    3.3707035045084695,
    3.400813890859827,
    3.4311932523272146,
    3.461843991656721,
    3.4927685330580895,
    3.5239693223964497,
    3.5554488273857685,
    3.5872095377840205,
    3.619253965590109,
    3.651584645242543,
    3.684204133819889,
    3.717115011243017,
    3.750319880479144,
    3.7838213677477106,
    3.8176221227280926,
    3.851724818769165,
    3.886132153100745,
    3.9208468470469158,
    3.9558716462412606,
    3.991209320844021,
    4.02686266576119,
    4.062834500865567,
    4.099127671219786,
    4.135745047301331,
    4.172689525229572,
    4.209964026994817,
    4.2475715006894275,
    4.285514920740971,
    4.323797288147484,
    4.362421630714826,
    4.401391003296142,
    4.440708488033491,
    4.480377194601598,
    4.5204002604538225,
    4.560780851070287,
    4.60152216020825,
    4.642627410154704,
    4.684099851981219,
    4.725942765801092,
    4.768159461028762,
    4.810753276641562,
    4.853727581443806,
    4.897085774333222,
    4.94083128456979,
    4.984967572046954,
    5.029498127565277,
    5.074426473108534,
    5.119756162122261,
    5.165490779794818,
    5.211633943340933,
    5.258189302287796,
    5.305160538763712,
    5.35255136778931,
    5.400365537571392,
    5.44860682979936,
    5.497279059944332,
    5.546386077560909,
    5.595931766591632,
    5.645920045674185,
    5.696354868451311,
    5.7472402238835185,
    5.798580136564577,
    5.850378667039811,
    5.90263991212728,
    5.95536800524178,
    6.00856711672177,
    6.062241454159214,
    6.116395262732348,
    6.171032825541462,
    6.2261584639476375,
    6.281776537914535,
    6.337891446353238,
    6.394507627470147,
    6.451629559118035,
    6.50926175915018,
    6.5674087857776975,
    6.626075237930068,
    6.685265755618845,
    6.7449850203046715,
    6.80523775526752,
    6.8660287259802715,
    6.9273627404856315,
    6.989244649776384,
    7.051679348179088,
    7.1146717737411596,
    7.178226908621433,
    7.242349779484208,
    7.307045457896817,
    7.372319060730741,
    7.438175750566311,
    7.5046207361010175,
    7.571659272561483,
    7.639296662119098,
    7.707538254309386,
    7.776389446455094,
    7.845855684093081,
    7.915942461405014,
    7.986655321651906,
    8.057999857612547,
    8.129981712025838,
    8.202606578037084,
    8.275880199648281,
    8.349808372172399,
    8.424396942691766,
    8.499651810520502,
    8.575578927671113,
    8.65218429932524,
    8.729473984308617,
    8.807454095570282,
    8.886130800666045,
    8.965510322246296,
    9.045598938548157,
    9.126402983892046,
    9.207928849182663,
    9.290182982414454,
    9.373171889181588,
    9.456902133192502,
    9.541380336789032,
    9.626613181470175,
    9.712607408420554,
    9.79936981904357,
    9.886907275499343,
    9.975226701247454,
    10.064335081594518,
    10.154239464246688,
    10.24494695986703,
    10.336464742637942,
    10.428800050828565,
    10.521960187367274,
    10.615952520419249,
    10.710784483969272,
    10.806463578409671,
    10.902997371133528,
    11.0003934971332,
    11.098659659604214,
    11.197803630554471,
    11.29783325141897,
    11.39875643368001,
    11.500581159492903,
    11.60331548231729,
    11.70696752755412,
    11.811545493188289,
    11.91705765043702,
    12.023512344404045,
    12.13091799473968,
    12.239283096306664,
    12.34861621985209,
    12.458926012685263,
    12.570221199361626,
    12.68251058237278,
    12.79580304284272,
    12.910107541230236,
    13.025433118037595,
    13.141788894525577,
    13.25918407343493,
    13.377627939714152,
    13.49712986125389,
    13.61769928962788,
    13.739345760840456,
    13.862078896080751,
    13.985908402483702,
    14.110844073897763,
    14.236895791659512,
    14.364073525375186,
    14.492387333709216,
    14.621847365179754,
    14.752463858961317,
    14.884247145694669,
    15.017207648303849,
    15.151355882820523,
    15.286702459215753,
    15.423258082239133,
    15.561033552265428,
    15.7000397661488,
    15.840287718084678,
    15.98178850047929,
    16.124553304826943,
    16.26859342259523,
    16.413920246118067,
    16.560545269496693,
    16.708480089508814,
    16.85773640652577,
    17.008326025437942,
    17.16026085658841,
    17.313552916714972,
    17.468214329900583,
    17.624257328532206,
    17.78169425426834,
    17.94053755901514,
    18.10079980591121,
    18.26249367032128,
    18.425631940838727,
    18.590227520296995,
    18.756293426790123,
    18.92384279470239,
    19.09288887574711,
    19.263445040014695,
    19.43552477703017,
    19.60914169682007,
    19.784309530988818,
    19.96104213380485,
    20.13935348329634,
    20.319257682356724,
    20.500768959860128,
    20.683901671786774,
    20.8686703023584,
    21.055089465183794,
    21.243173904414682,
    21.43293849591182,
    21.62439824842153,
    21.817568304762776,
    22.0124639430249,
    22.209100577775864,
    22.40749376128148,
    22.607659184735475,
    22.809612679500503,
    23.01337021836025,
    23.21894791678279,
    23.426362034195154,
    23.635628975269306,
    23.846765291219594,
    24.059787681111903,
    24.27471299318428,
    24.49155822617954,
    24.710340530689752,
    24.931077210512676,
    25.15378572402032,
    25.37848368553975,
    25.605188866746328,
    25.833919198069154,
    26.064692770109268,
    26.297527835070547,
    26.53244280820315,
    26.769456269260065,
    27.008586963966703,
    27.24985380550336,
    27.493275876001192,
    27.738872428051383,
    27.986662886227997,
    28.2366668486241,
    28.488904088401895,
    28.74339455535671,
    29.00015837749464,
    29.259215862624643,
    29.52058749996475,
    29.784293961762444,
    30.050356104929758,
    30.318794972692817,
    30.58963179625631,
    30.862887996482495,
    31.138585185585516,
    31.41674516884082,
    31.697389946309585,
    31.980541714578834,
    32.26622286851709,
    32.554456003045416,
    32.84526391492461,
    33.13866960455818,
    33.4346962778116,
    33.73336734784747,
    34.034706436977466,
    34.33873737853069,
    34.64548421873851,
    34.9549712186365,
    35.26722285598342,
    35.582263827196925,
    35.90011904930704,
    36.220813661926755,
    36.54437302924055,
    36.87082274201025,
    37.2001886195991,
    37.53249671201403,
    37.86777330196573,
    38.206044906947525,
    38.547338281332635,
    38.891680418490346,
    39.23909855292073,
    39.589620162408785,
    39.94327297019779,
    40.30008494718175,
    40.66008431411777,
    41.02329954385819,
    41.389759363602316,
    41.759492757168644,
    42.132528967287136,
    42.50889749791226,
    42.88862811655624,
    43.27175085664352,
    43.65829601988631,
    44.04829417868089,
    44.44177617852579,
    44.838773140461534,
