{
  "c": 0.05,
  "f1": 0.6262626262626263,
  "prec": 0.5166666666666667,
  "rec": 0.7948717948717948,
  "tp": 31,
  "fp": 29,
  "fn": 8,
  "tn": 12
}