{
  "cm_at_c1": {
    "TP": 0,
    "TN": 114,
    "FP": 0,
    "FN": 66,
    "precision": 0.0,
    "recall": 0.0,
    "accuracy": 0.6333333333333333,
    "F1": 0.0
  },
  "pr_auc": 0.4198589415532618,
  "roc_auc": 0.5709064327485379,
  "prevalence": 0.36666666666666664,
  "normalized_auprc": 0.08398780245251869,
  "auprg": NaN,
  "ece_rank": 0.2705340699815838,
  "c_grid": [
    4.165561547719053,
    4.196825323815666,
    4.228323743833543,
    4.260058568844974,
    4.292031573139619,
    4.32424454432371,
    4.356699283419996,
    4.3893976049684325,
    4.422341337127638,
    4.455532321777106,
    4.488972414620181,
    4.52266348528781,
    4.556607417443078,
    4.59080610888652,
    4.625261471662226,
    4.659975432164748,
    4.694949931246798,
    4.7301869243277626,
    4.765688381503036,
    4.80145628765416,
    4.837492642559802,
    4.873799461007562,
    4.91037877290662,
    4.947232623401226,
    4.984363072985045,
    5.02177219761636,
    5.0594620888341355,
    5.097434853874956,
    5.1356926157908465,
    5.174237513567963,
    5.213071702246189,
    5.252197353039625,
    5.291616653457974,
    5.331331807428849,
    5.371345035420998,
    5.411658574568443,
    5.4522746787955585,
    5.493195618943099,
    5.5344236828951425,
    5.5759611757070235,
    5.6178104197342,
    5.6599737547620945,
    5.702453538136916,
    5.7452521448974565,
    5.788371967907879,
    5.8318154179915,
    5.875584924065586,
    5.9196829332771435,
    5.964111911139747,
    6.008874341671381,
    6.053972727533323,
    6.0994095901700645,
    6.145187469950292,
    6.191308926308905,
    6.237776537890127,
    6.284592902691674,
    6.3317606382100005,
    6.37928238158665,
    6.427160789755702,
    6.475398539592309,
    6.5239983280623655,
    6.572962872373303,
    6.622294910125994,
    6.671997199467821,
    6.7220725192468835,
    6.7725236691673585,
    6.823353469946031,
    6.874564763470012,
    6.9261604129556105,
    6.978143303108425,
    7.030516340284632,
    7.083282452653468,
    7.136444590360949,
    7.190005725694817,
    7.2439688532507125,
    7.298336990099604,
    7.353113175956478,
    7.408300473350283,
    7.463901967795151,
    7.519920767962922,
    7.576360005856936,
    7.633222836987145,
    7.69051244054655,
    7.748232019588932,
    7.806384801207938,
    7.864974036717522,
    7.924003001833704,
    7.98347499685773,
    8.043393346860588,
    8.103761401868907,
    8.164582537052262,
    8.225860152911881,
    8.287597675470758,
    8.349798556465208,
    8.412466273537856,
    8.475604330432063,
    8.539216257187821,
    8.603305610339133,
    8.66787597311283,
    8.732930955628932,
    8.798474195102486,
    8.864509356046907,
    8.931040130478877,
    8.998070238124761,
    9.065603426628574,
    9.133643471761504,
    9.202194177633036,
    9.271259376903616,
    9.340842930998948,
    9.410948730325883,
    9.48158069448993,
    9.552742772514396,
    9.624438943061191,
    9.696673214653256,
    9.769449625898684,
    9.842772245716533,
    9.91664517356429,
    9.991072539667101,
    10.066058505248675,
    10.141607262763932,
    10.21772303613342,
    10.294410080979466,
    10.371672684864096,
    10.449515167528768,
    10.527941881135892,
    10.606957210512123,
    10.686565573393567,
    10.766771420672745,
    10.847579236647434,
    10.928993539271415,
    11.011018880407049,
    11.093659846079762,
    11.176921056734479,
    11.260807167493935,
    11.345322868418926,
    11.430472884770564,
    11.51626197727445,
    11.602694942386822,
    11.689776612562772,
    11.777511856526393,
    11.865905579542986,
    11.954962723693338,
    12.044688268150026,
    12.135087229455769,
    12.226164661803951,
    12.31792565732118,
    12.410375346351962,
    12.503518897745586,
    12.597361519145087,
    12.691908457278386,
    12.787164998251674,
    12.883136467844945,
    12.979828231809725,
    13.077245696169122,
    13.175394307520053,
    13.274279553337738,
    13.373906962282552,
    13.474282104509106,
    13.575410591977654,
    13.6772980787679,
    13.779950261395092,
    13.883372879128498,
    13.987571714312324,
    14.092552592688989,
    14.198321383724815,
    14.304884000938236,
    14.41224640223039,
    14.52041459021822,
    14.629394612570106,
    14.739192562343975,
    14.849814578327946,
    14.961266845383578,
    15.073555594791666,
    15.18668710460058,
    15.300667699977339,
    15.415503753561216,
    15.53120168582001,
    15.647767965409061,
    15.765209109532886,
    15.883531684309535,
    16.002742305137744,
    16.12284763706679,
    16.243854395169084,
    16.365769344915687,
    16.488599302554523,
    16.612351135491455,
    16.73703176267429,
    16.8626481549796,
    16.98920733560242,
    17.116716380448977,
    17.24518241853228,
    17.37461263237067,
    17.505014258389437,
    17.636394587325405,
    17.768760964634506,
    17.90212079090253,
    18.036481522258857,
    18.171850670793315,
    18.30823580497621,
    18.44564455008147,
    18.584084588612946,
    18.72356366073398,
    18.86408956470014,
    19.0056701572952,
    19.148313354270435,
    19.2920271307872,
    19.436819521862777,
    19.582698622819656,
    19.72967258973813,
    19.877749639912267,
    20.0269380523094,
    20.177246168032962,
    20.328682390788824,
    20.48125518735518,
    20.634973088055922,
    20.78984468723752,
    20.94587864374959,
    21.103083681429,
    21.26146858958755,
    21.42104222350349,
    21.58181350491655,
    21.74379142252673,
    21.90698503249693,
    22.071403458959246,
    22.237055894525046,
    22.403951600799026,
    22.572099908896963,
    22.74151021996741,
    22.912192005717323,
    23.08415480894169,
    23.257408244056947,
    23.431961997638577,
    23.60782582896276,
    23.78500957055187,
    23.963523128724276,
    24.143376484148284,
    24.324579692400004,
    24.50714288452563,
    24.691076267607947,
    24.876390125336837,
    25.063094818584336,
    25.251200785983983,
    25.440718544514272,
    25.63165869008675,
    25.8240318981385,
    26.017848924228858,
    26.213120604640817,
    26.409857856986974,
    26.608071680819776,
    26.807773158246565,
    27.00897345454928,
    27.21168381880853,
    27.415915584532613,
    27.621680170291253,
    27.82898908035385,
    28.03785390533276,
    28.248286322831408,
    28.460298098097017,
    28.673901084678484,
    28.889107225089194,
    29.105928551474552,
    29.324377186284792,
    29.54446534295282,
    29.766205326576888,
    29.98960953460868,
    30.214690457546503,
    30.44146067963349,
    30.669932879561248,
    30.90011983117882,
    31.132034404206685,
    31.365689564956394,
    31.601098377055614,
    31.838274002178323,
    32.077229700780755,
    32.317978832842925,
    32.56053485861535,
    32.80491133937172,
    33.05112193816722,
    33.29918042060223,
    33.54910065559201,
    33.80089661614229,
    34.054582380130235,
    34.310172131091655,
    34.56768015901412,
    34.82712086113568,
    35.08850874274995,
    35.35185841801718,
    35.61718461078111,
    35.88450215539234,
    36.15382599753769,
    36.4251711950758,
    36.698552918878974,
    36.97398645368145,
    37.251487198933944,
    37.53107066966457,
    37.812752497346374,
    38.096548430771264,
    38.38247433693045,
    38.67054620190166,
    38.9607801317429,
    39.25319235339286,
    39.54779921557828,
    39.84461718972795,
    40.14366287089356,
    40.44495297867765,
    40.74850435816835,
    41.05433398088109,
    41.36245894570766,
    41.67289647987206,
    41.985663939893755,
    42.30077881255798,
    42.61825871589354,
    42.938121400157776,
    43.26038474882893,
    43.5850667796061,
    43.912185645416585,
    44.24175963543072,
    44.57380717608455,
    44.908346832110006,
    45.24539730757277,
    45.584977446918195,
    45.92710623602466,
    46.271802803265324,
    46.61908642057741,
    46.96897650453972,
    47.3214926174583,
