{
  "cm_at_c1": {
    "TP": 0,
    "TN": 53,
    "FP": 0,
    "FN": 65,
    "precision": 0.0,
    "recall": 0.0,
    "accuracy": 0.4491525423728814,
    "F1": 0.0
  },
  "pr_auc": 0.7408166970772605,
  "roc_auc": 0.6647314949201741,
  "prevalence": 0.5508474576271186,
  "normalized_auprc": 0.42295038217201397,
  "auprg": NaN,
  "ece_rank": 0.19441674975074774,
  "c_grid": [
    1.1354690999693704,
    1.1456636955904083,
    1.1559498214696269,
    1.1663282993942234,
    1.1767999585296571,
    1.1873656354858928,
    1.1980261743842404,
    1.2087824269247944,
    1.2196352524544787,
    1.2305855180357006,
    1.2416340985156256,
    1.2527818765960683,
    1.2640297429040166,
    1.2753785960627846,
    1.286829342763807,
    1.2983828978390763,
    1.310040184334233,
    1.3218021335823082,
    1.333669685278132,
    1.3456437875534066,
    1.3577253970524574,
    1.3699154790086607,
    1.3822150073215582,
    1.3946249646346662,
    1.4071463424139807,
    1.4197801410271882,
    1.4325273698235885,
    1.445389047214734,
    1.4583662007557936,
    1.4714598672276473,
    1.484671092719716,
    1.498000932713539,
    1.511450452167097,
    1.5250207255998958,
    1.5387128371788126,
    1.552527880804712,
    1.566466960199843,
    1.580531188996016,
    1.5947216908235753,
    1.609039599401169,
    1.6234860586263247,
    1.6380622226668382,
    1.6527692560529845,
    1.6676083337705534,
    1.6825806413547246,
    1.6976873749847818,
    1.712929741579679,
    1.7283089588944651,
    1.7438262556175739,
    1.7594828714689865,
    1.775280057299277,
    1.7912190751895456,
    1.8073011985522505,
    1.8235277122329436,
    1.8398999126129207,
    1.8564191077127943,
    1.873086617296992,
    1.889903772979199,
    1.9068719183287435,
    1.9239924089779374,
    1.9412666127303824,
    1.958695909670248,
    1.9762816922725293,
    1.9940253655142954,
    2.0119283469869385,
    2.029992067009428,
    2.048217968742583,
    2.066607508304371,
    2.085162154886239,
    2.103883390870495,
    2.1227727119487354,
    2.1418316272413445,
    2.161061659418058,
    2.180464344819616,
    2.2000412335805053,
    2.2197938897528022,
    2.2397238914311313,
    2.2598328308787425,
    2.280122314654722,
    2.3005939637423425,
    2.3212494136785726,
    2.3420903146847407,
    2.363118331798376,
    2.384335145006235,
    2.405742449378519,
    2.4273419552042963,
    2.449135388128147,
    2.471124489288023,
    2.4933110154543576,
    2.5156967391704166,
    2.538283448893911,
    2.5610729491398843,
    2.584067060624877,
    2.6072676204123915,
    2.6306764820596586,
    2.654295515765724,
    2.678126608520864,
    2.7021716642573423,
    2.7264326040015177,
    2.7509113660273257,
    2.775609906011128,
    2.800530197187958,
    2.8256742305091707,
    2.8510440148015,
    2.876641576927555,
    2.902468961947748,
    2.928528233283682,
    2.954821472883003,
    2.98135078138573,
    3.008118278292086,
    3.035126102131825,
    3.062376410635091,
    3.089871380904799,
    3.1176132095905746,
    3.1456041130642483,
    3.1738463275969284,
    3.2023421095376605,
    3.231093735493697,
    3.260103502512382,
    3.289373728264663,
    3.3189067512302626,
    3.348704930884502,
    3.378770647886809,
    3.4091063042709124,
    3.4397143236367493,
    3.4705971513440947,
    3.501757254707923,
    3.5331971231955346,
    3.5649192686254403,
    3.596926225368044,
    3.6292205505481148,
    3.661804824249087,
    3.6946816497191866,
    3.727853653579417,
    3.761323486033401,
    3.7950938210791167,
    3.82916735672253,
    3.8635468151931462,
    3.8982349431614938,
    3.933234511958569,
    3.968548317797239,
    4.004179181995643,
    4.040129951202595,
    4.076403497625008,
    4.113002719257365,
    4.149930540113244,
    4.187189910458938,
    4.224783807049141,
    4.262715233364781,
    4.300987219852977,
    4.339602824169146,
    4.3785651314212855,
    4.41787725441646,
    4.457542333909484,
    4.497563538853846,
    4.537944066654889,
    4.57868714342526,
    4.619796024242644,
    4.661273993409839,
    4.70312436471713,
    4.745350481707047,
    4.787955717941486,
    4.8309434772712345,
    4.874317194107914,
    4.918080333698363,
    4.962236392401489,
    5.006788897967599,
    5.051741409820241,
    5.097097519340578,
    5.142860850154313,
    5.18903505842119,
    5.2356238331270974,
    5.2826308963787865,
    5.330060003701245,
    5.377914944337735,
    5.426199541552523,
    5.4749176529363375,
    5.524073170714561,
    5.573670022058185,
    5.623712169397569,
    5.674203610739006,
    5.725148379984138,
    5.776550547252232,
    5.8284142192053565,
    5.880743539376472,
    5.93354268850047,
    5.986815884848181,
    6.040567384563392,
    6.094801482002869,
    6.149522510079455,
    6.204734840608239,
    6.260442884655824,
    6.316651092892748,
    6.373363955949053,
    6.43058600477306,
    6.488321810993357,
    6.5465759872840374,
    6.605353187733224,
    6.6646581082148915,
    6.7244954867640345,
    6.784870103955205,
    6.845786783284443,
    6.907250391554638,
    6.969265839264359,
    7.031838081000158,
    7.094972115832411,
    7.158672987714703,
    7.222945785886813,
    7.287795645281297,
    7.353227746933738,
    7.419247318396676,
    7.48585963415724,
    7.553070016058555,
    7.6208838337249105,
    7.689306504990756,
    7.758343496333549,
    7.828000323310491,
    7.898282550999167,
    7.969195794442171,
    8.040745719095696,
    8.112938041282167,
    8.185778528646937,
    8.259273000619077,
    8.333427328876304,
    8.408247437814092,
    8.48373930501898,
    8.55990896174615,
    8.636762493401264,
    8.714306040026658,
    8.79254579679189,
    8.871488014488671,
    8.951139000030272,
    9.031505116955401,
    9.112592785936599,
    9.194408485293204,
    9.27695875150893,
    9.360250179754079,
    9.444289424412444,
    9.529083199612955,
    9.614638279766083,
    9.700961500105068,
    9.78805975723201,
    9.875940009668843,
    9.964609278413294,
    10.054074647499784,
    10.144343264565412,
    10.235422341420989,
    10.327319154627212,
    10.42004104607601,
    10.513595423577103,
    10.607989761449842,
    10.703231601120343,
    10.799328551724,
    10.896288290713391,
    10.994118564471673,
    11.092827188931428,
    11.192422050199129,
    11.292911105185166,
    11.394302382239553,
    11.496603981793337,
    11.599824077005755,
    11.703970914417221,
    11.809052814608156,
    11.915078172863744,
    12.022055459844672,
    12.129993222263847,
    12.238900083569227,
    12.348784744632784,
    12.459655984445623,
    12.571522660819374,
    12.68439371109386,
    12.798278152851125,
    12.913185084635884,
    13.029123686682414,
    13.146103221648003,
    13.264133035352966,
    13.383222557527292,
    13.503381302564057,
    13.624618870279495,
    13.746944946679996,
    13.870369304735933,
    13.994901805162456,
    14.120552397207287,
    14.247331119445603,
    14.375248100582029,
    14.504313560259865,
    14.634537809877557,
    14.765931253412493,
    14.898504388252222,
    15.0322678060331,
    15.167232193486523,
    15.303408333292664,
    15.440807104941975,
    15.579439485604361,
    15.719316551006187,
    15.860449476315136,
    16.002849537033033,
    16.146528109896675,
    16.291496673786753,
    16.43776681064492,
    16.58535020639912,
    16.734258651897182,
    16.88450404384889,
    17.036098385776345,
    17.18905378897304,
    17.343382473471436,
    17.499096769019246,
    17.656209116064513,
    17.81473206674949,
    17.974678285913487,
    18.136060552104684,
    18.29889175860106,
    18.46318491444045,
    18.6289531454599,
    18.79620969534429,
    18.96496792668448,
    19.13524132204479,
    19.30704348504023,
    19.480388141423294,
    19.655289140180574,
    19.831760454639173,
    20.00981618358309,
    20.18947055237959,
    20.370737914115736,
    20.55363275074507,
