{
  "cm_at_c1": {
    "TP": 0,
    "TN": 145,
    "FP": 0,
    "FN": 35,
    "precision": 0.0,
    "recall": 0.0,
    "accuracy": 0.8055555555555556,
    "F1": 0.0
  },
  "pr_auc": 0.19729711101822464,
  "roc_auc": 0.4934975369458128,
  "prevalence": 0.19444444444444445,
  "normalized_auprc": 0.003541241264002999,
  "auprg": NaN,
  "ece_rank": 0.35018416206261516,
  "c_grid": [
    3.7246842694729594,
    3.753328322684403,
    3.7821926581332166,
    3.8112789698626215,
    3.8405889649435867,
    3.870124363575023,
    3.8998868991847417,
    3.929878318531184,
    3.960100381805941,
    3.9905548627370613,
    4.021243548693147,
    4.052168240788253,
    4.083330753987603,
    4.114732917214098,
    4.146376573455659,
    4.178263579873402,
    4.210395807910617,
    4.242775143402613,
    4.275403486687402,
    4.308282752717216,
    4.341414871170906,
    4.374801786567192,
    4.408445458378785,
    4.442347861147387,
    4.476510984599581,
    4.510936833763603,
    4.545627429087021,
    4.58058480655531,
    4.615811017811349,
    4.651308130275828,
    4.687078227268583,
    4.723123408130873,
    4.759445788348582,
    4.796047499676379,
    4.832930690262835,
    4.8700975247764875,
    4.907550184532895,
    4.945290867622655,
    4.983321789040403,
    5.0216451808148195,
    5.060263292139623,
    5.099178389505573,
    5.138392756833494,
    5.1779086956083145,
    5.217728525014147,
    5.257854582070394,
    5.298289221768905,
    5.339034817212204,
    5.380093759752754,
    5.421468459133305,
    5.4631613436283315,
    5.505174860186537,
    5.547511474574472,
    5.590173671521246,
    5.633163954864356,
    5.676484847696636,
    5.720138892514342,
    5.764128651366362,
    5.808456706004589,
    5.8531256580354425,
    5.898138129072554,
    5.9434967608906275,
    5.989204215580494,
    6.035263175705339,
    6.081676344458144,
    6.128446445820343,
    6.175576224721683,
    6.22306844720133,
    6.270925900570207,
    6.319151393574576,
    6.367747756560888,
    6.416717841641896,
    6.4660645228640385,
    6.515790696376122,
    6.565899280599299,
    6.6163932163983405,
    6.66727546725424,
    6.718549019438143,
    6.770216882186604,
    6.8222820878782,
    6.874747692211508,
    6.92761677438443,
    6.98089243727492,
    7.0345778076230925,
    7.088676036214723,
    7.14319029806617,
    7.1981237926107235,
    7.253479743886367,
    7.309261400725003,
    7.365472036943128,
    7.422114951533968,
    7.4791934688610935,
    7.536710938853537,
    7.594670737202389,
    7.653076265558917,
    7.7119309517342165,
    7.771238249900381,
    7.831001640793227,
    7.891224631916586,
    7.951910757748148,
    8.013063579946904,
    8.074686687562188,
    8.136783697244297,
    8.199358253456774,
    8.262414028690294,
    8.325954723678185,
    8.389984067613652,
    8.454505818368624,
    8.519523762714298,
    8.585041716543408,
    8.65106352509416,
    8.717593063175903,
    8.784634235396561,
    8.852190976391789,
    8.920267251055868,
    8.98886705477445,
    9.057994413659019,
    9.127653384783171,
    9.197848056420758,
    9.268582548285803,
    9.339861011774286,
    9.411687630207801,
    9.484066619079066,
    9.557002226299328,
    9.630498732447684,
    9.704560451022292,
    9.779191728693535,
    9.854396945559136,
    9.930180515401213,
    10.006546885945323,
    10.083500539121507,
    10.16104599132734,
    10.239187793692961,
    10.317930532348235,
    10.397278828691853,
    10.47723733966261,
    10.55781075801269,
    10.639003812583105,
    10.720821268581194,
    10.803267927860338,
    10.886348629201741,
    10.970068248598448,
    11.054431699541492,
    11.13944393330829,
    11.225109939253196,
    11.311434745100373,
    11.39842341723882,
    11.486081061019764,
    11.57441282105626,
    11.663423881525146,
    11.753119466471274,
    11.843504840114154,
    11.934585307156858,
    12.026366213097399,
    12.118852944542425,
    12.212050929523382,
    12.305965637815051,
    12.400602581256612,
    12.495967314075088,
    12.592065433211362,
    12.688902578648635,
    12.786484433743452,
    12.884816725559224,
    12.983905225202404,
    13.083755748161135,
    13.1843741546466,
    13.285766349936942,
    13.387938284723852,
    13.490895955461788,
    13.59464540471993,
    13.699192721536825,
    13.804544041777731,
    13.91070554849474,
    14.017683472289663,
    14.125484091679684,
    14.234113733465863,
    14.343578773104463,
    14.453885635081106,
    14.565040793287832,
    14.67705077140306,
    14.789922143274437,
    14.903661533304668,
    15.018275616840322,
    15.133771120563583,
    15.250154822887046,
    15.36743355435154,
    15.485614198027005,
    15.604703689916454,
    15.724709019363079,
    15.845637229460422,
    15.96749541746574,
    16.090290735216552,
    16.214030389550363,
    16.338721642727627,
    16.464371812858012,
    16.59098827432985,
    16.718578458242963,
    16.84714985284479,
    16.976710003969856,
    17.107266515482642,
    17.238827049723888,
    17.371399327960244,
    17.504991130837475,
    17.639610298837045,
    17.77526473273636,
    17.911962394072372,
    18.049711305608913,
    18.18851955180751,
    18.328395279301883,
    18.46934669737603,
    18.611382078446095,
    18.75450975854579,
    18.898738137815727,
    19.044075680996354,
    19.19053091792478,
    19.338112444035353,
    19.486828920864202,
    19.63668907655748,
    19.7877017063837,
    19.939875673249897,
    20.093219908221787,
    20.24774341104791,
    20.403455250687895,
    20.56036456584461,
    20.718480565500617,
    20.877812529458577,
    21.038369808885914,
    21.200161826863592,
    21.36319807893922,
    21.52748813368427,
    21.69304163325571,
    21.859868293961895,
    22.027977906832792,
    22.197380338194602,
    22.36808553024888,
    22.540103501655945,
    22.713444348122973,
    22.88811824299644,
    23.064135437859242,
    23.241506263132305,
    23.420241128680907,
    23.60035052442566,
    23.781845020958116,
    23.96473527016117,
    24.149032005834236,
    24.334746044323165,
    24.521888285155075,
    24.71046971167809,
    24.900501391705887,
    25.091994478167294,
    25.28496020976086,
    25.47940991161442,
    25.675354995949775,
    25.872806962752517,
    26.071777400446916,
    26.27227798657605,
    26.474320488487184,
    26.677916764022335,
    26.88307876221426,
    27.08981852398774,
    27.298148182866246,
    27.508079965684047,
    27.719626193303824,
    27.932799281339744,
    28.147611740886134,
    28.364076179251825,
    28.582205300699982,
    28.802011907193766,
    29.023508899147682,
    29.24670927618465,
    29.47162613789899,
    29.698272684625266,
    29.92666221821296,
    30.156808142807172,
    30.388723965635325,
    30.62242329779986,
    30.85791985507708,
    31.09522745872219,
    31.334360036280394,
    31.57533162240433,
    31.818156359677722,
    32.06284849944549,
    32.30942240265004,
    32.55789254067424,
    32.80827349619063,
    33.060579964017364,
    33.31482675198054,
    33.57102878178341,
    33.829201089881984,
    34.089358828367644,
    34.35151726585633,
    34.61569178838473,
    34.88189790031316,
    35.15015122523569,
    35.4204675068969,
    35.69286261011602,
    35.96735252171799,
    36.243953351471724,
    36.522681333035514,
    36.80355282490995,
    37.08658431139781,
    37.37179240357166,
    37.6591938402487,
    37.948805488973164,
    38.2406443470063,
    38.53472754232382,
    38.83107233462133,
    39.129696116327175,
    39.43061641362321,
    39.73385088747343,
    40.03941733466051,
    40.34733368883017,
    40.65761802154389,
    40.97028854333939,
    41.28536360479947,
    41.60286169762896,
    41.92280145574004,
    42.24520165634574,
    42.57008122106217,
    42.897459217018884,
    43.227354857977964,
    43.55978750546168,
    43.89477666988885,
    44.232342011719716,
    44.57250334261011,
