{
  "c": 0.05,
  "f1": 0.574468085106383,
  "prec": 0.45,
  "rec": 0.7941176470588235,
  "tp": 27,
  "fp": 33,
  "fn": 7,
  "tn": 13
}