{
  "cm_at_c1": {
    "TP": 0,
    "TN": 128,
    "FP": 0,
    "FN": 52,
    "precision": 0.0,
    "recall": 0.0,
    "accuracy": 0.7111111111111111,
    "F1": 0.0
  },
  "pr_auc": 0.3381515138639087,
  "roc_auc": 0.6013371394230769,
  "prevalence": 0.28888888888888886,
  "normalized_auprc": 0.06927556637112162,
  "c_grid": [
    9.457653946262548,
    9.51786869709446,
    9.578466821671949,
    9.639450760849234,
    9.700822971020914,
    9.762585924220884,
    9.824742108221926,
    9.887294026635916,
    9.95024419901466,
    10.013595160951382,
    10.07734946418285,
    10.141509676692175,
    10.206078382812233,
    10.27105818332977,
    10.33645169559014,
    10.402261553602761,
    10.468490408147195,
    10.535140926879901,
    10.602215794441728,
    10.669717712566014,
    10.737649400187433,
    10.806013593551503,
    10.874813046324787,
    10.944050529705835,
    11.013728832536797,
    11.083850761415736,
    11.154419140809706,
    11.225436813168502,
    11.296906639039157,
    11.368831497181167,
    11.441214284682424,
    11.514057917075942,
    11.587365328457278,
    11.661139471602693,
    11.73538331808813,
    11.810099858408883,
    11.885292102100047,
    11.96096307785776,
    12.037115833661172,
    12.113753436895236,
    12.190878974474263,
    12.26849555296623,
    12.346606298717951,
    12.425214357980977,
    12.504322897038337,
    12.583935102332074,
    12.664054180591572,
    12.744683358962757,
    12.825825885138064,
    12.907485027487235,
    12.989664075189008,
    13.072366338363569,
    13.155595148205895,
    13.23935385711994,
    13.323645838853636,
    13.408474488634827,
    13.493843223308007,
    13.57975548147193,
    13.666214723618154,
    13.753224432270398,
    13.840788112124828,
    13.928909290191221,
    14.017591515935017,
    14.106838361420317,
    14.196653421453753,
    14.287040313729257,
    14.378002678973827,
    14.469544181094138,
    14.561668507324134,
    14.654379368373558,
    14.747680498577376,
    14.841575656046253,
    14.936068622817892,
    15.031163205009358,
    15.126863232970425,
    15.223172561437837,
    15.320095069690572,
    15.41763466170612,
    15.515795266317683,
    15.614580837372486,
    15.713995353891008,
    15.814042820227233,
    15.91472726622998,
    16.016052747405208,
    16.118023345079365,
    16.220643166563793,
    16.323916345320132,
    16.42784704112687,
    16.532439440246865,
    16.63769775559594,
    16.743626226912628,
    16.850229120928923,
    16.957510731542122,
    17.065475379987824,
    17.174127415013928,
    17.28347121305585,
    17.3935111784128,
    17.50425174342513,
    17.615697368652928,
    17.72785254305566,
    17.840721784172988,
    17.954309638306732,
    18.06862068070397,
    18.18365951574137,
    18.299430777110626,
    18.415939128005085,
    18.533189261307612,
    18.6511858997796,
    18.769933796251184,
    18.889437733812724,
    19.009702526007402,
    19.130733017025168,
    19.25253408189785,
    19.37511062669546,
    19.49846758872389,
    19.622609936723745,
    19.74754267107046,
    19.873270823975762,
    19.999799459690298,
    20.127133674707682,
    20.25527859796977,
    20.384239391073187,
    20.51402124847732,
    20.644629397713498,
    20.77606909959556,
    20.908345648431776,
    21.041464372238043,
    21.175430632952576,
    21.310249826651837,
    21.44592738376786,
    21.582468769307045,
    21.71987948307025,
    21.85816505987432,
    21.997331069775047,
    22.137383118291474,
    22.27832684663176,
    22.420167931920364,
    22.562912087426675,
    22.70656506279522,
    22.851132644277214,
    22.99662065496361,
    23.143034955019697,
    23.290381441921074,
    23.438666050691268,
    23.587894754140773,
    23.73807356310758,
    23.889208526699363,
    24.041305732537097,
    24.194371307000264,
    24.348411415473635,
    24.503432262595556,
    24.659440092507946,
    24.816441189107778,
    24.974441876300123,
    25.133448518252987,
    25.293467519653575,
    25.454505325966295,
    25.61656842369239,
    25.77966334063115,
    25.943796646142935,
    26.10897495141374,
    26.27520490972145,
    26.442493216703912,
    26.610846610628577,
    26.780271872663928,
    26.95077582715263,
    27.122365341886354,
    27.2950473283825,
    27.46882874216254,
    27.643716583032145,
    27.819717895363205,
    27.99683976837753,
    28.175089336432404,
    28.354473779307977,
    28.535000322496384,
    28.716676237492894,
    28.899508842088746,
    29.08350550066586,
    29.268673624493562,
    29.455020672027043,
    29.642554149207797,
    29.83128160976597,
    30.021210655524563,
    30.212348936705723,
    30.40470415223879,
    30.598284050070482,
    30.793096427476947,
    30.98914913137782,
    31.18645005865231,
    31.385007156457277,
    31.58482842254735,
    31.78592190559703,
    31.988295705524912,
    32.19195797381999,
    32.39691691386991,
    32.60318078129146,
    32.81075788426307,
    33.01965658385947,
    33.229885294388495,
    33.44145248372993,
    33.65436667367666,
    33.86863644027793,
    34.08427041418473,
    34.30127728099747,
    34.51966578161582,
    34.739444712590796,
    34.960622926479076,
    35.18320933219954,
    35.407212895392135,
    35.632642638779075,
    35.85950764252818,
    36.08781704461866,
    36.31758004120916,
    36.54880588700822,
    36.78150389564703,
    37.015683440054524,
    37.251353952834975,
    37.48852492664796,
    37.72720591459065,
    37.96740653058263,
    38.20913644975316,
    38.452405408830856,
    38.69722320653592,
    38.94359970397473,
    39.19154482503715,
    39.44106855679621,
    39.692180949910394,
    39.94489211902845,
    40.19921224319681,
    40.455151566269606,
    40.7127203973213,
    40.97192911106187,
    41.232788148254734,
    41.49530801613732,
    41.75949928884428,
    42.025372607833376,
    42.29293868231413,
    42.5622082896792,
    42.833192275938494,
    43.10590155615596,
    43.380347114889325,
    43.65654000663253,
    43.934491356261006,
    44.214212359479724,
    44.49571428327419,
    44.77900846636428,
    45.064106319660965,
    45.35101932672586,
    45.63975904423383,
    45.93033710243853,
    46.2227652056408,
    46.51705513266012,
    46.81321873730906,
    47.11126794887074,
    47.41121477257937,
    47.71307129010373,
    48.01684966003385,
    48.32256211837082,
    48.63022097901956,
    48.93983863428486,
    49.25142755537051,
    49.56500029288164,
    49.880569477330305,
    50.198147819644085,
    50.51774811167822,
    50.83938322673083,
    51.16306612006141,
    51.488809829412666,
    51.81662747553567,
    52.14653226271836,
    52.47853747931744,
    52.812656498293514,
    53.148902777749825,
    53.48728986147436,
    53.82783137948535,
    54.17054104858026,
    54.51543267288832,
    54.86252014442655,
    55.211817443659314,
    55.5633386400614,
    55.91709789268478,
    56.27310945072895,
    56.63138765411485,
    56.99194693406244,
    57.354801813672005,
    57.71996690850916,
    58.08745692719352,
    58.457286671991156,
    58.829471039410784,
    59.20402502080393,
    59.580963702968624,
    59.96030226875715,
    60.34205599768757,
    60.726240266559216,
    61.11287055007207,
    61.50196242144995,
    61.89353155306791,
    62.28759371708352,
    62.6841647860721,
    63.0832607336661,
    63.48489763519846,
    63.88909166835015,
    64.29585911380181,
    64.70521635588948,
    65.11717988326451,
    65.53176628955791,
    65.94899227404849,
    66.3688746423357,
    66.79143030701634,
    67.216676288366,
    67.64462971502452,
    68.07530782468585,
    68.50872796479248,
    68.94490759323419,
    69.38386427905122,
    69.82561570314189,
    70.27017965897483,
    70.71757405330565,
    71.16781690689834,
    71.62092635525089,
    72.07692064932593,
    72.53581815628596,
    72.997637360233,
    73.46239686295318,
    73.93011538466604,
    74.4008117647785,
    74.87450496264378,
