{
  "c": 0.05,
  "f1": 0.5918367346938777,
  "prec": 0.48333333333333334,
  "rec": 0.7631578947368421,
  "tp": 29,
  "fp": 31,
  "fn": 9,
  "tn": 11
}