{
  "cm_at_c1": {
    "TP": 0,
    "TN": 115,
    "FP": 0,
    "FN": 65,
    "precision": 0.0,
    "recall": 0.0,
    "accuracy": 0.6388888888888888,
    "F1": 0.0
  },
  "pr_auc": 0.40426611819439556,
  "roc_auc": 0.5679598662207359,
  "prevalence": 0.3611111111111111,
  "normalized_auprc": 0.06754696760861915,
  "c_grid": [
    6.91473169735949,
    6.96506683662373,
    7.015768385801707,
    7.066839012139938,
    7.1182814023009096,
    7.17009826250442,
    7.2222923186699335,
    7.274866316559991,
    7.327823021924655,
    7.381165220647004,
    7.434895718889688,
    7.489017343242563,
    7.543532940871371,
    7.598445379667533,
    7.653757548399016,
    7.7094723568623,
    7.765592736035457,
    7.8221216382323355,
    7.8790620372578815,
    7.936416928564568,
    7.994189329409985,
    8.052382279015564,
    8.110998838726465,
    8.170042092172622,
    8.229515145430963,
    8.289421127188811,
    8.349763188908474,
    8.410544504993032,
    8.471768272953337,
    8.533437713576216,
    8.595556071093919,
    8.65812661335477,
    8.721152631995096,
    8.784637442612373,
    8.848584384939665,
    8.912996823021302,
    8.977878145389862,
    9.043231765244432,
    9.10906112063015,
    9.175369674619088,
    9.242160915492423,
    9.309438356923947,
    9.377205538164915,
    9.445466024230216,
    9.514223406085947,
    9.58348130083829,
    9.65324335192382,
    9.723513229301162,
    9.794294629644059,
    9.86559127653585,
    9.937406920665344,
    10.00974534002413,
    10.082610340105347,
    10.156005754103846,
    10.229935443117876,
    10.304403296352172,
    10.379413231322584,
    10.454969194062135,
    10.531075159328639,
    10.607735130813781,
    10.684953141353734,
    10.76273325314134,
    10.841079557939771,
    10.91999617729783,
    10.999487262766715,
    11.07955699611848,
    11.160209589565985,
    11.241449285984487,
    11.323280359134875,
    11.405707113888454,
    11.488733886453462,
    11.57236504460313,
    11.656604987905505,
    11.74145814795487,
    11.82692898860487,
    11.913022006203375,
    11.99974172982897,
    12.087092721529274,
    12.175079576560865,
    12.263706923631089,
    12.352979425141527,
    12.442901777433258,
    12.533478711033949,
    12.624714990906703,
    12.716615416700707,
    12.809184823003745,
    12.902428079596545,
    12.996350091708937,
    13.090955800277898,
    13.186250182207509,
    13.282238250630755,
    13.378925055173239,
    13.476315682218841,
    13.574415255177303,
    13.67322893475375,
    13.772761919220153,
    13.873019444688836,
    13.97400678538791,
    14.075729253938713,
    14.17819220163534,
    14.281401018726097,
    14.385361134697126,
    14.490078018557975,
    14.595557179129353,
    14.701804165332911,
    14.808824566483134,
    14.916624012581424,
    15.025208174612217,
    15.134582764841383,
    15.244753537116656,
    15.355726287170395,
    15.467506852924442,
    15.58010111479722,
    15.693514996013137,
    15.807754462914126,
    15.922825525273574,
    16.038734236612417,
    16.155486694517656,
    16.273089040963093,
    16.391547462632442,
    16.510868191244807,
    16.631057503882516,
    16.752121723321313,
    16.87406721836298,
    16.99690040417043,
    17.12062774260513,
    17.245255742567046,
    17.370790960337096,
    17.497239999922026,
    17.62460951340181,
    17.752906201279615,
    17.8821368128343,
    18.01230814647548,
    18.143427050101113,
    18.275500421457824,
    18.408535208503725,
    18.54253840977393,
    18.677517074748717,
    18.813478304224425,
    18.950429250686962,
    19.08837711868807,
    19.227329165224354,
    19.36729270011907,
    19.508275086406595,
    19.650283740719875,
    19.793326133680488,
    19.93740979029175,
    20.08254229033448,
    20.228731268765838,
    20.375984416120932,
    20.524309478917374,
    20.673714260062848,
    20.824206619265546,
    20.975794473447703,
    21.128485797161996,
    21.282288623011148,
    21.43721104207046,
    21.593261204313414,
    21.75044731904051,
    21.908777655311034,
    22.068260542378145,
    22.228904370126987,
    22.390717589516107,
    22.553708713022022,
    22.717886315086975,
    22.883259032570095,
    23.049835565201718,
    23.21762467604102,
    23.386635191937042,
    23.55687600399307,
    23.728356068034348,
    23.901084405079153,
    24.07507010181347,
    24.250322311068945,
    24.426850252304398,
    24.60466321209081,
    24.783770544599918,
    24.964181672096274,
    25.14590608543288,
    25.328953344550545,
    25.513333078980768,
    25.6990549883523,
    25.886128842901417,
    26.074564483985945,
    26.26437182460294,
    26.45556084991016,
    26.64814161775141,
    26.84212425918563,
    27.037518979019822,
    27.234336056345906,
    27.432585845081565,
    27.63227877451478,
    27.833425349852554,
    28.036036152773598,
    28.24012184198494,
    28.445693153782656,
    28.652760902616652,
    28.861335981659696,
    29.071429363380297,
    29.283052100120027,
    29.496215324674974,
    29.71093025088137,
    29.927208174205454,
    30.145060472337814,
    30.36449860579186,
    30.585534118506693,
    30.808178638454446,
    31.032443878252003,
    31.258341635777146,
    31.485883794789157,
    31.715082325554057,
    31.945949285474317,
    32.17849681972308,
    32.41273716188315,
    32.64868263459057,
    32.886345650182875,
    33.12573871135196,
    33.366874411801966,
    33.60976543691171,
    33.854424564401995,
    34.100864665007855,
    34.34909870315564,
    34.599139737645054,
    34.85100092233602,
    35.104695506840834,
    35.36023683722106,
    35.61763835668967,
    35.8769136063182,
    36.13807622574921,
    36.401139953913734,
    36.66611862975403,
    36.93302619295167,
    37.20187668466084,
    37.47268424824694,
    37.74546313003066,
    38.02022768003755,
    38.29699235275271,
    38.575771707881316,
    38.8565804111146,
    39.13943323490132,
    39.42434505922479,
    39.71133087238587,
    40.00040577179133,
    40.291584964748026,
    40.584883769263016,
    40.88031761484936,
    41.17790204333783,
    41.47765270969442,
    41.77958538284403,
    42.0837159465,
    42.39006039999958,
    42.69863485914572,
    43.009455557054885,
    43.32253884501098,
    43.637901193325476,
    43.955559192203985,
    44.27552955261899,
    44.59782910718886,
    44.92247481106342,
    45.24948374281597,
    45.57887310534169,
    45.91066022676253,
    46.24486256133896,
    46.58149769038808,
    46.920583323208504,
    47.262137298012014,
    47.606177582862024,
    47.95272227661877,
    48.30178960989138,
    48.653397945997064,
    49.00756578192705,
    49.36431174931964,
    49.723654615440395,
    50.085613284169476,
    50.450206796996056,
    50.817454334019956,
    51.18737521496081,
    51.55998890017435,
    51.93531499167607,
    52.31337323417247,
    52.69418351609993,
    53.07776587067071,
    53.46414047692695,
    53.85332766080228,
    54.245347896191085,
    54.64022180602542,
    55.03797016336014,
    55.43861389246561,
    55.84217406992836,
    56.248671925759986,
    56.658128844513996,
    57.07056636641075,
    57.48600618847054,
    57.904470165655134,
    58.32598031201748,
    58.75055880185966,
    59.17822797089953,
    59.60901031744574,
    60.04292850358129,
    60.480005356355555,
    60.92026386898541,
    61.36372720206464,
    61.81041868478237,
    62.26036181615034,
    62.71358026623923,
    63.17009787742372,
    63.62993866563678,
    64.09312682163316,
    64.55968671226196,
    65.0296428817484,
    65.50302005298504,
    65.97984312883254,
    66.46013719342955,
    66.94392751351225,
    67.43123953974377,
    67.92209890805296,
    68.4165314409829,
    68.91456314904941,
    69.41622023210968,
    69.92152908074003,
    70.43051627762453,
    70.94320859895352,
    71.45963301583205,
    71.97981669569873,
    72.50378700375508,
    73.03157150440494,
    73.56319796270473,
