{
  "c": 0.05,
  "f1": 0.7272727272727274,
  "prec": 0.6,
  "rec": 0.9230769230769231,
  "tp": 36,
  "fp": 24,
  "fn": 3,
  "tn": 17
}