{
  "cm_at_c1": {
    "TP": 0,
    "TN": 131,
    "FP": 0,
    "FN": 49,
    "precision": 0.0,
    "recall": 0.0,
    "accuracy": 0.7277777777777777,
    "F1": 0.0
  },
  "pr_auc": 0.28201957121860655,
  "roc_auc": 0.539570026483876,
  "prevalence": 0.2722222222222222,
  "normalized_auprc": 0.013462006254573911,
  "c_grid": [
    6.153512292356595,
    6.194145896784514,
    6.235047817863211,
    6.276219827373115,
    6.317663708794285,
    6.359381257383671,
    6.401374280252873,
    6.443644596446431,
    6.486194037020609,
    6.529024445122725,
    6.5721376760709855,
    6.615535597434856,
    6.659220089115953,
    6.703193043429491,
    6.74745636518624,
    6.792011971775046,
    6.836861793245885,
    6.882007772393464,
    6.927451864841389,
    6.973196039126871,
    7.019242276786,
    7.065592572439576,
    7.112248933879524,
    7.159213382155855,
    7.2064879516642195,
    7.254074690234031,
    7.301975659217172,
    7.350192933577291,
    7.398728601979685,
    7.447584766881768,
    7.496763544624158,
    7.546267065522341,
    7.596097473958957,
    7.64625692847669,
    7.696747601871765,
    7.747571681288078,
    7.798731368311932,
    7.850228879067409,
    7.9020664443123625,
    7.95424630953505,
    8.00677073505141,
    8.059641996102963,
    8.112862382955374,
    8.166434200997669,
    8.220359770842087,
    8.274641428424616,
    8.329281525106168,
    8.384282427774442,
    8.439646518946457,
    8.495376196871744,
    8.551473875636248,
    8.60794198526689,
    8.664782971836832,
    8.721999297571438,
    8.779593440954939,
    8.837567896837774,
    8.895925176544687,
    8.954667807983496,
    9.013798335754599,
    9.07331932126121,
    9.13323334282029,
    9.193542995774264,
    9.254250892603423,
    9.315359663039105,
    9.376871954177599,
    9.438790430594809,
    9.501117774461694,
    9.563856685660442,
    9.627009881901413,
    9.690580098840892,
    9.754570090199561,
    9.818982627881805,
    9.883820502095782,
    9.94908652147427,
    10.01478351319636,
    10.080914323109901,
    10.14748181585478,
    10.21448887498703,
    10.2819384031037,
    10.349833321968639,
    10.418176572639018,
    10.486971115592745,
    10.556219930856722,
    10.62592601813591,
    10.696092396943271,
    10.766722106730596,
    10.83781820702012,
    10.909383777537103,
    10.981421918343196,
    11.05393574997075,
    11.126928413557993,
    11.20040307098508,
    11.274362905011085,
    11.348811119411838,
    11.423750939118728,
    11.499185610358406,
    11.575118400793377,
    11.651552599663567,
    11.728491517928818,
    11.805938488412277,
    11.883896865944784,
    11.962370027510222,
    12.041361372391744,
    12.120874322319082,
    12.200912321616714,
    12.28147883735312,
    12.362577359490917,
    12.444211401038057,
    12.526384498200027,
    12.609100210532986,
    12.692362121097977,
    12.776173836616156,
    12.860538987624995,
    12.945461228635557,
    13.030944238290829,
    13.116991719525027,
    13.203607399724046,
    13.290795030886871,
    13.378558389788168,
    13.46690127814182,
    13.555827522765647,
    13.645340975747185,
    13.735445514610511,
    13.826145042484235,
    13.917443488270584,
    14.009344806815566,
    14.101852979080293,
    14.194972012313457,
    14.288705940224864,
    14.383058823160216,
    14.478034748276949,
    14.57363782972133,
    14.669872208806625,
    14.766742054192514,
    14.864251562065684,
    14.962404956321564,
    15.061206488747306,
    15.160660439205998,
    15.260771115822003,
    15.3615428551676,
    15.46298002245087,
    15.565087011704714,
    15.667868245977273,
    15.771328177523449,
    15.875471287997838,
    15.980302088648806,
    16.085825120513928,
    16.19204495461673,
    16.298966192164634,
    16.4065934647483,
    16.514931434542294,
    16.623984794506967,
    16.7337582685918,
    16.844256611940036,
    16.955484611094608,
    17.067447084205565,
    17.18014888123869,
    17.293594884185683,
    17.407790007275555,
    17.522739197187548,
    17.63844743326543,
    17.754919727733128,
    17.872161125911898,
    17.990176706438877,
    18.10897158148704,
    18.228550896986665,
    18.348919832848285,
    18.470083603186996,
    18.59204745654839,
    18.71481667613585,
    18.838396580039465,
    18.96279252146635,
    19.08800988897255,
    19.21405410669649,
    19.34093063459389,
    19.46864496867429,
    19.597202641239168,
    19.726609221121524,
    19.85687031392714,
    19.987991562277415,
    20.119978646053788,
    20.25283728264373,
    20.38657322718846,
    20.521192272832256,
    20.65670025097334,
    20.793103031516527,
    20.930406523127505,
    21.06861667348874,
    21.20773946955715,
    21.347780937823455,
    21.488747144573196,
    21.63064419614953,
    21.773478239217763,
    21.917255461031598,
    22.061982089701118,
    22.207664394462615,
    22.354308685950173,
    22.501921316468973,
    22.650508680270494,
    22.800077213829532,
    22.950633396122942,
    23.10218374891034,
    23.254734837016613,
    23.408293268616276,
    23.562865695519704,
    23.71845881346133,
    23.87507936238966,
    24.0327341267592,
    24.191429935824374,
    24.351173663935395,
    24.51197223083596,
    24.67383260196304,
    24.836761788748646,
    25.000766848923476,
    25.16585488682267,
    25.33203305369361,
    25.49930854800559,
    25.6676886157617,
    25.83718055081273,
    26.007791695173086,
    26.17952943933882,
    26.35240122260777,
    26.52641453340189,
    26.701576909591523,
    26.877895938821972,
    27.055379258842226,
    27.23403455783573,
    27.413869574753445,
    27.594892099649147,
    27.777109974016778,
    27.960531091130154,
    28.14516339638494,
    28.331014887642777,
    28.5180936155777,
    28.706407684024928,
    28.895965250331923,
    29.086774525711668,
    29.27884377559841,
    29.472181320005742,
    29.666795533886905,
    29.862694847497636,
    30.059887746761387,
    30.258382773636814,
    30.458188526487856,
    30.659313660456228,
    30.861766887836296,
    31.06555697845246,
    31.27069276003907,
    31.477183118622854,
    31.685036998907787,
    31.894263404662553,
    32.10487139911065,
    32.31687010532289,
    32.530268706612624,
    32.745076446933595,
    32.96130263128029,
    33.17895662609101,
    33.39804785965371,
    33.6185858225143,
    33.84058006788778,
    34.064040212072065,
    34.288975934864624,
    34.51539697998164,
    34.743313155480166,
    34.97273433418305,
    35.20367045410648,
    35.43613151889052,
    35.67012759823254,
    35.90566882832326,
    36.142765412285904,
    36.38142762061821,
    36.6216657916373,
    36.863490331927444,
    37.106911716790925,
    37.351940490701836,
    37.59858726776274,
    37.846862732164496,
    38.09677763864917,
    38.34834281297573,
    38.6015691523891,
    38.85646762609223,
    39.113049275721195,
    39.37132521582347,
    39.63130663433949,
    39.893004793087236,
    40.156431028250026,
    40.4215967508676,
    40.6885134473305,
    40.95719267987751,
    41.22764608709655,
    41.49988538442894,
    41.773922364676714,
    42.04976889851353,
    42.327436934998964,
    42.60693850209599,
    42.88828570719205,
    43.171490737623564,
    43.45656586120383,
    43.74352342675437,
    44.03237586463995,
    44.32313568730703,
    44.61581548982569,
    44.91042795043528,
    45.20698583109367,
    45.50550197802993,
    45.80598932230092,
    46.1084608803514,
    46.41292975457785,
    46.71940913389603,
    47.027912294312365,
    47.33845259949898,
    47.651043501372556,
    47.96569854067707,
    48.2824313475704,
    48.60125564221467,
    48.92218523537057,
    49.245234028995746,
    49.57041601684683,
    49.897745285085676,
    50.227236012889655,
    50.55890247306568,
    50.89275903266855,
    51.228820153623396,
    51.56710039335202,
    51.90761440540348,
    52.2503769400889,
    52.59540284512048,
    52.942707066254535,
