{
  "c": 0.05,
  "f1": 0.5714285714285714,
  "prec": 0.45,
  "rec": 0.782608695652174,
  "tp": 18,
  "fp": 22,
  "fn": 5,
  "tn": 15
}