{
  "cm_at_c1": {
    "TP": 0,
    "TN": 60,
    "FP": 0,
    "FN": 20,
    "precision": 0.0,
    "recall": 0.0,
    "accuracy": 0.75,
    "F1": 0.0
  },
  "pr_auc": 0.23684431200402395,
  "roc_auc": 0.5095833333333333,
  "prevalence": 0.25,
  "normalized_auprc": -0.01754091732796807,
  "auprg": NaN,
  "ece_rank": 0.31666666666666665,
  "c_grid": [
    2.0821853714663376,
    2.1079498530417333,
    2.1340331383701217,
    2.1604391722556158,
    2.1871719483144276,
    2.214235509578853,
    2.241633949108738,
    2.2693714106105065,
    2.2974520890638517,
    2.3258802313561753,
    2.354660136924887,
    2.383796158407641,
    2.4132927023006285,
    2.4431542296250064,
    2.473385256601579,
    2.503990355333826,
    2.5349741544993796,
    2.566341340050063,
    2.5980966559205867,
    2.630244904746013,
    2.662790948588106,
    2.695739709670658,
    2.7290961711239246,
    2.762865377738266,
    2.797052436727114,
    2.8316625184993827,
    2.866700857441433,
    2.902172752708715,
    2.938083569027208,
    2.9744387375047703,
    3.0112437564525387,
    3.048504192216484,
    3.086225680019256,
    3.124413924812453,
    3.1630747021394257,
    3.202213859008768,
    3.2418373147786106,
    3.2819510620518533,
    3.3225611675824855,
    3.3636737731931086,
    3.405295096703822,
    3.4474314328725977,
    3.4900891543472876,
    3.533274712629424,
    3.576994639049925,
    3.621255545756896,
    3.6660641267156353,
    3.711427158721027,
    3.757351502422449,
    3.803844103361372,
    3.8509119930217985,
    3.8985622898936896,
    3.9468022005495618,
    3.9956390207343953,
    4.045080136469036,
    4.09513302516725,
    4.145805256766598,
    4.1971044948733,
    4.249038497921271,
    4.3016151203455015,
    4.354842313769945,
    4.408728128210118,
    4.463280713290574,
    4.51850831947744,
    4.574419299326206,
    4.6310221087449595,
    4.688325308273243,
    4.746337564376743,
    4.805067650757994,
    4.8645244496833,
    4.924716953326078,
    4.985654265126829,
    5.047345601169927,
    5.109800291577448,
    5.173027781920246,
    5.237037634646486,
    5.301839530527871,
    5.367443270123732,
    5.433858775263267,
    5.501096090546094,
    5.569165384861396,
    5.63807695292584,
    5.7078412168405475,
    5.778468727667315,
    5.849970167024339,
    5.9223563487017055,
    5.995638220296835,
    6.069826864870199,
    6.144933502621504,
    6.220969492586621,
    6.297946334355505,
    6.375875669811388,
    6.454769284891483,
    6.534639111369468,
    6.6154972286600415,
    6.697355865645787,
    6.780227402526667,
    6.864124372692378,
    6.949059464617895,
    7.0350455237824505,
    7.122095554612279,
    7.210222722447386,
    7.299440355532654,
    7.389761947033596,
    7.481201157077046,
    7.573771814817092,
    7.66748792052659,
    7.762363647714538,
    7.858413345269669,
    7.95565153963056,
    8.05409293698258,
    8.153752425482049,
    8.2546450775079,
    8.356786151941206,
    8.460191096472917,
    8.56487554994014,
    8.670855344691358,
    8.778146508980875,
    8.886765269392917,
    8.996728053295726,
    9.108051491326004,
    9.22075241990412,
    9.334847883780425,
    9.450355138613077,
    9.56729165357777,
    9.685675114009758,
    9.805523424078535,
    9.92685470949568,
    10.049687320256131,
    10.174039833413442,
    10.299931055889337,
    10.427380027318058,
    10.556406022925879,
    10.68702855644629,
    10.819267383071212,
    10.95314250243876,
    11.08867416165796,
    11.225882858370873,
    11.364789343852697,
    11.505414626150086,
    11.647779973258436,
    11.791906916338412,
    11.93781725297228,
    12.085533050460597,
    12.235076649159566,
    12.386470665859832,
    12.539737997206991,
    12.694901823164424,
    12.851985610519078,
    13.011013116430465,
    13.172008392023738,
    13.334995786027122,
    13.499999948454365,
    13.667045834332844,
    13.83615870747765,
    14.007364144312515,
    14.18068803773794,
    14.356156601047182,
    14.533796371890787,
    14.713634216290025,
    14.89569733270014,
    15.080013256123793,
    15.266609862275383,
    15.455515371797027,
    15.646758354526506,
    15.84036773381821,
    16.036372790917454,
    16.234803169388886,
    16.43568887959986,
    16.63906030325902,
    16.844948198011306,
    17.053383702089658,
    17.264398339024325,
    17.478024022410455,
    17.694293060734644,
    17.913238162261266,
    18.134892439979218,
    18.359289416609872,
    18.586463029677045,
    18.81644763663961,
    19.04927802008774,
    19.284989393003357,
    19.523617404085687,
    19.765198143142758,
    20.009768146549515,
    20.257364402773653,
    20.508024357969568,
    20.761785921641764,
    21.01868747237822,
    21.27876786365467,
    21.542066429710868,
    21.80862299149931,
    22.07847786270778,
    22.351671855856402,
    22.628246288469924,
    22.908242989326702,
    23.191704304784686,
    23.478673105185887,
    23.769192791340114,
    24.06330730108869,
    24.36106111594976,
    24.662499267845398,
    24.967667345912414,
    25.276611503397,
    25.589378464634965,
    25.90601553211837,
    26.226570593649278,
    26.55109212958249,
    26.879629220157444,
    27.212231552921157,
    27.548949430242967,
    27.889833776922014,
    28.234936147889275,
    28.584308736004473,
    28.938004379949728,
    29.296076572220922,
    29.658579467217624,
    30.025567889433578,
    30.39709734174807,
    30.773224013820215,
    31.154004790587116,
    31.539497260866824,
    31.929759726068287,
    32.324851209008536,
    32.72483146283933,
    33.12976098008424,
    33.53970100178726,
    33.95471352677504,
    34.37486132103333,
    34.80020792719972,
    35.23081767417383,
    35.66675568684611,
    36.10808789594754,
    36.55488104802064,
    37.007202715514254,
    37.465121307003244,
    37.92870607753424,
    38.39802713909999,
    38.87315547124278,
    39.354162931789375,
    39.841122267718816,
    40.33410712616434,
    40.833192065552,
    41.33845256687646,
    41.84996504511684,
    42.36780686079369,
    42.89205633166864,
    43.422792744589415,
    43.96009636748073,
    44.50404846148425,
    45.05473129324816,
    45.61222814736916,
    46.17662333898848,
    46.74800222654327,
    47.326451224676504,
    47.91205781730586,
    48.50491057085483,
    49.10509914764758,
    49.712714319468965,
    50.32784798129318,
    50.950593165181516,
    51.58104405435248,
    52.219295997426215,
    52.865445522844446,
    53.519590353469816,
    54.18182942136495,
    54.852262882755014,
    55.53099213317536,
    56.21811982280609,
    56.9137498719972,
    57.61798748698494,
    58.33093917580326,
    59.052712764392155,
    59.78341741290469,
    60.523163632216715,
    61.272063300640006,
    62.03022968084276,
    62.79777743697948,
    63.574822652032246,
    64.36148284536743,
    65.15787699050874,
    65.96412553313084,
    66.78035040927558,
    67.606675063793,
    68.44322446901155,
    69.2901251436382,
    70.14750517189326,
    71.0154942228818,
    71.89422357020425,
    72.78382611181058,
    73.68443639009912,
    74.59619061226479,
    75.51922667089919,
    76.45368416484469,
    77.3997044203079,
    78.35743051223297,
    79.32700728594074,
    80.30858137903442,
    81.30230124357706,
    82.3083171685436,
    83.3267813025497,
    84.35784767686333,
    85.4016722286995,
    86.45841282480438,
    87.52822928533114,
    88.61128340801028,
    89.70773899262048,
    90.81776186576083,
    91.9415199059305,
    93.07918306891878,
    94.23092341350832,
    95.39691512749783,
    96.57733455404544,
    97.77236021833878,
    98.98217285459529,
    100.20695543339555,
    101.44689318935633,
    102.70217364914447,
    103.97298665983857,
    105.2595244176415,
    106.56198149694721,
    107.88055487976874,
    109.2154439855288,
    110.56685070122005,
    111.93497941193857,
    113.32003703179406,
    114.72223303520408,
    116.14177948857406,
