{
  "c": 0.05,
  "f1": 0.35135135135135137,
  "prec": 0.21666666666666667,
  "rec": 0.9285714285714286,
  "tp": 13,
  "fp": 47,
  "fn": 1,
  "tn": 19
}