{
  "cm_at_c1": {
    "TP": 0,
    "TN": 139,
    "FP": 0,
    "FN": 40,
    "precision": 0.0,
    "recall": 0.0,
    "accuracy": 0.776536312849162,
    "F1": 0.0
  },
  "pr_auc": 0.1990424079591855,
  "roc_auc": 0.5017086330935252,
  "prevalence": 0.22346368715083798,
  "normalized_auprc": -0.03144898543385461,
  "auprg": NaN,
  "ece_rank": 0.3134078212290503,
  "c_grid": [
    6.399625821593958,
    6.440962119238278,
    6.482565415227594,
    6.524437434150708,
    6.566579911735848,
    6.608994594922611,
    6.651683241934382,
    6.694647622351214,
    6.737889517183189,
    6.781410718944242,
    6.82521303172647,
    6.86929827127491,
    6.913668265062815,
    6.958324852367407,
    7.003269884346122,
    7.048505224113336,
    7.094032746817614,
    7.139854339719428,
    7.185971902269397,
    7.232387346187015,
    7.279102595539913,
    7.32611958682361,
    7.373440269041779,
    7.421066603787053,
    7.469000565322334,
    7.517244140662629,
    7.565799329657426,
    7.614668145073579,
    7.663852612678764,
    7.713354771325441,
    7.763176673035366,
    7.813320383084669,
    7.863787980089456,
    7.914581556091977,
    7.965703216647341,
    8.017155080910813,
    8.068939281725646,
    8.121057965711502,
    8.173513293353428,
    8.226307439091425,
    8.279442591410579,
    8.332920952931781,
    8.386744740503035,
    8.440916185291355,
    8.495437532875245,
    8.550311043337803,
    8.605538991360381,
    8.661123666316906,
    8.717067372368769,
    8.773372428560334,
    8.830041168915082,
    8.887075942532357,
    8.944479113684746,
    9.002253061916084,
    9.06040018214009,
    9.118922884739648,
    9.177823595666736,
    9.23710475654296,
    9.2967688247608,
    9.35681827358546,
    9.417255592257385,
    9.478083286095467,
    9.539303876600886,
    9.600919901561637,
    9.662933915157733,
    9.725348488067073,
    9.788166207572019,
    9.851389677666637,
    9.915021519164645,
    9.979064369808054,
    10.04352088437651,
    10.108393734797337,
    10.173685610256317,
    10.239399217309135,
    10.305537279993606,
    10.372102539942567,
    10.439097756497537,
    10.506525706823123,
    10.574389186022097,
    10.642691007251297,
    10.711434001838242,
    10.780621019398469,
    10.850254927953683,
    10.920338614050657,
    10.990874982880852,
    11.06186695840087,
    11.133317483453672,
    11.205229519890533,
    11.277606048693867,
    11.350450070100749,
    11.423764603727312,
    11.497552688693933,
    11.57181738375117,
    11.646561767406613,
    11.721788938052443,
    11.797502014093903,
    11.87370413407857,
    11.950398456826436,
    12.027588161560853,
    12.105276448040357,
    12.183466536691254,
    12.262161668741154,
    12.34136510635333,
    12.421080132761924,
    12.501310052408055,
    12.582058191076825,
    12.663327896035131,
    12.74512253617048,
    12.82744550213059,
    12.910300206463958,
    12.993690083761352,
    13.077618590798131,
    13.162089206677596,
    13.24710543297516,
    13.33267079388352,
    13.41878883635877,
    13.505463130267392,
    13.592697268534256,
    13.680494867291578,
    13.768859566028784,
    13.857795027743395,
    13.947304939092891,
    14.037393010547493,
    14.128062976544,
    14.219318595640603,
    14.31116365067265,
    14.403601948909511,
    14.496637322212342,
    14.590273627192985,
    14.68451474537379,
    14.779364583348533,
    14.874827072944385,
    14.970906171384849,
    15.067605861453824,
    15.164930151660727,
    15.262883076406611,
    15.361468696151432,
    15.460691097582382,
    15.560554393783255,
    15.661062724404974,
    15.762220255837207,
    15.864031181381034,
    15.966499721422803,
    16.069630123609087,
    16.17342666302273,
    16.277893642360098,
    16.383035392109395,
    16.48885627073024,
    16.595360664834267,
    16.70255298936701,
    16.810437687790923,
    16.919019232269534,
    17.028302123852853,
    17.138290892663985,
    17.248990098086857,
    17.360404328955255,
    17.47253820374307,
    17.585396370755692,
    17.69898350832272,
    17.81330432499193,
    17.928363559724403,
    18.04416598209099,
    18.16071639247006,
    18.27801962224643,
    18.396080534011702,
    18.51490402176577,
    18.63449501111976,
    18.754858459500163,
    18.87599935635433,
    18.997922723357366,
    19.120633614620218,
    19.24413711689921,
    19.368438349806944,
    19.493542466024465,
    19.61945465151488,
    19.746180125738356,
    19.87372414186845,
    20.002091987009866,
    20.131288982417672,
    20.261320483717828,
    20.3921918811292,
    20.52390859968705,
    20.656476099467888,
    20.789899875815756,
    20.924185459570133,
    21.059338417295148,
    21.195364351510317,
    21.332268900922802,
    21.470057740661193,
    21.608736582510687,
    21.7483111751499,
    21.888787304389194,
    22.030170793410456,
    22.172467503008516,
    22.31568333183414,
    22.459824216638463,
    22.604896132519137,
    22.75090509316804,
    22.8978571511205,
    23.045758398006225,
    23.194614964801843,
    23.344433022085042,
    23.49521878029027,
    23.646978489966322,
    23.799718442035378,
    23.95344496805374,
    24.108164440474347,
    24.26388327291095,
    24.420607920403906,
    24.578344879687823,
    24.73710068946086,
    24.89688193065575,
    25.0576952267126,
    25.219547243853526,
    25.382444691358877,
    25.546394321845423,
    25.7114029315463,
    25.877477360592653,
    26.044624493297228,
    26.212851258439777,
    26.382164629554254,
    26.5525716252178,
    26.72407930934186,
    26.896694791464896,
    27.070425227047078,
    27.245277817766954,
    27.42125981182,
    27.598378504219017,
    27.776641237096555,
    27.95605540000932,
    28.13662843024441,
    28.318367813127665,
    28.50128108233397,
    28.68537582019951,
    28.870659658036082,
    29.057140276447498,
    29.244825405647898,
    29.433722825782212,
    29.623840367248707,
    29.815185911023576,
    30.00776738898752,
    30.201592784254732,
    30.396670131503708,
    30.5930075173103,
    30.790613080482974,
    30.98949501240021,
    31.189661557349986,
    31.391121012871572,
    31.593881730099543,
    31.797952114109844,
    32.00334062426828,
    32.210055774581235,
    32.41810613404845,
    32.62750032701838,
    32.83824703354564,
    33.05035498975088,
    33.26383298818275,
    33.47868987818261,
    33.694934566251256,
    33.91257601641803,
    34.13162325061259,
    34.35208534903881,
    34.57397145055113,
    34.797290753033444,
    35.022052513780444,
    35.248266049881245,
    35.47594073860565,
    35.705086017792944,
    35.93571138624301,
    36.167826404110116,
    36.401440693299314,
    36.636563937865134,
    36.87320588441312,
    37.11137634250386,
    37.35108518505964,
    37.592342348773535,
    37.83515783452158,
    38.07954170777718,
    38.32550409902837,
    38.57305520419774,
    38.8222052850652,
    39.07296466969322,
    39.32534375285501,
    39.579352996465516,
    39.83500293001493,
    40.09230415100527,
    40.35126732538973,
    40.61190318801466,
    40.8742225430647,
    41.13823626451061,
    41.403955296560014,
    41.67139065411103,
    41.940553423208996,
    42.21145476150595,
    42.48410589872302,
    42.758518137116205,
    43.0347028519447,
    43.31267149194245,
    43.59243557979277,
    43.87400671260605,
    44.15739656240036,
    44.44261687658538,
    44.729679478449434,
    45.018596267649436,
    45.309379220704265,
    45.602040391491286,
    45.89659191174589,
    46.19304599156446,
    46.49141491991059,
    46.79171106512435,
    47.093946875435094,
    47.398134879477475,
    47.70428768681083,
    48.01241798844167,
    48.322538557350086,
    48.634662249019044,
    48.948802001967266,
    49.26497083828561,
    49.58318186417697,
    49.90344827049942,
    50.22578333331305,
    50.55020041443046,
    50.87671296197041,
    51.20533451091541,
    51.53607868367286,
