{
  "c": 0.05,
  "f1": 0.4578313253012049,
  "prec": 0.31666666666666665,
  "rec": 0.8260869565217391,
  "tp": 19,
  "fp": 41,
  "fn": 4,
  "tn": 16
}