{
  "cm_at_c1": {
    "TP": 0,
    "TN": 136,
    "FP": 0,
    "FN": 43,
    "precision": 0.0,
    "recall": 0.0,
    "accuracy": 0.7597765363128491,
    "F1": 0.0
  },
  "pr_auc": 0.24059214691218045,
  "roc_auc": 0.48888508891928867,
  "prevalence": 0.24022346368715083,
  "normalized_auprc": 0.0004852521858845663,
  "c_grid": [
    2.2668416668837486,
    2.286876683628314,
    2.3070887757733445,
    2.327479508363574,
    2.3480504602760655,
    2.3688032243424617,
    2.3897394074723244,
    2.410860630777556,
    2.432168529697926,
    2.453664754127703,
    2.475350968543409,
    2.497228852132703,
    2.5193000989243988,
    2.541566417919639,
    2.5640295332242227,
    2.5866911841821065,
    2.609553125510083,
    2.632617127433649,
    2.6558849758240797,
    2.6793584723367077,
    2.703039434550427,
    2.7269296961084324,
    2.751031106860199,
    2.7753455330047188,
    2.7998748572350003,
    2.824620978883852,
    2.8495858140709447,
    2.874771295851184,
    2.900179374364383,
    2.9258120169862702,
    2.9516712084808194,
    2.977758951153937,
    3.0040772650085006,
    3.0306281879007693,
    3.0574137756981803,
    3.0844361024385325,
    3.111697260490586,
    3.1391993607160726,
    3.1669445326331465,
    3.19493492458127,
    3.223172703887567,
    3.2516600570346386,
    3.2803991898298643,
    3.309392327576203,
    3.338641715244497,
    3.368149617647307,
    3.3979183196142735,
    3.42795012616904,
    3.458247362707728,
    3.4888123751789983,
    3.5196475302657007,
    3.550755215568125,
    3.5821378397888783,
    3.6137978329193956,
    3.6457376464280946,
    3.677959753450192,
    3.710466648979209,
    3.743260850060153,
    3.776344895984423,
    3.809721348486424,
    3.8433927919419273,
    3.8773618335681794,
    3.9116311036257865,
    3.9462032556223754,
    3.981080966518055,
    4.016266936932702,
    4.051763891355066,
    4.087574578353739,
    4.123701770789971,
    4.16014826603238,
    4.196916886173552,
    4.234010478248568,
    4.271431914455443,
    4.309184092377526,
    4.347269935207865,
    4.385692391975552,
    4.424454437774072,
    4.463559073991665,
    4.503009328543725,
    4.542808256107259,
    4.582958938357412,
    4.623464484206088,
    4.664328030042667,
    4.705552739976871,
    4.747141806083756,
    4.789098448650884,
    4.831425916427667,
    4.874127486876929,
    4.917206466428672,
    4.96066619073611,
    5.004510024933946,
    5.0487413638989365,
    5.09336363251276,
    5.138380285927215,
    5.183794809831753,
    5.229610720723379,
    5.275831566178937,
    5.322460925129802,
    5.369502408139006,
    5.416959657680805,
    5.4648363484227165,
    5.513136187510054,
    5.5618629148529815,
    5.611020303416093,
    5.660612159510558,
    5.710642323088852,
    5.7611146680420795,
    5.812033102499947,
    5.863401569133363,
    5.915224045459728,
    5.967504544150913,
    6.020247113343974,
    6.073455836954601,
    6.127134834993331,
    6.181288263884575,
    6.235920316788454,
    6.291035223925476,
    6.34663725290409,
    6.402730709051126,
    6.459319935745166,
    6.516409314752859,
    6.574003266568202,
    6.632106250754825,
    6.6907227662912945,
    6.749857351919485,
    6.809514586496014,
    6.869699089346785,
    6.930415520624668,
    6.991668581670343,
    7.0534630153763285,
    7.115803606554232,
    7.178695182305238,
    7.242142612393874,
    7.306150809625092,
    7.370724730224666,
    7.435869374222959,
    7.5015897858420715,
    7.567891053886441,
    7.6347783121368575,
    7.702256739747985,
    7.7703315616493915,
    7.839008048950104,
    7.908291519346782,
    7.978187337535454,
    8.048700915626926,
    8.119837713565822,
    8.191603239553388,
    8.264003050473972,
    8.337042752325312,
    8.410728000652613,
    8.485064500986448,
    8.560058009284571,
    8.635714332377585,
    8.712039328418586,
    8.789038907336739,
    8.86671903129493,
    8.9450857151514,
    9.02414502692548,
    9.103903088267444,
    9.184366074932534,
    9.265540217259133,
    9.347431800651202,
    9.430047166064961,
    9.513392710499865,
    9.59747488749395,
    9.68230020762353,
    9.767875239007317,
    9.854206607814987,
    9.941300998780275,
    10.029165155718562,
    10.117805882049067,
    10.207230041321644,
    10.297444557748209,
    10.38845641673893,
    10.480272665443088,
    10.57290041329476,
    10.666346832563285,
    10.760619158908654,
    10.855724691941754,
    10.951670795789594,
    11.04846489966552,
    11.14611449844444,
    11.244627153243204,
    11.34401049200604,
    11.444272210095207,
    11.545420070886834,
    11.647461906372081,
    11.750405617763555,
    11.854259176107114,
    11.959030622899085,
    12.064728070708895,
    12.171359703807278,
    12.278933778799967,
    12.38745862526702,
    12.496942646407769,
    12.607394319691524,
    12.71882219751397,
    12.831234907859393,
    12.944641154968759,
    13.05904972001367,
    13.17446946177634,
    13.290909317335508,
    13.40837830275847,
    13.526885513799161,
    13.64644012660251,
    13.767051398414907,
    13.88872866830104,
    14.011481357866986,
    14.135318971989783,
    14.260251099553372,
    14.386287414191093,
    14.513437675034714,
    14.641711727470081,
    14.77111950389949,
    14.901671024510732,
    15.033376398052994,
    15.166245822619551,
    15.300289586437465,
    15.435518068664182,
    15.571941740191207,
    15.709571164454891,
    15.848416998254333,
    15.988489992576595,
    16.129800993429132,
    16.272360942679637,
    16.416180878903226,
    16.561271938237233,
    16.707645355243464,
    16.8553124637781,
    17.0042846978693,
    17.154573592602517,
    17.30619078501373,
    17.459148014990465,
    17.613457126180865,
    17.769130066910698,
    17.926178891108602,
    18.084615759239387,
    18.244452939245644,
    18.405702807497683,
    18.568377849751798,
    18.732490662117122,
    18.898053952030907,
    19.065080539242512,
    19.23358335680599,
    19.403575452081586,
    19.575069987745962,
    19.748080242811408,
    19.922619613654035,
    20.098701615051105,
    20.276339881227468,
    20.455548166911285,
    20.63634034839908,
    20.818730424630164,
    21.00273251827063,
    21.18836087680686,
    21.375629873648762,
    21.56455400924263,
    21.75514791219404,
    21.94742634040049,
    22.14140418219414,
    22.337096457494642,
    22.534518318972108,
    22.733685053220455,
    22.934612081941026,
    23.137314963136724,
    23.341809392316684,
    23.548111203711567,
    23.756236371499668,
    23.96620101104379,
    24.178021380139068,
    24.391713880271855,
    24.60729505788965,
    24.824781605682382,
    25.0441903638749,
    25.265538321530943,
    25.488842617868585,
    25.71412054358741,
    25.94138954220731,
    26.17066721141916,
    26.401971304447436,
    26.635319731424826,
    26.870730560779105,
    27.108222020632137,
    27.347812500211337,
    27.58952055127349,
    27.833364889541354,
    28.079364396152744,
    28.32753811912257,
    28.577905274817727,
    28.83048524944501,
    29.08529760055228,
    29.342362058542765,
    29.601698528202856,
    29.863327090243278,
    30.127268002854063,
    30.393541703273094,
    30.662168809368605,
    30.93317012123567,
    31.206566622806687,
    31.48237948347632,
    31.76063005974056,
    32.04133989685046,
    32.32453073048031,
    32.61022448841078,
    32.89844329222671,
    33.18920945903007,
    33.48254550316792,
    33.77847413797585,
    34.07701827753657,
    34.37820103845425,
    34.682045741644465,
    34.98857591413985,
    35.297815290912006,
    35.60978781670917,
    35.92451764791039,
    36.24202915439587,
    36.56234692143406,
    36.88549575158528,
    37.21150066662221,
    37.540386909467344,
    37.872179946147575,
    38.206905467766084,
    38.54458939249164,
    38.885257867565414,
    39.22893727132563,
    39.575654215250054,
    39.9254355460166,
