{
  "c": 0.05,
  "f1": 0.2933333333333333,
  "prec": 0.18333333333333332,
  "rec": 0.7333333333333333,
  "tp": 11,
  "fp": 49,
  "fn": 4,
  "tn": 16
}