{
  "cm_at_c1": {
    "TP": 0,
    "TN": 131,
    "FP": 0,
    "FN": 49,
    "precision": 0.0,
    "recall": 0.0,
    "accuracy": 0.7277777777777777,
    "F1": 0.0
  },
  "pr_auc": 0.2704223555870788,
  "roc_auc": 0.5288985823336969,
  "prevalence": 0.2722222222222222,
  "normalized_auprc": -0.002473099193326838,
  "c_grid": [
    1.2544536811460676,
    1.265895635931666,
    1.2774419535417219,
    1.2890935858764425,
    1.3008514935183793,
    1.3127166458116206,
    1.3246900209417065,
    1.3367726060162712,
    1.3489653971464235,
    1.3612693995288667,
    1.3736856275287703,
    1.3862151047633948,
    1.3988588641864814,
    1.4116179481734106,
    1.4244934086071375,
    1.437486306964911,
    1.4505977144057842,
    1.4638287118589222,
    1.4771803901127167,
    1.4906538499047122,
    1.5042502020123527,
    1.517970567344557,
    1.5318160770341276,
    1.5457878725310044,
    1.5598871056963672,
    1.5741149388975975,
    1.5884725451041068,
    1.6029611079840376,
    1.6175818220018479,
    1.6323358925167846,
    1.6472245358822557,
    1.6622489795461093,
    1.6774104621518262,
    1.6927102336406359,
    1.708149555354564,
    1.7237297001404208,
    1.7394519524547358,
    1.7553176084696513,
    1.771327976179781,
    1.7874843755100442,
    1.803788138424482,
    1.820240609036068,
    1.8368431437175183,
    1.8535971112131144,
    1.8705038927515447,
    1.8875648821597755,
    1.90478148597796,
    1.9221551235753986,
    1.9396872272675518,
    1.9573792424341234,
    1.9752326276382217,
    1.9932488547466054,
    2.0114294090510256,
    2.0297757893906794,
    2.0482895082757744,
    2.0669720920122225,
    2.0858250808274734,
    2.1048500289974936,
    2.124048504974902,
    2.143422091518279,
    2.1629723858226475,
    2.1827009996511553,
    2.202609559467945,
    2.222699706572248,
    2.2429730972336936,
    2.263431402828855,
    2.284076309979042,
    2.3049095206893493,
    2.325932752488971,
    2.3471477385727995,
    2.368556227944311,
    2.3901599855597593,
    2.411960792473679,
    2.4339604459857216,
    2.4561607597888266,
    2.4785635641187476,
    2.5011707059049386,
    2.5239840489228182,
    2.5470054739474257,
    2.5702368789084704,
    2.5936801790468067,
    2.617337307072326,
    2.6412102133232933,
    2.6653008659271396,
    2.6896112509627135,
    2.7141433726240227,
    2.7388992533854575,
    2.763880934168533,
    2.789090474510144,
    2.814529952732355,
    2.840201466113746,
    2.8661071310623103,
    2.892249083289941,
    2.9186294779884987,
    2.9452504900074907,
    2.9721143140333726,
    2.9992231647704766,
    3.0265792771236013,
    3.0541849063822593,
    3.082042328406607,
    3.1101538398150725,
    3.13852175817369,
    3.167148422187169,
    3.1960361918916957,
    3.225187448849507,
    3.2546045963452213,
    3.284290059583976,
    3.314246285891366,
    3.344475744915203,
    3.3749809288291184,
    3.405764352538028,
    3.4368285538854546,
    3.4681760938627657,
    3.4998095568202956,
    3.5317315506804094,
    3.5639447071525066,
    3.596451681949979,
    3.629255155009156,
    3.6623578307102442,
    3.6957624381002794,
    3.7294717311181147,
    3.763488488821465,
    3.7978155156160085,
    3.832455641486596,
    3.8674117222305573,
    3.9026866396931355,
    3.938283302005076,
    3.9742046438223766,
    4.010453626568226,
    4.047033238677148,
    4.083946495841376,
    4.121196441259471,
    4.15878614588721,
    4.196718708690757,
    4.234997256902154,
    4.273624946277132,
    4.312604961355277,
    4.351940515722571,
    4.391634852276328,
    4.43169124349254,
    4.472112991695667,
    4.512903429330894,
    4.554065919238853,
    4.595603854932867,
    4.637520660878722,
    4.679819792776979,
    4.722504737847875,
    4.765579015118808,
    4.809046175714463,
    4.852909803149562,
    4.8971735136243035,
    4.941840956322489,
    4.986915813712362,
    5.032401801850204,
    5.07830267068669,
    5.124622204376045,
    5.171364221588012,
    5.218532575822671,
    5.266131155728136,
    5.314163885421132,
    5.362634724810511,
    5.4115476699237215,
    5.460906753236235,
    5.510716044004,
    5.5609796485989165,
    5.6117017108473775,
    5.662886412371885,
    5.714537972935796,
    5.766660650791212,
    5.819258743030027,
    5.872336585938198,
    5.925898555353229,
    5.979949067024931,
    6.0344925769794555,
    6.089533581886664,
    6.145076619430844,
    6.201126268684796,
    6.257687150487345,
    6.314763927824299,
    6.37236130621286,
    6.430484034089566,
    6.4891369032017545,
    6.548324749002613,
    6.6080524510498115,
    6.668324933407786,
    6.729147165053695,
    6.790524160287063,
    6.852460979143166,
    6.914962727810206,
    6.978034559050254,
    7.041681672624071,
    7.1059093157197735,
    7.170722783385433,
    7.236127418965599,
    7.30212861454182,
    7.368731811377178,
    7.435942500364874,
    7.503766222480906,
    7.57220856924088,
    7.64127518316099,
    7.7109717582231845,
    7.7813040403446,
    7.852277827851267,
    7.923898971956124,
    7.99617337724141,
    8.069107002145453,
    8.142705859453882,
    8.216976016795348,
    8.291923597141734,
    8.367554779312968,
    8.443875798486388,
    8.520892946710802,
    8.59861257342521,
    8.677041085982268,
    8.756184950176506,
    8.836050690777405,
    8.916644892067296,
    8.997974198384181,
    9.080045314669503,
    9.162865007020931,
    9.246440103250146,
    9.330777493445751,
    9.41588413054131,
    9.501767030888544,
    9.588433274835783,
    9.67589000731168,
    9.76414443841426,
    9.853203844005321,
    9.943075566310277,
    10.033767014523475,
    10.125285665418993,
    10.217639063967074,
    10.31083482395613,
    10.40488062862043,
    10.499784231273544,
    10.59555345594752,
    10.69219619803791,
    10.789720424954702,
    10.888134176779158,
    10.987445566926631,
    11.087662782815494,
    11.1887940865421,
    11.290847815561909,
    11.39383238337688,
    11.497756280229083,
    11.602628073800622,
    11.708456409920016,
    11.815250013274957,
    11.92301768813157,
    12.031768319060287,
    12.1415108716683,
    12.25225439333867,
    12.364008013976262,
    12.476780946760398,
    12.590582488904401,
    12.705422022422118,
    12.821309014901331,
    12.93825302028434,
    13.056263679655583,
    13.175350722036443,
    13.295523965187366,
    13.416793316417246,
    13.53916877340017,
    13.662660424999691,
    13.787278452100553,
    13.913033128447998,
    14.039934821494809,
    14.167993993255957,
    14.297221201171164,
    14.427627098975258,
    14.559222437576462,
    14.692018065942767,
    14.826024931996312,
    14.961254083515936,
    15.097716669048022,
    15.235423938825576,
    15.374387245695702,
    15.514618046055595,
    15.656127900797003,
    15.798928476259304,
    15.943031545191355,
    16.088448987722032,
    16.23519279233962,
    16.383275056880237,
    16.53270798952514,
    16.683503909807204,
    16.8356752496266,
    16.989234554275658,
    17.144194483473164,
    17.300567812408033,
    17.4583674327925,
    17.61760635392498,
    17.778297703762565,
    17.94045473000327,
    18.104090801178277,
    18.26921940775402,
    18.435854163244326,
    18.60400880533283,
    18.77369719700547,
    18.94493332769337,
    19.11773131442621,
    19.29210540299602,
    19.46806996913162,
    19.645639519683833,
    19.82482869382139,
    20.005652264237874,
    20.18812513836958,
    20.372262359624482,
    20.558079108622504,
    20.745590704447007,
    20.934812605907688,
    21.125760412815094,
    21.318449867266683,
    21.512896854944582,
    21.70911740642531,
    21.90712769850133,
    22.106944055514667,
    22.308582950702775,
    22.512061007556593,
    22.717395001190987,
    22.924601859727783,
    23.133698665691334,
    23.34470265741677,
    23.557631230471284,
    23.772501939088112,
    23.989332497613866,
    24.208140781968872,
