{
  "c": 0.05,
  "f1": 0.3908045977011494,
  "prec": 0.2833333333333333,
  "rec": 0.6296296296296297,
  "tp": 17,
  "fp": 43,
  "fn": 10,
  "tn": 10
}