{
  "cm_at_c1": {
    "TP": 0,
    "TN": 136,
    "FP": 0,
    "FN": 44,
    "precision": 0.0,
    "recall": 0.0,
    "accuracy": 0.7555555555555555,
    "F1": 0.0
  },
  "pr_auc": 0.3301399836851308,
  "roc_auc": 0.57110628342246,
  "prevalence": 0.24444444444444444,
  "normalized_auprc": 0.11342056664208491,
  "auprg": NaN,
  "ece_rank": 0.29711479435236343,
  "c_grid": [
    9.139815102531019,
    9.198828516021997,
    9.258222963804457,
    9.318000906117902,
    9.37816481908697,
    9.438717194823989,
    9.499660541532208,
    9.560997383609694,
    9.6227302617539,
    9.684861733066901,
    9.747394371161317,
    9.810330766266912,
    9.873673525337896,
    9.937425272160908,
    10.001588647463691,
    10.06616630902448,
    10.131160931782105,
    10.196575207946765,
    10.26241184711158,
    10.328673576364787,
    10.395363140402745,
    10.462483301643603,
    10.530036840341705,
    10.5980265547028,
    10.666455260999921,
    10.735325793690027,
    10.804641005531456,
    10.874403767702042,
    10.944616969918084,
    11.015283520554028,
    11.08640634676293,
    11.157988394597725,
    11.230032629133232,
    11.302542034589004,
    11.375519614452921,
    11.448968391605593,
    11.522891408445606,
    11.597291727015499,
    11.672172429128645,
    11.747536616496884,
    11.823387410858986,
    11.899727954110006,
    11.976561408431369,
    12.05389095642191,
    12.131719801229671,
    12.210051166684579,
    12.288888297432013,
    12.368234459067159,
    12.448092938270328,
    12.528467042943067,
    12.609360102345171,
    12.690775467232614,
    12.772716509996334,
    12.855186624801908,
    12.938189227730176,
    13.021727756918704,
    13.105805672704241,
    13.190426457766028,
    13.275593617270044,
    13.361310679014233,
    13.447581193574619,
    13.534408734452349,
    13.621796898221767,
    13.70974930467934,
    13.798269596993638,
    13.887361441856225,
    13.977028529633522,
    14.067274574519713,
    14.158103314690546,
    14.249518512458215,
    14.341523954427192,
    14.434123451651047,
    14.527320839790361,
    14.621119979271556,
    14.715524755446841,
    14.810539078755141,
    14.906166884884044,
    15.00241213493288,
    15.099278815576746,
    15.196770939231678,
    15.29489254422085,
    15.393647694941812,
    15.493040482034903,
    15.593075022552641,
    15.693755460130301,
    15.795085965157536,
    15.8970707349511,
    15.999713993928765,
    16.103019993784233,
    16.206993013663322,
    16.31163736034118,
    16.416957368400656,
    16.52295740041191,
    16.629641847113056,
    16.737015127592088,
    16.84508168946989,
    16.95384600908449,
    17.063312591676457,
    17.173485971575527,
    17.284370712388437,
    17.395971407187947,
    17.5082926787031,
    17.621339179510674,
    17.735115592227963,
    17.849626629706677,
    17.9648770352282,
    18.08087158270006,
    18.19761507685364,
    18.31511235344326,
    18.433368279446416,
    18.552387753265442,
    18.672175704930385,
    18.79273709630318,
    18.914076921283264,
    19.036200206014346,
    19.159112009092667,
    19.282817421776507,
    19.407321568197062,
    19.53262960557074,
    19.658746724412723,
    19.785678148752027,
    19.913429136347876,
    20.04200497890744,
    20.171411002305117,
    20.30165256680305,
    20.43273506727323,
    20.56466393342095,
    20.69744463000964,
    20.83108265708737,
    20.965583550214518,
    21.100952880693185,
    21.237196255797922,
    21.37431931900796,
    21.51232775024106,
    21.651227266088686,
    21.79102362005289,
    21.93172260278458,
    22.073330042323395,
    22.21585180433911,
    22.359293792374586,
    22.503661948090365,
    22.648962251510735,
    22.795200721271453,
    22.942383414869017,
    23.09051642891165,
    23.23960589937175,
    23.38965800184012,
    23.540678951781768,
    23.69267500479329,
    23.845652456862112,
    23.99961764462715,
    24.154576945641406,
    24.31053677863607,
    24.467503603786394,
    24.625483922979335,
    24.784484280082815,
    24.94451126121683,
    25.105571495026265,
    25.26767165295539,
    25.430818449524313,
    25.59501864260701,
    25.760279033711328,
    25.926606468260687,
    26.094007835877587,
    26.26249007066909,
    26.432060151513934,
    26.60272510235169,
    26.77449199247371,
    26.94736793681586,
    27.12136009625337,
    27.29647567789732,
    27.47272193539328,
    27.650106169221726,
    27.828635727000396,
    28.008318003788755,
    28.189160442394176,
    28.371170533680356,
    28.55435581687756,
    28.73872387989486,
    28.924282359634535,
    29.111038942308312,
    29.299001363755835,
    29.48817740976504,
    29.678574916394684,
    29.870201770298902,
    30.0630659090539,
    30.257175321486784,
    30.452538048006428,
    30.649162180936557,
    30.847055864850894,
    31.046227296910565,
    31.246684727203665,
    31.448436459086953,
    31.65149084952982,
    31.855856309460414,
    32.06154130411405,
    32.26855435338392,
    32.47690403217392,
    32.6865989707539,
    32.89764785511707,
    33.11005942733991,
    33.32384248594417,
    33.539005886261386,
    33.75555854079969,
    33.973509419612924,
    34.19286755067229,
    34.4136420202402,
    34.63584197324674,
    34.85947661366844,
    35.08455520490952,
    35.311087070185565,
    35.53908159290974,
    35.7685482170815,
    35.99949644767777,
    36.23193585104662,
    36.46587605530354,
    36.70132675073023,
    36.9382976901761,
    37.176798689462125,
    37.416839627787525,
    37.6584304481389,
    37.90158115770214,
    38.14630182827697,
    38.39260259669408,
    38.640493665235084,
    38.88998530205504,
    39.14108784160779,
    39.39381168507415,
    39.648167300792586,
    39.90416522469297,
    40.16181606073287,
    40.421130481336874,
    40.68211922783868,
    40.94479311092597,
    41.20916301108825,
    41.475239879067466,
    41.743034736311685,
    42.01255867543164,
    42.28382286066014,
    42.556838528314564,
    42.831616987262265,
    43.10816961938898,
    43.38650788007039,
    43.66664329864654,
    43.94858747889944,
    44.232352099533664,
    44.517948914660224,
    44.80538975428328,
    45.09468652479035,
    45.38585120944537,
    45.67889586888506,
    45.97383264161863,
    46.27067374453038,
    46.569431473385954,
    46.870118203341534,
    47.17274638945648,
    47.47732856720921,
    47.783877353016464,
    48.09240544475596,
    48.40292562229228,
    48.71545074800632,
    49.02999376732796,
    49.34656770927238,
    49.665185686979754,
    49.9858608982584,
    50.308606626131464,
    50.63343623938709,
    50.96036319313219,
    51.28940102934989,
    51.62056337746034,
    51.953863954885364,
    52.28931656761654,
    52.62693511078716,
    52.966733569247836,
    53.30872601814572,
    53.65292662350754,
    53.99934964282634,
    54.34800942565209,
    54.69892041418613,
    55.05209714387932,
    55.4075542440342,
    55.76530643841084,
    56.12536854583681,
    56.48775548082105,
    56.85248225417161,
    57.219563973617454,
    57.589015844434115,
    57.9608531700738,
    58.335091352798976,
    58.71174589432064,
    59.09083239644031,
    59.47236656169618,
    59.856364194013786,
    60.24284119936039,
    60.63181358640404,
    61.023297467176576,
    61.41730905774108,
    61.81386467886345,
    62.21298075668859,
    62.61467382342075,
    63.01896051800836,
    63.425857586833224,
    63.83538188440412,
    64.24755037405502,
    64.66238012864783,
    65.07988833127939,
    65.50009227599347,
    65.9230093684968,
    66.34865712688038,
    66.77705318234494,
    67.2082152799313,
    67.6421612792554,
    68.0789091552481,
    68.51847699889964,
    68.96088301800918,
    69.4061455379389,
    69.85428300237311,
    70.3053139740821,
    70.75925713569119,
    71.21613129045461,
    71.67595536303432,
    72.1387484002839,
    72.60452957203746,
    73.07331817190378,
    73.5451336180655,
