{
  "cm_at_c1": {
    "TP": 0,
    "TN": 133,
    "FP": 0,
    "FN": 47,
    "precision": 0.0,
    "recall": 0.0,
    "accuracy": 0.7388888888888889,
    "F1": 0.0
  },
  "pr_auc": 0.29101190284511824,
  "roc_auc": 0.5628699408094705,
  "prevalence": 0.2611111111111111,
  "normalized_auprc": 0.04046723693324271,
  "auprg": NaN,
  "ece_rank": 0.2873235113566605,
  "c_grid": [
    2.9043279836897202,
    2.9255433169920577,
    2.9469136225873513,
    2.9684400325064413,
    2.9901236870493486,
    3.011965734845677,
    3.0339673329154624,
    3.0561296467304584,
    3.0784538502758756,
    3.1009411261125717,
    3.123592665439692,
    3.1464096681577707,
    3.1693933429322914,
    3.192544907257714,
    3.215865587521968,
    3.2393566190714145,
    3.2630192462762886,
    3.2868547225966136,
    3.3108643106486007,
    3.335049282271533,
    3.359410918595135,
    3.383950510107442,
    3.4086693567231534,
    3.4335687678524964,
    3.4586500624705874,
    3.483914569187299,
    3.509363626317644,
    3.5349985819526624,
    3.560820794030837,
    3.586831630410028,
    3.6130324689399247,
    3.6394246975350395,
    3.6660097142482253,
    3.692788927344735,
    3.7197637553768192,
    3.7469356272588707,
    3.7743059823431166,
    3.801876270495865,
    3.829647952174305,
    3.8576224985038734,
    3.885801391356183,
    3.914186123427516,
    3.9427781983179018,
    3.971579130610761,
    4.000590445953139,
    4.029813681136521,
    4.059250384178241,
    4.08890211440348,
    4.1187704425278735,
    4.148856950740708,
    4.179163232788737,
    4.209690894060604,
    4.240441551671887,
    4.271416834550755,
    4.302618383524258,
    4.334047851405247,
    4.365706903079923,
    4.3975972155960354,
    4.4297204782517134,
    4.462078392684954,
    4.4946726729637625,
    4.527505045676948,
    4.560577250025585,
    4.593891037915144,
    4.627448174048293,
    4.661250436018378,
    4.695299614403583,
    4.729597512861786,
    4.764145948226099,
    4.798946750601109,
    4.834001763459825,
    4.869312843741329,
    4.904881861949144,
    4.940710702250315,
    4.976801262575221,
    5.0131554547181105,
    5.049775204438374,
    5.086662451562557,
    5.123819150087109,
    5.161247268281907,
    5.198948788794501,
    5.236925708755151,
    5.2751800398826125,
    5.313713808590706,
    5.352529056095662,
    5.39162783852424,
    5.431012227022655,
    5.470684307866286,
    5.51064618257019,
    5.550899968000427,
    5.591447796486194,
    5.632291815932776,
    5.673434189935328,
    5.714877097893486,
    5.756622735126811,
    5.798673312991084,
    5.841031058995441,
    5.883698216920374,
    5.926677046936587,
    5.969969825724723,
    6.013578846595962,
    6.057506419613504,
    6.101754871714936,
    6.146326546835505,
    6.191223806032265,
    6.236449027609159,
    6.282004607242999,
    6.32789295811037,
    6.374116511015464,
    6.42067771451884,
    6.467579035067132,
    6.514822957123704,
    6.562411983300255,
    6.610348634489387,
    6.658635449998144,
    6.707274987682522,
    6.756269824082969,
    6.805622554560862,
    6.855335793436,
    6.905412174125078,
    6.955854349281192,
    7.006664990934355,
    7.0578467906330395,
    7.109402459586753,
    7.161334728809657,
    7.21364634926524,
    7.2663400920120305,
    7.319418748350398,
    7.37288512997041,
    7.426742069100767,
    7.4809924186588415,
    7.535639052401796,
    7.590684865078817,
    7.646132772584453,
    7.701985712113074,
    7.758246642314467,
    7.814918543450555,
    7.872004417553277,
    7.929507288583599,
    7.987430202591711,
    8.045776227878378,
    8.10454845515748,
    8.163749997719718,
    8.223383991597554,
    8.283453595731316,
    8.343961992136542,
    8.404912386072533,
    8.46630800621215,
    8.528152104812836,
    8.5904479578889,
    8.653198865385052,
    8.716408151351208,
    8.780079164118574,
    8.844215276477014,
    8.908819885853712,
    8.973896414493138,
    9.039448309638347,
    9.105479043713563,
    9.171992114508143,
    9.238991045361844,
    9.306479385351478,
    9.374460709478905,
    9.442938618860406,
    9.51191674091745,
    9.581398729568843,
    9.651388265424277,
    9.721889055979315,
    9.79290483581177,
    9.864439366779543,
    9.936496438219889,
    10.009079867150156,
    10.082193498469968,
    10.155841205164913,
    10.23002688851169,
    10.304754478284773,
    10.38002793296458,
    10.45585123994716,
    10.532228415755426,
    10.609163506251898,
    10.68666058685303,
    10.764723762745104,
    10.843357169101674,
    10.922564971302625,
    11.002351365154821,
    11.082720577114362,
    11.163676864510474,
    11.245224515771024,
    11.327367850649688,
    11.41011122045478,
    11.493459008279748,
    11.577415629235357,
    11.661985530683568,
    11.74717319247312,
    11.83298312717684,
    11.919419880330684,
    12.00648803067452,
    12.094192190394692,
    12.182537005368303,
    12.271527155409347,
    12.361167354516594,
    12.451462351123306,
    12.542416928348771,
    12.634035904251675,
    12.726324132085324,
    12.81928650055473,
    12.912927934075581,
    13.00725339303509,
    13.102267874054766,
    13.19797641025509,
    13.294384071522131,
    13.391495964776114,
    13.489317234241932,
    13.587853061721665,
    13.687108666869051,
    13.787089307465992,
    13.887800279701088,
    13.989246918450146,
    14.091434597558816,
    14.194368730127241,
    14.298054768796797,
    14.402498206038942,
    14.507704574446153,
    14.613679447025008,
    14.720428437491394,
    14.827957200567884,
    14.936271432283268,
    15.045376870274298,
    15.155279294089613,
    15.2659845254959,
    15.377498428786282,
    15.48982691109096,
    15.602975922690133,
    15.716951457329193,
    15.831759552536218,
    15.947406289941824,
    16.06389779560128,
    16.181240240319045,
    16.299439839975637,
    16.418502855856914,
    16.53843559498573,
    16.659244410456054,
    16.780935701769483,
    16.903515915174253,
    17.02699154400671,
    17.151369129035267,
    17.27665525880689,
    17.402856569996104,
    17.529979747756556,
    17.658031526075135,
    17.787018688128693,
    17.916948066643357,
    18.047826544256484,
    18.179661053881226,
    18.312458579073827,
    18.446226154403504,
    18.58097086582511,
    18.71669985105449,
    18.853420299946585,
    18.991139454876283,
    19.129864611122073,
    19.269603117252483,
    19.410362375515355,
    19.552149842229966,
    19.694973028181977,
    19.838839499021336,
    19.98375687566301,
    20.129732834690703,
    20.276775108763488,
    20.42489148702544,
    20.574089815518224,
    20.724377997596726,
    20.8757639943477,
    21.028255825011524,
    21.18186156740694,
    21.336589358358985,
    21.492447394130007,
    21.64944393085385,
    21.80758728497318,
    21.966885833680053,
    22.127348015359633,
    22.288982330037236,
    22.45179733982856,
    22.615801669393246,
    22.78100400639177,
    22.9474131019456,
    23.115037771100805,
    23.283886893294994,
    23.45396941282766,
    23.62529433933401,
    23.79787074826219,
    23.971707781354056,
    24.146814647129442,
    24.323200621373925,
    24.500875047630185,
    24.679847337692976,
    24.860126972107675,
    25.041723500672486,
    25.22464654294432,
    25.408905788748356,
    25.59451099869133,
    25.78147200467859,
    25.969798710434898,
    26.159501092029053,
    26.350589198402353,
    26.54307315190091,
    26.73696314881183,
    26.932269459903367,
    27.129002430968956,
    27.327172483375275,
    27.526790114614258,
    27.727865898859232,
    27.930410487524966,
    28.134434609831963,
    28.339949073374786,
    28.546964764694568,
    28.75549264985569,
    28.965543775026678,
    29.177129267065336,
    29.390260334108177,
    29.60494826616413,
    29.821204435712588,
    30.039040298305846,
    30.258467393175923,
    30.479497343845818,
    30.702141858745236,
