{
  "c": 0.05,
  "f1": 0.32911392405063294,
  "prec": 0.21666666666666667,
  "rec": 0.6842105263157895,
  "tp": 13,
  "fp": 47,
  "fn": 6,
  "tn": 14
}