{
  "cm_at_c1": {
    "TP": 0,
    "TN": 132,
    "FP": 0,
    "FN": 46,
    "precision": 0.0,
    "recall": 0.0,
    "accuracy": 0.7415730337078652,
    "F1": 0.0
  },
  "pr_auc": 0.2751893318668382,
  "roc_auc": 0.5509716732542819,
  "prevalence": 0.25842696629213485,
  "normalized_auprc": 0.022603796002251476,
  "c_grid": [
    2.017582743863331,
    2.034255059286616,
    2.051065146557137,
    2.068014144153948,
    2.0851031999639362,
    2.1023334713595636,
    2.119706125277251,
    2.1372223382964113,
    2.154883296719132,
    2.1726901966505197,
    2.1906442440797096,
    2.208746654961538,
    2.2269986552988974,
    2.2454014812257683,
    2.263956379090935,
    2.2826646055424,
    2.3015274276124864,
    2.3205461228036546,
    2.3397219791750175,
    2.3590562954295784,
    2.378550381002186,
    2.3982055561482167,
    2.4180231520329913,
    2.4380045108219277,
    2.458150985771442,
    2.4784639413205984,
    2.4989447531835167,
    2.5195948084425446,
    2.5404155056421986,
    2.561408254883882,
    2.582574477921386,
    2.6039156082571777,
    2.6254330912394863,
    2.6471283841601916,
    2.6690029563535185,
    2.6910582892955515,
    2.7132958767045663,
    2.735717224642196,
    2.7583238516154283,
    2.781117288679449,
    2.804099079541334,
    2.8272707806645982,
    2.850633961374608,
    2.8741902039648677,
    2.897941103804178,
    2.921888269444686,
    2.946033322730827,
    2.9703778989091627,
    2.994923646739133,
    3.0196722286047164,
    3.044625320627019,
    3.0697846127777915,
    3.095151808993881,
    3.120728627292637,
    3.14651679988826,
    3.1725180733091216,
    3.198734208516048,
    3.2251669810215824,
    3.251818181010235,
    3.2786896134597225,
    3.305783098263215,
    3.3331004703525857,
    3.3606435798226877,
    3.3884142920566536,
    3.4164144878522222,
    3.4446460635491314,
    3.4731109311575334,
    3.501811018487504,
    3.5307482692795897,
    3.559924643336462,
    3.5893421166556387,
    3.6190026815633143,
    3.64890834684929,
    3.6790611379030236,
    3.709463096850797,
    3.740116282694025,
    3.7710227714487004,
    3.802184656285996,
    3.8336040476740245,
    3.8652830735207746,
    3.897223879318224,
    3.929428628287644,
    3.9618995015261076,
    3.9946386981542057,
    4.027648435464984,
    4.060930949074111,
    4.0944884930712915,
    4.1283233401729165,
    4.162437781876001,
    4.196834128613359,
    4.231514709910099,
    4.266481874541375,
    4.301737990691476,
    4.337285446114198,
    4.373126648294573,
    4.409264024611901,
    4.445700022504165,
    4.4824371096337705,
    4.5194777740546765,
    4.556824524380903,
    4.594479889956426,
    4.63244642102648,
    4.670726688910281,
    4.709323286175162,
    4.748238826812168,
    4.787475946413079,
    4.827037302348921,
    4.866925573949928,
    4.9071434626870065,
    4.947693692354698,
    4.988579009255644,
    5.029802182386592,
    5.071366003625913,
    5.113273287922703,
    5.155526873487409,
    5.198129621984068,
    5.241084418724095,
    5.28439417286172,
    5.328061817590984,
    5.372090310344419,
    5.416482632993318,
    5.461241792049711,
    5.506370818869958,
    5.551872769860074,
    5.597750726682709,
    5.644007796465865,
    5.690647112013329,
    5.737671832016841,
    5.785085141270026,
    5.832890250884082,
    5.881090398505255,
    5.9296888485341155,
    5.97868889234664,
    6.028093848517125,
    6.077907063042938,
    6.1281319095711275,
    6.178771789626918,
    6.229830132844058,
    6.281310397197122,
    6.333216069235681,
    6.385550664320458,
    6.438317726861376,
    6.4915208305576435,
    6.545163578639758,
    6.599249604113552,
    6.653782570006238,
    6.70876616961449,
    6.764204126754579,
    6.8201001960145655,
    6.87645816300859,
    6.933281844633252,
    6.990575089326116,
    7.048341777326348,
    7.106585820937509,
    7.165311164792523,
    7.224521786120824,
    7.284221695017726,
    7.344414934716002,
    7.405105581859723,
    7.4662977467803495,
    7.527995573775105,
    7.590203241387658,
    7.652924962691113,
    7.716164985573347,
    7.779927593024703,
    7.844217103428056,
    7.909037870851282,
    7.974394285342141,
    8.0402907732256,
    8.106731797403603,
    8.173721857657332,
    8.241265490951955,
    8.309367271743897,
    8.37803181229065,
    8.447263762963146,
    8.517067812560702,
    8.587448688628573,
    8.658411157778136,
    8.729960026009707,
    8.802100139038034,
    8.874836382620481,
    8.948173682887912,
    9.02211700667833,
    9.09667136187325,
    9.171841797736864,
    9.247633405258016,
    9.324051317494984,
    9.401100709923126,
    9.478786800785393,
    9.55711485144574,
    9.63609016674545,
    9.715718095362428,
    9.796004030173421,
    9.87695340861928,
    9.958571713073187,
    10.040864471211988,
    10.123837256390525,
    10.207495688019135,
    10.291845431944191,
    10.376892200831845,
    10.462641754554936,
    10.54909990058307,
    10.636272494375923,
    10.72416543977983,
    10.812784689427618,
    10.902136245141767,
    10.992226158340863,
    11.083060530449446,
    11.174645513311257,
    11.266987309605856,
    11.360092173268702,
    11.453966409914706,
    11.54861637726531,
    11.644048485579045,
    11.740269198085672,
    11.837285031423912,
    11.935102556082814,
    12.033728396846723,
    12.13316923324394,
    12.233431799999146,
    12.334522887489454,
    12.436449342204353,
    12.539218067209363,
    12.642836022613544,
    12.747310226040888,
    12.852647753105607,
    12.958855737891325,
    13.065941373434217,
    13.173911912210194,
    13.282774666626086,
    13.392537009514868,
    13.503206374634985,
    13.614790257173818,
    13.727296214255317,
    13.840731865451808,
    13.95510489330001,
    14.070423043821364,
    14.186694127046653,
    14.30392601754493,
    14.422126654956807,
    14.541304044532204,
    14.661466257672517,
    14.782621432477251,
    14.904777774295159,
    15.02794355627998,
    15.15212711995076,
    15.277336875756758,
    15.403581303647078,
    15.530868953644953,
    15.65920844642682,
    15.788608473906176,
    15.919077799822237,
    16.050625260333444,
    16.183259764615936,
    16.31699029546692,
    16.451825909913044,
    16.58777573982378,
    16.724848992529882,
    16.863054951446998,
    17.002402976704378,
    17.142902505778775,
    17.284563054133624,
    17.427394215863508,
    17.571405664343906,
    17.716607152886326,
    17.863008515398846,
    18.010619667052172,
    18.159450604951125,
    18.309511408811684,
    18.460812241643655,
    18.613363350439005,
    18.76717506686581,
    18.922257807968002,
    19.07862207687084,
    19.236278463492265,
    19.395237645260128,
    19.555510387835323,
    19.71710754584086,
    19.880040063597043,
    20.044318975862698,
    20.209955408582502,
    20.37696057964042,
    20.54534579961959,
    20.715122472568233,
    20.88630209677205,
    21.058896265532955,
    21.232916667954168,
    21.408375089732,
    21.585283413953956,
    21.763653621903583,
    21.94349779387181,
    22.124828109975248,
    22.307656850980997,
    22.49199639913843,
    22.677859239017682,
    22.865257958355343,
    23.054205248906857,
    23.24471390730615,
    23.43679683593218,
    23.630467043782932,
    23.825737647356338,
    24.022621871538675,
    24.221133050500125,
    24.421284628597995,
    24.623090161287156,
    24.826563316038133,
    25.031717873262664,
    25.238567727247126,
    25.44712688709346,
    25.657409477667947,
    25.869429740557887,
    26.08320203503598,
    26.298740839033027,
    26.516060750118307,
    26.7351764864883,
    26.956102887963365,
    27.17885491699295,
    27.40344765966883,
    27.62989632674688,
    27.85821625467712,
    28.088422906642574,
    28.3205318736064,
    28.554558875367867,
    28.79051976162688,
    29.028430513057586,
    29.268307242390563,
    29.51016619550414,
