{
  "cm_at_c1": {
    "TP": 0,
    "TN": 133,
    "FP": 0,
    "FN": 47,
    "precision": 0.0,
    "recall": 0.0,
    "accuracy": 0.7388888888888889,
    "F1": 0.0
  },
  "pr_auc": 0.28672560141299497,
  "roc_auc": 0.4891217405215165,
  "prevalence": 0.2611111111111111,
  "normalized_auprc": 0.03466622747623377,
  "auprg": NaN,
  "ece_rank": 0.348158379373849,
  "c_grid": [
    6.407287463513103,
    6.459289476591412,
    6.511713541806384,
    6.564563084563992,
    6.617841558071048,
    6.671552443560849,
    6.72569925052063,
    6.780285516920885,
    6.835314809446536,
    6.890790723729973,
    6.9467168845860074,
    7.003096946248713,
    7.05993459261019,
    7.117233537461282,
    7.174997524734222,
    7.233230328747276,
    7.2919357544513534,
    7.3511176376786205,
    7.41077984539314,
    7.470926275943533,
    7.531560859317709,
    7.592687557399641,
    7.6543103642282455,
    7.716433306258348,
    7.779060442623779,
    7.84219586540259,
    7.905843699884441,
    7.970008104840144,
    8.034693272793398,
    8.099903430294729,
    8.16564283819766,
    8.231915791937109,
    8.298726621810058,
    8.366079693258495,
    8.433979407154656,
    8.502430200088577,
    8.571436544657983,
    8.641002949760525,
    8.711133960888402,
    8.781834160425358,
    8.8531081679461,
    8.924960640518135,
    8.997396273006073,
    9.07041979837839,
    9.14403598801668,
    9.218249652027419,
    9.293065639556252,
    9.36848883910485,
    9.44452417885032,
    9.521176626967216,
    9.59845119195216,
    9.676352922951088,
    9.754886910089185,
    9.83405828480346,
    9.91387222017804,
    9.994333931282185,
    10.075448675511021,
    10.157221752929104,
    10.239658506616673,
    10.322764323018822,
    10.406544632297408,
    10.49100490868588,
    10.576150670846982,
    10.661987482233306,
    10.74852095145085,
    10.835756732625459,
    10.923700525772267,
    11.012358077168173,
    11.10173517972725,
    11.191837673379307,
    11.282671445451443,
    11.37424243105272,
    11.466556613462005,
    11.559620024518866,
    11.653438745017748,
    11.748018905105248,
    11.84336668468068,
    11.939488313799892,
    12.036390073082295,
    12.134078294121293,
    12.232559359897943,
    12.33183970519804,
    12.4319258170326,
    12.532824235061653,
    12.634541552021629,
    12.737084414156058,
    12.840459521649873,
    12.944673629067214,
    13.049733545792737,
    13.155646136476578,
    13.262418321482864,
    13.370057077341896,
    13.47856943720603,
    13.587962491309169,
    13.6982433874301,
    13.809419331359491,
    13.921497587370723,
    14.034485478694577,
    14.148390387997681,
    14.263219757864954,
    14.378981091285857,
    14.495681952144656,
    14.613329965714682,
    14.73193281915651,
    14.851498262020302,
    14.97203410675211,
    15.093548229204371,
    15.21604856915054,
    15.339543130803824,
    15.46403998334023,
    15.589547261425775,
    15.716073165748014,
    15.843625963551908,
    15.972213989179945,
    16.101845644616784,
    16.232529400038175,
    16.364273794364436,
    16.49708743581841,
    16.630979002487877,
    16.765957242892636,
    16.902030976556095,
    17.039209094581548,
    17.17750056023317,
    17.3169144095216,
    17.45745975179444,
    17.59914577033139,
    17.74198172294432,
    17.885976942582214,
    18.031140837940903,
    18.177482894077922,
    18.325012673032198,
    18.473739814448866,
    18.623674036209152,
    18.774825135065274,
    18.92720298728065,
    19.08081754927515,
    19.23567885827566,
    19.391797032971958,
    19.54918227417786,
    19.70784486549769,
    19.867795173998285,
    20.029043650886333,
    20.191600832191305,
    20.355477339453852,
    20.520683880419806,
    20.687231249739856,
    20.85513032967486,
    21.024392090806913,
    21.195027592756155,
    21.3670479849034,
    21.540464507118653,
    21.715288490495514,
    21.89153135809159,
    22.069204625674864,
    22.2483199024761,
    22.428888891947445,
    22.61092339252711,
    22.794435298410303,
    22.9794366003264,
    23.16593938632239,
    23.35395584255274,
    23.543498254075626,
    23.734579005655675,
    23.92721058257318,
    24.121405571439844,
    24.31717666102125,
    24.51453664306591,
    24.71349841314113,
    24.914074971475586,
    25.116279423808727,
    25.320124982247158,
    25.525624966127893,
    25.73279280288868,
    25.941642028945346,
    26.152186290576207,
    26.364439344813793,
    26.578415060343747,
    26.794127418410923,
    27.011590513733033,
    27.230818555421507,
    27.451825867909967,
    27.674626891890217,
    27.89923618525572,
    28.125668424052925,
    28.353938403440097,
    28.584061038654085,
    28.81605136598494,
    29.049924543758284,
    29.285695853325866,
    29.523380700063967,
    29.76299461438002,
    30.00455325272743,
    30.24807239862846,
    30.493567963705647,
    30.741055988721385,
    30.99055264462606,
    31.242074233614712,
    31.495637190192138,
    31.75125808224683,
    32.00895361213343,
    32.26874061776412,
    32.530636073708806,
    32.794657092304284,
    33.060820924772266,
    33.32914496234666,
    33.5996467374099,
    33.87234392463853,
    34.147254342158064,
    34.424395952707194,
    34.70378686481153,
    34.98544533396677,
    35.26938976383161,
    35.55563870743015,
    35.84421086836417,
    36.135125102035275,
    36.42840041687685,
    36.724055975596166,
    37.022111096426414,
    37.32258525438895,
    37.625498082565834,
    37.93086937338265,
    38.23871907990178,
    38.54906731712611,
    38.861934363313345,
    39.17734066130101,
    39.49530681984218,
    39.81585361495211,
    40.13900199126572,
    40.46477306340608,
    40.79318811736408,
    41.12426861188927,
    41.45803617989202,
    41.79451262985697,
    42.13371994726796,
    42.47568029604469,
    42.82041601999078,
    43.16794964425386,
    43.5183038767973,
    43.87150160988391,
    44.2275659215718,
    44.58652007722228,
    44.94838753102005,
    45.31319192750572,
    45.68095710312063,
    46.05170708776448,
    46.42546610636534,
    46.802258580462635,
    47.18210912980278,
    47.5650425739478,
    47.95108393389711,
    48.34025843372239,
    48.732591502215755,
    49.12810877455126,
    49.52683609395985,
    49.928799513418056,
    50.33402529735023,
    50.742539923344786,
    51.154370083884146,
    51.569542688088845,
    51.98808486347582,
    52.410023957730886,
    52.835387540495745,
    53.264203405169305,
    53.69649957072369,
    54.13230428353506,
    54.57164601922922,
    55.01455348454227,
    55.461055619196294,
    55.911181597790204,
    56.36496083170609,
    56.82242297103107,
    57.28359790649439,
    57.74851577142079,
    58.21720694369915,
    58.68970204776755,
    59.1660319566143,
    59.64622779379504,
    60.13032093546659,
    60.61834301243684,
    61.11032591223164,
    61.6063017811784,
    62.10630302650639,
    62.610362318464404,
    63.11851259245528,
    63.63078705118801,
    64.14721916684725,
    64.66784268328027,
    65.19269161820198,
    65.72180026541743,
    66.25520319706274,
    66.79293526586406,
    67.33503160741475,
    67.88152764247126,
    68.43245907926743,
    68.98786191584776,
    69.54777244241957,
    70.11222724372402,
    70.68126320142686,
    71.25491749652802,
    71.83322761179112,
    72.41623133419277,
    73.00396675739128,
    73.59647228421602,
    74.19378662917637,
    74.79594882099168,
    75.40299820514109,
    76.01497444643452,
    76.63191753160453,
    77.25386777191873,
    77.88086580581414,
    78.5129526015521,
    79.15016945989542,
    79.79255801680702,
    80.44016024617015,
    81.09301846253136,
    81.75117532386501,
    82.41467383436068,
    83.08355734723327,
    83.7578695675553,
    84.43765455511308,
    85.12295672728521,
    85.81382086194499,
    86.51029210038632,
    87.212415950273,
    87.92023828861248,
    88.63380536475327,
    89.35316380340693,
