{
  "cm_at_c1": {
    "TP": 0,
    "TN": 144,
    "FP": 0,
    "FN": 36,
    "precision": 0.0,
    "recall": 0.0,
    "accuracy": 0.8,
    "F1": 0.0
  },
  "pr_auc": 0.34984756071570655,
  "roc_auc": 0.7339891975308642,
  "prevalence": 0.2,
  "normalized_auprc": 0.18730945089463316,
  "auprg": NaN,
  "ece_rank": 0.3118477593615716,
  "c_grid": [
    2.8325130714296005,
    2.86129981388047,
    2.8903791151016027,
    2.9197539483587036,
    2.949427317134682,
    2.9794022554367547,
    3.0096818281066557,
    3.0402691311340133,
    3.071167291972901,
    3.102379469861612,
    3.133908856145678,
    3.165758674604179,
    3.197932181779361,
    3.2304326673096067,
    3.2632634542657923,
    3.2964278994910616,
    3.3299293939440475,
    3.363771363045594,
    3.3979572670289895,
    3.4324906012937646,
    3.467374896763089,
    3.5026137202447933,
    3.538210674796068,
    3.574169400091858,
    3.610493572797014,
    3.64718690694222,
    3.684253154303733,
    3.7216961047869996,
    3.7595195868141573,
    3.7977274677154798,
    3.8363236541247945,
    3.875312092378932,
    3.914696768921218,
    3.9544817107090804,
    3.994670985625789,
    4.035268702896388,
    4.0762790135078415,
    4.117706110633472,
    4.159554230061692,
    4.201827650629095,
    4.244530694657962,
    4.287667728398202,
    4.331243162473784,
    4.375261452333712,
    4.419727098707581,
    4.464644648065759,
    4.510018693084254,
    4.5558538731142955,
    4.602154874656698,
    4.648926431841037,
    4.696173326909698,
    4.743900390706853,
    4.792112503172386,
    4.840814593840864,
    4.89001164234556,
    4.939708678927605,
    4.989910784950312,
    5.040623093418737,
    5.091850789504501,
    5.143599111075967,
    5.195873349233793,
    5.248678848851925,
    5.3020210091241,
    5.35590528411589,
    5.410337183322372,
    5.465322272231443,
    5.5208661728928865,
    5.576974564493202,
    5.633653183936285,
    5.690907826430007,
    5.748744346078757,
    5.8071686564820055,
    5.86618673133895,
    5.925804605059311,
    5.986028373380324,
    6.046864193990017,
    6.108318287156803,
    6.170396936365498,
    6.233106488959773,
    6.296453356791161,
    6.360444016874638,
    6.425085012050887,
    6.490382951655277,
    6.556344512193643,
    6.622976438024945,
    6.6902855420508525,
    6.758278706412346,
    6.8269628831933895,
    6.896345095131761,
    6.966432436337102,
    7.037232073016274,
    7.108751244206074,
    7.180997262513404,
    7.253977514862968,
    7.327699463252553,
    7.402170645516,
    7.477398676093917,
    7.55339124681224,
    7.630156127668692,
    7.707701167627241,
    7.786034295420634,
    7.865163520361083,
    7.945096933159187,
    8.025842706751192,
    8.107409097134635,
    8.189804444212507,
    8.273037172645969,
    8.357115792715753,
    8.442048901192313,
    8.52784518221481,
    8.614513408179045,
    8.702062440634402,
    8.790501231189918,
    8.879838822429557,
    8.970084348836785,
    9.06124703772853,
    9.153336210198665,
    9.246361282071051,
    9.340331764862267,
    9.435257266754146,
    9.531147493576178,
    9.628012249797884,
    9.725861439531318,
    9.82470506754371,
    9.924553240280437,
    10.025416166898355,
    10.12730416030967,
    10.230227638236402,
    10.334197124275535,
    10.439223248975077,
    10.54531675092093,
    10.652488477834934,
    10.760749387683981,
    10.870110549800444,
    10.980583146013977,
    11.092178471794806,
    11.204907937408707,
    11.318783069083596,
    11.433815510188102,
    11.550017022422049,
    11.667399487019047,
    11.785974905961323,
    11.905755403206852,
    12.026753225929061,
    12.148980745768977,
    12.272450460100254,
    12.397174993306963,
    12.523167098074397,
    12.650439656693,
    12.779005682375512,
    12.90887832058759,
    13.040070850391809,
    13.172596685805466,
    13.306469377172109,
    13.44170261254697,
    13.578310219096618,
    13.71630616451263,
    13.855704558439834,
    13.996519653918929,
    14.138765848843827,
    14.282457687433793,
    14.427609861720518,
    14.574237213050399,
    14.722354733601932,
    14.87197756791868,
    15.02312101445773,
    15.175800527153912,
    15.330031716999924,
    15.485830353642466,
    15.643212366994726,
    15.802193848865047,
    15.962791054602352,
    16.125020404758168,
    16.28889848676557,
    16.454442056635223,
    16.621668040668553,
    16.79059353718854,
    16.96123581828782,
    17.133612331594808,
    17.307740702057632,
    17.483638733746176,
    17.661324411672595,
    17.840815903630105,
    18.0221315620507,
    18.205289925881512,
    18.390309722480456,
    18.577209869531004,
    18.766009476976418,
    18.956727848973784,
    19.14938448586768,
    19.343999086184116,
    19.540591548644592,
    19.739181974200708,
    19.93979066808942,
    20.142438141909125,
    20.347145115717044,
    20.553932520147622,
    20.76282149855273,
    20.97383340916345,
    21.186989827273923,
    21.40231254744733,
    21.619823585744285,
    21.839545181974014,
    22.061499801968157,
    22.28571013987796,
    22.5121991204946,
    22.740989901593196,
    22.972105876300635,
    23.205570675487376,
    23.441408170183767,
    23.679642474020607,
    23.920297945694834,
    24.163399191460055,
    24.40897106764243,
    24.65703868318227,
    24.907627402201193,
    25.160762846595627,
    25.416470898656545,
    25.67477770371583,
    25.935709672819577,
    26.19929348542847,
    26.465556092145818,
    26.73452471747298,
    27.00622686259313,
    27.280690308183107,
    27.5579431172539,
    27.83801363802002,
    28.120930506797954,
    28.406722650934277,
    28.69541929176319,
    28.987049947594475,
    29.281644436731547,
    29.57923288052033,
    29.879845706429045,
    30.18351365115934,
    30.490267763788975,
    30.800139408946553,
    31.11316027001842,
    31.429362352388193,
    31.748777986709204,
    32.07143983221024,
    32.397380880034746,
    32.726634456614214,
    33.05923422707558,
    33.395214198683426,
    33.734608724317134,
    34.077452505983295,
    34.42378059836396,
    34.773628412400775,
    35.12703171891572,
    35.48402665226851,
    35.84464971405127,
    36.20893777682065,
    36.576928087867955,
    36.948658273027526,
    37.324166340523924,
    37.70349068485812,
    38.086670090733186,
    38.473743737019944,
    38.86475120076286,
    39.25973246122668,
    39.65872790398415,
    40.06177832504537,
    40.468924935029,
    40.880209363375975,
    41.29567366260591,
    41.7153603126169,
    42.13931222502888,
    42.567572747571305,
    43.000185668515215,
    43.437195221150525,
    43.87864608830867,
    44.324583406931346,
    44.77505277268558,
    45.230100244625696,
    45.68977234990283,
    46.15411608852207,
    46.62317893814813,
    47.09700885895971,
    47.57565429855339,
    48.05916419689706,
    48.54758799133408,
    49.040975621637976,
    49.53937753511862,
    50.042844691780346,
    50.55142856953243,
    51.065181169452565,
    51.5841550211037,
    52.10840318790519,
    52.63797927255825,
    53.17293742252666,
    53.71333233557323,
    54.25921926535241,
    54.810654027059854,
    55.36769300313926,
    55.93039314904741,
    56.498811999077596,
    57.07300767224237,
    57.65303887821598,
    58.23896492333731,
    58.830845716673664,
    59.428741776146374,
    60.03271423471855,
    60.64282484664567,
    61.25913599378981,
    61.88171069199799,
    62.51061259754533,
    63.14590601364364,
    63.78765589701632,
    64.43592786453996,
    65.09078819995338,
    65.75230386063502,
    66.4205424844491,
    67.09557239666124,
    67.77746261692474,
    68.46628286633742,
    69.16210357457051,
    69.86499588706975,
    70.5750316723299,
    71.29228352924295,
    72.01682479452117,
    72.74872955019558,
    73.48807263119059,
    74.23492963297564,
    74.98937691929454,
    75.75149162997353,
    76.52135168880835,
    77.29903581153205,
