{
  "cm_at_c1": {
    "TP": 0,
    "TN": 87,
    "FP": 0,
    "FN": 33,
    "precision": 0.0,
    "recall": 0.0,
    "accuracy": 0.725,
    "F1": 0.0
  },
  "pr_auc": 0.3222136161287019,
  "roc_auc": 0.5743643329850227,
  "prevalence": 0.275,
  "normalized_auprc": 0.0651222291430371,
  "auprg": NaN,
  "ece_rank": 0.2978650137741047,
  "c_grid": [
    6.915278834730483,
    6.963582793691711,
    7.0122241609494225,
    7.061205293336492,
    7.1105285641485265,
    7.1601963632588514,
    7.210211097234314,
    7.260575189451888,
    7.311291080216092,
    7.362361226877231,
    7.4137881039504645,
    7.465574203235704,
    7.517722033938349,
    7.570234122790864,
    7.62311301417521,
    7.676361270246129,
    7.729981471055281,
    7.783976214676269,
    7.8383481173305105,
    7.893099813514012,
    7.948233956125012,
    8.003753216592528,
    8.059660285005796,
    8.115957870244603,
    8.17264870011056,
    8.229735521459256,
    8.287221100333362,
    8.34510822209665,
    8.403399691568955,
    8.462098333162078,
    8.521206991016635,
    8.580728529139868,
    8.640665831544418,
    8.701021802388055,
    8.761799366114404,
    8.823001467594642,
    8.88463107227018,
    8.946691166296356,
    9.00918475668712,
    9.072114871460736,
    9.135484559786494,
    9.199296892132462,
    9.263554960414252,
    9.328261878144835,
    9.3934207805854,
    9.45903482489727,
    9.52510719029488,
    9.591641078199812,
    9.658639712395921,
    9.726106339185534,
    9.794044227546745,
    9.86245666929181,
    9.931346979226642,
    10.000718495311425,
    10.07057457882236,
    10.140918614514506,
    10.211754010785807,
    10.283084199842223,
    10.354912637864043,
    10.42724280517334,
    10.500078206402607,
    10.573422370664572,
    10.647278851723188,
    10.721651228165829,
    10.79654310357668,
    10.871958106711348,
    10.947899891672686,
    11.024372138087838,
    11.101378551286542,
    11.178922862480656,
    11.257008828944949,
    11.33564023419916,
    11.414820888191306,
    11.494554627482305,
    11.57484531543186,
    11.655696842385652,
    11.737113125863837,
    11.819098110750875,
    11.901655769486656,
    11.984790102258989,
    12.068505137197421,
    12.152804930568411,
    12.237693566971874,
    12.323175159539087,
    12.40925385013199,
    12.495933809543866,
    12.583219237701437,
    12.671114363868357,
    12.75962344685014,
    12.84875077520051,
    12.938500667429192,
    13.028877472211162,
    13.119885568597358,
    13.211529366226848,
    13.303813305540507,
    13.396741857996155,
    13.490319526285221,
    13.584550844550922,
    13.679440378607937,
    13.774992726163653,
    13.87121251704093,
    13.968104413402438,
    14.065673109976544,
    14.163923334284794,
    14.262859846870978,
    14.362487441531789,
    14.4628109455491,
    14.563835219923865,
    14.665565159611644,
    14.768005693759783,
    14.871161785946246,
    14.975038434420123,
    15.079640672343801,
    15.184973568036844,
    15.291042225221567,
    15.39785178327033,
    15.505407417454553,
    15.61371433919548,
    15.722777796316693,
    15.832603073298369,
    15.94319549153335,
    16.054560409584973,
    16.166703223446707,
    16.279629366803608,
    16.39334431129561,
    16.50785356678263,
    16.623162681611536,
    16.739277242885,
    16.85620287673219,
    16.973945248581405,
    17.09251006343454,
    17.21190306614355,
    17.332130041688785,
    17.45319681545931,
    17.575109253535143,
    17.6978732629715,
    17.821494792084998,
    17.94597983074189,
    18.071334410648284,
    18.197564605642384,
    18.324676531988807,
    18.452676348674938,
    18.581570257709334,
    18.711364504422246,
    18.84206537776822,
    18.97367921063082,
    19.10621238012948,
    19.23967130792849,
    19.37406246054814,
    19.509392349678066,
    19.645667532492745,
    19.78289461196921,
    19.921080237206997,
    20.06023110375031,
    20.200353953912444,
    20.34145557710247,
    20.483542810154194,
    20.62662253765745,
    20.770701692291652,
    20.915787255161725,
    21.061886256136354,
    21.209005774188608,
    21.357152937738924,
    21.506334925000534,
    21.656558964327235,
    21.80783233456366,
    21.960162365397938,
    22.113556437716852,
    22.268021983963465,
    22.423566488497247,
    22.58019748795672,
    22.737922571624615,
    22.896749381795626,
    23.056685614146684,
    23.21773901810984,
    23.37991739724775,
    23.543228609631797,
    23.70768056822282,
    23.87328124125454,
    24.040038652619625,
    24.207960882258504,
    24.377056066550843,
    24.54733239870978,
    24.71879812917893,
    24.89146156603213,
    25.065331075375997,
    25.240415081755295,
    25.41672206856113,
    25.594260578441993,
    25.773039213717695,
    25.95306663679616,
    26.134351570593147,
    26.316902798954924,
    26.500729167083858,
    26.68583958196698,
    26.8722430128076,
    27.059948491459846,
    27.248965112866316,
    27.439302035498756,
    27.63096848180181,
    27.823973738639868,
    28.018327157747077,
    28.214038156180422,
    28.41111621677605,
    28.609570888608722,
    28.8094117874545,
    29.01064859625667,
    29.213291065594902,
    29.417349014157715,
    29.6228323292182,
    29.829750967113107,
    30.038114953725263,
    30.247934384969348,
    30.459219427281088,
    30.671980318109835,
    30.886227366414627,
    31.101970953163665,
    31.319221531837332,
    31.53798962893467,
    31.758285844483453,
    31.980120852553767,
    32.20350540177522,
    32.42845031585773,
    32.654966494115996,
    32.883064911997586,
    33.11275662161474,
    33.34405275227987,
    33.57696451104483,
    33.81150318324392,
    34.0476801330407,
    34.28550680397862,
    34.52499471953551,
    34.76615548368193,
    35.00900078144336,
    35.25354237946648,
    35.499792126589234,
    35.74776195441495,
    35.997463877890475,
    36.24890999588837,
    36.50211249179306,
    36.75708363409125,
    37.01383577696631,
    37.2723813608969,
    37.53273291325975,
    37.794903048936646,
    38.05890447092567,
    38.3247499709567,
    38.59245243011121,
    38.86202481944638,
    39.13348020062364,
    39.40683172654149,
    39.68209264197284,
    39.95927628420672,
    40.2383960836946,
    40.51946556470103,
    40.802498345959016,
    41.08750814132985,
    41.37450876046762,
    41.663514109488304,
    41.954538191643586,
    42.24759510799936,
    42.542699058118956,
    42.83986434075118,
    43.139105354523096,
    43.440436598637746,
    43.74387267357661,
    44.049428281807124,
    44.357118228495,
    44.66695742222161,
    44.97896087570636,
    45.29314370653412,
    45.60952113788765,
    45.928108499285294,
    46.248921227323734,
    46.57197486642588,
    46.897285069594126,
    47.224867599168725,
    47.554738327591586,
    47.88691323817528,
    48.22140842587756,
    48.558240098081136,
    48.89742457537902,
    49.238978292365324,
    49.582917798431524,
    49.92925975856837,
    50.27802095417335,
    50.62921828386379,
    50.982868764295674,
    51.338989530988115,
    51.69759783915368,
    52.05871106453441,
    52.42234670424375,
    52.788522377614385,
    53.15725582705187,
    53.52856491889437,
    53.90246764427833,
    54.27898212001019,
    54.658126589444215,
    55.03991942336645,
    55.424379120884815,
    55.81152431032548,
    56.20137375013548,
    56.59394632979156,
    56.98926107071549,
    57.3873371271957,
    57.788193787315365,
    58.191850473886966,
    58.5983267453934,
    59.00764229693565,
    59.41981696118708,
    59.834870709354384,
    60.25282365214526,
    60.673696040742854,
    61.097508267786964,
    61.524280868362155,
    61.95403452099275,
    62.38679004864476,
    62.82256841973484,
    63.26139074914625,
    63.70327829925198,
    64.14825248094493,
    64.5963348546754,
    65.0475471314957,
    65.5019111741122,
    65.95944899794452,
    66.42018277219242,
    66.88413482090982,
