{
  "c": 0.05,
  "f1": 0.36585365853658536,
  "prec": 0.25,
  "rec": 0.6818181818181818,
  "tp": 15,
  "fp": 45,
  "fn": 7,
  "tn": 13
}