{
  "cm_at_c1": {
    "TP": 0,
    "TN": 129,
    "FP": 0,
    "FN": 50,
    "precision": 0.0,
    "recall": 0.0,
    "accuracy": 0.7206703910614525,
    "F1": 0.0
  },
  "pr_auc": 0.35286905175435046,
  "roc_auc": 0.609922480620155,
  "prevalence": 0.27932960893854747,
  "normalized_auprc": 0.10204310282192819,
  "auprg": NaN,
  "ece_rank": 0.24134078212290505,
  "c_grid": [
    5.463677619211451,
    5.500047183022277,
    5.536658844786894,
    5.573514216056642,
    5.610614919110325,
    5.647962587025622,
    5.685558863750973,
    5.7234054041779405,
    5.761503874214047,
    5.799855950856114,
    5.838463322264075,
    5.877327687835281,
    5.916450758279306,
    5.955834255693253,
    5.995479913637544,
    6.035389477212239,
    6.075564703133848,
    6.116007359812651,
    6.1567192274305444,
    6.197702098019401,
    6.238957775539946,
    6.280488075961166,
    6.322294827340242,
    6.364379869903019,
    6.406745056125002,
    6.449392250812901,
    6.492323331186717,
    6.5355401869623675,
    6.579044720434868,
    6.6228388465620736,
    6.666924493048957,
    6.711303600432473,
    6.7559781221669715,
    6.800950024710182,
    6.8462212876097714,
    6.8917939035904885,
    6.937669878641862,
    6.983851232106514,
    7.030339996769035,
    7.077138218945474,
    7.1242479585734,
    7.171671289302577,
    7.219410298586255,
    7.267467087773035,
    7.315843772199373,
    7.364542481282694,
    7.4135653586151244,
    7.462914562057841,
    7.512592263836057,
    7.562600650634643,
    7.612941923694371,
    7.663618298908813,
    7.714632006921879,
    7.7659852932260005,
    7.817680418260972,
    7.869719657513456,
    7.922105301617135,
    7.974839656453542,
    8.02792504325357,
    8.081363798699629,
    8.135158275028507,
    8.189310840134924,
    8.243823877675737,
    8.298699787174877,
    8.353940984128974,
    8.409549900113662,
    8.465528982890632,
    8.521880696515357,
    8.578607521445576,
    8.635711954650453,
    8.693196509720506,
    8.751063716978233,
    8.809316123589513,
    8.867956293675695,
    8.926986808426488,
    8.986410266213577,
    9.04622928270498,
    9.106446490980195,
    9.167064541646107,
    9.22808610295365,
    9.289513860915255,
    9.351350519423097,
    9.413598800368092,
    9.476261443759725,
    9.539341207846652,
    9.602840869238113,
    9.666763223026138,
    9.731111082908606,
    9.795887281313073,
    9.861094669521453,
    9.92673611779554,
    9.992814515503328,
    10.059332771246204,
    10.126293812986985,
    10.193700588178773,
    10.261556063894728,
    10.329863226958654,
    10.398625084076459,
    10.467844661968533,
    10.537525007502941,
    10.607669187829572,
    10.678280290515128,
    10.749361423679023,
    10.82091571613022,
    10.892946317504936,
    10.965456398405273,
    11.038449150538803,
    11.111927786859047,
    11.185895541706884,
    11.26035567095295,
    11.335311452140942,
    11.410766184631859,
    11.486723189749277,
    11.563185810925525,
    11.640157413848826,
    11.717641386611502,
    11.795641139859072,
    11.87416010694037,
    11.953201744058711,
    12.032769530424003,
    12.11286696840587,
    12.193497583687861,
    12.274664925422623,
    12.356372566388101,
    12.438624103144846,
    12.521423156194304,
    12.604773370138163,
    12.688678413838817,
    12.773141980580844,
    12.858167788233548,
    12.943759579414658,
    13.029921121655043,
    13.11665620756453,
    13.203968654998885,
    13.29186230722785,
    13.380341033104285,
    13.46940872723451,
    13.559069310149717,
    13.64932672847852,
    13.740184955120714,
    13.831647989422134,
    13.923719857350672,
    14.01640461167354,
    14.109706332135628,
    14.203629125639075,
    14.298177126424088,
    14.393354496250863,
    14.489165424582824,
    14.585614128771022,
    14.682704854239734,
    14.78044187467339,
    14.878829492204664,
    14.977872037603824,
    15.077573870469406,
    15.17793937942006,
    15.278972982287778,
    15.380679126312327,
    15.483062288336987,
    15.586126975005655,
    15.689877722961196,
    15.794319099045099,
    15.899455700498564,
    16.00529215516482,
    16.111833121692815,
    16.219083289742322,
    16.32704738019035,
    16.43573014533891,
    16.545136369124247,
    16.65527086732741,
    16.766138487786186,
    16.877744110608543,
    16.99009264838742,
    17.103189046416947,
    17.217038282910156,
    17.3316453692181,
    17.447015350050414,
    17.56315330369741,
    17.680064342253587,
    17.797753611842648,
    17.916226292844033,
    18.035487600120952,
    18.155542783249896,
    18.27639712675175,
    18.398055950324387,
    18.52052460907681,
    18.6438084937649,
    18.7679130310287,
    18.89284368363125,
    19.018605950699072,
    19.145205367964245,
    19.272647508008006,
    19.400937980506125,
    19.53008243247578,
    19.660086548524102,
    19.790956051098465,
    19.92269670073833,
    20.055314296328795,
    20.18881467535586,
    20.323203714163444,
    20.458487328211923,
    20.594671472338582,
    20.73176214101979,
    20.869765368634734,
    21.008687229731105,
    21.14853383929254,
    21.289311353007673,
    21.431025967541135,
    21.57368392080641,
    21.71729149224025,
    21.861855003079185,
    22.007380816637752,
    22.153875338588595,
    22.301345017244365,
    22.449796343841662,
    22.599235852826688,
    22.74967012214287,
    22.901105773520467,
    23.053549472768,
    23.207007930065643,
    23.361487900260638,
    23.516996183164604,
    23.673539623852815,
    23.83112511296556,
    23.989759587011434,
    24.149450028672607,
    24.31020346711228,
    24.47202697828404,
    24.63492768524328,
    24.798912758460833,
    24.963989416138553,
    25.130164924526994,
    25.297446598245333,
    25.465841800603314,
    25.635357943925307,
    25.806002489876665,
    25.97778294979212,
    26.1507068850064,
    26.3247819071871,
    26.50001567866971,
    26.67641591279486,
    26.853990374247896,
    27.032746879400648,
    27.21269329665543,
    27.393837546791467,
    27.57618760331352,
    27.7597514928028,
    27.944537295270376,
    28.13055314451279,
    28.317807228470038,
    28.50630778958607,
    28.69606312517157,
    28.887081587769128,
    29.07937158552094,
    29.27294158253899,
    29.467800099277472,
    29.663955712907892,
    29.86141705769673,
    30.060192825385304,
    30.260291765572454,
    30.461722686099765,
    30.664494453439094,
    30.86861599308292,
    31.07409628993733,
    31.28094438871732,
    31.489169394345033,
    31.698780472350542,
    31.909786849275278,
    32.12219781307809,
    32.336022713544175,
    32.551270962696606,
    32.76795203521056,
    32.98607546883047,
    33.20565086478979,
    33.42668788823357,
    33.64919626864403,
    33.87318580026873,
    34.09866634255164,
    34.325647820567255,
    34.55414022545741,
    34.78415361487099,
    35.015698113406785,
    35.24878391305908,
    35.483421273666195,
    35.71962052336227,
    35.95739205903177,
    36.19674634676709,
    36.437693922329395,
    36.68024539161224,
    36.92441143110845,
    37.170202788380124,
    37.417630282531675,
    37.666704804686,
    37.91743731846401,
    38.16983886046713,
    38.42392054076309,
    38.67969354337502,
    38.93716912677375,
    39.196358624373254,
    39.457273445029685,
    39.719925073543486,
    39.98432507116485,
    40.25048507610276,
    40.51841680403721,
    40.7881320486348,
    41.05964268206805,
    41.33296065553787,
    41.60809799979958,
    41.88506682569254,
    42.16387932467334,
    42.44454776935219,
    42.72708451403328,
    43.01150199525869,
    43.29781273235556,
    43.58602932798729,
    43.87616446870843,
    44.1682309255228,
    44.462241554445804,
    44.75820929707046,
    45.056147181136744,
    45.35606832110524,
    45.657985918734404,
    45.961913263661636,
    46.26786373398817,
    46.57585079686812,
    46.885888009101144,
