{
  "cm_at_c1": {
    "TP": 0,
    "TN": 151,
    "FP": 0,
    "FN": 29,
    "precision": 0.0,
    "recall": 0.0,
    "accuracy": 0.8388888888888889,
    "F1": 0.0
  },
  "pr_auc": 0.2014967550412996,
  "roc_auc": 0.4889244119662023,
  "prevalence": 0.16111111111111112,
  "normalized_auprc": 0.04814182720154918,
  "auprg": NaN,
  "ece_rank": 0.3754757519950891,
  "c_grid": [
    4.750091888681794,
    4.79020127492308,
    4.83064934153147,
    4.871438948296206,
    4.912572979154348,
    4.954054342394688,
    4.995885970863366,
    5.038070822171239,
    5.080611878902983,
    5.123512148827977,
    5.166774665112958,
    5.210402486536474,
    5.254398697705145,
    5.298766409271762,
    5.343508758155206,
    5.388628907762252,
    5.434130048211213,
    5.4800153965575085,
    5.526288197021102,
    5.57295172121589,
    5.620009268381006,
    5.6674641656140885,
    5.7153197681065135,
    5.763579459380622,
    5.8122466515289375,
    5.8613247854554125,
    5.910817331118709,
    5.960727787777541,
    6.0110596842380675,
    6.061816579103406,
    6.11300206102522,
    6.164619748957458,
    6.216673292412214,
    6.269166371717767,
    6.322102698278783,
    6.37548601483873,
    6.429320095744485,
    6.483608747213212,
    6.538355807601451,
    6.593565147676513,
    6.649240670890152,
    6.70538631365455,
    6.762006045620626,
    6.819103869958706,
    6.876683823641562,
    6.934749977729831,
    6.993306437659851,
    7.0523573435339255,
    7.111906870413048,
    7.1719592286120815,
    7.232518663997442,
    7.293589458287291,
    7.355175929354271,
    7.417282431530787,
    7.479913355916868,
    7.543073130690628,
    7.606766221421361,
    7.670997131385254,
    7.735770401883797,
    7.801090612564848,
    7.866962381746445,
    7.933390366743317,
    8.000379264196184,
    8.067933810403805,
    8.136058781657868,
    8.204758994580667,
    8.274039306465669,
    8.343904615620918,
    8.41435986171538,
    8.48541002612817,
    8.557060132300766,
    8.629315246092172,
    8.702180476137094,
    8.775660974207124,
    8.849761935574993,
    8.924488599381888,
    8.99984624900788,
    9.075840212445462,
    9.152475862676257,
    9.229758618050907,
    9.307693942672167,
    9.38628734678122,
    9.465544387147276,
    9.545470667460446,
    9.62607183872795,
    9.707353599673642,
    9.789321697140926,
    9.87198192649909,
    9.95534013205305,
    10.039402207456542,
    10.12417409612883,
    10.20966179167493,
    10.29587133830937,
    10.382808831283514,
    10.470480417316544,
    10.558892295030027,
    10.648050715386187,
    10.73796198212986,
    10.828632452234174,
    10.92006853635003,
    11.012276699259344,
    11.105263460332099,
    11.19903539398732,
    11.293599130157883,
    11.388961354759276,
    11.48512881016231,
    11.582108295669807,
    11.679906667997361,
    11.77853084175811,
    11.8779877899516,
    11.978284544456834,
    12.07942819652942,
    12.181425897302933,
    12.284284858294546,
    12.38801235191489,
    12.492615711982232,
    12.598102334241009,
    12.704479676884693,
    12.811755261083153,
    12.919936671514398,
    13.029031556900817,
    13.13904763055,
    13.249992670900072,
    13.361874522069648,
    13.474701094412445,
    13.588480365076538,
    13.703220378568405,
    13.818929247321677,
    13.935615152270687,
    14.053286343428933,
    14.171951140472338,
    14.291617933327487,
    14.412295182764824,
    14.533991420996822,
    14.656715252281282,
    14.780475353529647,
    14.90528047492047,
    15.031139440518114,
    15.158061148896618,
    15.286054573768821,
    15.415128764620908,
    15.545292847352135,
    15.676556024920124,
    15.808927577991527,
    15.942416865598153,
    16.077033325798734,
    16.212786476346192,
    16.34968591536055,
    16.48774132200762,
    16.62696245718324,
    16.76735916420348,
    16.908941369500575,
    17.051719083324702,
    17.1957024004518,
    17.340901500897274,
    17.487326650635698,
    17.63498820232676,
    17.783896596047093,
    17.934062360028527,
    18.0854961114024,
    18.238208556950223,
    18.392210493860713,
    18.54751281049316,
    18.704126487147242,
    18.862062596839436,
    19.02133230608581,
    19.181946875691605,
    19.343917661547383,
    19.507256115431883,
    19.671973785821756,
    19.838082318708043,
    20.005593458419543,
    20.174519048453238,
    20.34487103231163,
    20.516661454347126,
    20.68990246061374,
    20.86460629972569,
    21.04078532372353,
    21.218451988947432,
    21.397618856917855,
    21.578298595223732,
    21.76050397841808,
    21.94424788892115,
    22.129543317931372,
    22.316403366343707,
    22.50484124567605,
    22.694870279003265,
    22.886503901899133,
    23.079755663386354,
    23.274639226894465,
    23.471168371225826,
    23.66935699152997,
    23.869219100285843,
    24.070768828292657,
    24.27402042566894,
    24.47898826286001,
    24.685686831654092,
    24.894130746206873,
    25.104334744074723,
    25.316313687256823,
    25.53008256324576,
    25.745656486087338,
    25.963050697449113,
    26.182280567698005,
    26.40336159698708,
    26.62630941635143,
    26.85113978881327,
    27.07786861049658,
    27.306511911750807,
    27.537085858284414,
    27.76960675230777,
    28.00409103368574,
    28.240555281100093,
    28.479016213221634,
    28.719490689892204,
    28.961995713316817,
    29.206548429265702,
    29.453166128286508,
    29.701866246926958,
    29.95266636896745,
    30.205584226664435,
    30.460637702004085,
    30.717844827966555,
    30.977223789801048,
    31.23879292631152,
    31.502570731153213,
    31.768575854140405,
    32.03682710256474,
    32.30734344252519,
    32.580144000268874,
    32.85524806354333,
    33.132675082960326,
    33.412444673370985,
    33.69457661525255,
    33.97909085610713,
    34.266007511871756,
    34.55534686834088,
    34.84712938260052,
    35.1413756844746,
    35.43810657798365,
    35.73734304281564,
    36.0391062358092,
    36.343417492449746,
    36.65029832837762,
    36.95977044090956,
    37.271855710572645,
    37.586576202651294,
    37.90395416874743,
    38.22401204835367,
    38.5467724704398,
    38.87225825505288,
    39.20049241493047,
    39.53149815712787,
    39.865298884658834,
    40.20191819815021,
    40.54137989751063,
    40.88370798361324,
    41.2289266599925,
    41.57706033455561,
    41.92813362130811,
    42.282171342094145,
    42.63919852835157,
    42.999240422881535,
    43.36232248163341,
    43.728470375504514,
    44.09770999215504,
    44.47006743783854,
    44.84556903924762,
    45.22424134537523,
    45.60611112939202,
    45.991205390538894,
    46.37955135603626,
    46.77117648300892,
    47.16610846042733,
    47.5643752110654,
    47.96600489347464,
    48.37102590397507,
    48.77946687866284,
    49.191356695435026,
    49.60672447603126,
    50.0255995880928,
    50.448011647238765,
    50.87399051916021,
    51.303566321731616,
    51.736769427140345,
    52.17363046403394,
    52.61418031968582,
    53.05845014217898,
    53.50647134260827,
    53.95827559730121,
    54.41389485005768,
    54.87336131440838,
    55.33670747589243,
    55.80396609435412,
    56.27517020625922,
    56.75035312703072,
    57.22954845340432,
    57.71279006580371,
    58.20011213073619,
    58.691549103208246,
    59.18713572916152,
    59.68690704792963,
    60.190898394715425,
    60.699145403089325,
    61.21168400750861,
    61.72855044585827,
    62.24978126201298,
    62.77541330842094,
    63.305483748709285,
    63.84003006031189,
    64.37909003711894,
    64.92270179214921,
    65.47090376024454,
    66.02373470078751,
    66.58123370044179,
    67.14344017591556,
    67.71039387674841,
    68.2821348881219,
    68.85870363369351,
    69.4401408784548,
    70.02648773161346,
    70.6177856495001,
    71.21407643849915,
    71.8154022580047,
    72.42180562340123,
    73.03332940906978,
    73.65001685141907,
