{
  "c": 0.05,
  "f1": 0.6736842105263158,
  "prec": 0.5333333333333333,
  "rec": 0.9142857142857143,
  "tp": 32,
  "fp": 28,
  "fn": 3,
  "tn": 17
}