{
  "cm_at_c1": {
    "TP": 0,
    "TN": 89,
    "FP": 0,
    "FN": 31,
    "precision": 0.0,
    "recall": 0.0,
    "accuracy": 0.7416666666666667,
    "F1": 0.0
  },
  "pr_auc": 0.22883156063746832,
  "roc_auc": 0.4150054367524465,
  "prevalence": 0.25833333333333336,
  "normalized_auprc": -0.03977767105060455,
  "c_grid": [
    3.0484924540209204,
    3.070950139071008,
    3.09357326576985,
    3.116363052895744,
    3.1393207282055027,
    3.1624475285005995,
    3.185744699693796,
    3.2092134968762673,
    3.2328551843852114,
    3.2566710358719693,
    3.2806623343706387,
    3.304830372367191,
    3.3291764518691074,
    3.3537018844755195,
    3.378407991447867,
    3.4032961037810834,
    3.4283675622752963,
    3.4536237176080613,
    3.4790659304071294,
    3.5046955713237473,
    3.530514021106495,
    3.5565226706756774,
    3.582722921198254,
    3.6091161841633217,
    3.635703881458163,
    3.662487445444839,
    3.689468319037362,
    3.716647955779428,
    3.744027819922721,
    3.771609386505799,
    3.799394141433561,
    3.8273835815572914,
    3.8555792147553065,
    3.883982560014184,
    3.9125951475105976,
    3.941418518693754,
    3.9704542263684295,
    3.9997038347786322,
    4.029168919691869,
    4.058851068484034,
    4.088751880224931,
    4.118872965764418,
    4.149215947819188,
    4.1797824610601895,
    4.210574152200694,
    4.241592680085006,
    4.272839715777833,
    4.30431694265431,
    4.336026056490687,
    4.367968765555688,
    4.400146790702539,
    4.432561865461675,
    4.465215736134135,
    4.498110161885633,
    4.531246914841341,
    4.564627780181343,
    4.598254556236826,
    4.632129054586951,
    4.666253100156446,
    4.700628531313931,
    4.735257199970948,
    4.770140971681729,
    4.805281725743708,
    4.840681355298754,
    4.876341767435167,
    4.912264883290415,
    4.948452638154639,
    4.984906981574899,
    5.021629877460218,
    5.058623304187375,
    5.095889254707485,
    5.133429736653372,
    5.171246772447723,
    5.209342399412038,
    5.247718669876397,
    5.286377651290016,
    5.325321426332628,
    5.364552093026691,
    5.404071764850407,
    5.443882570851586,
    5.4839866557623385,
    5.52438618011463,
    5.565083320356664,
    5.60608026897014,
    5.647379234588368,
    5.688982442115259,
    5.730892132845176,
    5.773110564583691,
    5.815640011769217,
    5.858482765595532,
    5.901641134135226,
    5.945117442464032,
    5.98891403278609,
    6.033033264560129,
    6.0774775146265805,
    6.122249177335618,
    6.167350664676159,
    6.2127844064058015,
    6.258552850181715,
    6.30465846169252,
    6.351103724791108,
    6.3978911416284605,
    6.445023232788443,
    6.492502537423609,
    6.540331613391975,
    6.588513037394828,
    6.637049405115552,
    6.685943331359444,
    6.735197450194593,
    6.7848144150937895,
    6.834796899077471,
    6.885147594857721,
    6.935869214983345,
    6.986964491985999,
    7.038436178527391,
    7.090287047547592,
    7.142519892414411,
    7.195137527073881,
    7.248142786201868,
    7.30153852535677,
    7.35532762113336,
    7.409512971317758,
    7.464097495043548,
    7.519084132949027,
    7.574475847335642,
    7.630275622327573,
    7.6864864640324875,
    7.7431114007035005,
    7.800153482902321,
    7.857615783663577,
    7.915501398660377,
    7.973813446371099,
    8.032555068247369,
    8.091729428883312,
    8.151339716186039,
    8.211389141547393,
    8.271880940016944,
    8.332818370476284,
    8.394204715814588,
    8.45604328310547,
    8.518337403785155,
    8.581090433831948,
    8.64430575394702,
    8.70798676973656,
    8.772136911895231,
    8.836759636390989,
    8.901858424651277,
    8.967436783750577,
    9.03349824659934,
    9.100046372134328,
    9.167084745510332,
    9.234616978293325,
    9.302646708655017,
    9.371177601568874,
    9.440213349007543,
    9.509757670141749,
    9.579814311540684,
    9.65038704737381,
    9.72147967961422,
    9.793096038243428,
    9.865239981457739,
    9.937915395876063,
    10.011126196749336,
    10.084876328171422,
    10.159169763291597,
    10.234010504528616,
    10.3094025837863,
    10.38535006267077,
    10.46185703270927,
    10.53892761557056,
    10.616565963286975,
    10.694776258478129,
    10.773562714576213,
    10.852929576053,
    10.93288111864853,
    11.013421649601394,
    11.094555507880859,
    11.176287064420581,
    11.258620722354047,
    11.34156091725186,
    11.425112117360653,
    11.509278823843783,
    11.594065571023883,
    11.679476926627112,
    11.765517492029195,
    11.852191902503384,
    11.939504827470138,
    12.027460970748646,
    12.11606507081031,
    12.205321901033962,
    12.29523626996304,
    12.385813021564655,
    12.47705703549052,
    12.568973227339846,
    12.661566548924185,
    12.754841988534151,
    12.84880457120819,
    12.943459359003294,
    13.038811451267687,
    13.134865984915558,
    13.231628134703817,
    13.329103113510842,
    13.427296172617327,
    13.526212601989215,
    13.625857730562632,
    13.726236926531001,
    13.827355597634266,
    13.929219191450173,
    14.031833195687778,
    14.135203138483105,
    14.239334588696918,
    14.344233156214765,
    14.449904492249207,
    14.55635428964423,
    14.663588283181964,
    14.771612249891643,
    14.880432009360797,
    14.990053424048792,
    15.100482399602678,
    15.211724885175302,
    15.32378687374583,
    15.436674402442627,
    15.550393552868456,
    15.664950451428135,
    15.780351269658599,
    15.896602224561345,
    16.013709578937384,
    16.131679641724656,
    16.250518768337848,
    16.370233361010854,
    16.490829869141667,
    16.61231478963975,
    16.73469466727617,
    16.857976095036108,
    16.98216571447402,
    17.107270216071527,
    17.233296339597786,
    17.360250874472563,
    17.488140660132093,
    17.616972586397438,
    17.74675359384572,
    17.877490674184042,
    18.00919087062611,
    18.141861278271683,
    18.27550904448886,
    18.410141369299055,
    18.545765505764916,
    18.682388760381116,
    18.820018493467888,
    18.958662119567613,
    19.098327107844263,
    19.239020982485744,
    19.380751323109283,
    19.52352576516978,
    19.6673520003711,
    19.812237777080487,
    19.958190900746008,
    20.105219234317016,
    20.25333069866776,
    20.402533273024154,
    20.552834995393575,
    20.704243962997918,
    20.856768332709876,
    21.01041632149228,
    21.16519620684083,
    21.32111632723004,
    21.478185082562423,
    21.636410934621015,
    21.795802407525304,
    21.95636808819036,
    22.118116626789487,
    22.28105673722026,
    22.44519719757392,
    22.61054685060827,
    22.77711460422415,
    22.94490943194522,
    23.113940373401455,
    23.28421653481617,
    23.45574708949647,
    23.62854127832761,
    23.80260841027075,
    23.977957862864386,
    24.1545990827297,
    24.33254158607939,
    24.511794959230286,
    24.692368859119924,
    24.874273013826734,
    25.05751722309403,
    25.242111358858143,
    25.428065365780082,
    25.61538926178136,
    25.804093138583724,
    25.994187162252736,
    26.1856815737455,
    26.378586689462423,
    26.572912901802894,
    26.768670679725208,
    26.96587056931059,
    27.164523194331277,
    27.36463925682289,
    27.566229537661023,
    27.76930489714196,
    27.973876275567804,
    28.179954693835892,
    28.387551254032456,
    28.596677140030753,
    28.807343618093636,
    29.019562037480405,
    29.23334383105827,
    29.44870051591833,
    29.66564369399592,
    29.88418505269573,
    30.104336365521444,
    30.326109492709953,
    30.54951638187034,
    30.77456906862757,
    31.001279677270816,
    31.229660421406656,
    31.45972360461713,
    31.691481621122445,
    31.92494695644879,
    32.16013218810091,
    32.39704998623977,
    32.635713114365046,
    32.87613443000277,
    33.11832688539807,
    33.36230352821282,
    33.60807750222865,
