{
  "cm_at_c1": {
    "TP": 0,
    "TN": 69,
    "FP": 0,
    "FN": 51,
    "precision": 0.0,
    "recall": 0.0,
    "accuracy": 0.575,
    "F1": 0.0
  },
  "pr_auc": 0.4534604060435055,
  "roc_auc": 0.5775788576300085,
  "prevalence": 0.425,
  "normalized_auprc": 0.049496358336531356,
  "auprg": NaN,
  "ece_rank": 0.21590909090909094,
  "c_grid": [
    3.706924342801474,
    3.7356038844992607,
    3.7645053126009573,
    3.7936303437858894,
    3.8229807080148963,
    3.8525581486330887,
    3.8823644224734037,
    3.912401299960948,
    3.9426705652181684,
    3.973174016170813,
    4.003913464654731,
    4.034890736523494,
    4.0661076717568365,
    4.097566124569959,
    4.1292679635236595,
    4.161215071635316,
    4.193409346490741,
    4.225852700356896,
    4.258547060295462,
    4.291494368277321,
    4.324696581297889,
    4.358155671493366,
    4.391873626257875,
    4.425852448361506,
    4.460094156069277,
    4.494600783261019,
    4.529374379552174,
    4.564417010415549,
    4.599730757303992,
    4.635317717774028,
    4.6711800056104495,
    4.707319750951874,
    4.74373910041726,
    4.780440217233423,
    4.817425281363517,
    4.854696489636524,
    4.89225605587774,
    4.930106211040268,
    4.96824920333754,
    5.0066872983768445,
    5.045422779293905,
    5.084457946888494,
    5.123795119761094,
    5.163436634450613,
    5.203384845573177,
    5.243642125961982,
    5.2842108668082375,
    5.325093477803204,
    5.366292387281309,
    5.4078100423644,
    5.449648909107089,
    5.491811472643229,
    5.534300237333532,
    5.577117726914322,
    5.620266484647429,
    5.663749073471268,
    5.70756807615306,
    5.751726095442246,
    5.79622575422509,
    5.84106969568046,
    5.886260583436843,
    5.931801101730543,
    5.977693955565129,
    6.0239418708720995,
    6.070547594672806,
    6.117513895241604,
    6.164843562270302,
    6.212539407033846,
    6.26060426255731,
    6.309040983784174,
    6.357852447745893,
    6.407041553732799,
    6.456611223466296,
    6.506564401272416,
    6.5569040542567,
    6.607633172480441,
    6.65875476913828,
    6.710271880737195,
    6.762187567276847,
    6.814504912431349,
    6.867227023732422,
    6.9203570327539845,
    6.973898095298154,
    7.027853391582691,
    7.082226126429905,
    7.137019529457006,
    7.1922368552679465,
    7.247881383646726,
    7.303956419752215,
    7.3604652943144595,
    7.41741136383253,
    7.474798010773885,
    7.532628643775286,
    7.590906697845262,
    7.649635634568134,
    7.708818942309632,
    7.7684601364240935,
    7.828562759463276,
    7.88913038138676,
    7.950166599774013,
    8.011675040038066,
    8.07365935564086,
    8.13612322831025,
    8.199070368258703,
    8.262504514403657,
    8.32642943458962,
    8.390848925811964,
    8.455766814442455,
    8.521186956456546,
    8.58711323766239,
    8.653549573931674,
    8.720499911432189,
    8.78796822686224,
    8.855958527686841,
    8.924474852375763,
    8.9935212706434,
    9.0631018836905,
    9.133220824447774,
    9.20388225782137,
    9.275090380940284,
    9.346849423405628,
    9.419163647541884,
    9.492037348650065,
    9.565474855262844,
    9.639480529401665,
    9.714058766835839,
    9.789213997343637,
    9.86495068497541,
    9.941273328318744,
    10.018186460765662,
    10.095694650781919,
    10.17380250217831,
    10.252514654384187,
    10.331835782722989,
    10.41177059868995,
    10.492323850231967,
    10.5735003220296,
    10.6553048357813,
    10.73774225048976,
    10.820817462750572,
    10.904535407043053,
    10.988901056023336,
    11.073919420819768,
    11.159595551330517,
    11.245934536523546,
    11.332941504738887,
    11.420621623993243,
    11.508980102286982,
    11.598022187913442,
    11.68775316977069,
    11.778178377675676,
    11.86930318268079,
    11.96113299739293,
    12.053673276294935,
    12.146929516069642,
    12.240907255926322,
    12.335612077929714,
    12.431049607331612,
    12.527225512904925,
    12.624145507280483,
    12.721815347286269,
    12.82024083428941,
    12.919427814540752,
    13.019382179522104,
    13.120109866296211,
    13.221616857859361,
    13.323909183496783,
    13.426992919140773,
    13.530874187731577,
    13.635559159581124,
    13.741054052739445,
    13.847365133364104,
    13.954498716092328,
    14.062461164416103,
    14.171258891060184,
    14.280898358362908,
    14.39138607866016,
    14.50272861467209,
    14.614932579892974,
    14.728004638984052,
    14.841951508169325,
    14.956779955634584,
    15.072496801929338,
    15.18910892037198,
    15.306623237458048,
    15.425046733271612,
    15.544386441899936,
    15.664649451851217,
    15.785842906475665,
    15.9079740043898,
    16.031049999904013,
    16.155078203453513,
    16.280065982032443,
    16.406020759631588,
    16.532950017679248,
    16.66086129548566,
    16.78976219069083,
    16.919660359715746,
    17.050563518217256,
    17.182479441546274,
    17.315415965209645,
    17.449380985335598,
    17.584382459142656,
    17.720428405412406,
    17.857526904965702,
    17.995686101142674,
    18.13491420028644,
    18.27521947223051,
    18.416610250790058,
    18.559094934256848,
    18.70268198589814,
    18.847379934459354,
    18.993197374670668,
    19.14014296775756,
    19.28822544195516,
    19.437453593026838,
    19.587836284786526,
    19.73938244962526,
    19.89210108904178,
    20.046001274177087,
    20.20109214635339,
    20.357382917616963,
    20.51488287128538,
    20.673601362498943,
    20.833547818776246,
    20.994731740574302,
    21.157162701852727,
    21.32085035064247,
    21.485804409618865,
    21.652034676679136,
    21.8195510255244,
    21.988363406246094,
    22.158481845917006,
    22.329916449186886,
    22.502677398882586,
    22.676774956612995,
    22.852219463378393,
    23.029021340184872,
    23.20719108866318,
    23.386739291692532,
    23.567676614029278,
    23.750013802940217,
    23.933761688841138,
    24.118931185939978,
    24.305533292885166,
    24.49357909341895,
    24.683079757035628,
    24.874046539645146,
    25.066490784241545,
    25.260423921576777,
    25.455857470839646,
    25.65280304034001,
    25.85127232819835,
    26.051277123040503,
    26.252829304697975,
    26.45594084491353,
    26.660623808052296,
    26.866890351818398,
    27.07475272797697,
    27.28422328308208,
    27.49531445920992,
    27.708038794697885,
    27.922408924889407,
    28.138437582884286,
    28.35613760029522,
    28.5755219080098,
    28.79660353695866,
    29.019395618889508,
    29.243911387146994,
    29.470164177458926,
    29.698167428728222,
    29.927934683831243,
    30.15947959042216,
    30.39281590174361,
    30.62795747744366,
    30.864918284398932,
    31.10371239754428,
    31.3443540007088,
    31.58685738745828,
    31.831236961944303,
    32.07750723975963,
    32.32568284880065,
    32.57577853013602,
    32.82780913888235,
    33.08178964508661,
    33.33773513461515,
    33.59566081005,
    33.85558199159167,
    34.11751411796919,
    34.38147274735727,
    34.64747355830015,
    34.91553235064315,
    35.18566504647095,
    35.457887691053436,
    35.73221645379869,
    36.008667629213434,
    36.28725763787094,
    36.56800302738626,
    36.85092047339923,
    37.136026780564904,
    37.42333888355172,
    37.71287384804739,
    38.00464887177259,
    38.298681285502404,
    38.594988554095785,
    38.893588277532885,
    39.194498191960484,
    39.49773617074551,
    39.8033202255366,
    40.11126850733399,
    40.42159930756764,
    40.734331059183724,
    41.04948233773945,
    41.3670718625065,
    41.687118497582816,
    42.009641253013115,
    42.33465928591807,
    42.662191901632156,
    42.99225855485043,
    43.32487885078397,
    43.66007254632445,
    43.99785955121767,
    44.33825992924613,
    44.681293899420716,
    45.02698183718182,
    45.375344275609415,
    45.72640190664277,
    46.08017558230949,
