{
  "cm_at_c1": {
    "TP": 0,
    "TN": 26,
    "FP": 0,
    "FN": 34,
    "precision": 0.0,
    "recall": 0.0,
    "accuracy": 0.43333333333333335,
    "F1": 0.0
  },
  "pr_auc": 0.581563377498445,
  "roc_auc": 0.5803167420814479,
  "prevalence": 0.5666666666666667,
  "normalized_auprc": 0.03437702499641157,
  "auprg": NaN,
  "ece_rank": 0.2726775956284153,
  "c_grid": [
    29.806082751826448,
    29.86229730079439,
    29.9186178709239,
    29.975044662171907,
    30.0315778748724,
    30.08821770973725,
    30.14496436785684,
    30.201818050700805,
    30.258778960118796,
    30.315847298341104,
    30.373023267979477,
    30.430307072027748,
    30.48769891386261,
    30.545198997244352,
    30.602807526317513,
    30.660524705611707,
    30.718350740042236,
    30.77628583491089,
    30.8343301959067,
    30.892484029106562,
    30.950747540976103,
    31.009120938370298,
    31.06760442853425,
    31.126198219103976,
    31.184902518107037,
    31.243717533963395,
    31.30264347548605,
    31.361680551881822,
    31.420828972752144,
    31.4800889480937,
    31.53946068829929,
    31.59894440415847,
    31.65854030685835,
    31.71824860798438,
    31.778069519521004,
    31.838003253852545,
    31.898050023763812,
    31.958210042440953,
    32.01848352347222,
    32.078870680848645,
    32.13937172896487,
    32.19998688261991,
    32.26071635701784,
    32.321560367768676,
    32.38251913088901,
    32.443592862802916,
    32.50478178034258,
    32.56608610074915,
    32.62750604167355,
    32.68904182117711,
    32.75069365773248,
    32.812461770224346,
    32.874346377950175,
    32.936347700621106,
    32.99846595836258,
    33.06070137171521,
    33.123054161635615,
    33.18552454949705,
    33.248112757090354,
    33.31081900662463,
    33.37364352072804,
    33.43658652244871,
    33.49964823525534,
    33.562828883038186,
    33.6261286901097,
    33.68954788120539,
    33.75308668148467,
    33.816745316531524,
    33.88052401235549,
    33.94442299539227,
    34.00844249250467,
    34.072582730983385,
    34.13684393854771,
    34.201226343346505,
    34.265730173958865,
    34.330355659394975,
    34.39510302909701,
    34.459972512939785,
    34.524964341231744,
    34.59007874471563,
    34.65531595456938,
    34.72067620240699,
    34.7861597202792,
    34.85176674067447,
    34.9174974965197,
    34.98335222118107,
    35.04933114846496,
    35.11543451261863,
    35.18166254833121,
    35.2480154907344,
    35.31449357540337,
    35.38109703835762,
    35.44782611606173,
    35.514681045426315,
    35.58166206380877,
    35.64876940901412,
    35.71600331929598,
    35.78336403335721,
    35.85085179035096,
    35.91846682988136,
    35.98620939200444,
    36.05407971722902,
    36.12207804651748,
    36.190204621286696,
    36.25845968340882,
    36.326843475212186,
    36.39535623948218,
    36.46399821946206,
    36.53276965885389,
    36.60167080181929,
    36.6707018929804,
    36.739863177420744,
    36.80915490068606,
    36.878577308785154,
    36.94813064819087,
    37.01781516584084,
    37.08763110913848,
    37.157578725953755,
    37.22765826462417,
    37.29786997395556,
    37.36821410322299,
    37.438690902171736,
    37.50930062101803,
    37.580043510450004,
    37.650919821628676,
    37.72192980618865,
    37.7930737162392,
    37.86435180436501,
    37.93576432362722,
    38.007311527564184,
    38.07899367019242,
    38.1508110060076,
    38.22276378998531,
    38.294852277582024,
    38.36707672473606,
    38.439437387868374,
    38.51193452388361,
    38.584568390170865,
    38.657339244604685,
    38.730247345546026,
    38.80329295184304,
    38.87647632283214,
    38.9497977183388,
    39.02325739867852,
    39.09685562465782,
    39.17059265757502,
    39.24446875922134,
    39.31848419188167,
    39.39263921833558,
    39.46693410185831,
    39.54136910622153,
    39.61594449569451,
    39.69066053504483,
    39.765517489539455,
    39.8405156249457,
    39.91565520753203,
    39.99093650406919,
    40.06635978183098,
    40.14192530859529,
    40.217633352645095,
    40.293484182769284,
    40.36947806826377,
    40.445615278932266,
    40.521896085087384,
    40.598320757551576,
    40.674889567658006,
    40.751602787251635,
    40.82846068869008,
    40.90546354484462,
    40.98261162910126,
    41.059905215361475,
    41.13734457804346,
    41.21492999208288,
    41.292661732933915,
    41.37054007657035,
    41.44856529948637,
    41.526737678697636,
    41.60505749174234,
    41.68352501668202,
    41.76214053210271,
    41.8409043171158,
    41.91981665135916,
    41.998877814998,
    42.07808808872593,
    42.15744775376598,
    42.236957091871545,
    42.3166163853274,
    42.39642591695077,
    42.47638597009218,
    42.556496828636675,
    42.63675877700459,
    42.71717210015277,
    42.797737083575456,
    42.8784540133053,
    42.95932317591449,
    43.040344858515645,
    43.121519348762845,
    43.202846934852786,
    43.2843279055256,
    43.36596255006609,
    43.447751158304534,
    43.52969402061796,
    43.61179142793096,
    43.694043671716805,
    43.77645104399858,
    43.85901383735004,
    43.94173234489674,
    44.02460686031716,
    44.107637677843535,
    44.19082509226315,
    44.274169398919135,
    44.35767089371177,
    44.44132987309931,
    44.525146634099144,
    44.609121474288905,
    44.69325469180739,
    44.77754658535568,
    44.8619974541983,
    44.94660759816408,
    45.03137731764743,
    45.116306913609215,
    45.201396687578,
    45.28664694165097,
    45.37205797849507,
    45.45763010134815,
    45.543363614019896,
    45.629258820892986,
    45.71531602692422,
    45.80153553764547,
    45.88791765916495,
    45.974462698168104,
    46.06117096191879,
    46.14804275826046,
    46.23507839561704,
    46.32227818299426,
    46.40964242998056,
    46.497171446748254,
    46.58486554405474,
    46.67272503324341,
    46.76075022624492,
    46.84894143557818,
    46.93729897435153,
    47.025823156263854,
    47.11451429560563,
    47.20337270726017,
    47.29239870670459,
    47.381592610010976,
    47.47095473384764,
    47.56048539548001,
    47.65018491277198,
    47.74005360418686,
    47.830091788788614,
    47.920299786243,
    48.010677916818594,
    48.10122650138808,
    48.191945861429275,
    48.28283631902625,
    48.373898196870655,
    48.46513181826264,
    48.5565375071121,
    48.64811558793991,
    48.7398663858789,
    48.83179022667519,
    48.923887436689164,
    49.01615834289684,
    49.10860327289081,
    49.20122255488154,
    49.29401651769856,
    49.3869854907915,
    49.48012980423135,
    49.57344978871169,
    49.66694577554968,
    49.76061809668744,
    49.85446708469305,
    49.94849307276192,
    50.042696394717794,
    50.137077385013995,
    50.23163637873472,
    50.326373711596055,
    50.42128971994725,
    50.51638474077198,
    50.6116591116894,
    50.70711317095549,
    50.8027472574641,
    50.898561710748325,
    50.99455687098156,
    51.09073307897876,
    51.18709067619775,
    51.28363000474025,
    51.38035140735321,
    51.47725522743006,
    51.574341809011784,
    51.67161149678833,
    51.76906463609963,
    51.86670157293703,
    51.96452265394436,
    52.0625282264192,
    52.160718638314215,
    52.259094238238255,
    52.35765537545763,
    52.45640239989746,
    52.555335662142724,
    52.654455513439686,
    52.75376230569702,
    52.853256391487086,
    52.95293812404728,
    53.05280785728109,
    53.152865945759594,
    53.25311274472251,
    53.35354861007953,
    53.45417389841169,
    53.55498896697245,
    53.655994173689066,
    53.75718987716388,
    53.85857643667558,
    53.9601542121804,
    54.06192356431345,
    54.16388485439009,
    54.26603844440703,
    54.368384697043716,
    54.4709239756637,
    54.573656644315754,
    54.67658306773524,
    54.779703611345475,
    54.88301864125898,
    54.98652852427869,
    55.09023362789936,
    55.194134320308905,
