{
  "cm_at_c1": {
    "TP": 0,
    "TN": 75,
    "FP": 0,
    "FN": 45,
    "precision": 0.0,
    "recall": 0.0,
    "accuracy": 0.625,
    "F1": 0.0
  },
  "pr_auc": 0.44367176747877246,
  "roc_auc": 0.5595555555555556,
  "prevalence": 0.375,
  "normalized_auprc": 0.10987482796603594,
  "auprg": NaN,
  "ece_rank": 0.2400137741046832,
  "c_grid": [
    42.813433336829505,
    42.92914815279916,
    43.04517571917428,
    43.161516881246904,
    43.278172486593746,
    43.39514338508231,
    43.5124304288771,
    43.63003447244579,
    43.74795637256553,
    43.86619698832911,
    43.98475718115129,
    44.10363781477495,
    44.22283975527755,
    44.342363871077325,
    44.46221103293968,
    44.58238211398341,
    44.702877989687224,
    44.82369953789603,
    44.944847638827376,
    45.06632317507775,
    45.188127031629165,
    45.310260095855526,
    45.432723257529126,
    45.55551740882702,
    45.6786434443377,
    45.802102261067496,
    45.92589475844715,
    46.0500218383383,
    46.17448440504019,
    46.29928336529611,
    46.42441962830014,
    46.5498941057036,
    46.675707711621875,
    46.80186136264097,
    46.928355977824225,
    47.05519247871893,
    47.182371789363174,
    47.30989483629252,
    47.43776254854665,
    47.56597585767631,
    47.694535697749984,
    47.823443005360765,
    47.95269871963304,
    48.08230378222953,
    48.21225913735802,
    48.342565731778286,
    48.473224514808926,
    48.604236438334375,
    48.73560245681178,
    48.867323527277996,
    48.99940060935644,
    49.13183466526425,
    49.264626659819186,
    49.39777756044671,
    49.53128833718696,
    49.66515996270191,
    49.799393412282406,
    49.93398966385531,
    50.068949697990504,
    50.204274497908216,
    50.33996504948605,
    50.476022341266244,
    50.61244736446277,
    50.74924111296867,
    50.886404583363245,
    51.02393877491936,
    51.16184468961056,
    51.30012333211862,
    51.43877570984069,
    51.577802832896694,
    51.71720571413662,
    51.85698536914803,
    51.99714281626337,
    52.137679076567345,
    52.27859517390448,
    52.419892134886496,
    52.56157098889981,
    52.70363276811305,
    52.846078507484485,
    52.98890924476971,
    53.13212602052914,
    53.275729878135515,
    53.41972186378162,
    53.56410302648786,
    53.70887441810991,
    53.854037093346285,
    53.99959210974621,
    54.14554052771717,
    54.291883410532726,
    54.43862182434013,
    54.58575683816828,
    54.73328952393537,
    54.88122095645678,
    55.029552213452774,
    55.17828437555654,
    55.32741852632192,
    55.47695575223141,
    55.62689714270392,
    55.777243790102865,
    55.92799678974407,
    56.07915723990378,
    56.23072624182651,
    56.38270489973329,
    56.53509432082957,
    56.68789561531336,
    56.84110989638317,
    56.994738280246345,
    57.14878188612705,
    57.30324183627438,
    57.45811925597071,
    57.61341527353974,
    57.76913102035479,
    57.92526763084703,
    58.08182624251367,
    58.23880799592638,
    58.39621403473954,
    58.55404550569848,
    58.712303558647996,
    58.87098934654062,
    59.03010402544509,
    59.189648754554625,
    59.34962469619558,
    59.51003301583577,
    59.67087488209303,
    59.83215146674362,
    59.99386394473091,
    60.15601349417387,
    60.31860129637565,
    60.481628535832115,
    60.64509640024065,
    60.80900608050866,
    60.973358770762346,
    61.13815566835525,
    61.30339797387719,
    61.46908689116286,
    61.635223627300675,
    61.80180939264143,
    61.96884540080733,
    62.13633286870068,
    62.30427301651281,
    62.47266706773287,
    62.6415162491569,
    62.810821790896696,
    62.98058492638865,
    63.15080689240297,
    63.32148892905251,
    63.492632279801875,
    63.6642381914765,
    63.8363079142716,
    64.00884270176148,
    64.18184381090855,
    64.35531250207244,
    64.5292500390193,
    64.70365768893093,
    64.87853672241403,
    65.05388841350948,
    65.22971403970153,
    65.40601488192723,
    65.58279222458575,
    65.76004735554754,
    65.93778156616402,
    66.11599615127678,
    66.29469240922708,
    66.47387164186524,
    66.65353515456026,
    66.8336842562092,
    67.01432025924682,
    67.19544447965498,
    67.37705823697245,
    67.55916285430433,
    67.74175965833186,
    67.92484997932186,
    68.10843515113666,
    68.29251651124368,
    68.47709540072523,
    68.66217316428816,
    68.84775115027387,
    69.03383071066797,
    69.22041320111013,
    69.40749998090406,
    69.59509241302734,
    69.78319186414137,
    69.97179970460131,
    70.16091730846604,
    70.35054605350824,
    70.54068732122444,
    70.7313424968449,
    70.92251296934396,
    71.11420013144999,
    71.3064053796556,
    71.49913011422782,
    71.69237573921816,
    71.88614366247309,
    72.08043529564414,
    72.27525205419812,
    72.4705953574276,
    72.66646662846117,
    72.86286729427381,
    73.05979878569721,
    73.25726253743035,
    73.45525998804982,
    73.65379258002042,
    73.85286175970549,
    74.05246897737764,
    74.2526156872292,
    74.45330334738289,
    74.6545334199023,
    74.85630737080272,
    75.05862667006174,
    75.26149279162998,
    75.46490721344166,
    75.6688714174257,
    75.87338688951628,
    76.07845511966362,
    76.28407760184503,
    76.49025583407567,
    76.69699131841949,
    76.90428556100022,
    77.11214007201215,
    77.32055636573142,
    77.52953596052689,
    77.7390803788711,
    77.94919114735163,
    78.15986979668199,
    78.37111786171289,
    78.58293688144343,
    78.7953283990321,
    79.00829396180838,
    79.22183512128375,
    79.43595343316301,
    79.65065045735577,
    79.86592775798765,
    80.08178690341178,
    80.2982294662202,
    80.51525702325519,
    80.73287115562098,
    80.9510734486952,
    81.1698654921402,
    81.389248879915,
    81.60922521028671,
    81.82979608584203,
    82.05096311349925,
    82.27272790451974,
    82.49509207451969,
    82.71805724348204,
    82.94162503576798,
    83.16579708012915,
    83.3905750097193,
    83.61596046210609,
    83.84195507928328,
    84.06856050768253,
    84.2957783981854,
    84.52361040613548,
    84.75205819135019,
    84.98112341813322,
    85.2108077552865,
    85.44111287612216,
    85.6720404584751,
    85.90359218471492,
    86.13576974175834,
    86.36857482108141,
    86.60200911873176,
    86.83607433534112,
    87.07077217613772,
    87.30610435095842,
    87.54207257426155,
    87.77867856513915,
    88.01592404732958,
    88.25381074923013,
    88.4923404039094,
    88.73151474912018,
    88.97133552731206,
    89.2118044856439,
    89.45292337599686,
    89.69469395498699,
    89.93711798397813,
    90.1801972290945,
    90.42393346123393,
    90.6683284560805,
    90.91338399411762,
    91.15910186064079,
    91.40548384577087,
    91.65253174446704,
    91.90024735653968,
    92.14863248666376,
    92.39768894439187,
    92.64741854416737,
    92.8978231053377,
    93.1489044521674,
    93.40066441385179,
    93.65310482453,
    93.90622752329836,
    94.1600343542239,
    94.41452716635774,
    94.66970781374859,
    94.9255781554562,
    95.18214005556483,
    95.43939538319707,
    95.6973460125273,
    95.95599382279525,
    96.2153406983199,
    96.4753885285131,
    96.7361392078933,
    96.99759463609949,
    97.25975671790478,
    97.52262736323057,
    97.78620848716038,
    98.05050200995356,
    98.31550985705965,
    98.5812339591322,
    98.84767625204285,
    99.1148386768955,
    99.38272318004029,
    99.65133171308798,
    99.92066623292415,
    100.19072870172324,
    100.46152108696299,
    100.73304536143904,
    101.00530350327865,
    101.27829749595591,
    101.55202932830548,
    101.82650099453735,
    102.10171449425177,
    102.37767183245296,
    102.65437501956468,
    102.93182607144406,
    103.21002700939661,
    103.48897986019131,
    103.76868665607468,
    104.04914943478597,
    104.33037023957226,
