{
  "cm_at_c1": {
    "TP": 0,
    "TN": 128,
    "FP": 0,
    "FN": 52,
    "precision": 0.0,
    "recall": 0.0,
    "accuracy": 0.7111111111111111,
    "F1": 0.0
  },
  "pr_auc": 0.281492976892792,
  "roc_auc": 0.4922626201923077,
  "prevalence": 0.28888888888888886,
  "normalized_auprc": -0.010400501244511194,
  "auprg": NaN,
  "ece_rank": 0.28631062001227753,
  "c_grid": [
    2.3812073787247727,
    2.4025736543975067,
    2.4241316469867096,
    2.44588307674427,
    2.4678296793576795,
    2.4899732060885382,
    2.512315423912296,
    2.5348581156592527,
    2.5576030801568206,
    2.580552132373066,
    2.6037071035615353,
    2.6270698414073856,
    2.6506422101748193,
    2.67442609085585,
    2.6984233813203953,
    2.722635996467724,
    2.747065868379254,
    2.77171494647273,
    2.796585197657777,
    2.821678606492854,
    2.8469971753436143,
    2.8725429245426874,
    2.8983178925508954,
    2.924324136119913,
    2.9505637304563916,
    2.97703876938755,
    3.0037513655282586,
    3.0307036504496154,
    3.0578977748490392,
    3.085335908721887,
    3.113020241534613,
    3.14095298239948,
    3.1691363602508384,
    3.197572624022986,
    3.226264042829629,
    3.2552129061449455,
    3.2844215239862784,
    3.313892227098467,
    3.343627367139833,
    3.3736293168698333,
    3.403900470338398,
    3.4344432430769682,
    3.4652600722912466,
    3.496353417055676,
    3.5277257585096664,
    3.5593796000555833,
    3.5913174675585045,
    3.6235419095477837,
    3.6560554974204047,
    3.6888608256461777,
    3.7219605119747627,
    3.755357197644564,
    3.789053547593483,
    3.8230522506715783,
    3.857356019855621,
    3.891967592465584,
    3.9268897303830714,
    3.962125220271703,
    3.9976768737994823,
    4.03354752786316,
    4.069740044814603,
    4.1062573126892055,
    4.14310224543634,
    4.180277783151884,
    4.217786892312826,
    4.25563256601398,
    4.293817824206826,
    4.332345713940493,
    4.3712193096048955,
    4.410441713176067,
    4.450016054463684,
    4.48994549136081,
    4.53023321009589,
    4.5708824254869995,
    4.6118963811983695,
    4.653278349999231,
    4.695031634024955,
    4.737159565040567,
    4.779665504706599,
    4.822552844847342,
    4.8658250077215035,
    4.90948544629529,
    4.953537644517938,
    4.997985117599731,
    5.042831412292487,
    5.088080107172588,
    5.133734812926533,
    5.179799172639059,
    5.226276862083844,
    5.273171590016829,
    5.3204870984721495,
    5.3682271630607525,
    5.416395593271665,
    5.464996232775983,
    5.51403295973358,
    5.563509687102576,
    5.613430362951573,
    5.663798970774696,
    5.714619529809468,
    5.765896095357523,
    5.817632759108215,
    5.869833649465106,
    5.922502931875413,
    5.975644809162385,
    6.02926352186068,
    6.083363348554741,
    6.137948606220218,
    6.193023650568435,
    6.248592876393977,
    6.304660717925366,
    6.361231649178901,
    6.41831018431567,
    6.475900878001764,
    6.534008325771718,
    6.592637164395232,
    6.651792072247152,
    6.7114777696808,
    6.771699019404636,
    6.832460626862305,
    6.8937674406161,
    6.955624352733851,
    7.018036299179304,
    7.081008260205992,
    7.144545260754632,
    7.2086523708541135,
    7.273334706026055,
    7.33859742769301,
    7.404445743590332,
    7.470884908181732,
    7.537920223078565,
    7.605557037462882,
    7.673800748514268,
    7.742656801840541,
    7.812130691912261,
    7.882227962501188,
    7.952954207122656,
    8.024315069481906,
    8.096316243924445,
    8.168963475890425,
    8.242262562373112,
    8.316219352381477,
    8.390839747406904,
    8.466129701894127,
    8.542095223716364,
    8.61874237465473,
    8.69607727088194,
    8.774106083450361,
    8.85283503878444,
    8.93227041917756,
    9.012418563293323,
    9.093285866671373,
    9.17487878223773,
    9.257203820819708,
    9.340267551665463,
    9.424076602968189,
    9.508637662395024,
    9.593957477620725,
    9.680042856866066,
    9.76690066944115,
    9.854537846293526,
    9.942961380561279,
    10.03217832813104,
    10.122195808201031,
    10.213021003849148,
    10.304661162606136,
    10.397123597033945,
    10.490415685309214,
    10.584544871812039,
    10.679518667720009,
    10.775344651607565,
    10.872030470050754,
    10.969583838237387,
    11.068012540582687,
    11.167324431350474,
    11.26752743527988,
    11.368629548217735,
    11.470638837756594,
    11.573563443878522,
    11.677411579604614,
    11.782191531650382,
    11.887911661086983,
    11.994580404008449,
    12.102206272204803,
    12.210797853841298,
    12.320363814143724,
    12.43091289608985,
    12.542453921107098,
    12.654995789776452,
    12.76854748254268,
    12.883118060430988,
    12.998716665769997,
    13.115352522921313,
    13.233034939015578,
    13.351773304695152,
    13.47157709486346,
    13.592455869441038,
    13.714419274128401,
    13.837477041175717,
    13.961638990159438,
    14.086915028765825,
    14.21331515358157,
    14.340849450891493,
    14.469528097483382,
    14.599361361460064,
    14.730359603058773,
    14.86253327547784,
    14.995892925710868,
    15.130449195388282,
    15.266212821626533,
    15.40319463788488,
    15.541405574829849,
    15.68085666120747,
    15.82155902472333,
    15.96352389293052,
    16.106762594125577,
    16.25128655825241,
    16.397107317814378,
    16.544236508794565,
    16.69268587158426,
    16.842467251919818,
    16.99359260182791,
    17.146073980579228,
    17.299923555650818,
    17.455153603696953,
    17.61177651152879,
    17.7698047771028,
    17.929251010518037,
    18.090127935022412,
    18.25244838802794,
    18.416225322135126,
    18.581471806166526,
    18.74820102620964,
    18.916426286669044,
    19.08616101132808,
    19.257418744420026,
    19.430213151708863,
    19.60455802157976,
    19.78046726613934,
    19.957954922325815,
    20.137035153029103,
    20.317722248220942,
    20.5000306260952,
    20.683974834218393,
    20.869569550690535,
    21.056829585316393,
    21.24576988078725,
    21.43640551387329,
    21.628751696626683,
    21.822823777595424,
    22.018637243048104,
    22.216207718209674,
    22.415550968508263,
    22.616682900833222,
    22.819619564804423,
    23.02437715405295,
    23.23097200751336,
    23.439420610727378,
    23.649739597159446,
    23.861945749524004,
    24.07605600112468,
    24.29208743720552,
    24.510057296314315,
    24.729982971678215,
    24.951882012591597,
    25.175772125816454,
    25.401671176995354,
    25.62959719207703,
    25.859568358754796,
    26.091603027917866,
    26.325719715115664,
    26.56193710203537,
    26.80027403799255,
    27.040749541435357,
    27.28338280146207,
    27.528193179352364,
    27.77520021011224,
    28.024423604032865,
    28.27588324826338,
    28.529599208397844,
    28.78559173007636,
    29.043881240600616,
    29.304488350563943,
    29.567433855495935,
    29.832738737521865,
    30.100424167036994,
    30.370511504395875,
    30.64302230161689,
    30.917978304101943,
    31.19540145237172,
    31.475313883816447,
    31.757737934462384,
    32.04269614075416,
    32.330211241353105,
    32.620306178951694,
    32.91300410210431,
    33.20832836707446,
    33.50630253969842,
    33.80695039726579,
    34.11029593041681,
    34.41636334505674,
    34.72517706428739,
    35.03676173035599,
    35.35114220662158,
    35.66834357953904,
    35.98839116066083,
    36.3113104886568,
    36.63712733135211,
    36.965867687783366,
    37.29755779027329,
    37.63222410652394,
    37.969893341728756,
    38.31059244070355,
    38.654348590036584,
    39.00118922025795,
    39.351142008028475,
    39.7042348783482,
    40.06049600678468,
    40.41995382172132,
    40.78263700662583,
    41.148574502339144,
    41.51779550938467,
    41.89032949029849,
    42.26620617198032,
    42.64545554806565,
    43.028107881319066,
    43.41419370604918,
