{
  "c": 0.05,
  "f1": 0.5714285714285714,
  "prec": 0.4666666666666667,
  "rec": 0.7368421052631579,
  "tp": 28,
  "fp": 32,
  "fn": 10,
  "tn": 10
}