{
  "cm_at_c1": {
    "TP": 0,
    "TN": 109,
    "FP": 0,
    "FN": 68,
    "precision": 0.0,
    "recall": 0.0,
    "accuracy": 0.615819209039548,
    "F1": 0.0
  },
  "pr_auc": 0.40633092281168426,
  "roc_auc": 0.4904883971937399,
  "prevalence": 0.384180790960452,
  "normalized_auprc": 0.03596856273090011,
  "c_grid": [
    1.0723120375433615,
    1.0815278578649807,
    1.0908228821321186,
    1.1001977910508616,
    1.1096532711775193,
    1.1191900149689045,
    1.1288087208330424,
    1.1385100931803183,
    1.1482948424750643,
    1.1581636852875878,
    1.1681173443466502,
    1.1781565485923924,
    1.18828203322972,
    1.198494539782143,
    1.2087948161460809,
    1.219183616645634,
    1.229661702087824,
    1.2402298398183116,
    1.2508888037775912,
    1.2616393745576693,
    1.27248233945923,
    1.2834184925492915,
    1.294448634719359,
    1.3055735737440752,
    1.316794124340378,
    1.3281111082271642,
    1.3395253541854666,
    1.351037698119149,
    1.3626489831161215,
    1.3743600595100836,
    1.3861717849427964,
    1.3980850244268908,
    1.4101006504092148,
    1.4222195428347273,
    1.434442589210937,
    1.4467706846728998,
    1.4592047320487715,
    1.4717456419259252,
    1.4843943327176363,
    1.4971517307303417,
    1.5100187702314762,
    1.5229963935178912,
    1.5360855509848637,
    1.5492872011956957,
    1.5626023109519143,
    1.5760318553640722,
    1.5895768179231597,
    1.6032381905726287,
    1.617016973781036,
    1.630914176615311,
    1.6449308168146528,
    1.6590679208650636,
    1.6733265240745205,
    1.6877076706487955,
    1.7022124137679262,
    1.7168418156633432,
    1.731596947695661,
    1.746478890433138,
    1.76148873373081,
    1.7766275768103026,
    1.791896528340333,
    1.8072967065179002,
    1.8228292391501753,
    1.8384952637370928,
    1.8542959275546564,
    1.8702323877389553,
    1.8863058113709068,
    1.9025173755617244,
    1.9188682675391229,
    1.9353596847342625,
    1.95199283486944,
    1.968768936046536,
    1.9856892168362186,
    2.0027549163679184,
    2.0199672844205714,
    2.037327581514146,
    2.054837079001956,
    2.0724970591637635,
    2.090308815299687,
    2.1082736518249137,
    2.1263928843652247,
    2.1446678398533443,
    2.1630998566261157,
    2.181690284522511,
    2.200440484982486,
    2.219351831146681,
    2.238425707956982,
    2.257663512257944,
    2.2770666528990877,
    2.2966365508380733,
    2.3163746392447617,
    2.3362823636061725,
    2.3563611818323382,
    2.3766125643630756,
    2.3970379942756703,
    2.4176389673934846,
    2.4384169923955055,
    2.4593735909268273,
    2.4805102977100906,
    2.5018286606578704,
    2.523330240986039,
    2.5450166133280967,
    2.5668893658504888,
    2.588950100368912,
    2.611200432465621,
    2.633641991607742,
    2.6562764212666066,
    2.679105379038105,
    2.7021305367640815,
    2.725353580654766,
    2.7487762114122622,
    2.772400144355095,
    2.796227109543831,
    2.820258851907774,
    2.844497131372755,
    2.868943722990013,
    2.893600417066195,
    2.9184690192944585,
    2.943551350886715,
    2.968849248706998,
    2.9943645654059883,
    3.0200991695566852,
    3.0460549457912505,
    3.072233794939027,
    3.0986376341657405,
    3.125268397113904,
    3.1521280340444204,
    3.179218511979411,
    3.206541814846263,
    3.2340999436229225,
    3.261894916484432,
    3.289928768950728,
    3.3182035540357098,
    3.3467213423975837,
    3.3754842224905133,
    3.404494300717557,
    3.433753701584929,
    3.463264567857587,
    3.4930290607161454,
    3.523049359915158,
    3.5533276639427402,
    3.5838661901815745,
    3.614667175071297,
    3.6457328742722774,
    3.677065562830812,
    3.7086675353457315,
    3.7405411061364426,
    3.7726886094124104,
    3.8051123994441047,
    3.8378148507354104,
    3.8707983581975185,
    3.9040653373243157,
    3.9376182243692757,
    3.9714594765238784,
    4.005591572097558,
    4.040017010699194,
    4.07473831342017,
    4.109758023018999,
    4.1450787041075445,
    4.180702943338824,
    4.216633349596451,
    4.252872554185681,
    4.289423211026123,
    4.326287996846082,
    4.363469611378597,
    4.400970777559141,
    4.438794241725039,
    4.476942773816587,
    4.515419167579906,
    4.554226240771539,
    4.593366835364796,
    4.632843817757894,
    4.672660078983867,
    4.712818534922285,
    4.753322126512792,
    4.794173819970488,
    4.83537660700315,
    4.876933505030326,
    4.91884755740431,
    4.961121833633015,
    5.003759429604772,
    5.04676346781504,
    5.090137097595091,
    5.133883495342629,
    5.178005864754425,
    5.222507437060927,
    5.267391471262891,
    5.312661254370056,
    5.358320101641854,
    5.404371356830207,
    5.450818392424396,
    5.49766460989804,
    5.544913439958195,
    5.592568342796606,
    5.6406328083430965,
    5.689110356521155,
    5.738004537505712,
    5.787318931983123,
    5.837057151413402,
    5.8872228382947025,
    5.937819666430062,
    5.988851341196451,
    6.040321599816133,
    6.092234211630352,
    6.144592978375369,
    6.197401734460888,
    6.250664347250846,
    6.30438471734665,
    6.358566778872823,
    6.413214499765112,
    6.468331882061073,
    6.523922962193162,
    6.579991811284327,
    6.636542535446155,
    6.693579276079578,
    6.751106210178151,
    6.809127550633964,
    6.867647546546156,
    6.92667048353209,
    6.986200684041206,
    7.046242507671574,
    7.106800351489149,
    7.167878650349798,
    7.22948187722407,
    7.291614543524766,
    7.354281199437329,
    7.417486434253074,
    7.481234876705267,
    7.545531195308106,
    7.610380098698618,
    7.675786335981484,
    7.741754697076829,
    7.808290013071013,
    7.875397156570413,
    7.943081042058279,
    8.011346626254623,
    8.080198908479227,
    8.149642931017748,
    8.219683779490996,
    8.290326583227362,
    8.361576515638456,
    8.433438794597981,
    8.505918682823843,
    8.57902148826357,
    8.652752564483023,
    8.727117311058468,
    8.802121173971976,
    8.877769646010291,
    8.954068267167052,
    9.031022625048527,
    9.1086383552828,
    9.186921141932485,
    9.265876717911004,
    9.345510865402414,
    9.425829416284866,
    9.506838252557678,
    9.588543306772111,
    9.67095056246582,
    9.754066054601049,
    9.837895870006601,
    9.92244614782358,
    10.007723079954996,
    10.093732911519217,
    10.18048194130731,
    10.267976522244327,
    10.356223061854571,
    10.445228022730802,
    10.534997923007559,
    10.625539336838463,
    10.716858894877685,
    10.80896328476555,
    10.901859251618252,
    10.995553598521852,
    11.090053187030497,
    11.185364937668888,
    11.281495830439106,
    11.378452905331798,
    11.476243262841704,
    11.574874064487695,
    11.674352533337187,
    11.77468595453514,
    11.875881675837585,
    11.97794710814968,
    12.080889726068493,
    12.184717068430343,
    12.289436738862912,
    12.39505640634211,
    12.501583805753649,
    12.609026738459546,
    12.717393072869404,
    12.826690745016656,
    12.936927759139772,
    13.04811218826839,
    13.160252174814561,
    13.273355931169053,
    13.38743174030274,
    13.50248795637323,
    13.618533005336635,
    13.735575385564644,
    13.853623668466911,
    13.972686499118717,
    14.092772596894143,
    14.213890756104558,
    14.336049846642682,
    14.459258814632188,
    14.583526683082791,
    14.708862552551103,
    14.835275601807048,
    14.962775088506062,
    15.091370349867102,
    15.221070803356385,
    15.351885947377093,
    15.483825361964989,
    15.61689870948994,
    15.751115735363598,
    15.886486268753023,
    16.023020223300534,
    16.16072759784975,
    16.299618477177766,
    16.439703032733775,
    16.580991523383897,
    16.723494296162492,
    16.867221787029937,
    17.012184521636822,
    17.158393116094853,
    17.305858277754243,
    17.45459080598788,
