{
  "cm_at_c1": {
    "TP": 0,
    "TN": 113,
    "FP": 0,
    "FN": 67,
    "precision": 0.0,
    "recall": 0.0,
    "accuracy": 0.6277777777777778,
    "F1": 0.0
  },
  "pr_auc": 0.4482961011466945,
  "roc_auc": 0.5363888521991811,
  "prevalence": 0.37222222222222223,
  "normalized_auprc": 0.12117963014517705,
  "auprg": NaN,
  "ece_rank": 0.242756292203806,
  "c_grid": [
    1.513918757090961,
    1.5269482488622923,
    1.5400898785241308,
    1.5533446111875266,
    1.5667134202697262,
    1.5801972875656594,
    1.5937972033200423,
    1.6075141663000987,
    1.6213491838689096,
    1.6353032720593934,
    1.649377455648922,
    1.6635727682345802,
    1.6778902523090715,
    1.6923309593372788,
    1.7068959498334826,
    1.7215862934392445,
    1.7364030690019612,
    1.7513473646540934,
    1.766420277893078,
    1.7816229156619274,
    1.796956394430523,
    1.8124218402776064,
    1.828020388973479,
    1.8437531860634122,
    1.8596213869517746,
    1.8756261569868846,
    1.8917686715465918,
    1.908050116124597,
    1.924471686417513,
    1.9410345884126763,
    1.9577400384767139,
    1.9745892634448712,
    1.991583500711111,
    2.008723998318986,
    2.0260120150532948,
    2.043448820532527,
    2.0610356953020994,
    2.0787739309284023,
    2.096664830093649,
    2.1147097066915443,
    2.1329098859237754,
    2.151266704397335,
    2.1697815102226783,
    2.18845566311273,
    2.207290534482738,
    2.226287507550991,
    2.245447977440401,
    2.2647733512809567,
    2.2842650483130673,
    2.3039244999917856,
    2.323753150091936,
    2.343752454814144,
    2.3639238828917764,
    2.3842689156988057,
    2.4047890473586,
    2.425485784853652,
    2.446360648136248,
    2.4674151702400953,
    2.4886508973929033,
    2.51006938912994,
    2.531672218408562,
    2.553460971723731,
    2.5754372492245268,
    2.597602664831657,
    2.6199588463559866,
    2.6425074356180795,
    2.665250088568775,
    2.6881884754107976,
    2.7113242807214184,
    2.734659203576165,
    2.7581949576736027,
    2.7819332714611873,
    2.8058758882622015,
    2.8300245664037815,
    2.8543810793460467,
    2.8789472158123437,
    2.903724779920608,
    2.928715591315854,
    2.953921485303815,
    2.979344312985719,
    3.004985941394236,
    3.0308482536305927,
    3.0569331490028615,
    3.0832425431654507,
    3.109778368259782,
    3.13654257305619,
    3.1635371230970355,
    3.190764000841055,
    3.2182252058089524,
    3.2459227547302385,
    3.2738586816913404,
    3.3020350382849832,
    3.330453893760857,
    3.3591173351775803,
    3.388027467555974,
    3.4171864140336505,
    3.446596316020935,
    3.476259333358132,
    3.506177644474137,
    3.5363534465464257,
    3.5667889556624064,
    3.597486406982172,
    3.6284480549026457,
    3.6596761732231426,
    3.69117305531236,
    3.7229410142767945,
    3.754982383130617,
    3.787299514967009,
    3.81989478313097,
    3.8527705813936146,
    3.885929324127971,
    3.919373446486288,
    3.9531054045788716,
    3.98712767565446,
    4.02144275828215,
    4.056053172534894,
    4.090961460174567,
    4.126170184838632,
    4.161681932228415,
    4.197499310298993,
    4.233624949450728,
    4.270061502722429,
    4.3068116459861985,
    4.343878078143946,
    4.381263521325586,
    4.418970721088958,
    4.4570024466214555,
    4.495361490943389,
    4.534050671113107,
    4.573072828433877,
    4.612430828662549,
    4.652127562220018,
    4.692165944403487,
    4.73254891560057,
    4.773279441505228,
    4.814360513335572,
    4.855795148053529,
    4.897586388586414,
    4.939737304050392,
    4.982250989975876,
    5.025130568534858,
    5.068379188770203,
    5.112000026826904,
    5.155996286185348,
    5.200371197896566,
    5.245128020819523,
    5.290270041860446,
    5.335800576214211,
    5.381722967607815,
    5.428040588545924,
    5.474756840558556,
    5.521875154450887,
    5.569398990555201,
    5.617331838985018,
    5.6656772198914105,
    5.714438683721507,
    5.763619811479246,
    5.813224214988358,
    5.8632555371576105,
    5.913717452248354,
    5.964613666144342,
    6.015947916623895,
    6.067723973634397,
    6.119945639569161,
    6.172616749546677,
    6.225741171692251,
    6.27932280742208,
    6.333365591729775,
    6.387873493475335,
    6.442850515676628,
    6.498300695803357,
    6.554228106073577,
    6.6106368537527525,
    6.667531081455394,
    6.7249149674492825,
    6.782792725962331,
    6.841168607492058,
    6.9000468991177515,
    6.959431924815306,
    7.019328045774769,
    7.079739660720632,
    7.140671206234859,
    7.202127157082709,
    7.264112026541364,
    7.326630366731375,
    7.389686768950966,
    7.453285864013224,
    7.517432322586171,
    7.582130855535778,
    7.647386214271932,
    7.713203191097366,
    7.77958661955962,
    7.846541374805989,
    7.914072373941568,
    7.982184576390354,
    8.05088298425946,
    8.120172642706475,
    8.190058640309964,
    8.260546109443176,
    8.331640226650965,
    8.40334621302994,
    8.475669334611917,
    8.548614902750629,
    8.622188274511805,
    8.696394853066582,
    8.771240088088314,
    8.846729476152783,
    8.922868561141874,
    8.999662934650706,
    9.077118236398277,
    9.15524015464164,
    9.234034426593645,
    9.313506838844274,
    9.393663227785606,
    9.474509480040435,
    9.556051532894578,
    9.638295374732907,
    9.721247045479132,
    9.804912637039367,
    9.889298293749512,
    9.974410212826495,
    10.060254644823381,
    10.146837894088417,
    10.234166319228024,
    10.322246333573737,
    10.411084405653241,
    10.500687059665369,
    10.591060875959272,
    10.68221249151766,
    10.774148600444196,
    10.866875954455148,
    10.960401363375187,
    11.05473169563753,
    11.149873878788338,
    11.245834899995451,
    11.342621806561564,
    11.440241706441723,
    11.53870176876538,
    11.63800922436284,
    11.738171366296326,
    11.83919555039556,
    11.941089195797955,
    12.043859785493503,
    12.147514866874284,
    12.252062052288773,
    12.357509019600872,
    12.463863512753747,
    12.571133342338578,
    12.679326386168121,
    12.788450589855277,
    12.898513967396607,
    13.00952460176085,
    13.121490645482572,
    13.234420321260835,
    13.348321922563107,
    13.46320381423431,
    13.579074433111106,
    13.695942288641543,
    13.813815963509922,
    13.932704114267157,
    14.052615471966478,
    14.173558842804617,
    14.295543108768577,
    14.418577228287859,
    14.542670236892409,
    14.667831247876169,
    14.79406945296632,
    14.92139412299837,
    15.049814608596934,
    15.179340340862494,
    15.309980832063985,
    15.44174567633735,
    15.574644550390165,
    15.708687214212272,
    15.843883511792523,
    15.980243371841764,
    16.117776808521928,
    16.256493922181534,
    16.396404900097394,
    16.537520017222796,
    16.679849636942077,
    16.823404211831672,
    16.968194284427806,
    17.11423048800066,
    17.261523547335333,
    17.41008427951942,
    17.55992359473741,
    17.711052497071964,
    17.86348208531198,
    18.017223553767746,
    18.172288193093014,
    18.328687391114137,
    18.486432633666467,
    18.645535505437778,
    18.8060076908191,
    18.967860974762797,
    19.131107243648003,
    19.295758486153613,
    19.46182679413867,
    19.629324363530408,
    19.798263495219928,
    19.968656595965502,
    20.1405161793038,
    20.31385486646879,
    20.488685387318714,
    20.665020581270884,
    20.842873398244656,
    21.02225689961244,
    21.20318425915889,
    21.38566876404844,
    21.56972381580102,
    21.75536293127634,
    21.942599743666516,
    22.131448003497237,
    22.321921579637692,
    22.514034460318985,
    22.707800754161507,
    22.90323469121102,
    23.100350623983672,
    23.299163028520116,
    23.499686505448516,
    23.701935781056907,
    23.905925708374628,
    24.111671268263088,
    24.319187570516036,
