{
  "cm_at_c1": {
    "TP": 0,
    "TN": 131,
    "FP": 0,
    "FN": 49,
    "precision": 0.0,
    "recall": 0.0,
    "accuracy": 0.7277777777777777,
    "F1": 0.0
  },
  "pr_auc": 0.30816162094575833,
  "roc_auc": 0.5554603520797632,
  "prevalence": 0.2722222222222222,
  "normalized_auprc": 0.04938237992546949,
  "c_grid": [
    5.922864175330076,
    5.96421461115079,
    6.005853734756997,
    6.047783561620504,
    6.090006121284118,
    6.1325234574598815,
    6.175337628128008,
    6.218450705636476,
    6.261864776801355,
    6.305581943007801,
    6.3496043203117765,
    6.39393403954248,
    6.438573246405474,
    6.483524101586549,
    6.528788780856315,
    6.5743694751755015,
    6.620268390801024,
    6.666487749392758,
    6.713029788121084,
    6.7598967597751765,
    6.807090932872038,
    6.854614591766308,
    6.902470036760834,
    6.950659584218009,
    6.999185566671896,
    7.048050332941131,
    7.097256248242605,
    7.146805694305963,
    7.1967010694888724,
    7.246944788893119,
    7.29753928448151,
    7.3484870051955795,
    7.399790417074131,
    7.451452003372604,
    7.503474264683267,
    7.5558597190562535,
    7.608610902121453,
    7.66173036721123,
    7.715220685484032,
    7.76908444604882,
    7.823324256090409,
    7.877942740995656,
    7.932942544480534,
    7.98832632871811,
    8.044096774467386,
    8.100256581203066,
    8.156808467246218,
    8.213755169895856,
    8.271099445561418,
    8.32884406989621,
    8.386991837931728,
    8.445545564212965,
    8.50450808293465,
    8.563882248078412,
    8.62367093355094,
    8.683877033323078,
    8.744503461569911,
    8.805553152811816,
    8.867029062056508,
    8.928934164942058,
    8.991271457880949,
    9.054043958205085,
    9.117254704311852,
    9.180906755811199,
    9.245003193673705,
    9.309547120379738,
    9.374541660069603,
    9.43998995869477,
    9.50589518417015,
    9.57226052652743,
    9.63908919806948,
    9.706384433525844,
    9.774149490209304,
    9.842387648173549,
    9.911102210371947,
    9.980296502817403,
    10.049973874743367,
    10.120137698765932,
    10.190791371047094,
    10.261938311459124,
    10.33358196375011,
    10.405725795710651,
    10.478373299341696,
    10.551527991023573,
    10.625193411686197,
    10.699373126980458,
    10.774070727450827,
    10.849289828709122,
    10.925034071609534,
    11.001307122424857,
    11.078112673023929,
    11.155454441050372,
    11.233336170102488,
    11.311761629914495,
    11.39073461653898,
    11.470258952530644,
    11.550338487131347,
    11.630977096456368,
    11.712178683682096,
    11.793947179234896,
    11.876286540981388,
    11.959200754420005,
    12.042693832873905,
    12.126769817685258,
    12.21143277841081,
    12.296686813018905,
    12.382536048087816,
    12.468984639005495,
    12.556036770170723,
    12.64369665519561,
    12.731968537109582,
    12.820856688564742,
    12.910365412042683,
    13.000499040062758,
    13.091261935391756,
    13.182658491255102,
    13.27469313154949,
    13.367370311057016,
    13.460694515660824,
    13.554670262562203,
    13.649302100499256,
    13.74459460996707,
    13.840552403439423,
    13.937180125592073,
    14.034482453527504,
    14.132464097001401,
    14.231129798650556,
    14.330484334222453,
    14.430532512806419,
    14.531279177066406,
    14.632729203475405,
    14.734887502551453,
    14.837759019095344,
    14.94134873242996,
    15.045661656641288,
    15.150702840821143,
    15.256477369311517,
    15.362990361950711,
    15.47024697432114,
    15.578252397998876,
    15.687011860804963,
    15.796530627058427,
    15.906813997831101,
    16.017867311204217,
    16.12969594252678,
    16.242305304675785,
    16.35570084831814,
    16.469888062174597,
    16.584872473285348,
    16.70065964727758,
    16.81725518863487,
    16.934664740968458,
    17.052893987290435,
    17.17194865028878,
    17.29183449260438,
    17.412557317109975,
    17.534122967190996,
    17.656537327028467,
    17.77980632188375,
    17.903935918385397,
    18.02893212481792,
    18.154800991412632,
    18.28154861064052,
    18.409181117507085,
    18.537704689849335,
    18.66712554863481,
    18.797449958262682,
    18.92868422686702,
    19.060834706622014,
    19.193907794049597,
    19.32790993032893,
    19.46284760160821,
    19.598727339318696,
    19.735555720490705,
    19.87333936807212,
    20.012084951248845,
    20.151799185767672,
    20.29248883426136,
    20.43416070657588,
    20.576821660100162,
    20.720478600097916,
    20.865138480041907,
    21.010808301950526,
    21.157495116726693,
    21.3052060244992,
    21.453948174966296,
    21.60372876774182,
    21.75455505270366,
    21.906434330344666,
    22.059373952126077,
    22.21338132083323,
    22.36846389093403,
    22.52462916893966,
    22.681884713767957,
    22.84023813710934,
    22.999697103795107,
    23.160269332168607,
    23.321962594458704,
    23.484784717156025,
    23.648743581391837,
    23.813847123319384,
    23.980103334498196,
    24.14752026228077,
    24.316106010202148,
    24.485868738372183,
    24.6568166638704,
    24.8289580611439,
    25.00230126240772,
    25.176854658048217,
    25.35262669702918,
    25.52962588730075,
    25.707860796211335,
    25.887340050922127,
    26.068072338824877,
    26.25006640796225,
    26.43333106745131,
    26.61787518790997,
    26.8037077018862,
    26.990837604290597,
    27.179273952831597,
    27.369025868453978,
    27.560102535780384,
    27.75251320355574,
    27.946267185095113,
    28.141373858734372,
    28.337842668284164,
    28.535683123487097,
    28.734904800477874,
    28.935517342247035,
    29.13753045910752,
    29.340953929164765,
    29.54579759879,
    29.75207138309679,
    29.95978526642106,
    30.16894930280426,
    30.379573616480073,
    30.591668402364455,
    30.80524392654907,
    31.020310526798315,
    31.23687861304949,
    31.45495866791692,
    31.674561247199165,
    31.895696980390017,
    32.11837657119308,
    32.34261079803967,
    32.568410514610775,
    32.79578665036219,
    33.02475021105366,
    33.25531227928161,
    33.48748401501545,
    33.72127665613791,
    33.95670151898891,
    34.19376999891327,
    34.43249357081243,
    34.672883789699654,
    34.91495229125957,
    35.15871079241117,
    35.404171091875085,
    35.65134507074462,
    35.90024469306082,
    36.15088200639169,
    36.40326914241513,
    36.65741831750637,
    36.91334183332912,
    37.17105207743107,
    37.430561523843565,
    37.69188273368518,
    37.95502835577,
    38.220011127219614,
    38.48684387407977,
    38.75553951194122,
    39.02611104656471,
    39.29857157451073,
    39.57293428377326,
    39.849212454418144,
    40.12741945922603,
    40.40756876433937,
    40.68967392991457,
    40.97374861077805,
    41.25980655708739,
    41.54786161499673,
    41.83792772732708,
    42.13001893424118,
    42.424149373923036,
    42.720333283262306,
    43.01858499854338,
    43.318918956139306,
    43.621349693210675,
    43.92589184840898,
    44.23256016258554,
    44.54136947950473,
    44.85233474656257,
    45.1654710155103,
    45.480793443182705,
    45.79831729223208,
    46.11805793186671,
    46.44003083859493,
    46.764251596974276,
    47.09073590036563,
    47.41949955169311,
    47.75055846420875,
    48.08392866226285,
    48.4196262820797,
    48.75766757253835,
    49.09806889595948,
    49.440846728897064,
    49.786017662936096,
    50.13359840549557,
    50.483605780637205,
    50.83605672987989,
    51.19096831301943,
    51.54835770895467,
    51.9082422165187,
    52.270639255316304,
    52.635566366567225,
    53.00304121395492,
    53.37308158448192,
    53.7457053893305,
    54.120930664729705,
    54.49877557282852,
    54.87925840257464,
    55.26239757060014,
    55.648211622112555,
    56.036719231792674,
    56.42793920469853,
    56.82189047717538,
    57.218592117772616,
    57.61806332816648,
