{
  "c": 0.05,
  "f1": 0.4090909090909091,
  "prec": 0.3,
  "rec": 0.6428571428571429,
  "tp": 18,
  "fp": 42,
  "fn": 10,
  "tn": 10
}