{
  "cm_at_c1": {
    "TP": 0,
    "TN": 115,
    "FP": 0,
    "FN": 65,
    "precision": 0.0,
    "recall": 0.0,
    "accuracy": 0.6388888888888888,
    "F1": 0.0
  },
  "pr_auc": 0.40162316487593275,
  "roc_auc": 0.5330434782608695,
  "prevalence": 0.3611111111111111,
  "normalized_auprc": 0.06341017111015562,
  "c_grid": [
    1.5531361453667516,
    1.566382597711353,
    1.5797420269512776,
    1.5932153966485831,
    1.6068036785833952,
    1.620507852823999,
    1.6343289077975258,
    1.6482678403612467,
    1.66232565587447,
    1.6765033682710544,
    1.6908020001325401,
    1.7052225827619036,
    1.7197661562579412,
    1.734433769590287,
    1.7492264806750708,
    1.7641453564512222,
    1.7791914729574239,
    1.794365915409722,
    1.8096697782797984,
    1.8251041653739115,
    1.8406701899125073,
    1.856368974610514,
    1.8722016517583169,
    1.888169363303427,
    1.9042732609328454,
    1.9205145061561282,
    1.9368942703891638,
    1.9534137350386604,
    1.9700740915873578,
    1.986876541679963,
    2.0038222972098203,
    2.0209125804063217,
    2.038148623923058,
    2.05553167092673,
    2.0730629751868084,
    2.0907438011659663,
    2.108575424111279,
    2.126559130146201,
    2.144696216363332,
    2.162987990917967,
    2.1814357731224527,
    2.20004089354134,
    2.2188046940873565,
    2.237728528118188,
    2.2568137605340968,
    2.276061767876361,
    2.295473938426564,
    2.31505167230672,
    2.334796381580265,
    2.3547094903538994,
    2.3747924348803036,
    2.3950466636617307,
    2.41547363755448,
    2.4360748298742627,
    2.456851726502467,
    2.477805825993328,
    2.4989386396820117,
    2.5202516917936246,
    2.5417465195531457,
    2.563424673296305,
    2.5852877165813974,
    2.6073372263020613,
    2.6295747928010114,
    2.652002019984742,
    2.6746205254392135,
    2.69743194054652,
    2.7204379106025565,
    2.743640094935685,
    2.7670401670264173,
    2.790639814628114,
    2.81444073988872,
    2.8384446594735264,
    2.8626533046889957,
    2.8870684216076246,
    2.91169177119389,
    2.9365251294312515,
    2.9615702874502547,
    2.9868290516577116,
    3.0123032438669934,
    3.0379947014294273,
    3.0639052773668216,
    3.0900368405051117,
    3.1163912756091565,
    3.1429704835186736,
    3.169776381285342,
    3.196810902311073,
    3.224075996487454,
    3.251573630336391,
    3.2793057871519435,
    3.307274467143373,
    3.3354816875794064,
    3.36392948293374,
    3.392619905031771,
    3.4215550231985934,
    3.450736924408245,
    3.480167713434237,
    3.509849513001358,
    3.539784463938783,
    3.5699747253344785,
    3.6004224746909324,
    3.6311299080822033,
    3.6620992403123216,
    3.693332705075029,
    3.7248325551148853,
    3.756601062389757,
    3.7886405182346756,
    3.8209532335271086,
    3.853541538853629,
    3.886407784678018,
    3.9195543415107856,
    3.952983600080155,
    3.9866979715044883,
    4.020699887466199,
    4.0549918003871275,
    4.089576183605442,
    4.124455531554011,
    4.159632359940332,
    4.19510920592797,
    4.230888628319561,
    4.266973207741359,
    4.303365546829372,
    4.340068270417082,
    4.377084025724753,
    4.414415482550381,
    4.4520653334622375,
    4.490036293993089,
    4.528331102836048,
    4.566952522042109,
    4.60590333721936,
    4.645186357733901,
    4.68480441691247,
    4.724760372246801,
    4.765057105599722,
    4.8056975234130155,
    4.84668455691704,
    4.888021162342161,
    4.929710321131959,
    4.9717550401582775,
    5.014158351938095,
    5.056923314852242,
    5.100053013366005,
    5.143550558251576,
    5.187419086812438,
    5.231661763109634,
    5.276281778189988,
    5.32128235031625,
    5.366666725199232,
    5.412438176231894,
    5.4586000047254455,
    5.505155540147463,
    5.552108140362019,
    5.599461191871881,
    5.6472181100627585,
    5.695382339449651,
    5.743957353925274,
    5.792946657010631,
    5.842353782107696,
    5.892182292754275,
    5.942435782881016,
    5.993117877070641,
    6.0442322308193575,
    6.095782530800528,
    6.14777249513056,
    6.200205873637098,
    6.253086448129462,
    6.306418032671436,
    6.36020447385634,
    6.414449651084486,
    6.469157476842976,
    6.524331896987893,
    6.579976891028906,
    6.636096472416286,
    6.692694688830395,
    6.749775622473609,
    6.807343390364774,
    6.865402144636126,
    6.92395607283279,
    6.983009398214793,
    7.042566380061683,
    7.102631313979726,
    7.163208532211739,
    7.224302403949543,
    7.285917335649114,
    7.34805777134839,
    7.410728192987801,
    7.473933120733545,
    7.5376771133035945,
    7.601964768296514,
    7.66680072252305,
    7.732189652340582,
    7.798136273990394,
    7.864645343937853,
    7.931721659215457,
    7.999370057768845,
    8.067595418805718,
    8.136402663147779,
    8.205796753585629,
    8.275782695236733,
    8.346365535906406,
    8.417550366451897,
    8.489342321149568,
    8.561746578065218,
    8.634768359427545,
    8.708412932004805,
    8.782685607484696,
    8.857591742857451,
    8.933136740802235,
    9.009326050076794,
    9.08616516591048,
    9.163659630400575,
    9.241815032912045,
    9.32063701048065,
    9.400131248219552,
    9.480303479729322,
    9.561159487511526,
    9.642705103385753,
    9.724946208910268,
    9.807888735806209,
    9.891538666385433,
    9.975902033981978,
    10.060984923387238,
    10.146793471288836,
    10.23333386671322,
    10.320612351472073,
    10.408635220612492,
    10.497408822871057,
    10.586939561131691,
    10.677233892887516,
    10.76829833070658,
    10.86013944270161,
    10.952763853003713,
    11.046178242240163,
    11.140389348016244,
    11.235403965401224,
    11.331228947418428,
    11.42787120553953,
    11.525337710183056,
    11.623635491217138,
    11.722771638466527,
    11.822753302223974,
    11.923587693765942,
    12.025282085872721,
    12.127843813353019,
    12.231280273572942,
    12.33559892698957,
    12.44080729768903,
    12.546912973929214,
    12.65392360868704,
    12.761846920210461,
    12.870690692575144,
    12.980462776245918,
    13.091171088642971,
    13.202823614712917,
    13.315428407504708,
    13.428993588750501,
    13.543527349451395,
    13.659037950468251,
    13.775533723117505,
    13.893023069772063,
    14.011514464467362,
    14.131016453512524,
    14.251537656106798,
    14.37308676496121,
    14.495672546925562,
    14.619303843620713,
    14.74398957207631,
    14.869738725373933,
    14.996560373295745,
    15.12446366297863,
    15.253457819573962,
    15.383552146912955,
    15.51475602817776,
    15.647078926578176,
    15.78053038603422,
    15.915120031864515,
    16.05085757148048,
    16.18775279508652,
    16.32581557638614,
    16.465055873294094,
    16.60548372865464,
    16.747109270965833,
    16.8899427151101,
    17.033994363090976,
    17.17927460477617,
    17.32579391864692,
    17.47356287255376,
    17.62259212447875,
    17.772892423304217,
    17.924474609587982,
    18.07734961634527,
    18.231528469837254,
    18.387022290366374,
    18.54384229307834,
    18.701999788771076,
    18.861506184710503,
    19.02237298545331,
    19.184611793676748,
    19.34823431101544,
    19.51325233890541,
    19.679677779435252,
    19.847522636204616,
    20.016799015189928,
    20.187519125617573,
    20.359695280844498,
    20.53333989924634,
    20.708465505113075,
    20.885084729552368,
    21.063210311400592,
    21.242855098141685,
    21.42403204683369,
    21.60675422504337,
    21.7910348117887,
    21.97688709848938,
    22.16432448992559,
    22.353360505204698,
    22.544008778736426,
    22.736283061216202,
    22.930197220616993,
    23.125765243189473,
    23.323001234470855,
    23.521919420302225,
    23.722534147854663,
    23.924859886663953,
    24.12891122967428,
    24.334702894290718,
    24.542249723440808,
    24.751566686645027,
    24.96266888109653,
