{
  "c": 0.05,
  "f1": 0.6595744680851064,
  "prec": 0.5166666666666667,
  "rec": 0.9117647058823529,
  "tp": 31,
  "fp": 29,
  "fn": 3,
  "tn": 17
}