{
  "cm_at_c1": {
    "TP": 0,
    "TN": 142,
    "FP": 0,
    "FN": 38,
    "precision": 0.0,
    "recall": 0.0,
    "accuracy": 0.7888888888888889,
    "F1": 0.0
  },
  "pr_auc": 0.23476211298954633,
  "roc_auc": 0.5775574499629355,
  "prevalence": 0.2111111111111111,
  "normalized_auprc": 0.029980143226185488,
  "auprg": NaN,
  "ece_rank": 0.30718232044198895,
  "c_grid": [
    1.6168457791665811,
    1.6308832560882962,
    1.6450426065744952,
    1.6593248887331131,
    1.6737311698585924,
    1.6882625265116407,
    1.7029200445996795,
    1.717704819457994,
    1.7326179559315846,
    1.7476605684577315,
    1.7628337811492736,
    1.7781387278786136,
    1.7935765523624492,
    1.8091484082472418,
    1.8248554591954271,
    1.8406988789723746,
    1.8566798515340992,
    1.872799571115739,
    1.8890592423207975,
    1.9054600802111616,
    1.9220033103979028,
    1.9386901691328637,
    1.9555219034010427,
    1.9724997710137782,
    1.989625040702744,
    2.00689899221476,
    2.0243229164074243,
    2.041898115345579,
    2.05962590239861,
    2.0775076023385943,
    2.0955445514392985,
    2.113738097576035,
    2.1320896003263887,
    2.1506004310718154,
    2.1692719731001233,
    2.188105621708844,
    2.207102784309501,
    2.2262648805327827,
    2.245593342334633,
    2.2650896141032537,
    2.284755152767047,
    2.304591427903485,
    2.324599921848933,
    2.3447821298094196,
    2.365139559972373,
    2.3856737336193246,
    2.4063861852395934,
    2.4272784626449537,
    2.4483521270853053,
    2.4696087533653373,
    2.491049929962218,
    2.512677259144293,
    2.5344923570908255,
    2.5564968540127673,
    2.578692394274585,
    2.601080636517138,
    2.6236632537816313,
    2.646441933634632,
    2.6694183782941865,
    2.6925943047570193,
    2.7159714449268453,
    2.739551545743789,
    2.7633363693149335,
    2.7873276930460005,
    2.81152730977417,
    2.8359370279020615,
    2.8605586715328672,
    2.885394080606671,
    2.9104451110379386,
    2.9357136348542134,
    2.961201540336004,
    2.9869107321578987,
    3.0128431315308934,
    3.039000676345968,
    3.065385321318893,
    3.091999038136312,
    3.1188438156030753,
    3.145921659790868,
    3.173234594188112,
    3.200784659851186,
    3.228573915556947,
    3.256604437956581,
    3.284878321730786,
    3.3133976797463087,
    3.342164643213831,
    3.371181361847237,
    3.4004500040242536,
    3.429972756948495,
    3.459751826812903,
    3.489789438964621,
    3.520087838071283,
    3.550649288288758,
    3.58147607343035,
    3.612570497137457,
    3.6439348830517253,
    3.675571574988687,
    3.7074829371129163,
    3.7396713541146918,
    3.7721392313882087,
    3.8048889952113245,
    3.8379230929268773,
    3.871243993125564,
    3.9048541858304247,
    3.9387561826829076,
    3.972952517130572,
    4.007445744616398,
    4.042238442769759,
    4.077333211599039,
    4.112732673685935,
    4.148439474381427,
    4.184456282003475,
    4.2207857880364035,
    4.257430707332049,
    4.294393778312623,
    4.331677763175356,
    4.369285448098912,
    4.4072196434516,
    4.445483184001381,
    4.4840789291277074,
    4.523009763035209,
    4.562278594969214,
    4.601888359433162,
    4.641842016407886,
    4.6821425515728174,
    4.722792976529093,
    4.763796329024617,
    4.805155673181053,
    4.846874099722822,
    4.888954726208043,
    4.931400697261529,
    4.97421518480976,
    5.01740138831793,
    5.060962535029027,
    5.104901880205013,
    5.149222707370071,
    5.1939283285559945,
    5.239022084549672,
    5.2845073451427576,
    5.330387509383476,
    5.376666005830638,
    5.423346292809845,
    5.470431858671935,
    5.517926222053644,
    5.565832932140571,
    5.614155568932385,
    5.662897743510365,
    5.712063098307243,
    5.761655307379403,
    5.811678076681435,
    5.862135144343081,
    5.913030280948568,
    5.964367289818397,
    6.016150007293538,
    6.068382303022133,
    6.121068080248658,
    6.174211276105609,
    6.227815861907727,
    6.281885843448751,
    6.336425261300784,
    6.391438191116223,
    6.446928743932344,
    6.502901066478492,
    6.559359341485984,
    6.616307788000658,
    6.673750661698172,
    6.73169225520201,
    6.790136898404281,
    6.849088958789265,
    6.908552841759809,
    6.968532990966519,
    7.029033888639844,
    7.090060055925009,
    7.151616053219893,
    7.213706480515802,
    7.276335977741236,
    7.339509225108611,
    7.403230943464016,
    7.467505894639984,
    7.532338881811349,
    7.5977347498541645,
    7.663698385707774,
    7.73023471873999,
    7.7973487211154575,
    7.865045408167234,
    7.933329838771552,
    8.002207115725891,
    8.071682386130275,
    8.141760841771928,
    8.212447719513236,
    8.283748301683097,
    8.355667916471658,
    8.42821193832849,
    8.501385788364201,
    8.575194934755563,
    8.649644893154122,
    8.724741227098395,
    8.80048954842961,
    8.87689551771108,
    8.953964844651201,
    9.03170328853014,
    9.110116658630206,
    9.189210814669982,
    9.2689916672422,
    9.349465178255448,
    9.430637361379672,
    9.51251428249559,
    9.595102060147983,
    9.678406866002907,
    9.762434925308922,
    9.847192517362263,
    9.932685975976115,
    10.018921689953904,
    10.105906103566742,
    10.193645717034984,
    10.282147087013996,
    10.371416827084095,
    10.461461608244809,
    10.552288159413369,
    10.64390326792756,
    10.736313780052912,
    10.82952660149434,
    10.923548697912178,
    11.018387095442721,
    11.114048881223258,
    11.210541203921716,
    11.30787127427085,
    11.4060463656071,
    11.505073814414093,
    11.60496102087092,
    11.70571544940513,
    11.80734462925053,
    11.909856155009821,
    12.01325768722217,
    12.117556952935638,
    12.222761746284625,
    12.328879929072311,
    12.43591943135815,
    12.543888252050484,
    12.65279445950429,
    12.76264619212412,
    12.873451658972233,
    12.985219140382107,
    13.097956988577177,
    13.211673628295006,
    13.326377557416816,
    13.44207734760257,
    13.558781644931498,
    13.676499170548206,
    13.795238721314378,
    13.915009170466194,
    14.035819468277378,
    14.157678642728062,
    14.2805958001794,
    14.404580126054121,
    14.529640885522909,
    14.655787424196795,
    14.783029168825504,
    14.911375628001958,
    15.040836392872801,
    15.171421137855141,
    15.303139621359517,
    15.436001686519091,
    15.570017261925273,
    15.70519636236962,
    15.84154908959226,
    15.979085633036737,
    16.11781627061151,
    16.257751369457964,
    16.398901386725154,
    16.541276870351243,
    16.68488845985172,
    16.829746887114513,
    16.97586297720194,
    17.12324764915965,
    17.271911916832593,
    17.421866889688076,
    17.573123773645957,
    17.725693871916036,
    17.87958858584272,
    18.034819415757056,
    18.191397961836127,
    18.349335924969907,
    18.508645107635633,
    18.66933741477984,
    18.831424854707947,
    18.99491953998166,
    19.15983368832411,
    19.326179623532834,
    19.49396977640078,
    19.663216685645203,
    19.833932998844674,
    20.006131473384176,
    20.179824977408526,
    20.355026490783928,
    20.531749106067977,
    20.71000602948799,
    20.889810581927968,
    21.07117619992399,
    21.25411643666834,
    21.438644963022266,
    21.624775568537647,
    21.812522162487433,
    22.001898774905072,
    22.192919557632933,
    22.38559878537989,
    22.579950856788034,
    22.775990295508667,
    22.973731751287588,
    23.173190001059933,
    23.374379950054365,
    23.57731663290696,
    23.782015214784703,
    23.988490992518738,
    24.196759395747538,
    24.40683598806989,
    24.618736468207974,
    24.832476671180444,
    25.04807256948585,
    25.26554027429616,
    25.484896036660786,
    25.70615624872092,
    25.929337444934585,
    26.154456303312188,
    26.381529646662855,
    26.610574443851522,
