{
  "c": 0.05,
  "f1": 0.5656565656565657,
  "prec": 0.4666666666666667,
  "rec": 0.717948717948718,
  "tp": 28,
  "fp": 32,
  "fn": 11,
  "tn": 9
}