{
  "cm_at_c1": {
    "TP": 0,
    "TN": 67,
    "FP": 0,
    "FN": 53,
    "precision": 0.0,
    "recall": 0.0,
    "accuracy": 0.5583333333333333,
    "F1": 0.0
  },
  "pr_auc": 0.48829778620342423,
  "roc_auc": 0.53914390312588,
  "prevalence": 0.44166666666666665,
  "normalized_auprc": 0.0835184230509091,
  "c_grid": [
    1.0882052642523214,
    1.096341010118538,
    1.1045375812380172,
    1.1127954323584235,
    1.1211150216272505,
    1.1294968106172387,
    1.137941264351983,
    1.1464488513317335,
    1.1550200435593867,
    1.1636553165666736,
    1.1723551494405415,
    1.1811200248497338,
    1.1899504290715688,
    1.198846852018919,
    1.2078097872673907,
    1.2168397320827085,
    1.2259371874483025,
    1.2351026580931046,
    1.2443366525195496,
    1.2536396830317882,
    1.2630122657641079,
    1.2724549207095712,
    1.2819681717488618,
    1.2915525466793516,
    1.3012085772443827,
    1.3109367991627678,
    1.3207377521585133,
    1.3306119799907619,
    1.3405600304839618,
    1.3505824555582595,
    1.36067981126012,
    1.3708526577931772,
    1.381101559549314,
    1.3914270851399744,
    1.4018298074277105,
    1.4123103035579652,
    1.422869154991092,
    1.4335069475346152,
    1.4442242713757294,
    1.455021721114045,
    1.4658998957945748,
    1.4768593989409708,
    1.487900838589007,
    1.499024827320313,
    1.5102319822963612,
    1.5215229252927065,
    1.5328982827334823,
    1.5443586857261549,
    1.5559047700965378,
    1.5675371764240673,
    1.5792565500773417,
    1.591063541249926,
    1.602958804996427,
    1.614943001268833,
    1.62701679495313,
    1.639180855906189,
    1.65143585899293,
    1.663782484123764,
    1.676221416292314,
    1.6887533456134185,
    1.70137896736142,
    1.7140989820087384,
    1.7269140952647337,
    1.7398250181148582,
    1.7528324668601036,
    1.7659371631567398,
    1.7791398340563533,
    1.7924412120461855,
    1.8058420350897688,
    1.8193430466678704,
    1.8329449958197412,
    1.8466486371846713,
    1.860454731043859,
    1.8743640433625905,
    1.8883773458327358,
    1.902495415915563,
    1.9167190368848712,
    1.931048997870448,
    1.9454860939018483,
    1.9600311259525056,
    1.9746849009841674,
    1.9894482319916686,
    2.004321938048034,
    2.019306844349921,
    2.0344037822634045,
    2.0496135893700966,
    2.0649371095136204,
    2.080375192846424,
    2.095928695876947,
    2.111598481517142,
    2.1273854191303467,
    2.143290384579518,
    2.1593142602758233,
    2.1754579352276,
    2.1917223050896744,
    2.2081082722130545,
    2.224616745694994,
    2.2412486414294257,
    2.2580048821577785,
    2.2748863975201714,
    2.291894124106987,
    2.309029005510838,
    2.3262919923789136,
    2.3436840424657266,
    2.3612061206862442,
    2.3788591991694266,
    2.396644257312158,
    2.4145622818335855,
    2.43261426682986,
    2.4508012138292927,
    2.4691241318479165,
    2.487584037445469,
    2.5061819547817894,
    2.524918915673641,
    2.543795959651955,
    2.562814134019505,
    2.5819744939090126,
    2.601278102341682,
    2.6207260302861837,
    2.6403193567180643,
    2.6600591686796156,
    2.6799465613401776,
    2.699982638056904,
    2.7201685104359727,
    2.7405052983942606,
    2.760994130221475,
    2.7816361426427543,
    2.802432480881729,
    2.8233842987240645,
    2.8444927585814677,
    2.865759031556183,
    2.887184297505963,
    2.9087697451095256,
    2.9305165719325057,
    2.9524259844938947,
    2.974499198332977,
    2.9967374380767713,
    3.019141937507971,
    3.0417139396333956,
    3.064454696752953,
    3.087365470529117,
    3.110447532056926,
    3.1337021619345,
    3.157130650334094,
    3.180734297073673,
    3.204514411689025,
    3.2284723135064217,
    3.2526093317158042,
    3.276926805444537,
    3.3014260838316964,
    3.326108526102923,
    3.3509755016458347,
    3.3760283900859944,
    3.401268581363459,
    3.4266974758098874,
    3.4523164842262357,
    3.478127027961028,
    3.504130538989209,
    3.5303284599915967,
    3.556722244434918,
    3.5833133566524493,
    3.6101032719252584,
    3.6370934765640497,
    3.664285467991633,
    3.6916807548259905,
    3.719280856963985,
    3.7470873056656764,
    3.7751016436392826,
    3.803325425126766,
    3.8317602159900606,
    3.8604075937979543,
    3.8892691479136032,
    3.918346479582719,
    3.9476412020223974,
    3.977154940510629,
    4.006889332476463,
    4.036846027590855,
    4.06702668785819,
    4.097432987708493,
    4.128066614090327,
    4.158929266564377,
    4.190022657397756,
    4.221348511658992,
    4.252908567313736,
    4.28470457532119,
    4.316738299731244,
    4.349011517782351,
    4.381526020000125,
    4.414283610296685,
    4.447286106070728,
    4.480535338308368,
    4.514033151684712,
    4.547781404666209,
    4.581781969613752,
    4.616036732886564,
    4.650547594946848,
    4.685316470465225,
    4.720345288426967,
    4.755635992239011,
    4.791190539837778,
    4.827010903797811,
    4.863099071441199,
    4.899457044947846,
    4.936086841466546,
    4.972990493226895,
    5.010170047652047,
    5.047627567472293,
    5.085365130839513,
    5.123384831442465,
    5.161688778622949,
    5.200279097492827,
    5.239157929051934,
    5.278327430306853,
    5.3177897743905875,
    5.357547150683133,
    5.397601764932935,
    5.437955839379274,
    5.47861161287555,
    5.519571341013499,
    5.560837296248325,
    5.602411768024786,
    5.6442970629042115,
    5.686495504692463,
    5.729009434568872,
    5.771841211216114,
    5.814993210951086,
    5.858467827856728,
    5.9022674739148595,
    5.946394579139995,
    5.990851591714153,
    6.035640978122695,
    6.080765223291153,
    6.126226830723108,
    6.17202832263907,
    6.2181722401164246,
    6.2646611432304065,
    6.311497611196128,
    6.358684242511688,
    6.4062236551023215,
    6.4541184864656564,
    6.5023713938180325,
    6.550985054241929,
    6.599962164834493,
    6.649305442857165,
    6.699017625886445,
    6.749101471965764,
    6.799559759758508,
    6.850395288702173,
    6.901610879163686,
    6.953209372595869,
    7.005193631695096,
    7.057566540560106,
    7.110331004852015,
    7.163489951955532,
    7.217046331141355,
    7.271003113729813,
    7.325363293255703,
    7.380129885634381,
    7.435305929329084,
    7.490894485519498,
    7.546898638271603,
    7.603321494708765,
    7.660166185184138,
    7.717435863454314,
    7.775133706854318,
    7.833262916473869,
    7.891826717334983,
    7.950828358570905,
    8.010271113606358,
    8.070158280339164,
    8.130493181323212,
    8.191279163952787,
    8.252519600648286,
    8.31421788904333,
    8.376377452173257,
    8.439001738665025,
    8.502094222928564,
    8.565658405349515,
    8.629697812483451,
    8.694215997251515,
    8.759216539137546,
    8.824703044386672,
    8.890679146205372,
    8.957148504963067,
    9.024114808395176,
    9.091581771807736,
    9.159553138283504,
    9.228032678889642,
    9.297024192886933,
    9.366531507940554,
    9.436558480332453,
    9.507108995175278,
    9.578186966627946,
    9.649796338112775,
    9.721941082534292,
    9.794625202499633,
    9.86785273054061,
    9.941627729337451,
    10.015954291944182,
    10.090836542015712,
    10.16627863403663,
    10.242284753551685,
    10.318859117397988,
    10.396005973938994,
    10.473729603300178,
    10.552034317606504,
    10.630924461221673,
    10.710404410989117,
    10.790478576474873,
    10.871151400212195,
    10.952427357948036,
    11.034310958891359,
    11.116806745963327,
    11.199919296049307,
    11.283653220252843,
    11.368013164151447,
    11.453003808054362,
    11.538629867262191,
    11.624896092328543,
    11.711807269323574,
    11.79936822009952,
    11.887583802558225,
    11.97645891092063,
    12.065998475998347,
    12.15620746546719,
    12.2470908841428,
    12.338653774258304,
    12.430901215744052,
