{
  "c": 0.05,
  "f1": 0.33766233766233766,
  "prec": 0.21666666666666667,
  "rec": 0.7647058823529411,
  "tp": 13,
  "fp": 47,
  "fn": 4,
  "tn": 16
}