{
  "cm_at_c1": {
    "TP": 0,
    "TN": 156,
    "FP": 0,
    "FN": 24,
    "precision": 0.0,
    "recall": 0.0,
    "accuracy": 0.8666666666666667,
    "F1": 0.0
  },
  "pr_auc": 0.17989106661229082,
  "roc_auc": 0.5868055555555555,
  "prevalence": 0.13333333333333333,
  "normalized_auprc": 0.053720461475720176,
  "auprg": NaN,
  "ece_rank": 0.3750153468385513,
  "c_grid": [
    6.254235718626187,
    6.295214674253418,
    6.336462131881509,
    6.377979850787224,
    6.419769601774447,
    6.461833167249709,
    6.504172341298215,
    6.546788929760357,
    6.589684750308744,
    6.632861632525723,
    6.676321417981417,
    6.720065960312273,
    6.764097125300118,
    6.808416790951742,
    6.853026847578994,
    6.897929197879416,
    6.943125757017384,
    6.988618452705803,
    7.034409225288323,
    7.080500027822097,
    7.126892826161087,
    7.173589599039906,
    7.2205923381582195,
    7.267903048265689,
    7.315523747247485,
    7.363456466210349,
    7.411703249569221,
    7.4602661551344465,
    7.5091472541995365,
    7.558348631629516,
    7.6078723859498485,
    7.657720629435938,
    7.707895488203223,
    7.758399102297864,
    7.80923362578801,
    7.860401226855682,
    7.911904087889245,
    7.963744405576494,
    8.015924390998345,
    8.06844626972314,
    8.121312281901572,
    8.174524682362236,
    8.228085740707797,
    8.281997741411791,
    8.336262983916065,
    8.390883782728851,
    8.445862467523487,
    8.501201383237776,
    8.556902890174,
    8.61296936409961,
    8.669403196348528,
    8.726206793923161,
    8.783382579597061,
    8.840932992018255,
    8.898860485813264,
    8.957167531691793,
    9.015856616552108,
    9.074930243587117,
    9.134390932391133,
    9.194241219067319,
    9.254483656335895,
    9.315120813642979,
    9.376155277270204,
    9.43758965044501,
    9.499426553451691,
    9.561668623743142,
    9.624318516053359,
    9.687378902510673,
    9.750852472751697,
    9.81474193403608,
    9.879050011361944,
    9.943779447582127,
    10.008933003521165,
    10.074513458093048,
    10.14052360841975,
    10.206966269950517,
    10.273844276581972,
    10.341160480778957,
    10.408917753696233,
    10.4771189853009,
    10.545767084495695,
    10.61486497924303,
    10.6844156166899,
    10.754421963293577,
    10.824887004948119,
    10.89581374711175,
    10.96720521493502,
    11.039064453389868,
    11.11139452739945,
    11.184198521968908,
    11.257479542316917,
    11.331240714008153,
    11.405485183086597,
    11.480216116209693,
    11.55543670078346,
    11.631150145098392,
    11.707359678466338,
    11.784068551358214,
    11.86128003554264,
    11.93899742422549,
    12.017224032190375,
    12.095963195939998,
    12.175218273838453,
    12.254992646254513,
    12.335289715705743,
    12.416112907003681,
    12.497465667399892,
    12.579351466732978,
    12.661773797576595,
    12.744736175388427,
    12.828242138660107,
    12.912295249068134,
    12.996899091625817,
    13.08205727483614,
    13.16777343084571,
    13.254051215599658,
    13.340894308997557,
    13.42830641505039,
    13.516291262038548,
    13.604852602670828,
    13.693994214244483,
    13.783719898806364,
    13.874033483315044,
    13.96493881980408,
    14.0564397855463,
    14.148540283219146,
    14.241244241071165,
    14.334555613089549,
    14.42847837916878,
    14.52301654528035,
    14.61817414364368,
    14.71395523289803,
    14.81036389827568,
    14.907404251776127,
    15.00508043234147,
    15.103396606032955,
    15.20235696620867,
    15.301965733702401,
    15.402227157003619,
    15.503145512438751,
    15.604725104353502,
    15.706970265296507,
    15.809885356204088,
    15.913474766586246,
    16.0177429147139,
    16.122694247807342,
    16.228333242225904,
    16.334664403658874,
    16.4416922673177,
    16.54942139812938,
    16.657856390931226,
    16.767001870666792,
    16.876862492583154,
    16.987442942429443,
    17.098747936656753,
    17.210782222619258,
    17.3235505787767,
    17.437057814898232,
    17.551308772267507,
    17.666308323889226,
    17.78206137469696,
    17.898572861762318,
    18.01584775450557,
    18.133891054907586,
    18.252707797723183,
    18.372303050695834,
    18.492681914773875,
    18.613849524328007,
    18.735811047370333,
    18.858571685774773,
    18.982136675498896,
    19.106511286807315,
    19.231700824496375,
    19.35771062812053,
    19.484546072219967,
    19.612212566549935,
    19.740715556311404,
    19.87006052238338,
    20.000252981556642,
    20.131298486769015,
    20.26320262734225,
    20.39597102922043,
    20.52960935520989,
    20.664123305220773,
    20.799518616510113,
    20.935801063926554,
    21.07297646015668,
    21.211050655972915,
    21.35002954048305,
    21.48991904138144,
    21.630725125201856,
    21.77245379757194,
    21.915111103469368,
    22.058703127479653,
    22.20323599405568,
    22.348715867778953,
    22.495148953622497,
    22.642541497215493,
    22.79089978510969,
    22.940230145047547,
    23.0905389462321,
    23.241832599598656,
    23.39411755808815,
    23.54740031692246,
    23.701687413881405,
    23.85698542958161,
    24.013300987757138,
    24.170640755542028,
    24.32901144375469,
    24.488419807184105,
    24.64887264487793,
    24.810376800432472,
    24.972939162284593,
    25.136566664005546,
    25.301266284596682,
    25.46704504878708,
    25.633910027333194,
    25.801868337320467,
    25.970927142466834,
    26.141093653428307,
    26.312375128106478,
    26.484778871958103,
    26.658312238306717,
    26.83298262865626,
    27.00879749300671,
    27.18576433017189,
    27.363890688099303,
    27.543184164192063,
    27.723652405632933,
    27.905303109710456,
    28.088144024147308,
    28.272182947430743,
    28.457427729145216,
    28.64388627030714,
    28.831566523701902,
    29.0204764942231,
    29.21062423921392,
    29.402017868810834,
    29.594665546289445,
    29.788575488412715,
    29.983755965781448,
    30.18021530318702,
    30.377961879966396,
    30.577004130359583,
    30.777350543869378,
    30.979009665623423,
    31.18199009673868,
    31.386300494688275,
    31.591949573670743,
    31.798946104981766,
    32.00729891738824,
    32.21701689750482,
    32.428108990172944,
    32.64058419884243,
    32.85445158595541,
    33.06972027333288,
    33.28639944256374,
    33.504498335396434,
    33.72402625413314,
    33.94499256202653,
    34.16740668367905,
    34.39127810544496,
    34.61661637583499,
    34.8434311059235,
    35.071731969758524,
    35.301528704774235,
    35.532831112206374,
    35.765649057510295,
    35.99999247078171,
    36.23587134718021,
    36.473295747355564,
    36.71227579787691,
    36.9528216916646,
    37.194943688424964,
    37.43865211508788,
    37.68395736624725,
    37.930869904604386,
    38.17940026141424,
    38.42955903693454,
    38.68135690087794,
    38.93480459286712,
    39.18991292289284,
    39.44669277177501,
    39.70515509162674,
    39.96531090632147,
    40.22717131196322,
    40.49074747735983,
    40.75605064449927,
    41.023092129029216,
    41.291883320739615,
    41.56243568404852,
    41.83476075849111,
    42.108870159211726,
    42.3847755774594,
    42.662488781086516,
    42.94202161505068,
    43.22338600191988,
    43.506593942381144,
    43.79165751575224,
    44.07858888049701,
    44.367400274743865,
    44.658104016807776,
    44.950712505715664,
    45.24523822173532,
    45.54169372690764,
    45.84009166558236,
    46.14044476495751,
    46.442765835622104,
    46.74706777210266,
    47.05336355341309,
    47.36166624360829,
    47.67198899234134,
    47.98434503542442,
    48.29874769539331,
    48.61521038207552,
    48.93374659316243,
    49.254369914784824,
    49.57709402209245,
    49.90193267983731,
    50.228899742960635,
    50.55800915718391,
    50.88927495960372,
    51.22271127929039,
    51.558332337890576,
    51.896152450234,
