{
  "c": 0.05,
  "f1": 0.48837209302325585,
  "prec": 0.35,
  "rec": 0.8076923076923077,
  "tp": 21,
  "fp": 39,
  "fn": 5,
  "tn": 15
}