{
  "cm_at_c1": {
    "TP": 0,
    "TN": 125,
    "FP": 0,
    "FN": 53,
    "precision": 0.0,
    "recall": 0.0,
    "accuracy": 0.702247191011236,
    "F1": 0.0
  },
  "pr_auc": 0.31883881594687835,
  "roc_auc": 0.5308679245283019,
  "prevalence": 0.29775280898876405,
  "normalized_auprc": 0.03002647390835476,
  "c_grid": [
    2.5984471755434866,
    2.6173236848988672,
    2.6363373233091694,
    2.655489086953153,
    2.6747799792463542,
    2.694211010893657,
    2.7137831999422444,
    2.7334975718349384,
    2.753355159463927,
    2.773357003224879,
    2.7935041510714522,
    2.813797658570202,
    2.834238588955881,
    2.8548280131871504,
    2.8755670100026847,
    2.896456665977695,
    2.9174980755808546,
    2.9386923412316426,
    2.960040573358102,
    2.9815438904550198,
    3.003203419142525,
    3.025020294225121,
    3.0469956587511344,
    3.069130664072607,
    3.091426469905618,
    3.1138842443910435,
    3.136505164155759,
    3.1592904143742877,
    3.182241188830893,
    3.2053586899821256,
    3.228644129019825,
    3.252098725934573,
    3.275723709579618,
    3.2995203177352517,
    3.323489797173668,
    3.347633403724276,
    3.371952402339505,
    3.396448067161072,
    3.4211216815867425,
    3.4459745383375675,
    3.4710079395256166,
    3.4962231967221973,
    3.5216216310265707,
    3.5472045731351716,
    3.5729733634113217,
    3.5989293519554626,
    3.625073898675883,
    3.6514083733599767,
    3.6779341557460006,
    3.704652635595372,
    3.7315652127654757,
    3.75867329728301,
    3.785978309417861,
    3.8134816797575137,
    3.8411848492820044,
    3.869089269439421,
    3.8971964022219465,
    3.9255077202424533,
    3.9540247068116643,
    3.9827488560158617,
    4.011681672795173,
    4.04082467302241,
    4.070179383582499,
    4.099747342452475,
    4.129530098782058,
    4.159529212974818,
    4.189746256769936,
    4.220182813324545,
    4.250840477296673,
    4.281720854928803,
    4.312825564132017,
    4.344156234570772,
    4.375714507748273,
    4.407502037092491,
    4.439520488042772,
    4.471771538137111,
    4.504256877100031,
    4.536978206931118,
    4.569937241994197,
    4.603135709107144,
    4.636575347632362,
    4.6702579095679155,
    4.704185159639322,
    4.738358875392002,
    4.772780847284418,
    4.807452878781885,
    4.842376786451049,
    4.877554400055067,
    4.9129875626494774,
    4.948678130678758,
    4.984627974073588,
    5.020838976348827,
    5.057313034702191,
    5.0940520601136585,
    5.131057977445583,
    5.168332725543548,
    5.20587825733795,
    5.243696539946318,
    5.281789554776365,
    5.32015929762982,
    5.358807778806976,
    5.3977370232120245,
    5.43694907045914,
    5.476445974979351,
    5.516229806128166,
    5.5563026482939994,
    5.596666601007378,
    5.63732377905094,
    5.678276312570238,
    5.719526347185334,
    5.761076044103228,
    5.802927580231082,
    5.845083148290271,
    5.887544956931273,
    5.930315230849384,
    5.973396210901279,
    6.016790154222406,
    6.060499334345256,
    6.1045260413184765,
    6.148872581826854,
    6.193541279312161,
    6.2385344740948945,
    6.283854523496894,
    6.329503801964845,
    6.375484701194677,
    6.421799630256883,
    6.468451015722733,
    6.5154413017914035,
    6.562772950418039,
    6.610448441442749,
    6.658470272720524,
    6.706840960252107,
    6.755563038315814,
    6.804639059600318,
    6.854071595338387,
    6.903863235441594,
    6.954016588636016,
    7.0045342825989145,
    7.055418964096399,
    7.106673299122101,
    7.158299973036861,
    7.210301690709414,
    7.2626811766581065,
    7.315441175193639,
    7.368584450562859,
    7.42211378709358,
    7.476031989340456,
    7.530341882231926,
    7.585046311218224,
    7.640148142420455,
    7.695650262780754,
    7.751555580213553,
    7.807867023757929,
    7.86458754373106,
    7.921720111882806,
    7.97926772155141,
    8.037233387820324,
    8.095620147676176,
    8.154431060167886,
    8.213669206566944,
    8.273337690528846,
    8.333439638255696,
    8.393978198660003,
    8.454956543529654,
    8.516377867694114,
    8.57824538919178,
    8.640562349438612,
    8.703332013397938,
    8.766557669751537,
    8.830242631071924,
    8.894390233995907,
    8.959003839399418,
    9.02408683257358,
    9.089642623402085,
    9.155674646539838,
    9.222186361592922,
    9.289181253299835,
    9.356662831714095,
    9.424634632388107,
    9.493100216558435,
    9.562063171332358,
    9.631527109875824,
    9.701495671602753,
    9.771972522365706,
    9.842961354647965,
    9.914465887756975,
    9.986489868019229,
    10.059037068976526,
    10.13211129158371,
    10.205716364407763,
    10.279856143828454,
    10.354534514240338,
    10.429755388256291,
    10.50552270691251,
    10.581840439874977,
    10.658712585647447,
    10.736143171780956,
    10.814136255084813,
    10.892695921839158,
    10.971826288009073,
    11.051531499460172,
    11.131815732175896,
    11.21268319247624,
    11.294138117238148,
    11.37618477411753,
    11.458827461772806,
    11.542070510090154,
    11.625918280410371,
    11.710375165757354,
    11.795445591068267,
    11.881134013425415,
    11.967444922289683,
    12.054382839735844,
    12.141952320689418,
    12.230157953165333,
    12.319004358508337,
    12.408496191635068,
    12.498638141277976,
    12.589434930230984,
    12.680891315596895,
    12.773012089036653,
    12.865802077020414,
    12.959266141080345,
    13.05340917806543,
    13.148236120397954,
    13.243751936331956,
    13.339961630213544,
    13.436870242743058,
    13.534482851239176,
    13.632804569904957,
    13.731840550095724,
    13.831595980589036,
    13.932076087856505,
    14.033286136337587,
    14.135231428715493,
    14.237917306194921,
    14.341349148781946,
    14.445532375565902,
    14.550472445003257,
    14.65617485520363,
    14.762645144217881,
    14.86988889032817,
    14.97791171234034,
    15.086719269878213,
    15.196317263680138,
    15.306711435897707,
    15.41790757039654,
    15.529911493059352,
    15.642729072091207,
    15.756366218326926,
    15.87082888554079,
    15.986123070758516,
    16.102254814571364,
    16.219230201452728,
    16.337055360076846,
    16.45573646363992,
    16.57527973018357,
    16.69569142292057,
    16.816977850563028,
    16.93914536765292,
    17.062200374895,
    17.186149319492156,
    17.31099869548324,
    17.43675504408321,
    17.563424954025976,
    17.691015061909493,
    17.819532052543508,
    17.94898265929983,
    18.079373664465052,
    18.210711899595925,
    18.343004245877307,
    18.476257634482632,
    18.61047904693708,
    18.74567551548341,
    18.88185412345027,
    19.01902200562348,
    19.157186348619703,
    19.296354391263034,
    19.436533424964285,
    19.577730794102944,
    19.719953896411997,
    19.863210183365563,
    20.007507160569173,
    20.15285238815315,
    20.299253481168655,
    20.446718109986584,
    20.595254000699573,
    20.744868935526696,
    20.895570753221218,
    21.047367349481334,
    21.20026667736378,
    21.35427674770054,
    21.509405629518614,
    21.665661450462654,
    21.82305239722094,
    21.981586715954187,
    22.141272712727634,
    22.302118753946246,
    22.464133266792995,
    22.627324739670417,
    22.791701722645378,
    22.957272827896954,
    23.12404673016771,
    23.292032167218213,
    23.461237940284715,
    23.631672914540438,
    23.803346019559914,
    23.97626624978687,
    24.15044266500553,
    24.325884390815187,
    24.50260061910837,
    24.680600608552464,
    24.859893685074724,
    25.04048924235093,
    25.222396742297597,
    25.40562571556757,
    25.59018576204953,
    25.776086551370845,
    25.963337823404217,
    26.151949388778025,
    26.341931129390275,
    26.53329299892634,
    26.72604502338054,
    26.920197301581332,
    27.11576000572048,
    27.312743381885962,
    27.511157750598873,
