{
  "cm_at_c1": {
    "TP": 0,
    "TN": 128,
    "FP": 0,
    "FN": 51,
    "precision": 0.0,
    "recall": 0.0,
    "accuracy": 0.7150837988826816,
    "F1": 0.0
  },
  "pr_auc": 0.33975178726886335,
  "roc_auc": 0.55859375,
  "prevalence": 0.2849162011173184,
  "normalized_auprc": 0.07668414000880112,
  "auprg": NaN,
  "ece_rank": 0.28268156424581004,
  "c_grid": [
    4.4775437867250405,
    4.513349283470693,
    4.5494411054112005,
    4.585821542198281,
    4.622492901793275,
    4.659457510613555,
    4.696717713680113,
    4.734275874766333,
    4.7721343765479425,
    4.810295620754173,
    4.848762028320121,
    4.887536039540332,
    4.926620114223613,
    4.9660167318490815,
    5.005728391723464,
    5.0457576131396475,
    5.086106935536508,
    5.126778918660004,
    5.167776142725573,
    5.2091012085818145,
    5.250756737875493,
    5.292745373217846,
    5.335069778352236,
    5.377732638323136,
    5.420736659646465,
    5.464084570481297,
    5.5077791208029225,
    5.5518230825773145,
    5.596219249936977,
    5.640970439358205,
    5.686079489839763,
    5.731549263082984,
    5.777382643673321,
    5.823582539263341,
    5.870151880757182,
    5.917093622496501,
    5.964410742447881,
    6.012106242391758,
    6.060183148112859,
    6.108644509592144,
    6.157493401200311,
    6.206732921892819,
    6.256366195406492,
    6.306396370457685,
    6.356826620942041,
    6.40766014613584,
    6.458900170898953,
    6.510549945879438,
    6.5626127477197524,
    6.615091879264622,
    6.667990669770577,
    6.721312475117149,
    6.775060678019783,
    6.829238688244418,
    6.883849942823812,
    6.938897906275582,
    6.994386070821992,
    7.050317956611508,
    7.106697111942093,
    7.163527113486333,
    7.220811566518324,
    7.278554105142394,
    7.336758392523658,
    7.395428121120391,
    7.4545670129182895,
    7.514178819666588,
    7.574267323116066,
    7.634836335258972,
    7.695889698570837,
    7.7574312862542545,
    7.81946500248459,
    7.8819947826576575,
    7.945024593639388,
    8.008558434017477,
    8.072600334355053,
    8.137154357446388,
    8.202224598574618,
    8.267815185771576,
    8.333930280079638,
    8.400574075815724,
    8.467750800837377,
    8.535464716810967,
    8.603720119482073,
    8.672521338947966,
    8.741872739932349,
    8.81177872206223,
    8.882243720147034,
    8.953272204459958,
    9.024868681021543,
    9.097037691885557,
    9.169783815427127,
    9.24311166663319,
    9.31702589739528,
    9.391531196804612,
    9.466632291449592,
    9.54233394571565,
    9.618640962087486,
    9.695558181453764,
    9.773090483414173,
    9.851242786589035,
    9.930020048931308,
    10.009427268041124,
    10.089469481482846,
    10.17015176710463,
    10.251479243360583,
    10.333457069635452,
    10.416090446571959,
    10.499384616400716,
    10.583344863272773,
    10.667976513594883,
    10.75328493636736,
    10.839275543524723,
    10.925953790279019,
    11.013325175465878,
    11.10139524189339,
    11.190169576693709,
    11.279653811677518,
    11.369853623691311,
    11.4607747349775,
    11.552422913537482,
    11.6448039734975,
    11.737923775477547,
    11.831788226963123,
    11.926403282680006,
    12.021774944972044,
    12.117909264181906,
    12.214812339034943,
    12.312490317026082,
    12.410949394809796,
    12.510195818593262,
    12.61023588453257,
    12.711075939132188,
    12.81272237964757,
    12.915181654490967,
    13.01846026364057,
    13.1225647590528,
    13.227501745078019,
    13.333277878879478,
    13.439899870855637,
    13.5473744850659,
    13.65570853965969,
    13.764908907309021,
    13.87498251564449,
    13.985936347694729,
    14.09777744232947,
    14.210512894706017,
    14.324149856719425,
    14.438695537456177,
    14.554157203651519,
    14.670542180150477,
    14.78785785037255,
    14.90611165678009,
    15.025311101350475,
    15.145463746051988,
    15.266577213323583,
    15.388659186558447,
    15.511717410591421,
    15.63575969219034,
    15.760793900551267,
    15.886827967797728,
    16.013869889483942,
    16.141927725102025,
    16.27100959859331,
    16.401123698863685,
    16.532278280303125,
    16.664481663309363,
    16.797742234815694,
    16.93206844882307,
    17.06746882693639,
    17.203951958905126,
    17.34152650316826,
    17.480201187403562,
    17.619984809081274,
    17.7608862360222,
    17.902914406960292,
    18.046078332109744,
    18.19038709373656,
    18.335849846734753,
    18.482475819207096,
    18.63027431305058,
    18.779254704546524,
    18.929426444955393,
    19.08079906111638,
    19.233382156051782,
    19.387185409576208,
    19.542218578910695,
    19.698491499301674,
    19.856014084644926,
    20.014796328114492,
    20.174848302796654,
    20.33618016232899,
    20.49880214154448,
    20.66272455712084,
    20.827957808234945,
    20.994512377222595,
    21.162398830243532,
    21.3316278179517,
    21.502210076170957,
    21.674156426576126,
    21.847477777379517,
    22.022185124022982,
    22.19828954987543,
    22.375802226935914,
    22.554734416542473,
    22.73509747008644,
    22.916902829732663,
    23.100162029145345,
    23.28488669421971,
    23.471088543819626,
    23.658779390520944,
    23.84797114136097,
    24.038675798593815,
    24.230905460451766,
    24.424672321912887,
    24.619988675474563,
    24.81686691193341,
    25.015319521171314,
    25.215359092947757,
    25.416998317698564,
    25.620249987340916,
    25.82512699608492,
    26.031642341251594,
    26.239809124097384,
    26.449640550645327,
    26.661149932522857,
    26.87435068780626,
    27.089256341871927,
    27.305880528254374,
    27.524236989511156,
    27.74433957809473,
    27.966202257231213,
    28.189839101806218,
    28.415264299257718,
    28.642492150476137,
    28.8715370707116,
    29.102413590488403,
    29.33513635652685,
    29.569720132672387,
    29.806179800832243,
    30.044530361919577,
    30.284786936805062,
    30.5269647672762,
    30.7710792170042,
    31.017145772518667,
    31.265180044190107,
    31.515197767220187,
    31.767214802639998,
    32.02124713831624,
    32.27731088996551,
    32.535422302176706,
    32.79559774944153,
    33.057853737193305,
    33.322206902854056,
    33.58867401688997,
    33.857271983875386,
    34.12801784356512,
    34.40092877197553,
    34.676022082474084,
    34.95331522687778,
    35.23282579656024,
    35.51457152356776,
    35.79857028174417,
    36.08484008786473,
    36.37339910277911,
    36.664265632563605,
    36.95745812968236,
    37.25299519415803,
    37.55089557475172,
    37.85117817015242,
    38.153862030175986,
    38.45896635697359,
    38.76651050624991,
    39.07651398849104,
    39.38899647020222,
    39.70397777515555,
    40.021477885647506,
    40.34151694376668,
    40.66411525267149,
    40.98929327787832,
    41.31707164855978,
    41.64747115885344,
    41.980512769181,
    42.31621760757795,
    42.654606971033985,
    42.99570232684412,
    43.33952531397047,
    43.6860977444151,
    44.0354416046037,
    44.387579056780396,
    44.74253244041383,
    45.10032427361424,
    45.460977254562096,
    45.82451426294788,
    46.19095836142383,
    46.56033279706686,
    46.932661002853365,
    47.30796659914587,
    47.686273395191314,
    48.06760539063175,
    48.45198677702672,
    48.839441939387974,
    49.22999545772654,
    49.623672108611814,
    50.02049686674372,
    50.42049490653688,
    50.823691603717734,
    51.23011253693437,
    51.63978348937909,
    52.052730450424335,
    52.468979617271266,
    52.88855739661175,
    53.31149040630364,
    53.73780547705919,
    54.16752965414751,
    54.60069019911007,
    55.03731459149028,
    55.47743053057675,
    55.92106593716036,
    56.368248955305866,
    56.81900795413712,
    57.27337152963686,
    57.73136850646087,
    58.19302793976638,
    58.65837911705569,
    59.12745156003388,
    59.60027502648176,
