{
  "cm_at_c1": {
    "TP": 0,
    "TN": 83,
    "FP": 0,
    "FN": 37,
    "precision": 0.0,
    "recall": 0.0,
    "accuracy": 0.6916666666666667,
    "F1": 0.0
  },
  "pr_auc": 0.25781539197804554,
  "roc_auc": 0.4216867469879517,
  "prevalence": 0.30833333333333335,
  "normalized_auprc": -0.07303798750162094,
  "c_grid": [
    1.9052636710900566,
    1.9216775705048175,
    1.938232876118671,
    1.9549308061499473,
    1.971772589311962,
    1.9887594649034293,
    2.005892682899657,
    2.023173504044524,
    2.040603199943253,
    2.0581830531559815,
    2.075914357292138,
    2.093798417105632,
    2.1118365485908632,
    2.1300300790795617,
    2.1483803473384557,
    2.1668887036677855,
    2.1855565100006675,
    2.204385140003308,
    2.223375979176086,
    2.242530424955505,
    2.261849886817023,
    2.2813357863787687,
    2.3009895575061488,
    2.320812646417361,
    2.3408065117898134,
    2.3609726248674607,
    2.3813124695690644,
    2.4018275425973865,
    2.4225193535493275,
    2.443389425027004,
    2.4644392927497947,
    2.4856705056673416,
    2.507084626073531,
    2.528683229721456,
    2.5504679059393647,
    2.572440257747612,
    2.5946019019766204,
    2.616954469385847,
    2.6394996047837904,
    2.662238967149019,
    2.685174229752247,
    2.708307080279463,
    2.7316392209561178,
    2.7551723686723792,
    2.778908255109475,
    2.8028486268671116,
    2.8269952455920024,
    2.8513498881074955,
    2.875914346544321,
    2.900690428472467,
    2.925679957034184,
    2.9508847710781456,
    2.9763067252947586,
    3.0019476903526363,
    3.0278095530362568,
    3.0538942163847977,
    3.080203599832172,
    3.1067396393482687,
    3.1335042875814123,
    3.1604995140020455,
    3.1877273050476553,
    3.21518966426894,
    3.2428886124772456,
    3.270826187893262,
    3.299004446297008,
    3.327425461179105,
    3.3560913238933505,
    3.385004143810617,
    3.414166048474064,
    3.4435791837556926,
    3.4732457140142534,
    3.5031678222545075,
    3.533347710287861,
    3.563787598894385,
    3.5944897279862387,
    3.6254563567724807,
    3.6566897639253195,
    3.6881922477477898,
    3.719966126342871,
    3.7520137377840608,
    3.784337440287428,
    3.8169396123851382,
    3.8498226531004742,
    3.8829889821243753,
    3.9164410399934844,
    3.9501812882697322,
    3.9842122097214774,
    4.018536308506197,
    4.053156110354751,
    4.088074162757241,
    4.123293035150473,
    4.158815319107015,
    4.194643628525907,
    4.230780599825003,
    4.26722889213497,
    4.3039911874949555,
    4.341070191049955,
    4.378468631249859,
    4.41618926005023,
    4.454234853114806,
    4.4926082100197435,
    4.531312154459624,
    4.5703495344552385,
    4.609723222563158,
    4.649436116087103,
    4.6894911372911485,
    4.729891233614756,
    4.770639377889662,
    4.811738568558624,
    4.853191829896074,
    4.895002212230652,
    4.937172792169656,
    4.979706672825451,
    5.022606984043797,
    5.06587688263416,
    5.109519552602011,
    5.153538205383115,
    5.197936080079844,
    5.242716443699527,
    5.287882591394856,
    5.33343784670635,
    5.379385561806922,
    5.425729117748551,
    5.472471924711072,
    5.519617422253109,
    5.567169079565185,
    5.6151303957249965,
    5.663504899954883,
    5.712296151881541,
    5.7615077417979474,
    5.811143290927551,
    5.861206451690739,
    5.911700907973612,
    5.962630375399039,
    6.013998601600089,
    6.065809366495794,
    6.118066482569295,
    6.170773795148377,
    6.2239351826884315,
    6.277554557057856,
    6.331635863825895,
    6.386183082552986,
    6.441200227083591,
    6.496691345841551,
    6.552660522127993,
    6.609111874421792,
    6.666049556682639,
    6.723477758656701,
    6.78140070618492,
    6.839822661513981,
    6.8987479236099425,
    6.9581808284745685,
    7.018125749464406,
    7.0785870976125835,
    7.139569321953408,
    7.201076909849738,
    7.263114387323188,
    7.325686319387172,
    7.388797310382826,
    7.452452004317808,
    7.516655085208037,
    7.581411277422349,
    7.646725346030159,
    7.712602097152084,
    7.779046378313598,
    7.846063078801752,
    7.913657130024928,
    7.98183350587574,
    8.050597223097022,
    8.119953341650977,
    8.189906965091534,
    8.260463240939881,
    8.331627361063235,
    8.403404562056904,
    8.475800125629597,
    8.548819378992102,
    8.622467695249272,
    8.696750493795403,
    8.77167324071303,
    8.847241449175138,
    8.923460679850848,
    9.000336541314605,
    9.077874690458872,
    9.156080832910401,
    9.234960723450083,
    9.314520166436392,
    9.394765016232522,
    9.475701177637172,
    9.55733460631903,
    9.639671309255052,
    9.722717345172455,
    9.806478824994565,
    9.890961912290486,
    9.976172823728628,
    10.062117829534188,
    10.148803253950513,
    10.236235475704488,
    10.324420928475913,
    10.413366101370903,
    10.503077539399422,
    10.593561843956863,
    10.684825673309824,
    10.776875743086059,
    10.869718826768635,
    10.963361756194372,
    11.057811422056556,
    11.153074774411976,
    11.249158823192358,
    11.346070638720187,
    11.443817352228963,
    11.542406156387978,
    11.641844305831551,
    11.742139117692894,
    11.843297972142512,
    11.945328312931288,
    12.048237647938219,
    12.152033549722907,
    12.25672365608274,
    12.362315670614967,
    12.468817363283524,
    12.576236570990806,
    12.684581198154344,
    12.793859217288434,
    12.904078669590817,
    13.01524766553438,
    13.127374385463945,
    13.240467080198233,
    13.354534071637003,
    13.469583753373405,
    13.585624591311642,
    13.702665124289895,
    13.820713964708697,
    13.939779799164631,
    14.059871389089558,
    14.180997571395318,
    14.303167259123983,
    14.426389442103746,
    14.550673187610418,
    14.67602764103463,
    14.80246202655481,
    14.929985647815949,
    15.058607888614178,
    15.188338213587324,
    15.319186168911298,
    15.451161383002612,
    15.584273567226827,
    15.718532516613205,
    15.853948110575447,
    15.990530313638676,
    16.128289176172686,
    16.26723483513149,
    16.407377514799226,
    16.54872752754253,
    16.691295274569356,
    16.835091246694358,
    16.980126025110867,
    17.126410282169452,
    17.27395478216332,
    17.42277038212033,
    17.57286803260195,
    17.724258778509036,
    17.87695375989457,
    18.030964212783406,
    18.186301469999076,
    18.342976961997675,
    18.501002217709004,
    18.660388865384917,
    18.82114863345497,
    18.9832933513895,
    19.146834950570007,
    19.311785465167226,
    19.47815703302657,
    19.645961896561342,
    19.815212403653558,
    19.985921008562617,
    20.15810027284168,
    20.33176286626203,
    20.50692156774541,
    20.683589266304317,
    20.861778961990424,
    21.041503766851257,
    21.222776905894957,
    21.405611718063476,
    21.590021657214162,
    21.776020293109674,
    21.963621312416564,
    22.15283851971242,
    22.34368583850162,
    22.536177312239932,
    22.73032710536787,
    22.92614950435303,
    23.12365891874129,
    23.322869882217173,
    23.523797053673317,
    23.726455218289104,
    23.930859288618645,
    24.13702430568815,
    24.34496544010266,
    24.55469799316238,
    24.766237397988704,
    24.97959922065974,
    25.19479916135581,
    25.41185305551471,
    25.630776874997014,
    25.851586729261275,
    26.074298866549483,
    26.29892967508272,
    26.525495684267014,
    26.754013565909673,
    26.984500135446137,
    27.216972353177248,
    27.451447325517307,
    27.687942306252896,
    27.926474697812395,
    28.1670620525466,
    28.409722074020337,
    28.65447261831508,
    28.901331695342964,
    29.150317470172006,
    29.401448264362823,
    29.65474255731675,
    29.91021898763567,
    30.167896354493585,
    30.427793619019862,
    30.68992990569452,
    30.954324503755554,
