{
  "c": 0.05,
  "f1": 0.608695652173913,
  "prec": 0.4666666666666667,
  "rec": 0.875,
  "tp": 28,
  "fp": 32,
  "fn": 4,
  "tn": 16
}