{
  "cm_at_c1": {
    "TP": 0,
    "TN": 118,
    "FP": 0,
    "FN": 62,
    "precision": 0.0,
    "recall": 0.0,
    "accuracy": 0.6555555555555556,
    "F1": 0.0
  },
  "pr_auc": 0.34426248406595666,
  "roc_auc": 0.5462684527063969,
  "prevalence": 0.34444444444444444,
  "normalized_auprc": -0.0002775666790491524,
  "c_grid": [
    3.6963574545500757,
    3.7226161837931864,
    3.7490614536698637,
    3.7756945893549734,
    3.802516925437352,
    3.8295298059866867,
    3.856734584620863,
    3.8841326245738004,
    3.9117252987637556,
    3.93951398986213,
    3.9675000903627446,
    3.995685002651627,
    4.02407013907728,
    4.052656922021457,
    4.081446783970438,
    4.110441167586804,
    4.139641525781744,
    4.169049321787844,
    4.198666029232424,
    4.22849313221137,
    4.258532125363509,
    4.288784513945505,
    4.319251813907285,
    4.349935551968006,
    4.380837265692553,
    4.4119585035685995,
    4.443300825084186,
    4.474865800805881,
    4.506655012457468,
    4.538670052999219,
    4.570912526707712,
    4.603384049256216,
    4.636086247795666,
    4.669020761036186,
    4.702189239329212,
    4.735593344750191,
    4.769234751181866,
    4.803115144398156,
    4.837236222148625,
    4.871599694243568,
    4.906207282639677,
    4.941060721526338,
    4.976161757412521,
    5.011512149214313,
    5.047113668343039,
    5.082968098794045,
    5.119077237236081,
    5.155442893101339,
    5.192066888676123,
    5.228951059192164,
    5.266097252918582,
    5.3035073312545,
    5.3411831688223295,
    5.379126653561695,
    5.41733968682405,
    5.4558241834679455,
    5.494582071954987,
    5.533615294446472,
    5.5729258069007095,
    5.612515579171033,
    5.652386595104509,
    5.692540852641352,
    5.732980363915038,
    5.773707155353135,
    5.8147232677788425,
    5.856030756513262,
    5.897631691478391,
    5.939528157300842,
    5.981722253416305,
    6.02421609417475,
    6.067011808946384,
    6.110111542228338,
    6.153517453752149,
    6.197231718591965,
    6.24125652727355,
    6.285594085884049,
    6.330246616182534,
    6.375216355711333,
    6.420505557908161,
    6.466116492219037,
    6.512051444211998,
    6.558312715691649,
    6.604902624814483,
    6.651823506205057,
    6.699077711072982,
    6.746667607330738,
    6.794595579712329,
    6.842864029892784,
    6.891475376608503,
    6.940432055778469,
    6.989736520626304,
    7.039391241803195,
    7.089398707511711,
    7.139761423630479,
    7.190481913839763,
    7.241562719747909,
    7.29300640101872,
    7.344815535499718,
    7.396992719351313,
    7.449540567176909,
    7.502461712153911,
    7.555758806165677,
    7.609434519934409,
    7.663491543154978,
    7.717932584629704,
    7.772760372404097,
    7.827977653903562,
    7.8835871960710655,
    7.9395917855057965,
    7.995994228602794,
    8.05279735169358,
    8.110004001187788,
    8.1676170437158,
    8.22563936627239,
    8.284073876361376,
    8.342923502141353,
    8.402191192572383,
    8.461879917563799,
    8.521992668123003,
    8.58253245650536,
    8.64350231636514,
    8.70490530290754,
    8.766744493041761,
    8.829022985535211,
    8.891743901168786,
    8.954910382893233,
    9.01852559598667,
    9.082592728213172,
    9.147114989982526,
    9.212095614511108,
    9.277537857983889,
    9.343444999717605,
    9.409820342325084,
    9.476667211880752,
    9.543988958087281,
    9.611788954443465,
    9.680070598413252,
    9.74883731159599,
    9.818092539897897,
    9.88783975370473,
    9.958082448055675,
    10.028824142818499,
    10.10006838286592,
    10.171818738253247,
    10.244078804397283,
    10.316852202256474,
    10.390142578512359,
    10.463953605752332,
    10.538288982653635,
    10.613152434168727,
    10.688547711711932,
    10.764478593347425,
    10.840948883978545,
    10.917962415538481,
    10.995523047182257,
    11.073634665480132,
    11.152301184612373,
    11.231526546565362,
    11.311314721329149,
    11.391669707096387,
    11.472595530462677,
    11.55409624662834,
    11.636175939601644,
    11.718838722403415,
    11.802088737273182,
    11.885930155876716,
    11.970367179515081,
    12.055404039335167,
    12.141044996541709,
    12.227294342610815,
    12.314156399505011,
    12.401635519889833,
    12.4897360873519,
    12.57846251661863,
    12.667819253779406,
    12.757810776508407,
    12.848441594288976,
    12.939716248639584,
    13.031639313341417,
    13.12421539466755,
    13.217449131613803,
    13.311345196131148,
    13.405908293359888,
    13.501143161865361,
    13.597054573875447,
    13.693647335519668,
    13.790926287070045,
    13.888896303183637,
    13.987562293146803,
    14.086929201121237,
    14.187002006391666,
    14.287785723615423,
    14.389285403073687,
    14.491506130924574,
    14.594453029457997,
    14.69813125735235,
    14.802546009933009,
    14.907702519432656,
    15.01360605525351,
    15.120261924231308,
    15.227675470901303,
    15.335852077766027,
    15.44479716556503,
    15.554516193546512,
    15.665014659740883,
    15.77629810123628,
    15.888372094456008,
    16.001242255438015,
    16.114914240116263,
    16.22939374460419,
    16.344686505480123,
    16.460798300074718,
    16.57773494676051,
    16.695502305243437,
    16.81410627685648,
    16.933552804855374,
    17.05384787471645,
    17.174997514436523,
    17.297007794835007,
    17.41988482985808,
    17.543634776885078,
    17.66826383703703,
    17.793778255487418,
    17.920184321775093,
    18.047488370119456,
    18.175696779737905,
    18.30481597516541,
    18.43485242657656,
    18.565812650109674,
    18.697703208193403,
    18.83053070987553,
    18.964301811154176,
    19.099023215311323,
    19.234701673248708,
    19.371343983826144,
    19.508956994202144,
    19.64754760017713,
    19.78712274653888,
    19.927689427410606,
    20.069254686601393,
    20.211825617959178,
    20.355409365726224,
    20.5000131248971,
    20.645644141579282,
    20.79230971335616,
    20.940017189652817,
    21.08877397210423,
    21.238587514926227,
    21.38946532528898,
    21.541414963693214,
    21.69444404434904,
    21.84856023555752,
    22.003771260094958,
    22.160084895599795,
    22.317508974962468,
    22.476051386717817,
    22.635720075440428,
    22.796523042142734,
    22.958468344675936,
    23.12156409813378,
    23.285818475259216,
    23.45123970685395,
    23.617836082190838,
    23.785615949429328,
    23.954587716033732,
    24.124759849194547,
    24.29614087625276,
    24.468739385127126,
    24.642564024744537,
    24.817623505473385,
    24.9939265995601,
    25.171482141568653,
    25.350299028823326,
    25.530386221854492,
    25.711752744847686,
    25.89440768609577,
    26.07836019845437,
    26.263619499800505,
    26.450194873494507,
    26.63809566884525,
    26.82733130157855,
    27.0179112543091,
    27.209845077015558,
    27.403142387519125,
    27.59781287196551,
    27.793866285310294,
    27.991312451807744,
    28.190161265503104,
    28.390422690728432,
    28.59210676260183,
    28.795223587530405,
    28.9997833437166,
    29.2057962816683,
    29.41327272471245,
    29.62222306951237,
    29.832657786588733,
    30.044587420844223,
    30.258022592092008,
    30.472973995587783,
    30.68945240256585,
    30.907468660778733,
    31.12703369504085,
    31.348158507775917,
    31.5708541795683,
    31.79513186971824,
    32.021002816801065,
    32.248478339230374,
    32.47756983582514,
    32.70828878638101,
    32.940646752245435,
    33.17465537689709,
    33.41032638652933,
    33.647671590637735,
    33.88670288261196,
    34.127432240331636,
    34.36987172676668,
    34.61403349058165,
    34.859929766744635,
    35.10757287714025,
    35.35697523118715,
    35.60814932645985,
    35.861107749314975,
    36.11586317552196,
    36.372428370898234,
    36.63081619194897,
    36.89103958651122,
    37.15311159440283,
    37.41704534807581,
