{
  "c": 0.05,
  "f1": 0.5652173913043479,
  "prec": 0.43333333333333335,
  "rec": 0.8125,
  "tp": 26,
  "fp": 34,
  "fn": 6,
  "tn": 14
}