{
  "cm_at_c1": {
    "TP": 0,
    "TN": 119,
    "FP": 0,
    "FN": 61,
    "precision": 0.0,
    "recall": 0.0,
    "accuracy": 0.6611111111111111,
    "F1": 0.0
  },
  "pr_auc": 0.3718249314140481,
  "roc_auc": 0.5435321669651468,
  "prevalence": 0.3388888888888889,
  "normalized_auprc": 0.049819223987635754,
  "auprg": NaN,
  "ece_rank": 0.2994782074892572,
  "c_grid": [
    3.2500907633453533,
    3.274676932427031,
    3.2994490900715303,
    3.3244086432384052,
    3.349557009530526,
    3.3748956172745976,
    3.4004259056022748,
    3.4261493245319055,
    3.4520673350508835,
    3.4781814091986276,
    3.504493030150187,
    3.5310036923004793,
    3.5577149013491667,
    3.584628174386176,
    3.611745039977859,
    3.6390670382538106,
    3.666595720994343,
    3.6943326517186206,
    3.72227940577346,
    3.750437570422804,
    3.7788087449378756,
    3.807394540688003,
    3.836196581232145,
    3.8652165024110987,
    3.8944559524404125,
    3.923916592003996,
    3.953600094348437,
    3.9835081453780443,
    4.013642443750591,
    4.044004700973795,
    4.074596641502527,
    4.105420002836752,
    4.136476535620209,
    4.167768003739846,
    4.199296184426001,
    4.2310628683533364,
    4.263069859742546,
    4.295318976462829,
    4.327812050135132,
    4.360550926236187,
    4.393537464203316,
    4.426773537540051,
    4.460261033922531,
    4.49400185530672,
    4.527997918036432,
    4.562251152952167,
    4.596763505500779,
    4.631536935845966,
    4.666573418979606,
    4.701874944833917,
    4.737443518394492,
    4.77328115981416,
    4.809389904527733,
    4.845771803367605,
    4.882428922680233,
    4.9193633444435,
    4.956577166384952,
    4.994072502100958,
    5.031851481176739,
    5.069916249307326,
    5.108268968419427,
    5.146911816794214,
    5.185846989191042,
    5.2250766969721,
    5.264603168228017,
    5.304428647904395,
    5.344555397929319,
    5.384985697341829,
    5.425721842421355,
    5.46676614681814,
    5.508120941684641,
    5.549788575807941,
    5.591771415743135,
    5.634071845947751,
    5.676692268917173,
    5.7196351053211,
    5.762902794141021,
    5.806497792808744,
    5.8504225773459755,
    5.894679642504929,
    5.939271501910042,
    5.984200688200719,
    6.029469753175187,
    6.075081267935421,
    6.121037823033178,
    6.16734202861713,
    6.213996514581097,
    6.261003930713436,
    6.3083669468475225,
    6.35608825301339,
    6.404170559590516,
    6.452616597461755,
    6.501429118168452,
    6.550610894066704,
    6.6001647184848355,
    6.650093405882034,
    6.70039979200821,
    6.751086734065049,
    6.802157110868293,
    6.853613823011252,
    6.905459793029527,
    6.9576979655670215,
    7.01033130754317,
    7.063362808321453,
    7.116795479879178,
    7.170632356978549,
    7.224876497339038,
    7.2795309818110265,
    7.334598914550818,
    7.390083423196916,
    7.445987659047673,
    7.5023147972402695,
    7.559068036931046,
    7.616250601477214,
    7.673865738619908,
    7.7319167206686705,
    7.79040684468728,
    7.849339432681036,
    7.908717831785416,
    7.9685454144561865,
    8.028825578660953,
    8.089561748072134,
    8.15075737226143,
    8.212415926895725,
    8.274540913934516,
    8.337135861828786,
    8.400204325721425,
    8.463749887649131,
    8.527776156745869,
    8.59228676944785,
    8.657285389700062,
    8.722775709164377,
    8.788761447429215,
    8.8552463522208,
    8.922234199616026,
    8.989728794256912,
    9.057733969566705,
    9.126253587967575,
    9.195291541100024,
    9.264851750043883,
    9.334938165541029,
    9.405554768219769,
    9.47670556882092,
    9.548394608425614,
    9.620625958684796,
    9.6934037220505,
    9.76673203200883,
    9.840615053314748,
    9.915056982228595,
    9.990062046754428,
    10.065634506880173,
    10.141778654819534,
    10.218498815255817,
    10.295799345587536,
    10.373684636175883,
    10.452159110594096,
    10.531227225878713,
    10.6108934727827,
    10.691162376030487,
    10.772038494575002,
    10.853526421856568,
    10.93563078606379,
    11.018356250396426,
    11.101707513330254,
    11.185689308883905,
    11.270306406887734,
    11.355563613254745,
    11.441465770253545,
    11.528017756783344,
    11.615224488651076,
    11.703090918850604,
    11.791622037844018,
    11.880822873845059,
    11.970698493104733,
    12.061254000199042,
    12.152494538318889,
    12.244425289562194,
    12.337051475228243,
    12.430378356114218,
    12.524411232813973,
    12.619155446019098,
    12.714616376822294,
    12.810799447022914,
    12.907710119434956,
    13.005353898197322,
    13.103736329086429,
    13.20286299983117,
    13.302739540430277,
    13.403371623472138,
    13.504764964456887,
    13.60692532212108,
    13.709858498764762,
    13.813570340581009,
    13.918066737987958,
    14.023353625963356,
    14.129436984381698,
    14.236322838353777,
    14.344017258568933,
    14.452526361639848,
    14.561856310449938,
    14.672013314503364,
    14.783003630277715,
    14.89483356157937,
    15.007509459901518,
    15.121037724784872,
    15.235424804181175,
    15.350677194819411,
    15.466801442574765,
    15.583804142840421,
    15.70169194090217,
    15.820471532315826,
    15.940149663287471,
    16.06073313105667,
    16.1822287842825,
    16.30464352343251,
    16.427984301174657,
    16.552258122772205,
    16.67747204648158,
    16.803633183953227,
    16.93074870063557,
    17.05882581618196,
    17.187871804860706,
    17.317893995968234,
    17.448899774245383,
    17.580896580296823,
    17.713891911013597,
    17.847893319999006,
    17.982908417997557,
    18.118944873327237,
    18.25601041231504,
    18.39411281973582,
    18.533259939254418,
    18.67345967387111,
    18.81471998637054,
    18.957048899773934,
    19.100454497794757,
    19.24494492529786,
    19.3905283887621,
    19.53721315674639,
    19.685007560359324,
    19.833919993732394,
    19.983958914496704,
    20.135132844263335,
    20.287450369107326,
    20.440920140055386,
    20.595550873577178,
    20.751351352080384,
    20.90833042440955,
    21.066497006348637,
    21.2258600811274,
    21.38642869993159,
    21.54821198241707,
    21.711219117227746,
    21.875459362517407,
    22.040942046475628,
    22.207676567857533,
    22.375672396517583,
    22.54493907394746,
    22.71548621381799,
    22.88732350252516,
    23.060460699740204,
    23.23490763896402,
    23.410674228085597,
    23.58777044994476,
    23.76620636289914,
    23.945992101395507,
    24.127137876545326,
    24.309653976704666,
    24.493550768058615,
    24.67883869521002,
    24.86552828177263,
    25.053630130968873,
    25.243154926232062,
    25.43411343181316,
    25.62651649339212,
    25.820375038693903,
    26.015700078109187,
    26.212502705319594,
    26.41079409792783,
    26.610585518092552,
    26.811888313167994,
    27.014713916348416,
    27.219073847317475,
    27.4249797129026,
    27.632443207734052,
    27.841476114909202,
    28.052090306661825,
    28.264297745036313,
    28.478110482567097,
    28.693540662963148,
    28.91060052179783,
    29.12930238720363,
    29.34965868057247,
    29.5716819172612,
    29.79538470730237,
    30.02077975612045,
    30.247879865253413,
    30.476697933079897,
    30.707246955551714,
    30.939540026931944,
    31.17359034053872,
    31.409411189494513,
    31.647015967481085,
    31.886418169500253,
    32.12763139264035,
    32.370669336848486,
    32.615545805708585,
    32.862274707225474,
    33.11087005461471,
    33.361345967098536,
    33.61371667070781,
    33.867996499089884,
    34.124199894322835,
    34.38234140773559,
    34.642435700734495,
    34.90449754563593,
    35.16854182650538,
    35.43458354000281,
    35.702637796234285,
    35.97271981961035,
    36.244844949710526,
    36.51902864215472,
    36.79528646948089,
    37.073634122029596,
    37.35408740883513,
    37.636662258523344,
