{
  "c": 1.0,
  "f1": 0.6326530612244897,
  "prec": 0.47692307692307695,
  "rec": 0.9393939393939394,
  "tp": 31,
  "fp": 34,
  "fn": 2,
  "tn": 13
}