{
  "cm_at_c1": {
    "TP": 4,
    "TN": 122,
    "FP": 8,
    "FN": 43,
    "precision": 0.3333333333333333,
    "recall": 0.0851063829787234,
    "accuracy": 0.711864406779661,
    "F1": 0.13559322033898305
  },
  "pr_auc": 0.2744934164755818,
  "roc_auc": 0.5214402618657938,
  "prevalence": 0.2655367231638418,
  "normalized_auprc": 0.012194882432138284,
  "c_grid": [
    0.5777461529866098,
    0.5807230846097235,
    0.583715355360312,
    0.5867230442757404,
    0.5897462308006267,
    0.5927849947889404,
    0.5958394165061118,
    0.5989095766311517,
    0.6019955562587829,
    0.6050974369015818,
    0.608215300492132,
    0.611349229385188,
    0.6144993063598505,
    0.6176656146217534,
    0.620848237805261,
    0.6240472599756773,
    0.6272627656314669,
    0.630494839706486,
    0.633743567572227,
    0.6370090350400727,
    0.6402913283635626,
    0.6435905342406724,
    0.6469067398161029,
    0.6502400326835824,
    0.6535905008881802,
    0.6569582329286319,
    0.6603433177596779,
    0.6637458447944121,
    0.6671659039066442,
    0.670603585433273,
    0.6740589801766735,
    0.6775321794070944,
    0.6810232748650695,
    0.6845323587638408,
    0.6880595237917937,
    0.6916048631149062,
    0.6951684703792089,
    0.698750439713259,
    0.7023508657306267,
    0.7059698435323937,
    0.7096074687096658,
    0.7132638373460979,
    0.7169390460204311,
    0.7206331918090448,
    0.72434637228852,
    0.728078685538217,
    0.7318302301428663,
    0.7356011051951722,
    0.7393914102984304,
    0.7432012455691589,
    0.7470307116397423,
    0.7508799096610904,
    0.7547489413053092,
    0.7586379087683872,
    0.7625469147728943,
    0.7664760625706951,
    0.7704254559456767,
    0.7743951992164895,
    0.7783853972393026,
    0.7823961554105738,
    0.7864275796698339,
    0.7904797765024837,
    0.7945528529426078,
    0.7986469165758017,
    0.8027620755420127,
    0.8068984385383974,
    0.8110561148221922,
    0.8152352142135989,
    0.8194358470986864,
    0.8236581244323058,
    0.8279021577410207,
    0.8321680591260542,
    0.836455941266249,
    0.8407659174210441,
    0.8450981014334662,
    0.8494526077331368,
    0.853829551339295,
    0.858229047863835,
    0.8626512135143606,
    0.8670961650972538,
    0.8715640200207613,
    0.8760548962980942,
    0.8805689125505467,
    0.8851061880106281,
    0.8896668425252131,
    0.8942509965587069,
    0.8988587711962271,
    0.9034902881468025,
    0.9081456697465875,
    0.9128250389620932,
    0.9175285193934364,
    0.9222562352776031,
    0.9270083114917314,
    0.9317848735564086,
    0.9365860476389877,
    0.9414119605569198,
    0.9462627397811032,
    0.9511385134392515,
    0.9560394103192769,
    0.9609655598726923,
    0.965917092218031,
    0.9708941381442834,
    0.975896829114351,
    0.9809252972685203,
    0.9859796754279515,
    0.9910600970981879,
    0.996166696472682,
    1.00129960843634,
    1.0064589685690843,
    1.0116449131494356,
    1.0168575791581118,
    1.0220971042816462,
    1.0273636269160247,
    1.032657286170341,
    1.037978221870471,
    1.0433265745627671,
    1.0487024855177687,
    1.054106096733936,
    1.059537550941398,
    1.0649969916057258,
    1.0704845629317188,
    1.076000409867216,
    1.0815446781069238,
    1.0871175140962646,
    1.092719065035244,
    1.098349478882341,
    1.1040089043584136,
    1.109697490950629,
    1.1154153889164118,
    1.1211627492874117,
    1.1269397238734948,
    1.1327464652667512,
    1.138583126845528,
    1.1444498627784778,
    1.1503468280286342,
    1.1562741783575015,
    1.1622320703291718,
    1.1682206613144588,
    1.1742401094950552,
    1.180290573867711,
    1.1863722142484325,
    1.1924851912767043,
    1.198629666419733,
    1.2048058019767096,
    1.2110137610831002,
    1.2172537077149521,
    1.2235258066932264,
    1.2298302236881504,
    1.2361671252235955,
    1.2425366786814738,
    1.2489390523061603,
    1.255374415208937,
    1.261842937372459,
    1.2683447896552449,
    1.2748801437961903,
    1.2814491724191028,
    1.2880520490372631,
    1.2946889480580073,
    1.3013600447873335,
    1.3080655154345329,
    1.3148055371168441,
    1.321580287864131,
    1.3283899466235858,
    1.3352346932644548,
    1.342114708582791,
    1.3490301743062272,
    1.3559812730987795,
    1.3629681885656686,
    1.369991105258172,
    1.377050208678497,
    1.3841456852846832,
    1.3912777224955235,
    1.3984465086955187,
    1.40565223323985,
    1.4128950864593837,
    1.4201752596656956,
    1.427492945156127,
    1.4348483362188615,
    1.442241627138033,
    1.4496730131988549,
    1.4571426906927807,
    1.464650856922687,
    1.4721977102080865,
    1.4797834498903646,
    1.487408276338047,
    1.49507239095209,
    1.5027759961712022,
    1.5105192954771898,
    1.5183024934003335,
    1.5261257955247884,
    1.533989408494017,
    1.5418935400162448,
    1.549838398869949,
    1.5578241949093714,
    1.565851139070062,
    1.5739194433744517,
    1.5820293209374503,
    1.5901809859720786,
    1.5983746537951236,
    1.6066105408328284,
    1.614888864626607,
    1.6232098438387916,
    1.6315736982584077,
    1.6399806488069797,
    1.648430917544366,
    1.656924727674626,
    1.6654623035519127,
    1.6740438706864023,
    1.6826696557502476,
    1.6913398865835683,
    1.7000547922004663,
    1.708814602795077,
    1.717619549747648,
    1.7264698656306527,
    1.7353657842149308,
    1.744307540475866,
    1.753295370599589,
    1.762329511989221,
    1.7714102032711392,
    1.7805376843012837,
    1.7897121961714908,
    1.798933981215863,
    1.808203283017167,
    1.8175203464132719,
    1.8268854175036124,
    1.8362987436556912,
    1.8457605735116134,
    1.8552711569946514,
    1.86483074531585,
    1.8744395909806588,
    1.8840979477956048,
    1.8938060708749918,
    1.9035642166476443,
    1.9133726428636773,
    1.923231608601306,
    1.9331413742736874,
    1.9431022016358008,
    1.9531143537913611,
    1.963178095199768,
    1.97329369168309,
    1.9834614104330899,
    1.993681520018278,
    2.003954290391009,
    2.0142799928946094,
    2.024658900270549,
    2.0350912866656405,
    2.045577427639285,
    2.0561176001707464,
    2.0667120826664713,
    2.07736115496744,
    2.0880650983565605,
    2.0988241955660953,
    2.1096387307851328,
    2.1205089896670906,
    2.1314352593372643,
    2.1424178284004074,
    2.1534569869483584,
    2.1645530265677,
    2.175706240347464,
    2.186916922886871,
    2.198185370303111,
    2.2095118802391673,
    2.220896751871678,
    2.2323402859188377,
    2.243842784648338,
    2.2554045518853587,
    2.2670258930205853,
    2.2787071150182805,
    2.2904485264243886,
    2.3022504373746897,
    2.314113159602988,
    2.326037006449348,
    2.3380222928683687,
    2.3500693354375053,
    2.3621784523654306,
    2.374349963500439,
    2.386584190338895,
    2.398881456033726,
    2.4112420854029595,
    2.4236664049382997,
    2.436154742813751,
    2.4487074288942914,
    2.46132479474458,
    2.4740071736377187,
    2.4867549005640512,
    2.4995683122400156,
    2.512447747117036,
    2.5253935453904646,
    2.538406049008562,
    2.551485601681536,
    2.5646325488906183,
    2.577847237897187,
    2.5911300177519414,
    2.6044812393041235,
    2.6179012552107817,
    2.6313904199460887,
    2.6449490898107024,
    2.658577622941179,
    2.672276379319431,
    2.686045720782239,
    2.699886011030803,
    2.713797615640356,
    2.727780902069816,
    2.7418362396714944,
    2.7559639997008483,
    2.770164555326292,
    2.7844382816390496,
    2.798785555663066,
    2.81320675636496,
    2.827702264664042,
    2.8422724634423693,
    2.8569177375548622,
    2.8716384738394685,
    2.886435061127382,
    2.901307890253314,
    2.9162573540658148,
    2.9312838474376495,
    2.946387767276233,
    2.961569512534108,
    2.9768294842194876,
    2.992168085406843,
    3.007585721247554,
