{
  "c": 0.05,
  "f1": 0.5747126436781609,
  "prec": 0.4166666666666667,
  "rec": 0.9259259259259259,
  "tp": 25,
  "fp": 35,
  "fn": 2,
  "tn": 18
}