{
  "cm_at_c1": {
    "TP": 0,
    "TN": 126,
    "FP": 0,
    "FN": 54,
    "precision": 0.0,
    "recall": 0.0,
    "accuracy": 0.7,
    "F1": 0.0
  },
  "pr_auc": 0.26739968248534496,
  "roc_auc": 0.46575543797766017,
  "prevalence": 0.3,
  "normalized_auprc": -0.046571882163792905,
  "auprg": NaN,
  "ece_rank": 0.31147943523634136,
  "c_grid": [
    7.059630626331641,
    7.110887595648148,
    7.162516719974254,
    7.21452070136888,
    7.266902261509444,
    7.3196641418343065,
    7.372809103686239,
    7.42633992845695,
    7.480259417732646,
    7.534570393440657,
    7.589275697997124,
    7.644378194455764,
    7.699880766657703,
    7.755786319382408,
    7.812097778499716,
    7.868818091122952,
    7.925950225763181,
    7.983497172484556,
    8.041461943060817,
    8.099847571132905,
    8.158657112367738,
    8.217893644618126,
    8.277560268083862,
    8.337660105473963,
    8.398196302170106,
    8.459172026391249,
    8.520590469359432,
    8.5824548454668,
    8.64476839244383,
    8.707534371528778,
    8.770756067638366,
    8.83443678953969,
    8.8985798700234,
    8.963188666078114,
    9.028266559066111,
    9.093816954900314,
    9.159843284222513,
    9.22634900258293,
    9.293337590621071,
    9.360812554247875,
    9.428777424829208,
    9.497235759370682,
    9.566191140703804,
    9.635647177673501,
    9.705607505326979,
    9.776075785103977,
    9.847055705028383,
    9.918550979901262,
    9.990565351495258,
    10.063102588750434,
    10.136166487971527,
    10.209760873026617,
    10.283889595547263,
    10.358556535130079,
    10.433765599539779,
    10.509520724913685,
    10.585825875967743,
    10.662685046204006,
    10.740102258119645,
    10.818081563417469,
    10.896627043217972,
    10.97574280827293,
    11.05543299918053,
    11.13570178660208,
    11.216553371480286,
    11.297991985259102,
    11.380021890105196,
    11.462647379131013,
    11.54587277661946,
    11.62970243825021,
    11.71414075132768,
    11.799192135010632,
    11.88486104054345,
    11.971151951489116,
    12.058069383963845,
    12.14561788687345,
    12.233802042151412,
    12.322626464998676,
    12.412095804125192,
    12.502214741993216,
    12.592987995062359,
    12.684420314036453,
    12.77651648411215,
    12.869281325229379,
    12.962719692323597,
    13.056836475579885,
    13.151636600688867,
    13.24712502910451,
    13.343306758303784,
    13.44018682204821,
    13.537770290647304,
    13.63606227122394,
    13.735067907981637,
    13.834792382473777,
    13.9352409138748,
    14.036418759253342,
    14.138331213847376,
    14.240983611341344,
    14.344381324145292,
    14.44852976367605,
    14.553434380640434,
    14.65910066532053,
    14.765534147861011,
    14.872740398558578,
    14.980725028153485,
    15.089493688123175,
    15.199052070978064,
    15.30940591055946,
    15.420560982339646,
    15.532523103724149,
    15.6452981343562,
    15.7588919764234,
    15.873310574966622,
    15.988559918191143,
    16.10464603778005,
    16.221575009209907,
    16.33935295206873,
    16.457986030376247,
    16.577480452906514,
    16.697842473512846,
    16.81907839145512,
    16.941194551729456,
    17.064197345400288,
    17.188093209934845,
    17.31288862954006,
    17.43859013550193,
    17.565204306527335,
    17.692737769088346,
    17.82119719776902,
    17.950589315614728,
    18.080920894484,
    18.21219875540295,
    18.344429768922264,
    18.47762085547675,
    18.611778985747552,
    18.746911181026977,
    18.88302451358592,
    19.020126107044025,
    19.158223136742507,
    19.297322830119676,
    19.437432467089184,
    19.578559380421048,
    19.720710956125384,
    19.863894633838996,
    20.00811790721471,
    20.15338832431358,
    20.299713487999906,
    20.44710105633915,
    20.595558742998723,
    20.74509431765169,
    20.895715606383398,
    21.047430492101064,
    21.200246914946334,
    21.354172872710844,
    21.50921642125478,
    21.6653856749285,
    21.822688806997203,
    21.981134050068672,
    22.140729696524165,
    22.30148409895237,
    22.463405670586557,
    22.626502885744937,
    22.79078428027409,
    22.95625845199575,
    23.12293406115679,
    23.29081983088242,
    23.459924547632756,
    23.630257061662657,
    23.801826287484914,
    23.974641204336784,
    24.148710856649952,
    24.32404435452386,
    24.5006508742025,
    24.678539658554662,
    24.857720017557668,
    25.038201328784616,
    25.21999303789517,
    25.40310465912989,
    25.587545775808202,
    25.773326040829918,
    25.96045517718044,
    26.148942978439628,
    26.33879930929435,
    26.530034106054764,
    26.722657377174336,
    26.91667920377365,
    27.112109740168016,
    27.308959214398886,
    27.507237928769175,
    27.706956260382427,
    27.908124661685903,
    28.110753661017643,
    28.31485386315745,
    28.520435949881914,
    28.72751068052347,
    28.936088892533455,
    29.14618150204934,
    29.357799504466016,
    29.57095397501124,
    29.78565606932528,
    30.00191702404477,
    30.219748157390754,
    30.43916086976106,
    30.660166644326956,
    30.88277704763411,
    31.10700373020796,
    31.332858427163437,
    31.560352958819134,
    31.789499231315958,
    32.02030923724021,
    32.25279505625127,
    32.48696885571376,
    32.72284289133436,
    32.960429507803205,
    33.19974113943998,
    33.44079031084464,
    33.68358963755295,
    33.92815182669669,
    34.1744896776687,
    34.422616082792786,
    34.672544027998384,
    34.924286593500256,
    35.177856954483026,
    35.433268381790704,
    35.69053424262126,
    35.94966800122617,
    36.21068321961514,
    36.47359355826582,
    36.738412776838764,
    37.00515473489756,
    37.273833392634195,
    37.544462811599644,
    37.81705715543982,
    38.091630690636826,
    38.36819778725562,
    38.64677291969607,
    38.927370667450504,
    39.21000571586671,
    39.494692856916544,
    39.781446989970064,
    40.070283122575304,
    40.3612163712437,
    40.65426196224124,
    40.94943523238535,
    41.24675162984753,
    41.5462267149619,
    41.84787616103948,
    42.151715755188604,
    42.45776139914101,
    42.766029110084155,
    43.07653502149944,
    43.38929538400664,
    43.70432656621433,
    44.02164505557658,
    44.34126745925583,
    44.66321050499208,
    44.987491041978274,
    45.314126041742206,
    45.64313259903468,
    45.97452793272421,
    46.308329386698155,
    46.64455443077047,
    46.983220661595986,
    47.324345803591335,
    47.66794770986258,
    48.01404436313959,
    48.36265387671716,
    48.713794495403015,
    49.067484596472646,
    49.423742690631094,
    49.78258742298176,
    50.144037574002205,
    50.50811206052699,
    50.8748299367378,
    51.24421039516057,
    51.616272767670026,
    51.99103652650136,
    52.368521285269395,
    52.74874679999504,
    53.13173297013925,
    53.51749983964448,
    53.90606759798373,
    54.29745658121714,
    54.69168727305632,
    55.08878030593638,
    55.48875646209576,
    55.89163667466385,
    56.297442028756606,
    56.70619376258,
    57.117913268541564,
    57.53262209437001,
    57.95034194424289,
    58.37109467992258,
    58.79490232190035,
    59.221787050548905,
    59.65177120728318,
    60.08487729572959,
    60.5211279829038,
    60.960546100397,
    61.40315464557087,
    61.84897678276109,
    62.29803584448974,
    62.750355332686375,
    63.20595891991806,
    63.66487045062828,
    64.12711394238485,
    64.59271358713694,
    65.0616937524811,
    65.53407898293668,
    66.00989400123025,
    66.48916370958959,
    66.97191319104702,
    67.45816771075197,
    67.94795271729338,
    68.44129384403155,
    68.93821691043968,
    69.43874792345518,
    69.94291307884075,
    70.45073876255532,
    70.9622515521351,
    71.47747821808427,
    71.99644572527654,
    72.51918123436586,
    73.04571210320816,
    73.57606588829309,
    74.11027034618625,
    74.64835343498184,
