{
  "c": 0.05,
  "f1": 0.6666666666666667,
  "prec": 0.5333333333333333,
  "rec": 0.8888888888888888,
  "tp": 32,
  "fp": 28,
  "fn": 4,
  "tn": 16
}