{
  "cm_at_c1": {
    "TP": 0,
    "TN": 127,
    "FP": 0,
    "FN": 49,
    "precision": 0.0,
    "recall": 0.0,
    "accuracy": 0.7215909090909091,
    "F1": 0.0
  },
  "pr_auc": 0.2562016536559625,
  "roc_auc": 0.47219990358348063,
  "prevalence": 0.2784090909090909,
  "normalized_auprc": -0.030775661075201563,
  "auprg": NaN,
  "ece_rank": 0.34254622496147924,
  "c_grid": [
    1.023800445379631,
    1.033010404727865,
    1.0423032155258898,
    1.0516796230932526,
    1.0611403794542866,
    1.0706862433984263,
    1.080317980541065,
    1.09003636338496,
    1.0998421713821909,
    1.1097361909966748,
    1.1197192157672429,
    1.1297920463712858,
    1.1399554906889715,
    1.1502103638680394,
    1.1605574883891798,
    1.1709976941319988,
    1.1815318184415777,
    1.1921607061956332,
    1.2028852098722773,
    1.2137061896183914,
    1.2246245133186124,
    1.2356410566649412,
    1.246756703226975,
    1.2579723445227755,
    1.2692888800903697,
    1.2807072175598977,
    1.292228272726408,
    1.3038529696233074,
    1.3155822405964726,
    1.3274170263790275,
    1.3393582761667937,
    1.3514069476944202,
    1.363564007312197,
    1.37583043006356,
    1.3882071997632939,
    1.4006953090764374,
    1.4132957595978985,
    1.4260095619327877,
    1.4388377357774709,
    1.4517813100013537,
    1.4648413227294008,
    1.4780188214253978,
    1.491314862975961,
    1.5047305137753046,
    1.51826684981077,
    1.531924956749123,
    1.5457059300236295,
    1.559610874921913,
    1.573640906674603,
    1.5877971505447814,
    1.602080741918232,
    1.616492826394503,
    1.6310345598787905,
    1.6457071086746433,
    1.6605116495775072,
    1.6754493699691086,
    1.6905214679126856,
    1.7057291522490794,
    1.721073642693686,
    1.7365561699342833,
    1.752177975729737,
    1.7679403130095943,
    1.7838444459745735,
    1.7998916501979578,
    1.816083212727902,
    1.832420432190658,
    1.8489046188947293,
    1.8655370949359642,
    1.8823191943035924,
    1.899252262987215,
    1.9163376590847596,
    1.9335767529114047,
    1.950970927109484,
    1.9685215767593793,
    1.9862301094914125,
    2.0040979455987418,
    2.022126518151276,
    2.040317273110612,
    2.0586716694460034,
    2.0771911792513817,
    2.0958772878634186,
    2.114731493980658,
    2.133755309783717,
    2.152950261056569,
    2.172317887308918,
    2.191859741899671,
    2.211577392161525,
    2.2314724195266757,
    2.251546419653649,
    2.2718010025552835,
    2.2922377927278577,
    2.3128584292813814,
    2.3336645660710595,
    2.3546578718299362,
    2.3758400303027343,
    2.3972127403808994,
    2.4187777162388557,
    2.4405366874714907,
    2.4624913992328743,
    2.4846436123762285,
    2.5069951035951537,
    2.5295476655661258,
    2.5523031070922775,
    2.5752632532484694,
    2.598429945527671,
    2.621805041988652,
    2.645390417405007,
    2.6691879634155224,
    2.6931995886758893,
    2.7174272190117876,
    2.741872797573343,
    2.7665382849909763,
    2.7914256595326545,
    2.8165369172625536,
    2.8418740722011506,
    2.867439156486758,
    2.8932342205385075,
    2.9192613332208026,
    2.945522582009247,
    2.972020073158072,
    2.998755931869065,
    3.025732302462017,
    3.052951348546706,
    3.08041525319643,
    3.1081262191230947,
    3.1360864688538803,
    3.1642982449094967,
    3.1927638099840445,
    3.221485447126488,
    3.250465459923768,
    3.2797061726855565,
    3.3092099306306753,
    3.338979100075195,
    3.3690160686222175,
    3.399323245353374,
    3.4299030610220442,
    3.4607579682483083,
    3.4918904417156598,
    3.5233029783694834,
    3.554998097617318,
    3.58697834153093,
    3.619246275050187,
    3.6518044861887833,
    3.684655586241808,
    3.7178022099951775,
    3.7512470159369578,
    3.784992686470587,
    3.8190419281300105,
    3.853397471796761,
    3.888062072918981,
    3.9230385117324214,
    3.9583295934834304,
    3.9939381486539416,
    4.02986703318849,
    4.066119128723272,
    4.102697342817261,
    4.139604609185409,
    4.176843887933938,
    4.214418165797751,
    4.252330456379988,
    4.290583800393718,
    4.329181265905823,
    4.3681259485830655,
    4.407420971940374,
    4.447069487591364,
    4.487074675501105,
    4.527439744241167,
    4.568167931246964,
    4.609262503077406,
    4.650726755676887,
    4.692564014639639,
    4.734777635476451,
    4.777371003883804,
    4.820347536015402,
    4.8637106787561715,
    4.907463909998717,
    4.951610738922253,
    4.996154706274057,
    5.041099384653456,
    5.086448378798353,
    5.132205325874356,
    5.178373895766477,
    5.224957791373476,
    5.271960748904857,
    5.319386538180516,
    5.367238962933095,
    5.415521861113064,
    5.464239105196532,
    5.5133946024958425,
    5.562992295472945,
    5.613036162055602,
    5.663530215956439,
    5.7144785069948485,
    5.765885121421808,
    5.817754182247612,
    5.870089849572556,
    5.922896320920591,
    5.976177831575977,
    6.029938654922973,
    6.084183102788585,
    6.13891552578838,
    6.194140313675426,
    6.249861895692374,
    6.306084740926689,
    6.3628133586691025,
    6.420052298775261,
    6.477806152030648,
    6.536079550518788,
    6.594877167992749,
    6.654203720249998,
    6.714063965510632,
    6.774462704798995,
    6.835404782328753,
    6.896895085891406,
    6.9589385472483105,
    7.021540142526237,
    7.084704892616457,
    7.14843786357745,
    7.212744167041221,
    7.277628960623262,
    7.343097448336234,
    7.409154881007325,
    7.4758065566994,
    7.543057821135931,
    7.610914068129729,
    7.679380740015563,
    7.748463328086648,
    7.818167373035072,
    7.888498465396184,
    7.959462245996969,
    8.031064406408465,
    8.103310689402262,
    8.176206889411075,
    8.249758852993494,
    8.323972479302897,
    8.39885372056058,
    8.474408582533163,
    8.550643125014258,
    8.627563462310492,
    8.705175763731914,
    8.783486254086773,
    8.862501214180794,
    8.942226981320907,
    9.022669949823529,
    9.103836571527424,
    9.185733356311147,
    9.268366872615166,
    9.351743747968696,
    9.435870669521222,
    9.520754384578856,
    9.606401701145494,
    9.69281948846883,
    9.780014677591321,
    9.867994261906064,
    9.956765297717695,
    10.046334904808344,
    10.136710267008661,
    10.227898632773982,
    10.319907315765693,
    10.41274369543781,
    10.506415217628838,
    10.600929395158955,
    10.69629380843259,
    10.792516106046362,
    10.88960400540256,
    10.987565293328094,
    11.086407826699034,
    11.186139533070758,
    11.286768411313773,
    11.388302532255267,
    11.490750039326404,
    11.594119149215462,
    11.698418152526857,
    11.803655414446062,
    11.909839375410545,
    12.016978551786714,
    12.125081536552965,
    12.23415699998887,
    12.344213690370589,
    12.455260434672473,
    12.56730613927506,
    12.680359790679379,
    12.794430456227715,
    12.909527284830844,
    13.025659507701793,
    13.142836439096257,
    13.2610674770596,
    13.38036210418063,
    13.500729888352144,
    13.622180483538303,
    13.744723630548924,
    13.868369157820723,
    13.993126982205602,
    14.119007109766002,
    14.24601963657747,
    14.374174749538346,
    14.503482727186833,
    14.633953940525362,
    14.765598853852385,
    14.898428025601655,
    15.032452109189054,
    15.16768185386705,
    15.304128105586802,
    15.441801807868066,
    15.580714002676904,
    15.720875831311298,
    15.862298535294714,
    16.004993457277724,
    16.14897204194773,
    16.294245836946857,
    16.44082649379817,
    16.5887257688401,
    16.73795552416939,
    16.888527728592475,
    17.040454458585433,
    17.193747899262547,
    17.348420345353606,
    17.50448420219002,
    17.661951986699723,
    17.820836328411108,
    17.98114997046597,
    18.142905770641544,
    18.306116702381754,
    18.470795855837725,
