{
  "cm_at_c1": {
    "TP": 0,
    "TN": 117,
    "FP": 0,
    "FN": 63,
    "precision": 0.0,
    "recall": 0.0,
    "accuracy": 0.65,
    "F1": 0.0
  },
  "pr_auc": 0.35160561342102187,
  "roc_auc": 0.46940713607380274,
  "prevalence": 0.35,
  "normalized_auprc": 0.00247017449387983,
  "auprg": NaN,
  "ece_rank": 0.34085328422344996,
  "c_grid": [
    13.733491705181134,
    13.824270715348614,
    13.915649778937608,
    14.007632862328753,
    14.100223958120655,
    14.19342708530317,
    14.287246289431867,
    14.381685642803621,
    14.476749244633378,
    14.572441221232074,
    14.66876572618577,
    14.765726940535902,
    14.86332907296079,
    14.961576359958306,
    15.060473066029772,
    15.160023483865057,
    15.260231934528909,
    15.361102767648509,
    15.462640361602276,
    15.564849123709909,
    15.667733490423695,
    15.771297927521072,
    15.875546930298471,
    15.980485023766443,
    16.086116762846054,
    16.19244673256663,
    16.299479548264735,
    16.40721985578452,
    16.515672331679372,
    16.624841683414935,
    16.73473264957339,
    16.845350000059184,
    16.956698536306032,
    17.068783091485365,
    17.181608530716083,
    17.295179751275757,
    17.40950168281318,
    17.524579287562354,
    17.640417560557875,
    17.75702152985174,
    17.87439625673161,
    17.99254683594048,
    18.111478395897844,
    18.231196098922275,
    18.351705141455504,
    18.47301075428799,
    18.595118202785947,
    18.718032787119906,
    18.841759842494774,
    18.9663047393814,
    19.091672883749688,
    19.217869717303266,
    19.344900717715657,
    19.472771398868062,
    19.601487311088697,
    19.731054041393694,
    19.861477213729607,
    19.992762489217583,
    20.124915566398958,
    20.257942181482772,
    20.391848108594615,
    20.526639160027333,
    20.662321186493287,
    20.79890007737832,
    20.93638176099739,
    21.074772204851868,
    21.214077415888614,
    21.354303440760656,
    21.495456366089687,
    21.63754231873025,
    21.780567466035674,
    21.924538016125766,
    22.069460218156333,
    22.215340362590315,
    22.362184781470972,
    22.509999848696623,
    22.658791980297355,
    22.808567634713505,
    22.959333313076,
    23.111095559488547,
    23.263860961311668,
    23.41763614944864,
    23.572427798633328,
    23.72824262771988,
    23.885087399974385,
    24.04296892336843,
    24.201894050874607,
    24.36186968076397,
    24.522902756905445,
    24.68500026906731,
    24.848169253220437,
    25.012416791843876,
    25.177750014232142,
    25.34417609680472,
    25.511702263417565,
    25.680335785676647,
    25.850083983253583,
    26.020954224203358,
    26.19295392528414,
    26.366090552279207,
    26.540371620321,
    26.715804694217347,
    26.892397388779784,
    27.0701573691541,
    27.2490923511531,
    27.429210101591362,
    27.61051843862259,
    27.793025232078723,
    27.976738403811744,
    28.161665928037394,
    28.347815831681352,
    28.535196194727646,
    28.723815150569372,
    28.91368088636173,
    29.104801643377378,
    29.29718571736418,
    29.49084145890527,
    29.685777273781508,
    29.882001623336354,
    30.079523024843184,
    30.278350051874835,
    30.47849133467599,
    30.679955560537504,
    30.882751474173745,
    31.086887878101976,
    31.292373633024518,
    31.49921765821334,
    31.707428931897216,
    31.917016491651413,
    32.12798943478999,
    32.340356918760676,
    32.55412816154233,
    32.769312442045106,
    32.985919100513144,
    33.20395753893005,
    33.42343722142695,
    33.64436767469338,
    33.866758488390595,
    34.09061931556812,
    34.31595987308242,
    34.54278994201894,
    34.771119368116516,
    35.00095806219474,
    35.23231600058421,
    35.46520322555951,
    35.699629845775135,
    35.935606036704236,
    36.173142041080304,
    36.41224816934178,
    36.652934800079585,
    36.89521238048756,
    37.13909142681606,
    37.38458252482821,
    37.63169633025967,
    37.88044356928084,
    38.13083503896274,
    38.382881607745446,
    38.63659421590993,
    38.89198387605293,
    39.14906167356497,
    39.407838767111485,
    39.66832638911722,
    39.930535846253754,
    40.19447851993029,
    40.460165866787676,
    40.72760941919565,
    40.996820785753485,
    41.267811651793764,
    41.540593779889775,
    41.81517901036579,
    42.09157926181133,
    42.36980653159819,
    42.64987289640149,
    42.93179051272361,
    43.215571617422015,
    43.50122852824037,
    43.788773644343166,
    44.07821944685396,
    44.369578499397086,
    44.66286344864303,
    44.95808702485735,
    45.255262042453225,
    45.5544014005477,
    45.85551808352164,
    46.1586251615831,
    46.46373579133503,
    46.7708632163459,
    47.080020767725,
    47.39122186470064,
    47.70448001520304,
    48.01980881645034,
    48.33722195553897,
    48.65673321003766,
    48.97835644858551,
    49.30210563149399,
    49.62799481135283,
    49.95603813364005,
    50.28624983733588,
    50.61864425554099,
    50.953235816098314,
    51.29003904221968,
    51.629068553115836,
    51.970339064631354,
    52.313865389883034,
    52.65966243990323,
    53.00774522428681,
    53.35812885184275,
    53.71082853124998,
    54.06585957171748,
    54.423237383648804,
    54.78297747931098,
    55.14509547350784,
    55.509607084257766,
    55.876528133475986,
    56.24587454766127,
    56.6176623585874,
    56.99190770399871,
    57.368626828311,
    57.747836083316166,
    58.12955192889243,
    58.51379093371835,
    58.90056977599238,
    59.289905244156536,
    59.68181423762525,
    60.07631376751881,
    60.47342095740185,
    60.8731530440265,
    61.275527378080646,
    61.680561424941004,
    62.08827276543119,
    62.49867909658502,
    62.91179823241428,
    63.32764810468243,
    63.74624676368249,
    64.16761237902098,
    64.59176324040608,
    65.01871775844204,
    65.4484944654279,
    65.88111201616206,
    66.31658918875205,
    66.75494488542948,
    67.19619813337064,
    67.64036808552228,
    68.08747402143307,
    68.53753534809029,
    68.99057160076238,
    69.44660244384671,
    69.90564767172341,
    70.36772720961407,
    70.83286111444723,
    71.30106957572835,
    71.77237291641671,
    72.24679159380706,
    72.72434620041798,
    73.20505746488546,
    73.68894625286273,
    74.17603356792596,
    74.66634055248589,
    75.1598884887056,
    75.65669879942426,
    76.15679304908693,
    76.66019294468065,
    77.16692033667677,
    77.67699721997901,
    78.19044573487871,
    78.70728816801522,
    79.22754695334396,
    79.75124467310945,
    80.27840405882623,
    80.80904799226495,
    81.34319950644593,
    81.88088178663877,
    82.42211817136877,
    82.96693215342995,
    83.51534738090481,
    84.06738765819073,
    84.62307694703324,
    85.18243936756612,
    85.7454991993583,
    86.31228088246796,
    86.88280901850284,
    87.45710837168883,
    88.03520386994411,
    88.61712060596193,
    89.20288383829899,
    89.79251899247254,
    90.3860516620635,
    90.98350760982757,
    91.58491276881345,
    92.19029324348848,
    92.79967531087172,
    93.41308542167454,
    94.0305502014487,
    94.65209645174208,
    95.2777511512622,
    95.90754145704666,
    96.54149470564283,
    97.17963841429346,
    97.82200028213191,
    98.46860819138374,
    99.1194902085776,
    99.77467458576301,
    100.43418976173683,
    101.09806436327787,
    101.766327206389,
    102.4390072975482,
    103.11613383496781,
    103.79773620986168,
    104.48384400772073,
    105.17448700959734,
    105.86969519339821,
    106.56949873518538,
    107.27392801048573,
    107.9830135956102,
    108.6967862689801,
    109.41527701246397,
    110.13851701272148,
    110.86653766255786,
    111.59937056228625,
    112.33704752109908,
    113.07960055844899,
    113.8270619054389,
    114.57946400622082,
    115.33683951940382,
    116.09922131947194,
    116.86664249821122,
    117.63913636614599,
