{
  "c": 0.05,
  "f1": 0.48192771084337344,
  "prec": 0.3333333333333333,
  "rec": 0.8695652173913043,
  "tp": 20,
  "fp": 40,
  "fn": 3,
  "tn": 17
}