{
  "cm_at_c1": {
    "TP": 0,
    "TN": 137,
    "FP": 0,
    "FN": 43,
    "precision": 0.0,
    "recall": 0.0,
    "accuracy": 0.7611111111111111,
    "F1": 0.0
  },
  "pr_auc": 0.24051172905676124,
  "roc_auc": 0.529791206925819,
  "prevalence": 0.2388888888888889,
  "normalized_auprc": 0.0021321987607081858,
  "c_grid": [
    2.57283934115907,
    2.5922789700564244,
    2.611865479159481,
    2.631599978252533,
    2.6514835855050825,
    2.6715174275351976,
    2.691702639473345,
    2.7120403650267098,
    2.7325317565439953,
    2.7531779750807193,
    2.773980190464999,
    2.794939581363834,
    2.816057335349889,
    2.8373346489687847,
    2.858772727806895,
    2.8803727865596533,
    2.9021360491003816,
    2.9240637485496332,
    2.9461571273450633,
    2.968417437311827,
    2.9908459397335068,
    3.013443905423578,
    3.036212614797417,
    3.0591533579448456,
    3.08226743470323,
    3.105556154731135,
    3.129020837582522,
    3.152662812781522,
    3.176483419897765,
    3.20048400862228,
    3.2246659388439736,
    3.2490305807266755,
    3.2735793147867773,
    3.2983135319714556,
    3.323234633737476,
    3.348344032130611,
    3.3736431498656376,
    3.399133420406955,
    3.424816288049806,
    3.4506932080021064,
    3.4767656464669057,
    3.5030350807254553,
    3.5295029992209184,
    3.5561709016427008,
    3.5830402990114316,
    3.610112713764569,
    3.6373896798426726,
    3.664872742776309,
    3.6925634597736265,
    3.7204633998085894,
    3.7485741437098725,
    3.7768972842504365,
    3.805434426237771,
    3.834187186604826,
    3.863157194501632,
    3.8923460913876005,
    3.92175553112454,
    3.951387180070356,
    3.981242717173472,
    4.011323834067962,
    4.041632235169394,
    4.0721696377714105,
    4.102937772143022,
    4.133938381626656,
    4.165173222736924,
    4.19664406526016,
    4.228352692354688,
    4.26030090065186,
    4.292490500357852,
    4.324923315356235,
    4.35760118331132,
    4.3905259557722704,
    4.423699498278025,
    4.45712369046299,
    4.490800426163546,
    4.524731613525355,
    4.558919175111472,
    4.593365048011285,
    4.628071183950264,
    4.663039549400555,
    4.698272125692394,
    4.733770909126379,
    4.769537911086577,
    4.805575158154488,
    4.841884692223873,
    4.878468570616454,
    4.9153288661984815,
    4.952467667498181,
    4.98988707882409,
    5.0275892203842965,
    5.065576228406561,
    5.10385025525937,
    5.142413469573876,
    5.181268056366785,
    5.2204162171641535,
    5.25986017012613,
    5.2996021501726425,
    5.339644409110027,
    5.379989215758612,
    5.420638856081277,
    5.4615956333129745,
    5.502861868091236,
    5.544439898587654,
    5.586332080640372,
    5.628540787887562,
    5.671068411901921,
    5.7139173623261685,
    5.757090067009599,
    5.800588972145625,
    5.844416542410389,
    5.888575261102416,
    5.933067630283308,
    5.977896170919527,
    6.023063423025226,
    6.068571945806169,
    6.114424317804735,
    6.160623137046023,
    6.207171021185061,
    6.254070607655117,
    6.301324553817142,
    6.348935537110336,
    6.396906255203851,
    6.445239426149656,
    6.49393778853652,
    6.543004101645208,
    6.592441145604802,
    6.642251721550238,
    6.692438651781015,
    6.743004779921113,
    6.793952971080109,
    6.845286112015516,
    6.897007111296354,
    6.949118899467943,
    7.001624429217963,
    7.054526675543742,
    7.107828635920825,
    7.161533330472816,
    7.215643802142496,
    7.270163116864243,
    7.325094363737749,
    7.380440655203044,
    7.436205127216856,
    7.492390939430289,
    7.549001275367867,
    7.606039342607889,
    7.663508372964199,
    7.721411622669282,
    7.779752372558775,
    7.8385339282573625,
    7.897759620366065,
    7.957432804650967,
    8.017556862233345,
    8.078135199781247,
    8.13917124970252,
    8.200668470339295,
    8.262630346163931,
    8.325060387976448,
    8.387962133103457,
    8.451339145598586,
    8.515195016444412,
    8.579533363755953,
    8.644357832985637,
    8.70967209712989,
    8.775479856937222,
    8.841784841117931,
    8.908590806555384,
    8.975901538518853,
    9.043720850878014,
    9.112052586319038,
    9.180900616562315,
    9.250268842581848,
    9.320161194826253,
    9.390581633441487,
    9.461534148495218,
    9.533022760202906,
    9.605051519155612,
    9.67762450654947,
    9.75074583441696,
    9.824419645859885,
    9.898650115284125,
    9.97344144863617,
    10.048797883641413,
    10.124723690044275,
    10.201223169850135,
    10.278300657569071,
    10.355960520461466,
    10.434207158785464,
    10.513045006046278,
    10.592478529247405,
    10.672512229143724,
    10.753150640496512,
    10.834398332330405,
    10.916259908192247,
    10.998740006411955,
    11.081843300365326,
    11.165574498738824,
    11.249938345796398,
    11.334939621648267,
    11.420583142521785,
    11.506873761034326,
    11.593816366468223,
    11.681415885047835,
    11.769677280218627,
    11.85860555292842,
    11.948205741910757,
    12.038482923970385,
    12.129442214270915,
    12.22108876662467,
    12.313427773784671,
    12.406464467738877,
    12.500204120006636,
    12.594652041937366,
    12.689813585011514,
    12.785694141143754,
    12.882299142988506,
    12.979634064247753,
    13.07770441998118,
    13.176515766918685,
    13.27607370377519,
    13.376383871567887,
    13.477451953935867,
    13.57928367746214,
    13.681884811998138,
    13.785261170990605,
    13.889418611811006,
    13.994363036087409,
    14.100100390038872,
    14.206636664812375,
    14.313977896822259,
    14.42213016809226,
    14.531099606600128,
    14.640892386624841,
    14.751514729096431,
    14.862972901948496,
    14.975273220473303,
    15.08842204767965,
    15.202425794653381,
    15.317290920920644,
    15.433023934813917,
    15.54963139384073,
    15.66711990505525,
    15.78549612543263,
    15.90476676224619,
    16.024938573447493,
    16.146018368049198,
    16.268013006510902,
    16.39092940112785,
    16.514774516422573,
    16.63955536953955,
    16.76527903064274,
    16.89195262331623,
    17.019583324967826,
    17.148178367235772,
    17.277745036398453,
    17.408290673787295,
    17.53982267620267,
    17.672348496333043,
    17.80587564317723,
    17.940411682469858,
    18.07596423711008,
    18.21254098759345,
    18.35014967244712,
    18.488798088668318,
    18.628494092166108,
    18.769245598206567,
    18.91106058186119,
    19.053947078458823,
    19.19791318404092,
    19.342967055820274,
    19.489116912643247,
    19.63637103545539,
    19.78473776777069,
    19.934225516144313,
    20.084842750648907,
    20.23659800535457,
    20.389499878812327,
    20.54355703454138,
    20.698778201519968,
    20.85517217467996,
    21.01274781540518,
    21.17151405203353,
    21.331479880362807,
    21.492654364160476,
    21.655046635677195,
    21.818665896164248,
    21.983521416394957,
    22.14962253718987,
    22.3169786699461,
    22.48559929717053,
    22.655493973017126,
    22.826672323828298,
    22.999144048680282,
    23.172918919932734,
    23.348006783782424,
    23.524417560821128,
    23.70216124659778,
    23.88124791218474,
    24.06168770474849,
    24.24349084812457,
    24.42666764339685,
    24.611228469481198,
    24.797183783713606,
    24.98454412244262,
    25.17332010162641,
    25.363522417434236,
    25.555161846852517,
    25.74824924829549,
    25.94279556222039,
    26.138811811747388,
    26.336309103284158,
    26.53529862715518,
    26.73579165823576,
    26.937799556590956,
    27.14133376811912,
    27.346405825200538,
    27.5530273473508,
    27.7612100418792,
    27.970965704552057,
    28.182306220261125,
    28.395243563696912,
    28.609789800027237,
    28.825957085580836,
    29.043757668536117,
    29.263203889615237,
    29.48430818278322,
    29.707083075952546,
    29.931541191692975,
    30.15769524794673,
