{
  "c": 0.05,
  "f1": 0.3170731707317074,
  "prec": 0.21666666666666667,
  "rec": 0.5909090909090909,
  "tp": 13,
  "fp": 47,
  "fn": 9,
  "tn": 11
}