{
  "cm_at_c1": {
    "TP": 0,
    "TN": 86,
    "FP": 0,
    "FN": 34,
    "precision": 0.0,
    "recall": 0.0,
    "accuracy": 0.7166666666666667,
    "F1": 0.0
  },
  "pr_auc": 0.3759327635756883,
  "roc_auc": 0.590971272229822,
  "prevalence": 0.2833333333333333,
  "normalized_auprc": 0.12920850731491387,
  "auprg": NaN,
  "ece_rank": 0.2931129476584022,
  "c_grid": [
    7.863788676515744,
    7.916207536695736,
    7.96897581329771,
    8.022095835480208,
    8.075569947927601,
    8.129400510953579,
    8.183589900605341,
    8.238140508768465,
    8.293054743272487,
    8.34833502799718,
    8.40398380297955,
    8.460003524521516,
    8.516396665298366,
    8.573165714467859,
    8.630313177780122,
    8.68784157768825,
    8.745753453459628,
    8.804051361288034,
    8.862737874406456,
    8.921815583200667,
    8.981287095323587,
    9.04115503581035,
    9.1014220471942,
    9.162090789623118,
    9.223163940977235,
    9.284644196987042,
    9.346534271352379,
    9.408836895862196,
    9.471554820515163,
    9.53469081364102,
    9.598247662022803,
    9.662228171019828,
    9.726635164691519,
    9.791471485922072,
    9.856739996545928,
    9.922443577474096,
    9.98858512882132,
    10.05516757003407,
    10.122193840019436,
    10.189666897274819,
    10.257589720018526,
    10.325965306321232,
    10.394796674238322,
    10.464086861943084,
    10.533838927860817,
    10.604055950803854,
    10.674741030107421,
    10.745897285766459,
    10.81752785857335,
    10.88963591025652,
    10.962224623620019,
    11.035297202684008,
    11.10885687282617,
    11.182906880924078,
    11.257450495498514,
    11.332491006857751,
    11.408031727242765,
    11.484075990973434,
    11.560627154595746,
    11.637688597029916,
    11.715263719719536,
    11.793355946781748,
    11.871968725158336,
    11.951105524767886,
    12.030769838658975,
    12.11096518316431,
    12.191695098055963,
    12.272963146701596,
    12.354772916221776,
    12.437128017648273,
    12.520032086083463,
    12.603488780860797,
    12.68750178570629,
    12.772074808901131,
    12.857211583445388,
    12.942915867222737,
    13.029191443166356,
    13.11604211942592,
    13.203471729535652,
    13.291484132583552,
    13.380083213381733,
    13.469272882637913,
    13.559057077127983,
    13.64943975986984,
    13.740424920298244,
    13.832016574440955,
    13.924218765095977,
    14.017035562010031,
    14.110471062058151,
    14.20452938942454,
    14.299214695784622,
    14.394531160488267,
    14.490482990744278,
    14.587074421806092,
    14.684309717158737,
    14.782193168706986,
    14.880729096964842,
    14.979921851246202,
    15.07977580985685,
    15.180295380287715,
    15.281484999409432,
    15.383349133668139,
    15.485892279282652,
    15.589118962442939,
    15.693033739509868,
    15.797641197216343,
    15.90294595286975,
    16.00895265455579,
    16.11566598134359,
    16.223090643492295,
    16.331231382658924,
    16.44009297210769,
    16.549680216920677,
    16.659997954209967,
    16.771051053331085,
    16.882844416098003,
    16.995382976999426,
    17.108671703416665,
    17.22271559584284,
    17.337519688103654,
    17.45308904757953,
    17.569428775429305,
    17.68654400681541,
    17.804439911130498,
    17.92312169222563,
    18.04259458863998,
    18.162863873832073,
    18.283934856412497,
    18.4058128803783,
    18.528503325348794,
    18.65201160680306,
    18.77634317631896,
    18.901503521813787,
    19.027498167786472,
    19.154332675561434,
    19.282012643534095,
    19.410543707417936,
    19.539931540493278,
    19.670181853857688,
    19.8013003966781,
    19.93329295644451,
    20.06616535922552,
    20.199923469925398,
    20.334573192543036,
    20.470120470432494,
    20.606571286565394,
    20.743931663794925,
    20.882207665121744,
    21.021405393961604,
    21.1615309944147,
    21.302590651536907,
    21.444590591612766,
    21.587537082430345,
    21.731436433557825,
    21.876294996622086,
    22.022119165588983,
    22.168915377045625,
    22.31669011048445,
    22.465449888589276,
    22.615201277523123,
    22.765950887218146,
    22.917705371667292,
    23.070471429218063,
    23.22425580286816,
    23.379065280563108,
    23.53490669549591,
    23.691786926408586,
    23.84971289789589,
    24.008691580710863,
    24.168729992072585,
    24.32983519597586,
    24.4920143035031,
    24.655274473138082,
    24.819622911082046,
    24.98506687157166,
    25.151613657199295,
    25.319270619235322,
    25.488045157952588,
    25.657944722953097,
    25.82897681349681,
    26.001148978832624,
    26.174468818531633,
    26.348943982822558,
    26.524582172929403,
    26.701391141411445,
    26.879378692505327,
    27.058552682469642,
    27.238921019931606,
    27.42049166623619,
    27.60327263579754,
    27.787271996452677,
    27.97249786981767,
    28.15895843164609,
    28.346661912189862,
    28.53561659656256,
    28.72583082510511,
    28.91731299375392,
    29.11007155441152,
    29.304115015319507,
    29.499451941434245,
    29.696090954804784,
    29.8940407349535,
    30.0933100192592,
    30.293907603342745,
    30.495842341455354,
    30.699123146869386,
    30.903758992271726,
    31.109758910159886,
    31.317131993240686,
    31.525887394831578,
    31.736034329264726,
    31.947582072293617,
    32.160539961502614,
    32.374917396719,
    32.59072384042793,
    32.80796881819009,
    33.026661919062214,
    33.24681279602018,
    33.46843116638529,
    33.691526812252995,
    33.91610958092481,
    34.142189385342895,
    34.36977620452761,
    34.598880084018035,
    34.82951113631534,
    35.06167954132911,
    35.29539554682673,
    35.530669468885684,
    35.76751169234891,
    36.00593267128323,
    36.245942929440666,
    36.48755306072311,
    36.73077372964978,
    36.97561567182803,
    37.22208969442721,
    37.47020667665564,
    37.71997757024089,
    37.97141339991313,
    38.22452526389174,
    38.4793243343752,
    38.73582185803423,
    38.99402915650819,
    39.253957626904885,
    39.515618742303474,
    39.77902405226108,
    40.04418518332239,
    40.31111383953297,
    40.57982180295583,
    40.850320934191444,
    41.12262317290138,
    41.3967405383352,
    41.672685129861016,
    41.95046912749954,
    42.23010479246171,
    42.51160446768991,
    42.79498057840278,
    43.0802456326436,
    43.3674122218325,
    43.65649302132209,
    43.94750079095706,
    44.24044837563732,
    44.53534870588501,
    44.83221479841526,
    45.131059756710705,
    45.43189677159983,
    45.734739121839276,
    46.03960017469991,
    46.34649338655686,
    46.65543230348352,
    46.966430561849336,
    47.27950188892189,
    47.59466010347264,
    47.91191911638697,
    48.23129293127814,
    48.55279564510553,
    48.87644144879669,
    49.20224462787389,
    49.530219563084515,
    49.860380731035946,
    50.19274270483449,
    50.527320154728606,
    50.864127848756546,
    51.20318065339811,
    51.54449353423084,
    51.888081556590635,
    52.23395988623671,
    52.58214379002098,
    52.93264863656203,
    53.285489896923295,
    53.640683145296144,
    53.998244059687146,
    54.35818842261018,
    54.720532121783066,
    55.085291150828745,
    55.452481609981405,
    55.82211970679699,
    56.1942217568686,
    56.5688041845467,
    56.945883523664065,
    57.32547641826553,
    57.7075996233428,
    58.09227000557376,
    58.47950454406721,
    58.86932033111211,
    59.26173457293213,
    59.65676459044511,
    60.05442782002754,
    60.454741814284326,
    60.857724242823416,
    61.26339289303574,
    61.67176567088039,
    62.08286060167494,
    62.49669583089105,
    62.91328962495553,
    63.33266037205639,
    63.75482658295471,
    64.17980689180152,
    64.60762005696033,
    65.03828496183519,
    65.4718206157042,
    65.9082461545584,
    66.34758084194665,
    66.78984406982573,
    67.23505535941636,
    67.68323436206485,
