{
  "cm_at_c1": {
    "TP": 0,
    "TN": 140,
    "FP": 0,
    "FN": 40,
    "precision": 0.0,
    "recall": 0.0,
    "accuracy": 0.7777777777777778,
    "F1": 0.0
  },
  "pr_auc": 0.28977400508312123,
  "roc_auc": 0.5413392857142857,
  "prevalence": 0.2222222222222222,
  "normalized_auprc": 0.08685229224972732,
  "auprg": NaN,
  "ece_rank": 0.34800491098833647,
  "c_grid": [
    9.326467370515457,
    9.382284972500688,
    9.4384366350222,
    9.494924357385546,
    9.551750150861855,
    9.60891603875942,
    9.666424056495757,
    9.724276251670073,
    9.782474684136167,
    9.841021426075772,
    9.899918562072344,
    9.959168189185277,
    10.01877241702457,
    10.078733367825942,
    10.139053176526403,
    10.199733990840256,
    10.260777971335573,
    10.322187291511128,
    10.383964137873775,
    10.446110710016313,
    10.50862922069579,
    10.571521895912296,
    10.634790974988224,
    10.698438710647991,
    10.762467369098264,
    10.826879230108633,
    10.891676587092789,
    10.956861747190187,
    11.022437031348188,
    11.088404774404697,
    11.154767325171296,
    11.22152704651688,
    11.288686315451775,
    11.356247523212394,
    11.424213075346353,
    11.492585391798142,
    11.561366906995277,
    11.630560069934978,
    11.70016734427138,
    11.770191208403233,
    11.840634155562165,
    11.911498693901443,
    11.982787346585283,
    12.054502651878675,
    12.126647163237783,
    12.199223449400838,
    12.272234094479623,
    12.345681698051456,
    12.419568875251768,
    12.493898256867205,
    12.568672489429309,
    12.643894235308737,
    12.719566172810067,
    12.79569099626715,
    12.87227141613905,
    12.94931015910655,
    13.026809968169237,
    13.104773602743165,
    13.183203838759106,
    13.262103468761389,
    13.341475302007332,
    13.421322164567265,
    13.50164689942515,
    13.582452366579817,
    13.663741443146781,
    13.745517023460694,
    13.827782019178398,
    13.910539359382591,
    13.99379199068612,
    14.0775428773369,
    14.161795001323455,
    14.24655136248109,
    14.331814978598711,
    14.417588885526259,
    14.503876137282818,
    14.59067980616535,
    14.678002982858079,
    14.765848776542546,
    14.854220315008307,
    14.9431207447643,
    15.032553231150882,
    15.122520958452522,
    15.213027130011195,
    15.304074968340421,
    15.39566771524002,
    15.487808631911522,
    15.580500999074298,
    15.673748117082365,
    15.767553306041894,
    15.861919905929435,
    15.95685127671081,
    16.052350798460786,
    16.148421871483396,
    16.245067916433026,
    16.342292374436184,
    16.44009870721405,
    16.538490397205724,
    16.637470947692204,
    16.737043882921142,
    16.837212748232318,
    16.937981110183877,
    17.03935255667931,
    17.141330697095217,
    17.243919162409796,
    17.34712160533216,
    17.450941700432363,
    17.55538314427225,
    17.660449655537068,
    17.76614497516788,
    17.87247286649476,
    17.979437115370775,
    18.087041530306802,
    18.195289942607122,
    18.30418620650583,
    18.413734199304077,
    18.523937821508117,
    18.634800996968192,
    18.746327673018236,
    18.85852182061642,
    18.97138743448655,
    19.084928533260296,
    19.19914915962027,
    19.314053380443973,
    19.429645286948617,
    19.54592899483674,
    19.662908644442815,
    19.78058840088063,
    19.898972454191593,
    20.01806501949392,
    20.137870337132732,
    20.258392672831008,
    20.37963631784149,
    20.501605589099466,
    20.624304829376474,
    20.747738407434937,
    20.871910718183706,
    20.99682618283455,
    21.12248924905957,
    21.248904391149555,
    21.37607611017331,
    21.504008934137907,
    21.63270741814989,
    21.7621761445775,
    21.892419723213788,
    22.023442791440793,
    22.155250014394625,
    22.28784608513158,
    22.421235724795245,
    22.555423682784586,
    22.690414736923056,
    22.82621369362872,
    22.962825388085374,
    23.10025468441472,
    23.238506475849537,
    23.37758568490793,
    23.51749726356858,
    23.658246193447063,
    23.799837485973235,
    23.942276182569653,
    24.08556735483109,
    24.229716104705087,
    24.37472756467365,
    24.520606897935952,
    24.6673592985922,
    24.814989991828565,
    24.96350423410322,
    25.11290731333351,
    25.263204549084218,
    25.41440129275699,
    25.566502927780846,
    25.71951486980389,
    25.873442566886116,
    26.028291499693392,
    26.18406718169261,
    26.34077515934798,
    26.498421012318538,
    26.657010353656784,
    26.816548830008575,
    26.97704212181411,
    27.13849594351027,
    27.300916043734027,
    27.46430820552713,
    27.62867824654204,
    27.794032019249045,
    27.960375411144653,
    28.127714344961205,
    28.296054778877778,
    28.465402706732313,
    28.635764158235027,
    28.807145199183118,
    28.97955193167672,
    29.152990494336194,
    29.32746706252068,
    29.502987848547974,
    29.67955910191573,
    29.857187109523963,
    30.035878195898924,
    30.21563872341824,
    30.396475092537507,
    30.578393742018132,
    30.76140114915661,
    30.94550383001516,
    31.130708339653708,
    31.317021272363327,
    31.504449261900934,
    31.692998981725616,
    31.88267714523615,
    32.07349050601008,
    32.26544585804415,
    32.45855003599624,
    32.65280991542868,
    32.84823241305311,
    33.04482448697669,
    33.24259313694988,
    33.441545404615695,
    33.64168837376037,
    33.84302917056562,
    34.045574963862364,
    34.24933296538595,
    34.454310430033,
    34.66051465611961,
    34.86795298564133,
    35.07663280453451,
    35.28656154293929,
    35.49774667546416,
    35.710195721452095,
    35.92391624524829,
    36.1389158564695,
    36.35520221027494,
    36.572783007638904,
    36.79166599562493,
    37.01185896766166,
    37.233369763820306,
    37.4562062710938,
    37.68037642367764,
    37.90588820325237,
    38.13274963926776,
    38.36096880922873,
    38.590553838982935,
    38.82151290301009,
    39.053854224713014,
    39.287586076710454,
    39.52271678113162,
    39.75925470991251,
    39.99720828509397,
    40.236585979121585,
    40.477396315147345,
    40.71964786733313,
    40.96334926115594,
    41.20850917371508,
    41.455136334041065,
    41.703239523406445,
    41.952827575638445,
    42.203909377433526,
    42.45649386867377,
    42.71059004274521,
    42.96620694685802,
    43.223353682368696,
    43.48203940510403,
    43.74227332568721,
    44.00406470986566,
    44.267422878841046,
    44.532357209601116,
    44.798877135253555,
    45.066992145361894,
    45.33671178628338,
    45.60804566150886,
    45.88100343200475,
    46.15559481655695,
    46.43182959211697,
    46.70971759415001,
    46.989268716985144,
    47.27049291416762,
    47.553400198813264,
    47.838000643964996,
    48.124304382951486,
    48.41232160974797,
    48.702062579339184,
    48.993537608084516,
    49.28675707408533,
    49.581731417554465,
    49.87847114118797,
    50.176986810539084,
    50.47728905439437,
    50.77938856515221,
    51.083296099203494,
    51.3890224773146,
    51.696578585012674,
    52.00597537297327,
    52.317223857410085,
    52.63033512046743,
    52.94532031061465,
    53.26219064304311,
    53.580957400065564,
    53.90163193151779,
    54.22422565516276,
    54.548750057097166,
    54.87521669216037,
    55.20363718434584,
    55.534023227214995,
    55.866386584313624,
    56.200739089590655,
    56.537092647819556,
    56.875459235022205,
    57.21585089889528,
    57.55827975923926,
    57.90275800838991,
    58.249297911652434,
    58.597911807738164,
    58.948612109203886,
    59.301411302893825,
    59.656321950384196,
    60.0133566884305,
    60.372528229417455,
    60.73384936181161,
    61.09733295061671,
    61.46299193783174,
    61.83083934291174,
    62.20088826323136,
    62.57315187455122,
    62.947643431487016,
    63.32437626798144,
    63.703363797779005,
    64.0846195149036,
