{
  "c": 0.05,
  "f1": 0.5686274509803921,
  "prec": 0.48333333333333334,
  "rec": 0.6904761904761905,
  "tp": 29,
  "fp": 31,
  "fn": 13,
  "tn": 7
}