{
  "cm_at_c1": {
    "TP": 0,
    "TN": 75,
    "FP": 0,
    "FN": 45,
    "precision": 0.0,
    "recall": 0.0,
    "accuracy": 0.625,
    "F1": 0.0
  },
  "pr_auc": 0.47323744753339403,
  "roc_auc": 0.5817777777777777,
  "prevalence": 0.375,
  "normalized_auprc": 0.15717991605343046,
  "c_grid": [
    2.528817879837268,
    2.549570912291852,
    2.5704942568750773,
    2.591589311272859,
    2.6128574846413817,
    2.6343001977012306,
    2.655918882832296,
    2.6777149841694583,
    2.699689957699055,
    2.7218452713561416,
    2.74418240512255,
    2.7667028511257516,
    2.7894081137385336,
    2.812299709679488,
    2.8353791681143328,
    2.858648030758057,
    2.882107851977912,
    2.9057601988972395,
    2.9296066515001584,
    2.9536488027371073,
    2.9778882586312547,
    3.0023266383857807,
    3.0269655744920425,
    3.0518067128386224,
    3.0768517128212753,
    3.102102247453778,
    3.127560003479684,
    3.153226681485002,
    3.1791039960117913,
    3.205193675672699,
    3.231497463266428,
    3.2580171158941567,
    3.2847544050769164,
    3.3117111168739264,
    3.338889052001906,
    3.3662900259553603,
    3.393915869127859,
    3.4217684269343036,
    3.4498495599342047,
    3.4781611439559668,
    3.506705070222194,
    3.535483245476024,
    3.5644975921085003,
    3.5937500482869873,
    3.623242568084642,
    3.652977121610944,
    3.6829556951433027,
    3.713180291259739,
    3.743652928972658,
    3.7743756438637233,
    3.8053504882198284,
    3.8365795311701953,
    3.86806485882459,
    3.8998085744126767,
    3.9318127984245144,
    3.964079668752204,
    3.9966113408327044,
    4.029409987791811,
    4.062477800589327,
    4.095816988165414,
    4.129429777588156,
    4.1633184142023225,
    4.197485161779364,
    4.231932302668627,
    4.26666213794982,
    4.301676987586725,
    4.336979190582169,
    4.372571105134275,
    4.408455108793989,
    4.444633598623895,
    4.481108991358351,
    4.517883723564915,
    4.55496025180712,
    4.592341052808566,
    4.630028623618365,
    4.668025481777953,
    4.706334165489252,
    4.7449572337842305,
    4.783897266695843,
    4.82315686543038,
    4.862738652541229,
    4.902645272104059,
    4.9428793898934495,
    4.983443693560962,
    5.024340892814676,
    5.065573719600204,
    5.107144928283178,
    5.149057295833247,
    5.191313622009578,
    5.233916729547881,
    5.276869464348968,
    5.320174695668862,
    5.363835316310463,
    5.4078542428167875,
    5.452234415665794,
    5.496978799466811,
    5.542090383158569,
    5.587572180208868,
    5.633427228815875,
    5.679658592111075,
    5.726269358363892,
    5.773262641187985,
    5.82064157974924,
    5.8684093389754635,
    5.916569109767807,
    5.965124109213913,
    6.014077580802821,
    6.063432794641637,
    6.113193047673969,
    6.163361663900171,
    6.213941994599388,
    6.264937418553414,
    6.316351342272407,
    6.368187200222434,
    6.420448455054905,
    6.4731385978378695,
    6.526261148289227,
    6.5798196550118435,
    6.6338176957306,
    6.688258877531382,
    6.743146837102042,
    6.798485240975322,
    6.854277785773783,
    6.910528198456745,
    6.96724023656924,
    7.024417688493026,
    7.082064373699646,
    7.1401841430055715,
    7.1987808788294405,
    7.257858495451402,
    7.317420939274591,
    7.377472189088749,
    7.438016256336013,
    7.499057185378874,
    7.560599053770347,
    7.62264597252635,
    7.6852020864003245,
    7.7482715741601025,
    7.811858648867049,
    7.875967558157502,
    7.940602584526507,
    8.005768045613895,
    8.071468294492707,
    8.137707719959966,
    8.204490746829864,
    8.271821836229332,
    8.339705485896049,
    8.408146230478893,
    8.477148641840856,
    8.546717329364443,
    8.616856940259582,
    8.687572159874062,
    8.758867712006511,
    8.830748359221952,
    8.903218903169936,
    8.976284184905307,
    9.049949085211571,
    9.124218524926942,
    9.19909746527306,
    9.274590908186385,
    9.350703896652352,
    9.42744151504222,
    9.504808889452733,
    9.58281118804852,
    9.66145362140735,
    9.740741442868194,
    9.820679948882145,
    9.901274479366226,
    9.9825304180601,
    10.064453192885706,
    10.147048276309839,
    10.230321185709721,
    10.314277483741558,
    10.398922778712127,
    10.484262724953416,
    10.570303023200337,
    10.657049420971529,
    10.744507712953299,
    10.83268374138671,
    10.921583396457843,
    11.011212616691259,
    11.101577389346703,
    11.19268375081905,
    11.284537787041538,
    11.377145633892304,
    11.470513477604282,
    11.564647555178418,
    11.659554154800329,
    11.755239616260338,
    11.851710331376985,
    11.948972744423996,
    12.047033352560762,
    12.145898706266353,
    12.245575409777109,
    12.346070121527768,
    12.447389554596283,
    12.549540477152245,
    12.652529712909,
    12.756364141579477,
    12.861050699335754,
    12.9665963792724,
    13.073008231873603,
    13.180293365484165,
    13.288458946784322,
    13.397512201268496,
    13.50746041372795,
    13.618310928737415,
    13.730071151145717,
    13.842748546570418,
    13.956350641896519,
    14.070885025779265,
    14.186359349151065,
    14.302781325732578,
    14.420158732547991,
    14.538499410444526,
    14.657811264616216,
    14.778102265131968,
    14.899380447467971,
    15.021653913044462,
    15.144930829766912,
    15.269219432571639,
    15.394528023975903,
    15.520864974632522,
    15.64823872388903,
    15.77665778035143,
    15.90613072245257,
    16.036666199025188,
    16.168272929879652,
    16.30095970638645,
    16.43473539206346,
    16.56960892316802,
    16.705589309293885,
    16.842685633973083,
    16.980907055282668,
    17.12026280645651,
    17.26076219650205,
    17.402414610822184,
    17.545229511842166,
    17.689216439641733,
    17.834385012592378,
    17.980744927999847,
    18.128305962751938,
    18.277077973971597,
    18.427070899675368,
    18.578294759437252,
    18.730759655058066,
    18.88447577124016,
    19.039453376267844,
    19.195702822693242,
    19.353234548027903,
    19.512059075439996,
    19.67218701445727,
    19.83362906167577,
    19.996396001474384,
    20.16049870673524,
    20.32594813957,
    20.492755352052157,
    20.6609314869553,
    20.83048777849746,
    21.00143555309157,
    21.173786230102053,
    21.34755132260765,
    21.522742438170503,
    21.699371279611526,
    21.877449645792183,
    22.056989432402624,
    22.238002632756352,
    22.420501338591354,
    22.604497740877857,
    22.79000413063266,
    22.97703289974021,
    23.165596541780353,
    23.35570765286294,
    23.54737893246922,
    23.740623184300183,
    23.935453317131866,
    24.131882345677642,
    24.32992339145761,
    24.529589683675123,
    24.73089456010051,
    24.933851467962015,
    25.138473964844113,
    25.34477571959312,
    25.552770513230342,
    25.76247223987257,
    25.973894907660256,
    26.187052639693263,
    26.401959674974282,
    26.618630369359998,
    26.837079196520087,
    27.057320748904026,
    27.27936973871591,
    27.50324099889721,
    27.72894948411762,
    27.956510271774043,
    28.18593856299776,
    28.41724968366986,
    28.650459085445036,
    28.885582346783746,
    29.12263517399285,
    29.361633402274826,
    29.602592996785532,
    29.845530053700703,
    30.090460801291186,
    30.337401601006967,
    30.586368948570154,
    30.837379475076876,
    31.090449948108244,
    31.34559727285044,
    31.602838493223988,
    31.862190793022286,
    32.1236714970595,
    32.38729807232785,
    32.65308812916443,
    32.921059422427575,
    33.19122985268287,
    33.46361746739897,
    33.73824046215311,
    34.01511718184661,
    34.294266121930335,
    34.57570592964016,
    34.85945540524263,
    35.14553350329083,
    35.43395933389054,
    35.72475216397682,
    36.017931418600995,
    36.313516682228325,
    36.61152770004621,
    36.91198437928317,
