{
  "c": 1.0,
  "f1": 0.5208333333333334,
  "prec": 0.3968253968253968,
  "rec": 0.7575757575757576,
  "tp": 25,
  "fp": 38,
  "fn": 8,
  "tn": 9
}