{
  "cm_at_c1": {
    "TP": 6,
    "TN": 117,
    "FP": 8,
    "FN": 49,
    "precision": 0.42857142857142855,
    "recall": 0.10909090909090909,
    "accuracy": 0.6833333333333333,
    "F1": 0.17391304347826086
  },
  "pr_auc": 0.37687487049539253,
  "roc_auc": 0.6154181818181819,
  "prevalence": 0.3055555555555556,
  "normalized_auprc": 0.10269981351336521,
  "c_grid": [
    0.5588578182820937,
    0.5618061135588059,
    0.5647699627827912,
    0.5677494480100355,
    0.570744651729417,
    0.5737556568649902,
    0.5767825467782813,
    0.5798254052705967,
    0.5828843165853421,
    0.5859593654103561,
    0.5890506368802537,
    0.5921582165787841,
    0.5952821905411996,
    0.5984226452566378,
    0.6015796676705163,
    0.6047533451869392,
    0.607943765671118,
    0.6111510174518027,
    0.6143751893237286,
    0.6176163705500741,
    0.620874650864932,
    0.6241501204757937,
    0.6274428700660468,
    0.6307529907974861,
    0.6340805743128369,
    0.6374257127382921,
    0.6407884986860636,
    0.6441690252569454,
    0.6475673860428918,
    0.650983675129608,
    0.6544179870991554,
    0.6578704170325702,
    0.6613410605124952,
    0.6648300136258265,
    0.6683373729663737,
    0.6718632356375343,
    0.6754076992549813,
    0.6789708619493671,
    0.6825528223690389,
    0.6861536796827706,
    0.6897735335825085,
    0.6934124842861308,
    0.6970706325402224,
    0.7007480796228643,
    0.7044449273464376,
    0.7081612780604417,
    0.7118972346543284,
    0.7156529005603502,
    0.7194283797564246,
    0.7232237767690114,
    0.7270391966760077,
    0.730874745109657,
    0.734730528259473,
    0.7386066528751803,
    0.7425032262696692,
    0.7464203563219673,
    0.7503581514802254,
    0.754316720764721,
    0.7582961737708757,
    0.7622966206722896,
    0.7663181722237925,
    0.7703609397645084,
    0.7744250352209396,
    0.7785105711100646,
    0.7826176605424536,
    0.7867464172253998,
    0.7908969554660674,
    0.7950693901746568,
    0.799263836867585,
    0.8034804116706848,
    0.8077192313224191,
    0.8119804131771131,
    0.8162640752082033,
    0.820570336011504,
    0.8248993148084897,
    0.8292511314495972,
    0.8336259064175426,
    0.8380237608306578,
    0.8424448164462429,
    0.8468891956639376,
    0.8513570215291102,
    0.8558484177362633,
    0.8603635086324594,
    0.8649024192207626,
    0.8694652751637002,
    0.874052202786741,
    0.8786633290817932,
    0.8832987817107202,
    0.8879586890088746,
    0.8926431799886518,
    0.8973523843430616,
    0.9020864324493183,
    0.9068454553724512,
    0.9116295848689325,
    0.9164389533903254,
    0.921273694086951,
    0.9261339408115746,
    0.9310198281231115,
    0.9359314912903525,
    0.9408690662957088,
    0.9458326898389765,
    0.9508224993411221,
    0.9558386329480857,
    0.9608812295346068,
    0.9659504287080687,
    0.9710463708123638,
    0.9761691969317785,
    0.9813190488949002,
    0.9864960692785432,
    0.9917004014116958,
    0.9969321893794896,
    1.0021915780271873,
    1.0074787129641936,
    1.012793740568086,
    1.0181368079886681,
    1.0235080631520426,
    1.0289076547647074,
    1.0343357323176718,
    1.0397924460905972,
    1.045277947155955,
    1.0507923873832112,
    1.05633591944303,
    1.0619086968115006,
    1.0675108737743872,
    1.0731426054313993,
    1.0788040477004865,
    1.0844953573221547,
    1.090216691863806,
    1.095968209724101,
    1.1017500701373435,
    1.1075624331778902,
    1.113405459764581,
    1.1192793116651953,
    1.1251841515009307,
    1.1311201427509041,
    1.1370874497566785,
    1.1430862377268132,
    1.1491166727414375,
    1.1551789217568476,
    1.1612731526101305,
    1.1673995340238106,
    1.1735582356105194,
    1.1797494278776923,
    1.1859732822322897,
    1.1922299709855413,
    1.198519667357718,
    1.2048425454829264,
    1.2111987804139301,
    1.2175885481269975,
    1.2240120255267708,
    1.2304693904511674,
    1.2369608216763004,
    1.2434864989214303,
    1.2500466028539388,
    1.256641315094332,
    1.2632708182212689,
    1.269935295776614,
    1.2766349322705217,
    1.2833699131865426,
    1.2901404249867598,
    1.2969466551169502,
    1.3037887920117746,
    1.3106670250999952,
    1.317581544809719,
    1.3245325425736707,
    1.331520210834492,
    1.33854474305007,
    1.3456063336988933,
    1.3527051782854351,
    1.3598414733455682,
    1.3670154164520032,
    1.374227206219761,
    1.3814770423116702,
    1.3887651254438955,
    1.3960916573914939,
    1.403456840994002,
    1.410860880161051,
    1.418303979878012,
    1.4257863462116718,
    1.4333081863159374,
    1.4408697084375717,
    1.448471121921958,
    1.456112637218897,
    1.4637944658884325,
    1.471516820606709,
    1.4792799151718592,
    1.4870839645099234,
    1.4949291846808008,
    1.5028157928842292,
    1.5107440074658005,
    1.518714047923004,
    1.5267261349113044,
    1.5347804902502504,
    1.542877336929616,
    1.5510168991155742,
    1.5591994021569024,
    1.5674250725912227,
    1.5756941381512726,
    1.5840068277712103,
    1.5923633715929528,
    1.6007640009725481,
    1.6092089484865797,
    1.6176984479386052,
    1.626232734365631,
    1.6348120440446179,
    1.6434366144990231,
    1.652106684505376,
    1.6608224940998892,
    1.6695842845851045,
    1.678392298536572,
    1.6872467798095667,
    1.6961479735458411,
    1.7050961261804098,
    1.714091485448374,
    1.7231343003917792,
    1.7322248213665103,
    1.741363300049224,
    1.7505499894443137,
    1.7597851438909178,
    1.7690690190699583,
    1.7784018720112216,
    1.7877839611004724,
    1.7972155460866088,
    1.8066968880888539,
    1.8162282496039834,
    1.8258098945135939,
    1.8354420880914097,
    1.8451250970106248,
    1.8548591893512885,
    1.8646446346077248,
    1.8744817036959944,
    1.8843706689613975,
    1.8943118041860096,
    1.9043053845962645,
    1.9143516868705739,
    1.9244509891469854,
    1.9346035710308844,
    1.9448097136027362,
    1.955069699425865,
    1.9653838125542797,
    1.9757523385405364,
    1.9861755644436438,
    1.9966537788370136,
    2.007187271816445,
    2.0177763350081603,
    2.0284212615768777,
    2.039122346233926,
    2.0498798852454048,
    2.0606941764403897,
    2.071565519219173,
    2.082494214561556,
    2.093480565035181,
    2.104524874803907,
    2.115627449636234,
    2.1267885969137637,
    2.1380086256397126,
    2.149287846447467,
    2.160626571609182,
    2.172025115044426,
    2.1834837923288752,
    2.1950029207030473,
    2.2065828190810843,
    2.218223808059586,
    2.2299262099264796,
    2.241690348669949,
    2.2535165499873995,
    2.2654051412944765,
    2.2773564517341325,
    2.2893708121857363,
    2.301448555274235,
    2.3135900153793636,
    2.325795528644902,
    2.338065432987979,
    2.350400068108433,
    2.362799775498212,
    2.3752648984508298,
    2.3877957820708713,
    2.4003927732835435,
    2.413056220844286,
    2.4257864753484206,
    2.4385838892408604,
    2.45144881682587,
    2.4643816142768693,
    2.4773826396462972,
    2.4904522528755275,
    2.5035908158048272,
    2.516798692183379,
    2.530076247679354,
    2.5434238498900283,
    2.5568418683519676,
    2.5703306745512524,
    2.583890641933766,
    2.597522145915534,
    2.6112255638931146,
    2.62500127525405,
    2.6388496613873698,
    2.652771105694149,
    2.6667659935981214,
    2.6808347125563547,
    2.6949776520699733,
    2.709195203694941,
    2.7234877610529087,
    2.737855719842102,
    2.7522994778482857,
    2.766819434955769,
    2.7814159931584816,
    2.7960895565711024,
    2.8108405314402454,
    2.8256693261557078,
    2.8405763512617797,
    2.855562019468605,
    2.8706267456636105,
    2.885770946922994,
    2.900995042523267,
    2.916299453952865,
    2.931684604923819,
    2.9471509213834803,
    2.9626988315263194,
    2.978328765805777,
    2.994041156946181,
