{
  "c": 0.05,
  "f1": 0.6170212765957447,
  "prec": 0.48333333333333334,
  "rec": 0.8529411764705882,
  "tp": 29,
  "fp": 31,
  "fn": 5,
  "tn": 15
}