{
  "cm_at_c1": {
    "TP": 0,
    "TN": 132,
    "FP": 0,
    "FN": 48,
    "precision": 0.0,
    "recall": 0.0,
    "accuracy": 0.7333333333333333,
    "F1": 0.0
  },
  "pr_auc": 0.291283925075952,
  "roc_auc": 0.546875,
  "prevalence": 0.26666666666666666,
  "normalized_auprc": 0.03356898873993458,
  "auprg": NaN,
  "ece_rank": 0.28790669122160845,
  "c_grid": [
    3.945849674068475,
    3.9776047830742485,
    4.009615448431951,
    4.041883726788564,
    4.074411691342391,
    4.107201431976268,
    4.14025505539183,
    4.173574685244862,
    4.207162462281749,
    4.24102054447701,
    4.275151107171948,
    4.309556343214409,
    4.344238463099678,
    4.3791996951124945,
    4.4144422854702166,
    4.449968498467141,
    4.48578061661998,
    4.52188094081451,
    4.558271790453401,
    4.5949555036052345,
    4.631934437154727,
    4.669210966954147,
    4.7067874879759675,
    4.744666414466742,
    4.782850180102211,
    4.821341238143667,
    4.860142061595569,
    4.89925514336444,
    4.938682996419019,
    4.97842815395173,
    5.018493169541425,
    5.058880617317458,
    5.099593092125063,
    5.140633209692074,
    5.182003606796976,
    5.223706941438329,
    5.265745893005522,
    5.308123162450935,
    5.350841472463465,
    5.39390356764346,
    5.437312214679052,
    5.4810702025239175,
    5.52518034257646,
    5.569645468860444,
    5.614468438207073,
    5.6596521304385385,
    5.705199448553048,
    5.751113318911338,
    5.797396691424686,
    5.844052539744442,
    5.891083861453083,
    5.9384936782568,
    5.986285036179643,
    6.034461005759222,
    6.083024682243985,
    6.131979185792088,
    6.181327661671856,
    6.2310732804638675,
    6.281219238264655,
    6.331768756892058,
    6.382725084092213,
    6.434091493748222,
    6.485871286090496,
    6.538067787908787,
    6.5906843527659325,
    6.643724361213324,
    6.697191221008089,
    6.751088367332049,
    6.8054192630124195,
    6.860187398744291,
    6.91539629331491,
    6.971049493829747,
    7.027150575940398,
    7.08370314407432,
    7.140710831666403,
    7.198177301392421,
    7.256106245404349,
    7.314501385567586,
    7.37336647370007,
    7.43270529181334,
    7.492521652355519,
    7.552819398456259,
    7.6136024041736565,
    7.674874574743161,
    7.73663984682848,
    7.798902188774501,
    7.861665600862257,
    7.9249341155659385,
    7.988711797811976,
    8.053002745240203,
    8.117811088467132,
    8.183140991351333,
    8.248996651260962,
    8.315382299343435,
    8.382302200797273,
    8.449760655146143,
    8.517761996515086,
    8.586310593908982,
    8.655410851493269,
    8.725067208876881,
    8.795284141397502,
    8.866066160409101,
    8.937417813571777,
    9.009343685143941,
    9.08184839627685,
    9.154936605311514,
    9.228613008077984,
    9.302882338197053,
    9.37774936738439,
    9.453218905757113,
    9.529295802142837,
    9.605984944391203,
    9.68329125968791,
    9.761219714871302,
    9.839775316751451,
    9.918963112431864,
    9.998788189633743,
    10.079255677022859,
    10.16037074453908,
    10.242138603728515,
    10.32456450807836,
    10.407653753354428,
    10.49141167794139,
    10.57584366318576,
    10.660955133741663,
    10.746751557919309,
    10.833238448036399,
    10.9204213607722,
    11.008305897524647,
    11.096897704770146,
    11.1862024744264,
    11.276225944218092,
    11.366973898045531,
    11.458452166356253,
    11.550666626519636,
    11.643623203204497,
    11.737327868759754,
    11.831786643598143,
    11.927005596583014,
    12.02299084541827,
    12.119748557041378,
    12.217284948019646,
    12.31560628494958,
    12.414718884859532,
    12.51462911561555,
    12.615343396330518,
    12.716868197776563,
    12.819210042800798,
    12.922375506744414,
    13.026371217865133,
    13.13120385776306,
    13.236880161809973,
    13.343406919582085,
    13.450790975296199,
    13.559039228249542,
    13.668158633262923,
    13.778156201127684,
    13.889038999056027,
    14.000814151135176,
    14.113488838785011,
    14.22707030121951,
    14.341565835911839,
    14.456982799063221,
    14.573328606075552,
    14.690610732027837,
    14.808836712156454,
    14.928014142339272,
    15.048150679583726,
    15.169254042518672,
    15.291332011890425,
    15.414392431062542,
    15.538443206519856,
    15.663492308376355,
    15.789547770887356,
    15.916617692965612,
    16.0447102387017,
    16.173833637888542,
    16.30399618655017,
    16.43520624747471,
    16.56747225075172,
    16.700802694313776,
    16.83520614448247,
    16.97069123651881,
    17.107266675177954,
    17.244941235268588,
    17.383723762216565,
    17.523623172633357,
    17.664648454888795,
    17.806808669688685,
    17.950112950656866,
    18.094570504922064,
    18.24019061370943,
    18.386982632936867,
    18.534955993816105,
    18.684120203458672,
    18.83448484548673,
    18.98605958064873,
    19.13885414744022,
    19.292878362729414,
    19.44814212238804,
    19.604655401926994,
    19.762428257137405,
    19.92147082473656,
    20.081793323019312,
    20.243406052514494,
    20.40631939664677,
    20.570543822403717,
    20.736089881008365,
    20.902968208597056,
    21.07118952690282,
    21.240764643944278,
    21.411704454719917,
    21.58401994190826,
    21.757722176573306,
    21.932822318876006,
    22.109331618791124,
    22.287261416830187,
    22.466623144769983,
    22.647428326387104,
    22.829688578198304,
    23.013415610206863,
    23.198621226654936,
    23.385317326781962,
    23.573515905589165,
    23.76322905461023,
    23.954468962688203,
    24.147247916758495,
    24.34157830263848,
    24.537472605823076,
    24.73494341228711,
    24.93400340929376,
    25.13466538620989,
    25.3369422353276,
    25.54084695269263,
    25.746392638939277,
    25.953592500132157,
    26.16245984861463,
    26.37300810386413,
    26.585250793354337,
    26.799201553424293,
    27.014874130154585,
    27.23228238025037,
    27.45144027193185,
    27.6723618858315,
    27.895061415898947,
    28.1195531703127,
    28.345851572399624,
    28.573971161561502,
    28.8039265942092,
    29.035732644704357,
    29.269404206308575,
    29.504956292140328,
    29.742404036139515,
    29.981762694039816,
    30.223047644348817,
    30.466274389336157,
    30.711458556029356,
    30.958615897218056,
    31.20776229246588,
    31.45891374913092,
    31.712086403393947,
    31.967296521295363,
    32.22456049978011,
    32.483894867751246,
    32.745316287131864,
    33.00884155393562,
    33.274487599345846,
    33.54227149080336,
    33.81221043310308,
    34.084321769499276,
    34.35862298282005,
    34.635131696590356,
    34.91386567616455,
    35.19484282986749,
    35.478081210145476,
    35.76359901472574,
    36.05141458778593,
    36.341546421132506,
    36.63401315538889,
    36.92883358119311,
    37.22602664040505,
    37.52561142732346,
    37.82760718991271,
    38.13203333103957,
    38.438909409719564,
    38.74825514237395,
    39.06009040409613,
    39.37443522992894,
    39.69130981615155,
    40.01073452157735,
    40.332729868861755,
    40.657316545820876,
    40.98451540676065,
    41.31434747381671,
    41.646833938305036,
    41.981996162083476,
    42.3198556789242,
    42.66043419589725,
    43.003753594765165,
    43.34983593338886,
    43.69870344714483,
    44.050378550353784,
    44.40488383772064,
    44.76224208578629,
    45.12247625439093,
    45.48560948814922,
    45.8516651179373,
    46.22066666239174,
    46.59263782942062,
    46.967602517726704,
    47.34558481834295,
    47.72660901618026,
    48.11069959158783,
    48.49788122192593,
    48.88817878315141,
    49.28161735141595,
    49.67822220467724,
    50.07801882432291,
    50.48103289680781,
    50.88729031530427,
    51.29681718136574,
    51.70963980660375,
    52.125784714378426,
    52.545278641502584,
    52.968148539959515,
    53.394421578634635,
    53.82412514506105,
