{
  "cm_at_c1": {
    "TP": 0,
    "TN": 92,
    "FP": 0,
    "FN": 28,
    "precision": 0.0,
    "recall": 0.0,
    "accuracy": 0.7666666666666667,
    "F1": 0.0
  },
  "pr_auc": 0.29722248492041337,
  "roc_auc": 0.5830745341614907,
  "prevalence": 0.23333333333333334,
  "normalized_auprc": 0.08333367598314786,
  "auprg": NaN,
  "ece_rank": 0.33746556473829203,
  "c_grid": [
    1.9202011638975234,
    1.9372204232087498,
    1.9543905287922043,
    1.971712817638965,
    1.989188638590221,
    2.006819352442303,
    2.024606332052646,
    2.0425509624466907,
    2.0606546409257285,
    2.0789187771757094,
    2.0973447933770095,
    2.115934124315171,
    2.1346882174926263,
    2.1536085332414117,
    2.1726965448368785,
    2.191953738612414,
    2.211381614075179,
    2.2309816840228667,
    2.2507554746615064,
    2.2707045257242995,
    2.290830390591518,
    2.31113463641146,
    2.3316188442224823,
    2.352284609076108,
    2.3731335401612306,
    2.39416726092942,
    2.4153874092213314,
    2.4367956373942428,
    2.45839361245072,
    2.4801830161684206,
    2.5021655452310485,
    2.524342911360473,
    2.546716841450015,
    2.569289077698914,
    2.5920613777479895,
    2.6150355148165065,
    2.638213277840247,
    2.661596471610814,
    2.6851869169161615,
    2.7089864506823784,
    2.7329969261167233,
    2.7572202128519288,
    2.781658197091785,
    2.806312781758014,
    2.831185886638445,
    2.856279448536502,
    2.88159542142202,
    2.907135776583392,
    2.9329025027810727,
    2.9588976064024344,
    2.9851231116180004,
    3.011581060539061,
    3.0382735133766885,
    3.06520254860216,
    3.0923702631088026,
    3.1197787723752737,
    3.1474302106302856,
    3.175326731018794,
    3.203470505769657,
    3.2318637263647827,
    3.2605086037097704,
    3.289407368306073,
    3.318562270424676,
    3.3479755802813216,
    3.3776495882132855,
    3.407586604857717,
    3.437788961331568,
    3.4682590094131003,
    3.4989991217250247,
    3.5300116919192432,
    3.561299134863237,
    3.5928638868281086,
    3.6247084056782857,
    3.656835171062912,
    3.689246684608923,
    3.7219454701158523,
    3.7549340737523442,
    3.78821506425442,
    3.821791033125504,
    3.8556645948382036,
    3.8898383870379085,
    3.9243150707481647,
    3.959097330577886,
    3.9941878749303967,
    4.029589436214328,
    4.065304771056387,
    4.101336660515998,
    4.13768791030187,
    4.174361350990458,
    4.211359838246379,
    4.248686253044775,
    4.286343501895639,
    4.324334517070155,
    4.362662256829004,
    4.401329705652732,
    4.440339874474141,
    4.479695800912734,
    4.51940054951126,
    4.559457211974325,
    4.599868907409155,
    4.6406387825684545,
    4.681770012095447,
    4.72326579877107,
    4.765129373763371,
    4.807363996879115,
    4.849972956817597,
    4.8929595714267515,
    4.936327187961487,
    4.980079183344327,
    5.02421896442838,
    5.068749968262596,
    5.113675662359422,
    5.158999544964801,
    5.204725145330565,
    5.25085602398926,
    5.2973957730313845,
    5.344348016385107,
    5.391716410098438,
    5.439504642623932,
    5.487716435105887,
    5.536355541670105,
    5.585425749716212,
    5.634930880212576,
    5.684874787993842,
    5.735261362061079,
    5.7860945258846295,
    5.8373782377096015,
    5.889116490864097,
    5.941313314070161,
    5.993972771757479,
    6.047098964379876,
    6.100696028734598,
    6.1547681382844415,
    6.209319503482721,
    6.2643543721011365,
    6.319877029560525,
    6.375891799264567,
    6.4324030429364285,
    6.489415160958401,
    6.546932592714551,
    6.604959816936396,
    6.663501352051654,
    6.722561756536091,
    6.782145629268462,
    6.842257609888624,
    6.902902379158809,
    6.964084659328104,
    7.025809214500158,
    7.088080851004157,
    7.150904417769069,
    7.214284806701226,
    7.278226953065241,
    7.342735835868306,
    7.407816478247889,
    7.473473947862882,
    7.539713357288196,
    7.60653986441287,
    7.6739586728416995,
    7.74197503230043,
    7.810594239044538,
    7.879821636271634,
    7.949662614537532,
    8.020122612175985,
    8.091207115722167,
    8.16292166033988,
    8.23527183025258,
    8.308263259178192,
    8.381901630767802,
    8.45619267904822,
    8.531142188868483,
    8.606755996350293,
    8.683039989342475,
    8.760000107879435,
    8.837642344643712,
    8.91597274543259,
    8.99499740962889,
    9.074722490675894,
    9.155154196556515,
    9.236298790276681,
    9.318162590353031,
    9.400751971304917,
    9.484073364150765,
    9.568133256908851,
    9.652938195102498,
    9.738494782269768,
    9.82480968047765,
    9.91188961084083,
    9.99974135404504,
    10.088371750875051,
    10.177787702747347,
    10.267996172247534,
    10.359004183672466,
    10.450818823577254,
    10.543447241327028,
    10.63689664965368,
    10.731174325217488,
    10.826287609173711,
    10.922243907744246,
    11.019050692794334,
    11.116715502414364,
    11.215245941506849,
    11.314649682378592,
    11.414934465338112,
    11.516108099298375,
    11.618178462384837,
    11.721153502548905,
    11.825041238186804,
    11.929849758763964,
    12.035587225444932,
    12.14226187172885,
    12.249882004090562,
    12.358456002627454,
    12.467992321711945,
    12.578499490649852,
    12.689986114344519,
    12.80246087396685,
    12.915932527631307,
    13.03040991107788,
    13.1459019383601,
    13.262417602539152,
    13.379965976384133,
    13.498556213078528,
    13.618197546932965,
    13.738899294104243,
    13.86067085332077,
    13.983521706614399,
    14.10746142005878,
    14.23249964451426,
    14.358646116379353,
    14.485910658348896,
    14.614303180178895,
    14.743833679458195,
    14.874512242386967,
    15.006349044562091,
    15.139354351769484,
    15.273538520783482,
    15.408912000173313,
    15.545485331116677,
    15.683269148220575,
    15.822274180349371,
    15.962511251460246,
    16.10399128144603,
    16.2467252869855,
    16.39072438240123,
    16.535999780525,
    16.68256279357093,
    16.83042483401637,
    16.9795974154905,
    17.130092153670905,
    17.281920767188033,
    17.4350950785377,
    17.5896270150017,
    17.74552860957653,
    17.902812001910355,
    18.06148943924833,
    18.22157327738621,
    18.383075981632505,
    18.546010127779127,
    18.710388403080575,
    18.87622360724191,
    19.04352865341544,
    19.212316569206198,
    19.382600497686376,
    19.554393698418767,
    19.72770954848924,
    19.902561543548337,
    20.07896329886223,
    20.256928550372805,
    20.436471155767347,
    20.617605095557497,
    20.80034447416797,
    20.984703521034792,
    21.17069659171327,
    21.3583381689959,
    21.547642864040025,
    21.73862541750563,
    21.931300700703147,
    22.125683716751386,
    22.32178960174588,
    22.519633625937406,
    22.71923119492112,
    22.92059785083608,
    23.123749273575516,
    23.328701282007785,
    23.535469835208083,
    23.744071033701232,
    23.954521120715288,
    24.166836483446456,
    24.381033654335013,
    24.59712931235275,
    24.81514028430165,
    25.035083546124145,
    25.25697622422506,
    25.480835596805093,
    25.70667909520633,
    25.93452430526952,
    26.16438896870341,
    26.396290984466344,
    26.630248410159883,
    26.86627946343503,
    27.10440252341067,
    27.3446361321048,
    27.58699899587831,
    27.83150998689156,
    28.078188144573996,
    28.327052677106586,
    28.578122962917618,
    28.831418552191607,
    29.08695916839156,
    29.344764709794898,
    29.604855251042775,
    29.867251044703337,
    30.131972522848642,
    30.39904029864573,
    30.66847516796169,
    30.94029811098293,
    31.214530293848945,
    31.491193070300362,
    31.770307983341812,
    32.05189676691931,
    32.33598134761273,
    32.62258384634311,
    32.91172658009512,
    33.20343206365493,
    33.49772301136324,
    33.79462233888414,
