{
  "cm_at_c1": {
    "TP": 0,
    "TN": 123,
    "FP": 0,
    "FN": 56,
    "precision": 0.0,
    "recall": 0.0,
    "accuracy": 0.6871508379888268,
    "F1": 0.0
  },
  "pr_auc": 0.4026348736386659,
  "roc_auc": 0.5899390243902438,
  "prevalence": 0.3128491620111732,
  "normalized_auprc": 0.1306637591977333,
  "c_grid": [
    2.034543944229319,
    2.050697273031277,
    2.066978851720452,
    2.083389698541056,
    2.099930839821685,
    2.116603310039507,
    2.1334081518849515,
    2.150346416326927,
    2.167419162678542,
    2.184627458663357,
    2.20197238048216,
    2.2194550128802684,
    2.237076449215373,
    2.254837791525913,
    2.2727401505999985,
    2.2907846460448784,
    2.3089724063569603,
    2.3273045689923864,
    2.3457822804381685,
    2.3644066962838926,
    2.3831789812939825,
    2.402100309480551,
    2.421171864176816,
    2.440394838111111,
    2.4597704334814745,
    2.4792998620308357,
    2.4989843451227967,
    2.518825113818017,
    2.538823408951202,
    2.558980481208706,
    2.579297591206748,
    2.599776009570252,
    2.62041701701231,
    2.641221904414278,
    2.662191972906507,
    2.683328533949715,
    2.704632909417007,
    2.7261064316765418,
    2.74775044367486,
    2.769566299020869,
    2.791555362070502,
    2.8137190080120376,
    2.83605862295211,
    2.85857560400239,
    2.881271359366966,
    2.9041473084304057,
    2.9272048818465297,
    2.9504455216278815,
    2.9738706812359106,
    2.997481825671871,
    3.0212804315684436,
    3.0452679872820827,
    3.069445992986097,
    3.0938159607644726,
    3.118379414706435,
    3.1431378910017664,
    3.1680929380368785,
    3.1932461164916486,
    3.2185989994370225,
    3.244153172433396,
    3.2699102336297727,
    3.2958717938637148,
    3.322039476762079,
    3.3484149188425647,
    3.3749997696160556,
    3.401795691689783,
    3.428804360871301,
    3.456027466273294,
    3.4834667104192136,
    3.5111238093497517,
    3.5390004927301613,
    3.5670985039584306,
    3.595419600274314,
    3.623965552869226,
    3.652738146997018,
    3.6817391820856202,
    3.7109704718495835,
    3.7404338444035004,
    3.770131142376344,
    3.8000642230266988,
    3.830234958358916,
    3.8606452352401868,
    3.8912969555185466,
    3.922192036141816,
    3.953332409277488,
    3.9847200224335593,
    4.016356838580333,
    4.048244836273182,
    4.080386009776279,
    4.112782369187328,
    4.145435940563268,
    4.178348766046986,
    4.211522903995026,
    4.2449604291063245,
    4.2786634325519595,
    4.312634022105928,
    4.346874322276972,
    4.381386474441435,
    4.416172636977193,
    4.451234985398637,
    4.486575712492718,
    4.522197028456098,
    4.558101161033368,
    4.594290355656367,
    4.630766875584618,
    4.667533002046865,
    4.704591034383745,
    4.741943290191586,
    4.779592105467345,
    4.817539834754708,
    4.855788851291337,
    4.894341547157292,
    4.933200333424631,
    4.9723676403082,
    5.011845917317617,
    5.051637633410459,
    5.091745277146675,
    5.132171356844218,
    5.172918400735914,
    5.213988957127578,
    5.255385594557381,
    5.297110901956488,
    5.33916748881097,
    5.381557985324998,
    5.4242850425853355,
    5.467351332727136,
    5.510759549101062,
    5.5545124064417175,
    5.598612641037435,
    5.643063010901397,
    5.687866295944124,
    5.733025298147325,
    5.778542841739139,
    5.824421773370756,
    5.870664962294444,
    5.9172753005429986,
    5.964255703110604,
    6.011609108135136,
    6.059338477081914,
    6.107446794928908,
    6.15593707035342,
    6.204812335920246,
    6.254075648271325,
    6.303730088316912,
    6.353778761428249,
    6.4042247976317705,
    6.455071351804866,
    6.506321603873176,
    6.557978759009463,
    6.610046047834067,
    6.662526726616945,
    6.715424077481317,
    6.768741408608924,
    6.8224820544469305,
    6.876649375916454,
    6.931246760622753,
    6.9862776230670915,
    7.041745404860283,
    7.0976535749379135,
    7.1540056297773065,
    7.21080509361618,
    7.268055518673054,
    7.325760485369403,
    7.383923602553581,
    7.442548507726503,
    7.501638867269152,
    7.56119837667186,
    7.6212307607654255,
    7.681739773954069,
    7.742729200450218,
    7.804202854511188,
    7.866164580677714,
    7.9286182540143875,
    7.991567780352004,
    8.055017096531834,
    8.118970170651824,
    8.183431002314768,
    8.24840362287844,
    8.313892095707711,
    8.37990051642867,
    8.446433013184768,
    8.51349374689498,
    8.581086911514044,
    8.64921673429473,
    8.717887476052233,
    8.787103431430623,
    8.856868929171435,
    8.927188332384398,
    8.998066038820292,
    9.069506481145982,
    9.141514127221642,
    9.21409348038017,
    9.287249079708813,
    9.360985500333067,
    9.435307353702777,
    9.51021928788055,
    9.585725987832442,
    9.661832175720948,
    9.738542611200323,
    9.815862091714266,
    9.893795452795931,
    9.972347568370347,
    10.051523351059238,
    10.13132775248824,
    10.211765763596592,
    10.292842414949256,
    10.374562777051533,
    10.45693196066617,
    10.539955117132981,
    10.623637438691002,
    10.70798415880325,
    10.793000552483957,
    10.878691936628545,
    10.965063670346062,
    11.05212115529442,
    11.139869836018136,
    11.22831520028889,
    11.317462779448697,
    11.40731814875585,
    11.497886927733587,
    11.589174780521535,
    11.681187416229953,
    11.773930589296741,
    11.867410099847396,
    11.961631794057652,
    12.056601564519196,
    12.1523253506081,
    12.248809138856332,
    12.346058963326122,
    12.444080905987338,
    12.542881097097846,
    12.642465715586898,
    12.742840989441564,
    12.844013196096201,
    12.945988662825101,
    13.048773767138117,
    13.152374937179594,
    13.256798652130305,
    13.362051442612712,
    13.468139891099364,
    13.575070632324572,
    13.682850353699333,
    13.791485795729571,
    13.90098375243768,
    14.011351071787399,
    14.122594656112138,
    14.234721462546569,
    14.34773850346181,
    14.461652846903887,
    14.576471617035834,
    14.692201994583211,
    14.808851217283186,
    14.926426580337173,
    15.044935436867085,
    15.164385198375195,
    15.284783335207612,
    15.406137377021558,
    15.528454913256157,
    15.651743593607193,
    15.776011128505413,
    15.901265289598813,
    16.027513910238635,
    16.154764885969275,
    16.28302617502206,
    16.41230579881296,
    16.542611842444252,
    16.673952455210113,
    16.806335851106372,
    16.939770309344077,
    17.074264174867416,
    17.20982585887547,
    17.346463839348374,
    17.484186661577418,
    17.62300293869954,
    17.762921352235956,
    17.903950652635107,
    18.04609965981992,
    18.189377263739345,
    18.333792424924454,
    18.479354175048666,
    18.626071617492745,
    18.77395392791398,
    18.92301035482016,
    19.073250220147845,
    19.224682919845456,
    19.377317924460844,
    19.53116477973359,
    19.686233107191995,
    19.842532604754787,
    20.000073047337665,
    20.158864287464546,
    20.318916255883856,
    20.480238962189457,
    20.64284249544675,
    20.8067370248236,
    20.971932800226313,
    21.138440152940657,
    21.306269496278,
    21.475431326226516,
    21.64593622210765,
    21.8177948472377,
    21.991017949594724,
    22.165616362490717,
    22.341601005249075,
    22.51898288388756,
    22.69777309180656,
    22.877982810482887,
    23.059623310169055,
    23.242705950598115,
    23.4272421816941,
    23.613243544288093,
    23.80072167083998,
    23.989688286165954,
    24.18015520817178,
    24.37213434859184,
    24.56563771373416,
    24.760677405231235,
    24.957265620796875,
    25.15541465498903,
    25.355136899978707,
    25.556444846324965,
    25.759351083756062,
    25.963868301956825,
    26.170009291362252,
    26.377786943957418,
    26.58721425408375,
    26.798304319251653,
    27.01107034095967,
