{
  "cm_at_c1": {
    "TP": 0,
    "TN": 152,
    "FP": 0,
    "FN": 7,
    "precision": 0.0,
    "recall": 0.0,
    "accuracy": 0.9559748427672956,
    "F1": 0.0
  },
  "pr_auc": 0.04768131194116614,
  "roc_auc": 0.49060150375939854,
  "prevalence": 0.0440251572327044,
  "normalized_auprc": 0.0038245302542461645,
  "c_grid": [
    249.01760029149062,
    249.62675187069328,
    250.2373935680482,
    250.84952902871046,
    251.4631619067528,
    252.07829586518568,
    252.69493457598054,
    253.31308172009108,
    253.93274098747554,
    254.5539160771183,
    255.17661069705306,
    255.80082856438338,
    256.42657340530593,
    257.05384895513254,
    257.68265895831235,
    258.31300716845396,
    258.944897348349,
    259.5783332699929,
    260.2133187146085,
    260.84985747266813,
    261.48795334391673,
    262.1276101373939,
    262.7688316714577,
    263.4116217738059,
    264.0559842815001,
    264.7019230409881,
    265.34944190812695,
    265.99854474820563,
    266.6492354359694,
    267.3015178556411,
    267.9553959009456,
    268.6108734751325,
    269.2679544909997,
    269.9266428709165,
    270.58694254684787,
    271.2488574603763,
    271.9123915627267,
    272.5775488147896,
    273.24433318714455,
    273.9127486600838,
    274.5827992236371,
    275.25448887759393,
    275.9278216315282,
    276.60280150482237,
    277.27943252669104,
    277.9577187362049,
    278.637664182316,
    279.31927292387996,
    280.00254902968186,
    280.6874965784596,
    281.37411965892875,
    282.0624223698065,
    282.7524088198371,
    283.44408312781496,
    284.1374494226103,
    284.8325118431933,
    285.5292745386591,
    286.22774166825195,
    286.92791740139177,
    287.6298059176965,
    288.3334114070089,
    289.03873806942084,
    289.74579011529875,
    290.45457176530806,
    291.16508725043974,
    291.877340812034,
    292.5913367018063,
    293.30707918187306,
    294.0245725247765,
    294.74382101351017,
    295.4648289415458,
    296.1876006128569,
    296.9121403419457,
    297.6384524538687,
    298.36654128426244,
    299.096411179369,
    299.82806649606334,
    300.56151160187727,
    301.296750875027,
    302.03378870443856,
    302.77262948977454,
    303.5132776414596,
    304.2557375807081,
    305.000013739549,
    305.7461105608531,
    306.4940324983594,
    307.24378401670185,
    307.99536959143546,
    308.74879370906444,
    309.504060867067,
    310.2611755739234,
    311.02014234914276,
    311.78096572328985,
    312.54365023801194,
    313.30820044606696,
    314.07462091134903,
    314.8429162089169,
    315.61309092502097,
    316.3851496571304,
    317.1590970139606,
    317.93493761550184,
    318.712676093045,
    319.4923170892103,
    320.27386525797493,
    321.0573252647007,
    321.84270178616157,
    322.62999951057293,
    323.4192231376175,
    324.2103773784749,
    325.00346695584926,
    325.79849660399753,
    326.59547106875726,
    327.39439510757643,
    328.1952734895398,
    328.99811099539863,
    329.802912417599,
    330.6096825603102,
    331.4184262394536,
    332.22914828273196,
    333.04185352965686,
    333.8565468315788,
    334.6732330517155,
    335.4919170651814,
    336.31260375901604,
    337.13529803221485,
    337.96000479575633,
    338.7867289726324,
    339.6154754978779,
    340.4462493185998,
    341.27905539400643,
    342.1138986954384,
    342.9507842063964,
    343.78971692257204,
    344.63070185187763,
    345.47374401447587,
    346.3188484428095,
    347.1660201816328,
    348.01526428803965,
    348.8665858314948,
    349.7199898938643,
    350.5754815694454,
    351.4330659649968,
    352.29274819977053,
    353.1545334055403,
    354.0184267266337,
    354.8844333199625,
    355.7525583550532,
    356.62280701407803,
    357.4951844918868,
    358.369695996036,
    359.2463467468215,
    360.1251419773089,
    361.00608693336517,
    361.8891868736894,
    362.7744470698458,
    363.66187280629276,
    364.55146938041605,
    365.44324210256,
    366.3371962960592,
    367.2333372972698,
    368.1316704556032,
    369.03220113355536,
    369.9349347067404,
    370.83987656392253,
    371.74703210704786,
    372.6564067512767,
    373.56800592501685,
    374.48183506995446,
    375.39789964108724,
    376.3162051067572,
    377.2367569486831,
    378.1595606619927,
    379.08462175525744,
    380.0119457505225,
    380.9415381833417,
    381.87340460281007,
    382.8075505715969,
    383.74398166597854,
    384.68270347587344,
    385.6237216048729,
    386.5670416702764,
    387.5126693031243,
    388.460610148232,
    389.4108698642227,
    390.3634541235633,
    391.31836861259535,
    392.27561903157095,
    393.23521109468635,
    394.1971505301157,
    395.1614430800455,
    396.1280945007097,
    397.0971105624225,
    398.0684970496134,
    399.0422597608624,
    400.0184045089339,
    400.99693712081097,
    401.97786343773237,
    402.9611893152243,
    403.94692062313743,
    404.9350632456812,
    405.9256230814593,
    406.9186060435042,
    407.9140180593141,
    408.91186507088617,
    409.91215303475303,
    410.9148879220187,
    411.92007571839343,
    412.9277224242298,
    413.9378340545596,
    414.95041663912735,
    415.9654762224283,
    416.9830188637438,
    418.00305063717735,
    419.0255776316908,
    420.05060595114224,
    421.0781417143197,
    422.10819105497956,
    423.14076012188286,
    424.17585507883166,
    425.21348210470575,
    426.253647393501,
    427.296357154364,
    428.34161761163045,
    429.38943500486243,
    430.4398155888851,
    431.4927656338241,
    432.54829142514427,
    433.60639926368486,
    434.6670954656988,
    435.73038636288993,
    436.79627830245084,
    437.86477764710025,
    438.9358907751229,
    440.0096240804048,
    441.08598397247334,
    442.16497687653487,
    443.2466092335133,
    444.33088750008807,
    445.4178181487343,
    446.5074076677589,
    447.599662561341,
    448.6945893495705,
    449.79219456848676,
    450.8924847701172,
    451.9954665225186,
    453.1011464098129,
    454.20953103222894,
    455.3206270061411,
    456.4344409641088,
    457.55097955491584,
    458.6702494436117,
    459.79225731154855,
    460.9170098564232,
    462.04451379231654,
    463.1747758497334,
    464.30780277564253,
    465.4436013335187,
    466.5821783033801,
    467.72354048183087,
    468.8676946821011,
    470.01464773408753,
    471.1644064843939,
    472.31697779637364,
    473.47236855016797,
    474.630585642749,
    475.7916359879603,
    476.95552651655817,
    478.12226417625266,
    479.29185593175083,
    480.46430876479553,
    481.639629674209,
    482.817825675934,
    483.99890380307585,
    485.18287110594406,
    486.3697346520961,
    487.55950152637666,
    488.7521788309622,
    489.94777368540247,
    491.1462932266633,
    492.3477446091687,
    493.5521350048453,
    494.7594716031623,
    495.96976161117664,
    497.18301225357504,
    498.39923077271766,
    499.6184244286802,
    500.8406004993,
    502.0657662802159,
    503.29392908491377,
    504.5250962447702,
    505.75927510909577,
    506.99647304517856,
    508.2366974383302,
    509.479955691927,
    510.72625522745585,
    511.97560348455835,
    513.228007921075,
    514.4834760130894,
    515.742015254975,
    517.003633159436,
    518.2683372575556,
    519.536135098839,
    520.8070342512596,
    522.0810423013029,
    523.3581668540144,
    524.6384155330414,
    525.9217959806813,
    527.2083158579256,
    528.4979828445067,
    529.7908046389426,
    531.0867889585852,
    532.3859435396632,
    533.6882761373303,
    534.9937945257109,
    536.3025064979468,
    537.6144198662427,
    538.9295424619156,
    540.2478821354379,
    541.5694467564864,
    542.894244213989,
    544.2222824161711,
    545.5535692906047,
    546.8881127842533,
    548.2259208635203,
    549.5670015142971,
    550.9113627420103,
    552.2590125716694,
    553.6099590479141,
