{
  "c": 0.05,
  "f1": 0.5373134328358209,
  "prec": 0.45,
  "rec": 0.6666666666666666,
  "tp": 18,
  "fp": 22,
  "fn": 9,
  "tn": 11
}