{
  "cm_at_c1": {
    "TP": 0,
    "TN": 45,
    "FP": 0,
    "FN": 35,
    "precision": 0.0,
    "recall": 0.0,
    "accuracy": 0.5625,
    "F1": 0.0
  },
  "pr_auc": 0.4247595409941475,
  "roc_auc": 0.47079365079365076,
  "prevalence": 0.4375,
  "normalized_auprc": -0.022649704899293372,
  "auprg": NaN,
  "ece_rank": 0.32206790123456785,
  "c_grid": [
    1.0157163267159794,
    1.0274871854700824,
    1.0393944534874462,
    1.0514397115777199,
    1.0636245588701243,
    1.0759506130257512,
    1.0884195104523238,
    1.1010329065214477,
    1.113792475788377,
    1.1266999122143289,
    1.1397569293913734,
    1.152965260769931,
    1.166326659888905,
    1.1798429006084816,
    1.1935157773456269,
    1.2073471053123155,
    1.2213387207565165,
    1.235492481205975,
    1.249810265714817,
    1.2642939751130127,
    1.2789455322587315,
    1.2937668822936201,
    1.3087599929010394,
    1.3239268545672955,
    1.3392694808458956,
    1.3547899086248676,
    1.3704901983971778,
    1.3863724345342825,
    1.4024387255628488,
    1.4186912044446818,
    1.4351320288598988,
    1.4517633814933817,
    1.46858747032455,
    1.4856065289204936,
    1.5028228167325002,
    1.520238619396021,
    1.5378562490341108,
    1.5556780445643867,
    1.5737063720095428,
    1.591943624811462,
    1.610392224148972,
    1.6290546192592792,
    1.6479332877631303,
    1.6670307359937409,
    1.6863494993295376,
    1.7058921425307538,
    1.7256612600799284,
    1.7456594765263478,
    1.7658894468344837,
    1.7863538567364643,
    1.8070554230886335,
    1.8279968942322393,
    1.8491810503583066,
    1.8706107038767323,
    1.8922886997896635,
    1.9142179160691983,
    1.9364012640394674,
    1.9588416887631401,
    1.9815421694324118,
    2.0045057197645213,
    2.0277353884018527,
    2.0512342593166735,
    2.075005452220561,
    2.0990521229785783,
    2.1233774640282452,
    2.147984704803367,
    2.1728771121627735,
    2.198057990824029,
    2.2235306838021662,
    2.2492985728535033,
    2.27536507892461,
    2.3017336626064684,
    2.328407824593904,
    2.355391106150337,
    2.3826870895779213,
    2.410299398693131,
    2.4382316993078574,
    2.4664876997160845,
    2.4950711511862,
    2.523985848459017,
    2.55323563025156,
    2.5828243797666977,
    2.612756025208672,
    2.6430345403046127,
    2.6736639448320845,
    2.7046483051527557,
    2.735991734752248,
    2.767698394786243,
    2.7997724946329186,
    2.832218292451784,
    2.865040095748994,
    2.8982422619492163,
    2.9318291989741203,
    2.9658053658275745,
    3.0001752731876232,
    3.0349434840053267,
    3.070114614110535,
    3.1056933328246896,
    3.141684363580722,
    3.1780924845501346,
    3.214922529277354,
    3.2521793873214295,
    3.289868004905175,
    3.3279933855718293,
    3.366560590849321,
    3.405574740922246,
    3.4450410153116167,
    3.4849646535625007,
    3.525350955939617,
    3.5662052841310072,
    3.6075330619598454,
    3.649339776104512,
    3.6916309768270033,
    3.7344122787097804,
    3.7776893614011695,
    3.8214679703693846,
    3.8657539176653026,
    3.910553082694066,
    3.9558714129956383,
    4.001714925034395,
    4.048089704997873,
    4.095001909604773,
    4.142457766922323,
    4.190463577193122,
    4.239025713671555,
    4.28815062346991,
    4.337844828414296,
    4.388114925910483,
    4.438967589819771,
    4.490409571345012,
    4.542447699926906,
    4.595088884150669,
    4.648340112663225,
    4.702208455101014,
    4.756701063028563,
    4.811825170887919,
    4.867588096959105,
    4.923997244331686,
    4.981060101887611,
    5.038784245295432,
    5.097177338016049,
    5.156247132320123,
    5.216001470317252,
    5.276448284997103,
    5.337595601282584,
    5.399451537095249,
    5.462024304433018,
    5.525322210460413,
    5.589353658611413,
    5.654127149705094,
    5.719651283074202,
    5.785934757706796,
    5.852986373401133,
    5.920815031933919,
    5.989429738242124,
    6.058839601618462,
    6.129053836920754,
    6.200081765795291,
    6.271932817914366,
    6.344616532228174,
    6.418142558231187,
    6.492520657243238,
    6.567760703705419,
    6.643872686491026,
    6.720866710231668,
    6.7987529966587745,
    6.877541885960624,
    6.957243838155104,
    7.037869434478394,
    7.119429378789724,
    7.201934498992424,
    7.285395748471429,
    7.369824207547465,
    7.455231084948055,
    7.54162771929561,
    7.62902558061273,
    7.717436271844969,
    7.80687153040125,
    7.897343229712112,
    7.9888633808060385,
    8.081444133904032,
    8.175097780032692,
    8.269836752655953,
    8.365673629325775,
    8.46262113335192,
    8.56069213549111,
    8.659899655655748,
    8.760256864642438,
    8.86177708588055,
    8.964473797201027,
    9.068360632625716,
    9.173451384177406,
    9.279760003710878,
    9.387300604765132,
    9.496087464437117,
    9.606135025277158,
    9.717457897206335,
    9.830070859456125,
    9.943988862530459,
    10.059227030190584,
    10.175800661462869,
    10.293725232669924,
    10.413016399485228,
    10.533689999011576,
    10.65576205188362,
    10.77924876439477,
    10.904166530648723,
    11.030531934735974,
    11.158361752935505,
    11.287672955942012,
    11.418482711118916,
    11.550808384777532,
    11.684667544482606,
    11.820077961384584,
    11.957057612578922,
    12.095624683492701,
    12.235797570298967,
    12.377594882358968,
    12.521035444692767,
    12.666138300478414,
    12.812922713580159,
    12.961408171105903,
    13.11161438599431,
    13.263561299631906,
    13.417269084500475,
    13.572758146855195,
    13.730049129433745,
    13.889162914196858,
    14.050120625100575,
    14.21294363090071,
    14.377653547989736,
    14.544272243266589,
    14.712821837039723,
    14.883324705963776,
    15.055803486010342,
    15.230281075473087,
    15.406780638007755,
    15.58532560570733,
    15.765939682212949,
    15.948646845860745,
    16.13347135286524,
    16.320437740539592,
    16.50957083055316,
    16.700895732226854,
    16.894437845866634,
    17.090222866135665,
    17.28827678546552,
    17.488625897506974,
    17.691296800620716,
    17.896316401408573,
    18.10371191828563,
    18.31351088509371,
    18.52574115475683,
    18.740430902978915,
    18.957608631984428,
    19.177303174302295,
    19.399543696593756,
    19.624359703524505,
    19.851781041681736,
    20.081837903536595,
    20.31456083145249,
    20.549980721739953,
    20.7881288287584,
    21.02903676906548,
    21.27273652561446,
    21.519260452000328,
    21.76864127675503,
    22.020912107692524,
    22.276106436304175,
    22.534258142205047,
    22.795401497631843,
    23.059571171992825,
    23.326802236470556,
    23.597130168677918,
    23.870590857368175,
    24.14722060719953,
    24.427056143554935,
    24.710134617417786,
    24.99649361030402,
    25.28617113925153,
    25.579205661867245,
    25.8756360814328,
    26.175501752069287,
    26.478842483961976,
    26.785698548645488,
    27.096110684350236,
    27.410120101410858,
    27.72776848773725,
    28.04909801434915,
    28.37415134097468,
    28.70297162171391,
    29.03560251076793,
    29.372088168234473,
    29.712473265970548,
    30.056802993523107,
    30.405123064128414,
    30.75747972078089,
    31.113919742372403,
    31.474490449902607,
    31.83923971276129,
    32.20821595508346,
    32.581468162178226,
    32.959045887032055,
    33.340999256887386,
    33.72737897989762,
    34.118236351859004,
    34.51362326302079,
    34.91359220497415,
    35.318196277620935,
    35.7274891962232,
    36.14152529853455,
    36.560359552013914,
    36.984047561123084,
    37.41264557470878,
    37.84621049347015,
    38.28479987751306,
    38.728471953991665,
    39.17728562483873,
    39.63130047458533,
    40.09057677827145,
    40.555175509448,
    41.02515834827171,
    41.500587689693795,
    41.98152665174343,
    42.468039083907435,
