{
  "cm_at_c1": {
    "TP": 0,
    "TN": 126,
    "FP": 0,
    "FN": 54,
    "precision": 0.0,
    "recall": 0.0,
    "accuracy": 0.7,
    "F1": 0.0
  },
  "pr_auc": 0.36241584831460655,
  "roc_auc": 0.6116255144032922,
  "prevalence": 0.3,
  "normalized_auprc": 0.08916549759229508,
  "auprg": NaN,
  "ece_rank": 0.2516267648864334,
  "c_grid": [
    3.9749666651799447,
    4.003460435347036,
    4.032158457525961,
    4.061062195857269,
    4.090173124976917,
    4.119492730091499,
    4.149022507054023,
    4.1787639624402235,
    4.208718613625431,
    4.238887988861983,
    4.269273627357195,
    4.299877079351887,
    4.330699906199481,
    4.361743680445648,
    4.393009985908552,
    4.424500417759645,
    4.456216582605051,
    4.488160098567538,
    4.5203325953690685,
    4.552735714413947,
    4.585371108872568,
    4.6182404437657505,
    4.651345396049688,
    4.684687654701508,
    4.718268920805442,
    4.752090907639606,
    4.786155340763418,
    4.8204639581056306,
    4.855018510052997,
    4.889820759539573,
    4.924872482136669,
    4.960175466143425,
    4.995731512678052,
    5.031542435769729,
    5.067610062451147,
    5.103936232851718,
    5.1405228002914685,
    5.177371631375582,
    5.214484606089636,
    5.251863617895518,
    5.289510573828027,
    5.327427394592165,
    5.365616014661134,
    5.404078382375026,
    5.44281646004023,
    5.481832224029542,
    5.521127664883002,
    5.560704787409443,
    5.600565610788779,
    5.640712168675021,
    5.681146509300028,
    5.721870695578012,
    5.762886805210779,
    5.804196930793732,
    5.845803179922636,
    5.887707675301146,
    5.9299125548491,
    5.972419971811593,
    6.015232094868842,
    6.058351108246818,
    6.101779211828688,
    6.145518621267059,
    6.1895715680970005,
    6.233940299849908,
    6.278627080168163,
    6.32363418892063,
    6.368963922318962,
    6.414618593034756,
    6.460600530317546,
    6.506912080113629,
    6.553555605185763,
    6.600533485233711,
    6.647848117015641,
    6.695501914470418,
    6.743497308840749,
    6.791836748797237,
    6.840522700563292,
    6.88955764804097,
    6.938944092937689,
    6.988684554893867,
    7.038781571611473,
    7.089237698983491,
    7.140055511224331,
    7.1912376010011485,
    7.242786579566126,
    7.294705076889702,
    7.3469957417947365,
    7.3996612420916605,
    7.45270426471458,
    7.506127515858363,
    7.559933721116707,
    7.614125625621189,
    7.668705994181334,
    7.723677611425652,
    7.7790432819437205,
    7.834805830429275,
    7.890968101824305,
    7.9475329614642165,
    8.004503295224007,
    8.061882009665505,
    8.11967203218566,
    8.177876311165893,
    8.236497816122514,
    8.29553953785824,
    8.35500448861476,
    8.414895702226442,
    8.475216234275086,
    8.535969162245843,
    8.597157585684206,
    8.658784626354157,
    8.720853428397435,
    8.783367158493935,
    8.84632900602328,
    8.909742183227545,
    8.973609925375117,
    9.037935490925788,
    9.10272216169697,
    9.167973243031142,
    9.233692063964485,
    9.299881977396725,
    9.366546360262188,
    9.4336886137021,
    9.501312163238094,
    9.569420458946993,
    9.638016975636813,
    9.70710521302405,
    9.776688695912242,
    9.846770974371779,
    9.917355623921043,
    9.988446245708817,
    10.060046466698012,
    10.132159939850716,
    10.204790344314558,
    10.277941385610415,
    10.351616795821478,
    10.425820333783617,
    10.500555785277212,
    10.575826963220251,
    10.65163770786288,
    10.727991886983329,
    10.80489339608524,
    10.882346158596402,
    10.960354126068937,
    11.038921278380892,
    11.118051623939284,
    11.197749199884624,
    11.278018072296865,
    11.358862336402858,
    11.440286116785288,
    11.5222935675931,
    11.604888872753449,
    11.688076246185146,
    11.771859932013655,
    11.856244204787618,
    11.941233369696969,
    12.026831762792503,
    12.113043751207195,
    12.19987373337893,
    12.28732613927494,
    12.375405430617812,
    12.464116101113117,
    12.55346267667867,
    12.643449715675441,
    12.73408180914014,
    12.825363581019383,
    12.917299688405688,
    13.009894821774985,
    13.103153705226,
    13.197081096721211,
    13.291681788329631,
    13.386960606471273,
    13.482922412163404,
    13.579572101268536,
    13.676914604744209,
    13.774954888894591,
    13.873697955623783,
    13.973148842691113,
    14.073312623968041,
    14.174194409697133,
    14.275799346752699,
    14.378132618903413,
    14.481199447076786,
    14.585005089625515,
    14.689554842595797,
    14.79485403999745,
    14.900908054076154,
    15.007722295587422,
    15.115302214072761,
    15.223653298137616,
    15.332781075731438,
    15.442691114429696,
    15.553389021717937,
    15.66488044527787,
    15.777171073275492,
    15.890266634651343,
    16.00417289941269,
    16.118895678928034,
    16.23444082622347,
    16.350814236281416,
    16.468021846341287,
    16.58606963620245,
    16.70496362852928,
    16.82470988915846,
    16.945314527408414,
    17.06678369639103,
    17.189123593325597,
    17.3123404598549,
    17.436440582363787,
    17.561430292299754,
    17.6873159664961,
    17.81410402749717,
    17.941800943886072,
    18.070413230614683,
    18.199947449336022,
    18.33041020873908,
    18.461808164885873,
    18.594148021551163,
    18.72743653056434,
    18.861680492154022,
    18.9968867552949,
    19.13306221805721,
    19.270213827958646,
    19.40834858231883,
    19.547473528616294,
    19.687595764848037,
    19.828722439891695,
    19.97086075387016,
    20.114017958519078,
    20.25820135755666,
    20.403418307056473,
    20.5496762158226,
    20.696982545767703,
    20.845344812293707,
    20.9947705846752,
    21.145267486445697,
    21.296843195786426,
    21.44950544591825,
    21.60326202549602,
    21.75812077900612,
    21.914089607166517,
    22.071176467330005,
    22.22938937389005,
    22.388736398689748,
    22.549225671433614,
    22.71086538010236,
    22.873663771370662,
    23.0376291510278,
    23.202769884401572,
    23.369094396784888,
    23.53661117386581,
    23.70532876216034,
    23.87525576944853,
    24.046400865213595,
    24.218772781084272,
    24.392380311280245,
    24.56723231306084,
    24.743337707176956,
    24.92070547832606,
    25.099344675610773,
    25.279264413000327,
    25.460473869795745,
    25.642982291098026,
    25.826798988279876,
    26.011933339460754,
    26.198394789985315,
    26.386192852905378,
    26.575337109465107,
    26.765837209590057,
    26.95770287237927,
    27.150943886601343,
    27.34557011119369,
    27.5415914757656,
    27.739017981104823,
    27.93785969968779,
    28.138126776193527,
    28.33982942802117,
    28.54297794581134,
    28.747582693971015,
    28.953654111202493,
    29.161202711035756,
    29.37023908236507,
    29.580773889989057,
    29.792817875154874,
    30.006381856106206,
    30.221476728635196,
    30.438113466638338,
    30.65630312267635,
    30.876056828538115,
    31.097385795808464,
    31.320301316440403,
    31.544814763330965,
    31.770937590901674,
    31.998681335682782,
    32.2280576169019,
    32.4590781370768,
    32.691754682612455,
    32.92609912440243,
    33.16212341843435,
    33.39983960640013,
    33.63925981631007,
    33.88039626311185,
    34.12326124931353,
    34.36786716561133,
    34.61422649152173,
    34.86235179601819,
    35.112255738172394,
    35.36395106780008,
    35.61745062611162,
    35.87276734636696,
    36.12991425453574,
    36.38890446996155,
    36.649751206031574,
    36.912467770850476,
    37.17706756791951,
    37.443564096820275,
    37.711970953903474,
    37.98230183298268,
    38.254570526032715,
    38.52879092389366,
    38.80497701697918,
    39.08314289599067,
    39.36330275263577,
    39.64547088035275,
    39.929661675039505,
    40.21588963578812,
    40.50416936562466,
    40.79451557225397,
