{
  "c": 0.05,
  "f1": 0.6796116504854369,
  "prec": 0.5833333333333334,
  "rec": 0.813953488372093,
  "tp": 35,
  "fp": 25,
  "fn": 8,
  "tn": 12
}