{
  "cm_at_c1": {
    "TP": 0,
    "TN": 118,
    "FP": 0,
    "FN": 61,
    "precision": 0.0,
    "recall": 0.0,
    "accuracy": 0.659217877094972,
    "F1": 0.0
  },
  "pr_auc": 0.36848310041910703,
  "roc_auc": 0.5307029730480689,
  "prevalence": 0.3407821229050279,
  "normalized_auprc": 0.042020974364577655,
  "c_grid": [
    1.1613312492605024,
    1.172921893549693,
    1.1846282180422059,
    1.196451377282094,
    1.2083925373363158,
    1.2204528759097388,
    1.2326335824612908,
    1.2449358583212724,
    1.2573609168098376,
    1.2699099833566594,
    1.2825842956217877,
    1.2953851036177153,
    1.3083136698326605,
    1.3213712693550812,
    1.3345591899994311,
    1.3478787324331716,
    1.3613312103050503,
    1.3749179503746616,
    1.3886402926432981,
    1.4024995904861102,
    1.4164972107855822,
    1.430634534066344,
    1.4449129546313242,
    1.459333880699265,
    1.4738987345436099,
    1.488608952632774,
    1.5034659857718187,
    1.518471299245537,
    1.5336263729629689,
    1.5489327016033587,
    1.5643917947635675,
    1.5800051771069594,
    1.5957743885137718,
    1.611700984232988,
    1.6277865350357228,
    1.6440326273701427,
    1.66044086351793,
    1.677012861752308,
    1.6937502564976452,
    1.7106546984906517,
    1.7277278549431827,
    1.7449714097066706,
    1.7623870634381935,
    1.7799765337682056,
    1.797741555469939,
    1.8156838806304967,
    1.8338052788236532,
    1.8521075372843807,
    1.8705924610851155,
    1.8892618733137845,
    1.9081176152536092,
    1.9271615465647027,
    1.9463955454674806,
    1.9658215089279012,
    1.985441352844555,
    2.0052570122376214,
    2.0252704414397136,
    2.045483614288621,
    2.065898524321985,
    2.0865171849739115,
    2.1073416297735466,
    2.1283739125456345,
    2.149616107613078,
    2.1710703100015207,
    2.192738635645969,
    2.2146232215994788,
    2.2367262262439214,
    2.2590498295028585,
    2.2815962330565367,
    2.3043676605590306,
    2.3273663578575503,
    2.350594593213943,
    2.374054657528398,
    2.3977488645653913,
    2.42167955118188,
    2.4458490775577784,
    2.4702598274287295,
    2.494914208321206,
    2.519814651789952,
    2.544963613657796,
    2.570363574257861,
    2.5960170386781862,
    2.6219265370087936,
    2.6480946245912214,
    2.6745238822705435,
    2.70121691664991,
    2.7281763603476232,
    2.7554048722567828,
    2.7829051378075182,
    2.8106798692318455,
    2.8387318058311575,
    2.8670637142463944,
    2.895678388730902,
    2.924578651426019,
    2.953767352639411,
    2.983247371126185,
    3.013021614372809,
    3.043093018883861,
    3.0734645504716505,
    3.104139204548718,
    3.1351200064232616,
    3.16641001159751,
    3.1980123060690735,
    3.229930006635302,
    3.262166261200683,
    3.2947242490873028,
    3.327607181348412,
    3.360818301085115,
    3.3943608837662276,
    3.4282382375513167,
    3.4624537036169736,
    3.497010656486339,
    3.5319125043619146,
    3.5671626894617052,
    3.6027646883587052,
    3.638722012323778,
    3.6750382076719608,
    3.711716856112218,
    3.7487615751006933,
    3.786176018197481,
    3.823963875426963,
    3.8621288736417383,
    3.9006747768901864,
    3.9396053867877,
    3.978924542891621,
    4.018636123079922,
    4.058744043933659,
    4.099252261123253,
    4.1401647697986155,
    4.181485604983178,
    4.2232188419718435,
    4.265368596732919,
    4.307939026314054,
    4.350934329252233,
    4.394358745987858,
    4.438216559282964,
    4.482512094643614,
    4.527249720746496,
    4.572433849869796,
    4.618068938328359,
    4.664159486913191,
    4.710710041335359,
    4.757725192674311,
    4.805209577830677,
    4.853167879983584,
    4.901604829052538,
    4.950525202163917,
    4.999933824122117,
    5.049835567885401,
    5.100235355046501,
    5.151138156318009,
    5.202548992022618,
    5.254472932588257,
    5.306915099048164,
    5.359880663545952,
    5.41337484984571,
    5.46740293384721,
    5.521970244106237,
    5.577082162360125,
    5.632744124058537,
    5.688961618899535,
    5.7457401913710076,
    5.803085441297499,
    5.861003024392495,
    5.919498652816223,
    5.978578095739012,
    6.038247179910289,
    6.098511790233239,
    6.159377870345214,
    6.220851423203921,
    6.282938511679475,
    6.345645259152348,
    6.408977850117293,
    6.472942530793297,
    6.537545609739612,
    6.602793458477948,
    6.668692512120865,
    6.73524927000644,
    6.802470296339269,
    6.870362220837865,
    6.938931739388523,
    7.0081856147057,
    7.078130676998996,
    7.148773824646788,
    7.220122024876585,
    7.292182314452177,
    7.364961800367641,
    7.438467660548271,
    7.512707144558509,
    7.5876875743169325,
    7.6634163448183905,
    7.739900924863335,
    7.8171488577944395,
    7.89516776224056,
    7.973965332868137,
    8.05354934114008,
    8.133927636082234,
    8.2151081450575,
    8.297098874547665,
    8.379907910943064,
    8.463543421340088,
    8.548013654346683,
    8.633326940895863,
    8.719491695067362,
    8.806516414917477,
    8.894409683317189,
    8.983180168798665,
    9.072836626410187,
    9.163387898579625,
    9.254842915986538,
    9.347210698442959,
    9.44050035578298,
    9.53472108876122,
    9.62988218996025,
    9.72599304470709,
    9.823063131998833,
    9.921102025437515,
    10.02011939417433,
    10.120125003863253,
    10.221128717624177,
    10.323140497015673,
    10.426170403017467,
    10.53022859702268,
    10.635325341840037,
    10.741471002706028,
    10.848676048307187,
    10.95695105181257,
    11.066306691916548,
    11.176753753891992,
    11.288303130653988,
    11.400965823834149,
    11.514752944865661,
    11.62967571607916,
    11.74574547180953,
    11.862973659513775,
    11.981371840900024,
    12.10095169306781,
    12.22172500965973,
    12.343703702024612,
    12.466899800392273,
    12.591325455060002,
    12.716992937590902,
    12.843914642024183,
    12.972103086097505,
    13.10157091248159,
    13.232330890027082,
    13.3643959150239,
    13.497779012473135,
    13.632493337371653,
    13.768552176009512,
    13.905968947280336,
    14.044757204004755,
    14.184930634267074,
    14.326503062765253,
    14.469488452174392,
    14.613900904523797,
    14.75975466258781,
    14.907064111290506,
    15.055843779124427,
    15.20610833958345,
    15.357872612609976,
    15.511151566056563,
    15.66596031716213,
    15.822314134042909,
    15.980228437198278,
    16.13971880103161,
    16.300800955386315,
    16.4634907870972,
    16.627804341557326,
    16.793757824300492,
    16.961367602599516,
    17.13065020708048,
    17.301622333353023,
    17.474300843657048,
    17.648702768525688,
    17.824845308464997,
    18.00274583565035,
    18.182421895639784,
    18.36389120910444,
    18.54717167357628,
    18.73228136521324,
    18.919238540582004,
    19.108061638458572,
    19.298769281646795,
    19.491380278815058,
    19.6859136263513,
    19.882388510236552,
    20.080824307937156,
    20.281240590315885,
    20.483657123562136,
    20.68809387114138,
    20.89457099576407,
    21.10310886137421,
    21.313728035157755,
    21.52644928957106,
    21.74129360438959,
    21.958282168777057,
    22.177436383375206,
    22.39877786241449,
    22.62232843584578,
    22.848110151493316,
    23.076145277229266,
    23.306456303169856,
    23.539065943893487,
    23.77399714068097,
    24.011273063778134,
    24.25091711468101,
    24.492952928443792,
    24.7374043760099,
    24.98429556656623,
    25.23365084992098,
    25.485494818905114,
    25.739852311797897,
    25.996748414776548,
    26.25620846439041,
    26.518258050059767,
    26.782923016599614,
    27.05022946676864,
    27.32020376384361,
    27.59287253421947,
    27.86826267003539,
    28.146401331827015,
    28.427315951205202,
    28.711034233561477,
    28.997584160800493,
    29.28699399409976,
    29.579292276696933,
