{
  "cm_at_c1": {
    "TP": 0,
    "TN": 32,
    "FP": 0,
    "FN": 28,
    "precision": 0.0,
    "recall": 0.0,
    "accuracy": 0.5333333333333333,
    "F1": 0.0
  },
  "pr_auc": 0.5872195645799425,
  "roc_auc": 0.6188616071428571,
  "prevalence": 0.4666666666666667,
  "normalized_auprc": 0.2260366835873922,
  "auprg": NaN,
  "ece_rank": 0.28743169398907104,
  "c_grid": [
    6.052360335158262,
    6.0964313016676135,
    6.140823176051168,
    6.185538295036977,
    6.230579012368253,
    6.275947698927257,
    6.3216467428601115,
    6.3676785497025,
    6.414045542506295,
    6.4607501619671,
    6.507794866552736,
    6.555182132632636,
    6.602914454608206,
    6.650994345044132,
    6.699424334800626,
    6.748206973166656,
    6.797344827994134,
    6.846840485833087,
    6.896696552067803,
    6.946915651053982,
    6.997500426256876,
    7.048453540390434,
    7.099777675557469,
    7.151475533390837,
    7.20354983519565,
    7.2560033220925195,
    7.308838755161841,
    7.362058915589148,
    7.415666604811491,
    7.469664644664914,
    7.524055877532993,
    7.578843166496444,
    7.634029395483841,
    7.689617469423423,
    7.745610314395999,
    7.802010877788977,
    7.858822128451505,
    7.916047056850763,
    7.973688675229355,
    8.031750017763883,
    8.090234140724666,
    8.149144122636601,
    8.20848306444123,
    8.268254089659955,
    8.328460344558472,
    8.38910499831237,
    8.45019124317396,
    8.511722294640311,
    8.573701391622512,
    8.636131796616151,
    8.699016795873066,
    8.762359699574318,
    8.826163842004433,
    8.890432581726927,
    8.955169301761078,
    9.020377409760014,
    9.086060338190093,
    9.152221544511567,
    9.218864511360596,
    9.285992746732555,
    9.3536097841667,
    9.421719182932161,
    9.490324528215302,
    9.559429431308436,
    9.62903752979993,
    9.699152487765664,
    9.769777995961919,
    9.840917772019647,
    9.912575560640162,
    9.984755133792257,
    10.057460290910752,
    10.130694859096495,
    10.204462693317824,
    10.278767676613466,
    10.353613720296948,
    10.429004764162489,
    10.50494477669237,
    10.581437755265842,
    10.658487726369534,
    10.736098745809421,
    10.814274898924285,
    10.893020300800783,
    10.972339096490055,
    11.052235461225917,
    11.13271360064463,
    11.213777751006283,
    11.295432179417805,
    11.377681184057538,
    11.460529094401522,
    11.54398027145138,
    11.62803910796387,
    11.712710028682126,
    11.797997490568559,
    11.883905983039481,
    11.970440028201404,
    12.057604181089085,
    12.145403029905296,
    12.23384119626234,
    12.322923335425347,
    12.412654136557267,
    12.50303832296577,
    12.594080652351824,
    12.685785917060151,
    12.778158944331494,
    12.8712045965567,
    12.96492777153271,
    13.059333402720299,
    13.154426459503854,
    13.25021194745289,
    13.346694908585562,
    13.443880421634072,
    13.541773602311991,
    13.640379603583584,
    13.739703615934976,
    13.839750867647469,
    13.940526625072678,
    14.042036192909775,
    14.144284914484718,
    14.24727817203151,
    14.351021386975535,
    14.4555200202189,
    14.560779572427908,
    14.666805584322612,
    14.773603636968456,
    14.881179352070067,
    14.989538392267157,
    15.098686461432635,
    15.208629304972797,
    15.3193727101298,
    15.43092250628627,
    15.543284565272165,
    15.656464801673856,
    15.770469173145456,
    15.885303680722455,
    16.000974369137555,
    16.117487327138893,
    16.23484868781053,
    16.353064628895304,
    16.472141373119996,
    16.59208518852289,
    16.71290238878375,
    16.834599333556106,
    16.957182428802053,
    17.08065812712945,
    17.20503292813156,
    17.33031337872922,
    17.456506073515378,
    17.583617655102344,
    17.71165481447134,
    17.840624291324765,
    17.97053287444093,
    18.101387402031435,
    18.233194762101135,
    18.365961892810642,
    18.49969578284165,
    18.634403471764717,
    18.77009205040986,
    18.906768661239813,
    19.044440498725958,
    19.18311480972711,
    19.322798893870846,
    19.463500103937918,
    19.60522584624916,
    19.747983581055397,
    19.891780822930148,
    20.036625141165167,
    20.182524160168914,
    20.329485559867805,
    20.477517076110612,
    20.62662650107553,
    20.776821683680442,
    20.92811052999602,
    21.080501003661904,
    21.23400112630596,
    21.388618977966377,
    21.544362697517172,
    21.70124048309647,
    21.859260592538096,
    22.018431343806295,
    22.178761115433467,
    22.340258346961352,
    22.502931539385113,
    22.66678925560097,
    22.831840120856832,
    22.998092823206346,
    23.16555611396629,
    23.334238808177084,
    23.50414978506698,
    23.675297988519308,
    23.847692427543347,
    24.02134217674852,
    24.19625637682207,
    24.37244423501026,
    24.549915025602903,
    24.728678090421727,
    24.908742839311966,
    25.09011875063775,
    25.27281537178103,
    25.456842319644103,
    25.642209281155925,
    25.828926013781857,
    26.017002346037465,
    26.206448178005758,
    26.39727348185835,
    26.589488302380392,
    26.783102757499293,
    26.978127038817384,
    27.174571412148236,
    27.372446218057235,
    27.571761872405744,
    27.772528866899442,
    27.974757769640597,
    28.17845922568431,
    28.383643957598967,
    28.59032276603047,
    28.798506530270995,
    29.00820620883148,
    29.21943284001856,
    29.432197542515578,
    29.64651151596786,
    29.862386041572297,
    30.07983248267104,
    30.29886228534984,
    30.519486979040387,
    30.741718177127293,
    30.965567577559376,
    31.19104696346542,
    31.418168203774496,
    31.646943253840547,
    31.87738415607194,
    32.109503040565166,
    32.34331212574343,
    32.57882371899988,
    32.81605021734525,
    33.0550041080607,
    33.29569796935483,
    33.53814447102608,
    33.782356375129396,
    34.02834653664814,
    34.276127904170785,
    34.525713520572346,
    34.77711652370118,
    35.03035014707033,
    35.28542772055424,
    35.54236267109036,
    35.80116852338596,
    36.06185890063011,
    36.324447525210566,
    36.588948219436396,
    36.855374906265354,
    37.123741610036824,
    37.39406245721007,
    37.6663516771078,
    37.94062360266525,
    38.21689267118447,
    38.49517342509454,
    38.775480512716854,
    39.057828689036285,
    39.342232816477825,
    39.628707865688966,
    39.91726891632775,
    40.20793115785639,
    40.50070989034107,
    40.795620525257114,
    41.0926785863003,
    41.39189971020403,
    41.693299647562355,
    41.996894263659215,
    42.30269953930329,
    42.61073157166956,
    42.92100657514635,
    43.233540882188976,
    43.54835094417941,
    43.86545333229228,
    44.184864738367224,
    44.5066019757873,
    44.83068198036434,
    45.157121811230155,
    45.48593865173462,
    45.817149810350266,
    46.15077272158312,
    46.48682494689078,
    46.82532417560645,
    47.16628822587044,
    47.50973504556783,
    47.855682713273325,
    48.20414943920296,
    48.55515356617241,
    48.90871357056287,
    49.26484806329336,
    49.6235757908005,
    49.98491563602528,
    50.34888661940696,
    50.7155078998845,
    51.08479877590469,
    51.45677868643838,
    51.83146721200348,
    52.20888407569572,
    52.58904914422686,
    52.97198242897041,
    53.35770408701512,
    53.746234422225754,
    54.13759388631221,
    54.5318030799058,
    54.928882753643734,
    55.32885380926143,
    55.731737300692686,
    56.13755443517808,
    56.54632657438099,
    56.95807523551242,
    57.37282209246336,
    57.790588976945756,
    58.21139787964175,
    58.63527095136113,
    59.06223050420751,
    59.4922990127525,
    59.9254991152191,
    60.36185361467306,
    60.801385480223345,
    61.24411784823114,
    61.690074023527735,
    62.13927748064133,
    62.59175186503257,
    63.04752099433927,
    63.50660885963018,
    63.96903962666779,
