{
  "c": 0.05,
  "f1": 0.556701030927835,
  "prec": 0.45,
  "rec": 0.7297297297297297,
  "tp": 27,
  "fp": 33,
  "fn": 10,
  "tn": 10
}