{
  "cm_at_c1": {
    "TP": 0,
    "TN": 115,
    "FP": 0,
    "FN": 64,
    "precision": 0.0,
    "recall": 0.0,
    "accuracy": 0.6424581005586593,
    "F1": 0.0
  },
  "pr_auc": 0.4734958048775339,
  "roc_auc": 0.6531929347826089,
  "prevalence": 0.3575418994413408,
  "normalized_auprc": 0.18048477454850928,
  "c_grid": [
    2.639203170892702,
    2.659499352949491,
    2.67995161810387,
    2.700561166676829,
    2.7213292082201517,
    2.742256961587396,
    2.763345655005436,
    2.7845965261465375,
    2.8060108222009994,
    2.8275897999503514,
    2.8493347258411075,
    2.8712468760590997,
    2.8933275366043696,
    2.915578003366646,
    2.9379995822013982,
    2.9605935890064745,
    2.9833613497993325,
    3.00630420079486,
    3.0294234884837965,
    3.052720569711757,
    3.0761968117588663,
    3.0998535924199975,
    3.12369230008564,
    3.147714333823377,
    3.1719211034599994,
    3.196314029664244,
    3.220894544030174,
    3.2456640891611928,
    3.270624118754714,
    3.295776097687475,
    3.3211215021015104,
    3.3466618194907807,
    3.3723985487884773,
    3.3983332004549913,
    3.424467296566559,
    3.4508023709045927,
    3.4773399690456976,
    3.504081648452375,
    3.5310289785644353,
    3.5581835408911013,
    3.5855469291038284,
    3.6131207491298314,
    3.640906619246339,
    3.668906170175567,
    3.697121045180424,
    3.72555290016095,
    3.754203403751506,
    3.783074237418693,
    3.8121670955600484,
    3.84148368560348,
    3.871025728107477,
    3.9007949568620814,
    3.9307931189906515,
    3.9610219750523927,
    3.991483299145684,
    4.0221788790121975,
    4.053110516141821,
    4.084280025878381,
    4.115689237526188,
    4.147339994457396,
    4.179234154220185,
    4.2113735886477786,
    4.243760183968303,
    4.276395840915486,
    4.309282474840208,
    4.342422015822914,
    4.3758164087868865,
    4.409467613612387,
    4.443377605251689,
    4.477548373844977,
    4.51198192483715,
    4.546680279095515,
    4.581645473028394,
    4.616879558704637,
    4.652384603974055,
    4.6881626925887785,
    4.724215924325554,
    4.760546415108976,
    4.797156297135665,
    4.834047718999409,
    4.871222845817264,
    4.90868385935661,
    4.94643295816321,
    4.984472357690236,
    5.0228042904282875,
    5.061431006036419,
    5.100354771474168,
    5.139577871134601,
    5.179102606978377,
    5.218931298668857,
    5.259066283708235,
    5.299509917574725,
    5.340264573860801,
    5.381332644412503,
    5.4227165394698105,
    5.464418687808095,
    5.506441536880665,
    5.548787552962404,
    5.591459221294507,
    5.634459046230348,
    5.6777895513824514,
    5.721453279770597,
    5.765452793971074,
    5.809790676267069,
    5.854469528800223,
    5.8994919737233475,
    5.9448606533543105,
    5.990578230331119,
    6.036647387768176,
    6.083070829413761,
    6.1298512798087055,
    6.176991484446288,
    6.224494209933371,
    6.272362244152768,
    6.320598396426862,
    6.369205497682479,
    6.418186400617033,
    6.467543979865952,
    6.517281132171376,
    6.5674007765521765,
    6.617905854475267,
    6.668799330028225,
    6.720084190093266,
    6.771763444522529,
    6.8238401263147255,
    6.8763172917931445,
    6.92919802078502,
    6.982485416802292,
    7.036182607223731,
    7.090292743478501,
    7.1448190012311,
    7.199764580567737,
    7.25513270618415,
    7.310926627574851,
    7.367149619223839,
    7.423804980796776,
    7.480896037334641,
    7.538426139448871,
    7.596398663518004,
    7.65481701188584,
    7.71368461306112,
    7.773004921918729,
    7.832781419902481,
    7.893017615229421,
    7.953717043095731,
    8.014883265884198,
    8.076519873373297,
    8.138630482947857,
    8.201218739811374,
    8.264288317199938,
    8.327842916597813,
    8.391886267954668,
    8.456422129904494,
    8.521454289986185,
    8.586986564865827,
    8.653022800560695,
    8.719566872664974,
    8.786622686577205,
    8.854194177729498,
    8.922285311818499,
    8.990900085038108,
    9.060042524314053,
    9.129716687540194,
    9.199926663816687,
    9.270676573689963,
    9.341970569394574,
    9.413812835096863,
    9.486207587140537,
    9.55915907429413,
    9.63267157800034,
    9.706749412627303,
    9.781396925721822,
    9.856618498264497,
    9.932418544926847,
    10.0088015143304,
    10.085771889307786,
    10.163334187165814,
    10.241492959950605,
    10.320252794714735,
    10.399618313786455,
    10.479594175040944,
    10.560185072173713,
    10.641395734976049,
    10.723230929612601,
    10.80569545890111,
    10.888794162594273,
    10.972531917663792,
    11.05691363858659,
    11.141944277633236,
    11.227628825158604,
    11.313972309894714,
    11.40097979924591,
    11.48865639958623,
    11.577007256559103,
    11.666037555379337,
    11.75575252113744,
    11.846157419106266,
    11.937257555050039,
    12.02905827553573,
    12.12156496824686,
    12.214783062299663,
    12.308718028561755,
    12.403375379973191,
    12.498760671870016,
    12.594879502310304,
    12.6917375124027,
    12.78934038663749,
    12.88769385322022,
    12.986803684407882,
    13.086675696847674,
    13.18731575191836,
    13.288729756074304,
    13.390923661192083,
    13.493903464919805,
    13.59767521102911,
    13.702244989769857,
    13.807618938227574,
    13.913803240683622,
    14.020804128978149,
    14.128627882875838,
    14.237280830434427,
    14.346769348376146,
    14.45709986246192,
    14.568278847868509,
    14.68031282956852,
    14.793208382713354,
    14.906972133019098,
    15.021610757155372,
    15.137130983137185,
    15.253539590719797,
    15.370843411796582,
    15.489049330800041,
    15.6081642851058,
    15.728195265439771,
    15.849149316288425,
    15.971033536312234,
    16.09385507876227,
    16.21762115190004,
    16.342339019420507,
    16.468016000878418,
    16.594659472117836,
    16.722276865705084,
    16.85087567136489,
    16.980463436419996,
    17.111047766234076,
    17.242636324658104,
    17.375236834480123,
    17.508857077878492,
    17.643504896878618,
    17.779188193813194,
    17.915914931785963,
    18.05369313513909,
    18.192530889924083,
    18.332436344376365,
    18.47341770939348,
    18.61548325901698,
    18.75864133091802,
    18.90290032688669,
    19.048268713325108,
    19.194755021744303,
    19.342367849264896,
    19.4911158591217,
    19.641007781172128,
    19.792052412408548,
    19.944258617474553,
    20.09763532918524,
    20.25219154905145,
    20.407936347808068,
    20.56487886594636,
    20.72302831425045,
    20.882393974337827,
    21.04298519920415,
    21.204811413772124,
    21.367882115444637,
    21.532206874662158,
    21.697795335464424,
    21.864657216056425,
    22.03280230937876,
    22.20224048368238,
    22.37298168310775,
    22.545035928268405,
    22.71841331683914,
    22.893124024148566,
    23.069178303776305,
    23.246586488154772,
    23.425358989175557,
    23.6055062988005,
    23.78703898967745,
    23.969967715760756,
    24.154303212936558,
    24.340056299652808,
    24.52723787755427,
    24.715858932122277,
    24.905930533319463,
    25.09746383623945,
    25.290470081761537,
    25.484960597210403,
    25.680946797020898,
    25.878440183407946,
    26.077452347041618,
    26.277994967727302,
    26.480079815091276,
    26.6837187492714,
    26.888923721613175,
    27.095706775371163,
    27.304080046415805,
    27.51405576394563,
    27.72564625120502,
    27.93886392620737,
    28.15372130246399,
    28.37023098971843,
    28.58840569468656,
    28.808258221802323,
    29.029801473969194,
    29.25304845331744,
    29.47801226196722,
    29.704706102797505,
    29.933143280220982,
    30.1633372009648,
    30.39530137485749,
    30.62904941562178,
    30.864595041673585,
    31.101952076927137,
    31.341134451606276,
    31.582156203062013,
    31.82503147659636,
    32.06977452629251,
    32.316399715851404,
