{
  "c": 0.05,
  "f1": 0.5555555555555556,
  "prec": 0.4166666666666667,
  "rec": 0.8333333333333334,
  "tp": 25,
  "fp": 35,
  "fn": 5,
  "tn": 15
}