{
  "cm_at_c1": {
    "TP": 0,
    "TN": 138,
    "FP": 0,
    "FN": 42,
    "precision": 0.0,
    "recall": 0.0,
    "accuracy": 0.7666666666666667,
    "F1": 0.0
  },
  "pr_auc": 0.2788051022151508,
  "roc_auc": 0.6044685990338164,
  "prevalence": 0.23333333333333334,
  "normalized_auprc": 0.05931100288932715,
  "auprg": NaN,
  "ece_rank": 0.28410067526089633,
  "c_grid": [
    3.3183450628007765,
    3.344724120012169,
    3.371312876530351,
    3.3981129993519468,
    3.425126168725304,
    3.45235407825584,
    3.479798435012224,
    3.507460959633405,
    3.535343386436482,
    3.5634474635254425,
    3.5917749529007597,
    3.6203276305698644,
    3.649107286658487,
    3.678115725522896,
    3.707354765863022,
    3.736826240836479,
    3.7665319981734986,
    3.7964739002927717,
    3.8266538244182193,
    3.8570736626966777,
    3.8877353223165345,
    3.918640725627297,
    3.9497918102601184,
    3.981190529249276,
    4.0128388511546165,
    4.044738760184981,
    4.076892256322601,
    4.1093013554484905,
    4.141968089468831,
    4.174894506442369,
    4.208082670708811,
    4.241534663018256,
    4.275252580661643,
    4.309238537602251,
    4.343494664608224,
    4.378023109386166,
    4.4128260367157965,
    4.447905628585666,
    4.483264084329958,
    4.518903620766383,
    4.554826472335156,
    4.59103489123909,
    4.627531147584799,
    4.66431752952502,
    4.7013963434020765,
    4.73876991389247,
    4.776440584152627,
    4.814410715965812,
    4.85268268989019,
    4.891258905408084,
    4.930141781076411,
    4.969333754678313,
    5.008837283375995,
    5.04865484386478,
    5.0887889325283835,
    5.129242065595433,
    5.170016779297214,
    5.211115630026687,
    5.2525411944987646,
    5.2942960699118515,
    5.336382874110681,
    5.378804245750448,
    5.421562844462233,
    5.4646613510197515,
    5.5081024675074275,
    5.551888917489801,
    5.596023446182289,
    5.640508820623289,
    5.685347829847663,
    5.730543285061604,
    5.776098019818878,
    5.822014890198477,
    5.86829677498369,
    5.914946575842575,
    5.961967217509896,
    6.009361647970481,
    6.057132838644051,
    6.105283784571517,
    6.15381750460275,
    6.202737041585852,
    6.252045462557935,
    6.301745858937401,
    6.3518413467177615,
    6.40233506666301,
    6.453230184504508,
    6.504529891139493,
    6.556237402831106,
    6.608355961410054,
    6.660888834477856,
    6.713839315611699,
    6.767210724570937,
    6.821006407505229,
    6.875229737164317,
    6.929884113109488,
    6.98497296192672,
    7.04049973744149,
    7.0964679209353445,
    7.152881021364136,
    7.209742575578026,
    7.2670561485432374,
    7.324825333565552,
    7.383053752515596,
    7.441745056055924,
    7.50090292386989,
    7.560531064892347,
    7.620633217542191,
    7.681213149956725,
    7.742274660227927,
    7.8038215766405585,
    7.865857757912178,
    7.928387093435081,
    7.991413503520132,
    8.054940939642558,
    8.11897338468969,
    8.183514853210669,
    8.248569391668134,
    8.31414107869194,
    8.38023402533483,
    8.446852375330225,
    8.514000305351994,
    8.581682025276299,
    8.649901778445571,
    8.718663841934518,
    8.787972526818288,
    8.857832178442772,
    8.928247176697003,
    8.99922193628778,
    9.070760907016458,
    9.142868574057896,
    9.215549458241696,
    9.28880811633562,
    9.362649141331266,
    9.437077162732065,
    9.512096846843493,
    9.587712897065646,
    9.663930054188127,
    9.740753096687257,
    9.81818684102567,
    9.896236141954297,
    9.97490589281671,
    10.054201025855937,
    10.134126512523695,
    10.21468736379204,
    10.295888630467578,
    10.377735403508114,
    10.460232814341804,
    10.54338603518892,
    10.627200279386082,
    10.711680801713145,
    10.796832898722629,
    10.882661909071802,
    10.969173213857374,
    11.056372236952873,
    11.144264445348721,
    11.23285534949496,
    11.322150503646752,
    11.412155506212578,
    11.502876000105278,
    11.594317673095794,
    11.686486258169793,
    11.779387533887094,
    11.87302732474396,
    11.967411501538251,
    12.062545981737513,
    12.158436729849985,
    12.255089757798528,
    12.352511125297562,
    12.45070694023296,
    12.549683359045018,
    12.649446587114397,
    12.750002879151216,
    12.851358539587162,
    12.95351992297077,
    13.056493434365802,
    13.16028552975283,
    13.264902716434008,
    13.370351553441035,
    13.476638651946388,
    13.583770675677787,
    13.691754341336026,
    13.80059641901603,
    13.910303732631354,
    14.020883160341985,
    14.132341634985591,
    14.244686144512153,
    14.357923732422087,
    14.472061498207866,
    14.587106597799101,
    14.703066244011197,
    14.819947706997535,
    14.937758314705336,
    15.056505453335026,
    15.17619656780337,
    15.296839162210206,
    15.41844080030894,
    15.541009105980725,
    15.66455176371247,
    15.78907651907863,
    15.914591179226804,
    16.04110361336722,
    16.168621753266063,
    16.29715359374283,
    16.426707193171495,
    16.557290673985786,
    16.688912223188407,
    16.82158009286433,
    16.955302600698154,
    17.090088130495577,
    17.22594513270907,
    17.36288212496764,
    17.500907692610873,
    17.64003048922715,
    17.780259237196265,
    17.92160272823619,
    18.064069823954366,
    18.20766945640322,
    18.352410628640204,
    18.498302415292212,
    18.64535396312454,
    18.793574491614354,
    18.942973293528706,
    19.093559735507142,
    19.245343258648933,
    19.398333379105033,
    19.552539688674646,
    19.70797185540664,
    19.86463962420567,
    20.022552817443128,
    20.181721335572966,
    20.342155157752416,
    20.503864342467654,
    20.6668590281644,
    20.83114943388357,
    20.996745859901925,
    21.163658688377918,
    21.331898384002542,
    21.50147549465548,
    21.67240065206636,
    21.844684572481366,
    22.018338057335033,
    22.1933719939275,
    22.369797356107096,
    22.547625204958333,
    22.726866689495395,
    22.9075330473611,
    23.089635605531523,
    23.273185781026054,
    23.458195081623277,
    23.644675106582415,
    23.832637547370563,
    24.02209418839567,
    24.21305690774538,
    24.40553767793177,
    24.59954856664192,
    24.79510173749456,
    24.992209450802584,
    25.19088406434184,
    25.39113803412578,
    25.592983915186508,
    25.796434362361854,
    26.001502131088817,
    26.208200078203227,
    26.41654116274583,
    26.626538446774813,
    26.83820509618467,
    27.051554381531687,
    27.266599678865894,
    27.48335447056977,
    27.70183234620341,
    27.922047003356667,
    28.144012248507824,
    28.367741997889254,
    28.59325027835987,
    28.82055122828455,
    29.049659098420594,
    29.28058825281115,
    29.513353169685775,
    29.747968442368126,
    29.984448780190984,
    30.222809009418352,
    30.463064074175087,
    30.705229037383795,
    30.949319081709213,
    31.195349510510063,
    31.44333574879854,
    31.693293344207397,
    31.9452379679647,
    32.19918541587636,
    32.45515160931638,
    32.71315259622519,
    32.973204552115654,
    33.23532378108729,
    33.499526716848415,
    33.7658299237465,
    34.034250097806684,
    34.30480406777842,
    34.57750879619075,
    34.852381380415686,
    35.12943905374012,
    35.408699186446356,
    35.690179286900964,
    35.97389700265273,
    36.259870121538896,
    36.548116572800474,
    36.838654428206254,
    37.13150190318592,
    37.426677357971904,
    37.7241992987507,
    38.024086378823,
    38.32635739977321,
    38.63103131264821,
    38.938127219145436,
    39.247664372810625,
    39.55966218024479,
    39.87414020232102,
    40.19111815541077,
    40.510615912620096,
    40.832653505035445,
    41.15725112297971,
    41.48442911727797,
    41.81420800053339,
    42.146608448413346,
    42.481651300945515,
    42.81935756382469,
    43.1597484097296,
    43.502845179650386,
