{
  "cm_at_c1": {
    "TP": 0,
    "TN": 76,
    "FP": 0,
    "FN": 44,
    "precision": 0.0,
    "recall": 0.0,
    "accuracy": 0.6333333333333333,
    "F1": 0.0
  },
  "pr_auc": 0.3986465694980492,
  "roc_auc": 0.5536782296650717,
  "prevalence": 0.36666666666666664,
  "normalized_auprc": 0.05049458341797249,
  "c_grid": [
    2.7054142386403512,
    2.725706300890261,
    2.7461505645237785,
    2.766748171133162,
    2.7875002708732275,
    2.808408022525568,
    2.829472593563264,
    2.8506951602160706,
    2.872076907536101,
    2.8936190294639945,
    2.915322728895589,
    2.937189217749087,
    2.959219717032731,
    2.981415456912982,
    3.0037776767832094,
    3.0263076253329015,
    3.04900656061739,
    3.071875750128097,
    3.0949164708633115,
    3.118130009399499,
    3.141517661963139,
    3.1650807345031073,
    3.1888205427635983,
    3.212738412357598,
    3.2368356788408996,
    3.2611136877866853,
    3.2855737948606603,
    3.3102173658967504,
    3.3350457769733723,
    3.360060414490269,
    3.38526267524593,
    3.410653966515584,
    3.436235706129779,
    3.4620093225535586,
    3.487976254966219,
    3.514137953341677,
    3.540495878529436,
    3.567051502336152,
    3.5938063076078257,
    3.6207617883126018,
    3.647919449624186,
    3.675280808005899,
    3.702847391295353,
    3.7306207387897614,
    3.758602401331898,
    3.7867939413966885,
    3.815196933178464,
    3.8438129626788595,
    3.8726436277953726,
    3.9016905384105964,
    3.930955316482105,
    3.9604395961330296,
    3.990145023743305,
    4.020073258041597,
    4.050225970197934,
    4.080604843917014,
    4.111211575532228,
    4.142047874100381,
    4.173115461497123,
    4.204416072513097,
    4.2359514549508095,
    4.267723369722225,
    4.299733590947096,
    4.331983906052031,
    4.364476115870291,
    4.397212034742365,
    4.430193490617264,
    4.463422325154606,
    4.496900393827444,
    4.530629566025874,
    4.5646117251614315,
    4.5988487687722435,
    4.633342608628998,
    4.668095170841692,
    4.703108395967182,
    4.738384239117546,
    4.773924670069253,
    4.809731673373156,
    4.845807248465308,
    4.882153409778608,
    4.918772186855285,
    4.955665624460223,
    4.992835782695147,
    5.030284737113655,
    5.06801457883711,
    5.106027414671408,
    5.14432536722463,
    5.18291057502555,
    5.221785192643068,
    5.260951390806503,
    5.300411356526816,
    5.340167293218723,
    5.380221420823737,
    5.4205759759341285,
    5.461233211917812,
    5.502195399044174,
    5.543464824610842,
    5.585043793071405,
    5.626934626164096,
    5.669139663041434,
    5.71166126040084,
    5.754501792616232,
    5.797663651870608,
    5.841149248289631,
    5.8849610100762,
    5.929101383646043,
    5.97357283376432,
    6.018377843683257,
    6.063518915280806,
    6.108998569200354,
    6.1548193449914645,
    6.200983801251694,
    6.2474945157694535,
    6.294354085667951,
    6.341565127550223,
    6.389130277645232,
    6.437052191955077,
    6.485333546403303,
    6.533977036984315,
    6.582985379913935,
    6.63236131178106,
    6.682107589700478,
    6.732226991466818,
    6.782722315709668,
    6.833596382049837,
    6.8848520312568136,
    6.936492125407382,
    6.988519548045445,
    7.040937204343032,
    7.093748021262527,
    7.146954947720107,
    7.200560954750409,
    7.254569035672426,
    7.308982206256652,
    7.363803504893483,
    7.41903599276288,
    7.474682754005299,
    7.530746895893911,
    7.587231549008101,
    7.644139867408289,
    7.701475028812044,
    7.759240234771526,
    7.81743871085226,
    7.8760737068132425,
    7.935148496788419,
    7.994666379469494,
    8.054630678290135,
    8.115044741611555,
    8.175911942909478,
    8.2372356809625,
    8.299019380041894,
    8.361266490102809,
    8.423980486976912,
    8.48716487256648,
    8.550823175039937,
    8.61495894902887,
    8.679575775826514,
    8.744677263587734,
    8.810267047530496,
    8.87634879013885,
    8.94292618136746,
    9.01000293884762,
    9.077582808094869,
    9.145669562718126,
    9.2142670046304,
    9.283378964261107,
    9.353009300769928,
    9.423161902262327,
    9.493840686006656,
    9.56504959865287,
    9.636792616452938,
    9.709073745482854,
    9.781897021866328,
    9.855266512000185,
    9.929186312781399,
    10.003660551835885,
    10.078693387748965,
    10.154289010297596,
    10.230451640684313,
    10.30718553177294,
    10.384494968326075,
    10.462384267244323,
    10.54085777780738,
    10.61991988191688,
    10.69957499434107,
    10.779827562961346,
    10.860682069020578,
    10.942143027373415,
    11.024214986738299,
    11.106902529951533,
    11.190210274223158,
    11.274142871394751,
    11.358705008199244,
    11.443901406522546,
    11.529736823667271,
    11.61621605261837,
    11.70334392231073,
    11.791125297898887,
    11.87956508102862,
    11.968668210110703,
    12.058439660596655,
    12.148884445256527,
    12.240007614458895,
    12.331814256452759,
    12.424309497651763,
    12.5174985029204,
    12.611386475862407,
    12.705978659111391,
    12.801280334623486,
    12.897296823972365,
    12.994033488646366,
    13.091495730347848,
    13.18968899129489,
    13.288618754525087,
    13.388290544201796,
    13.488709925922558,
    13.589882507029897,
    13.69181393692442,
    13.79450990738027,
    13.897976152862968,
    14.002218450849607,
    14.107242622151471,
    14.213054531239063,
    14.31966008656954,
    14.427065240916722,
    14.535275991703378,
    14.644298381336206,
    14.75413849754321,
    14.86480247371359,
    14.976296489240326,
    15.088626769865112,
    15.201799588026082,
    15.315821263208038,
    15.43069816229528,
    15.546436699927225,
    15.663043338856477,
    15.780524590309797,
    15.898887014351647,
    16.018137220250473,
    16.13828186684784,
    16.259327662930154,
    16.381281367603368,
    16.50414979067035,
    16.627939793011137,
    16.752658286966103,
    16.87831223672184,
    17.00490865870012,
    17.132454621949652,
    17.26095724854078,
    17.390423713963266,
    17.520861247526845,
    17.652277132765,
    17.78467870784163,
    17.918073365960794,
    18.052468555779587,
    18.187871781824008,
    18.32429060490805,
    18.461732642555894,
    18.60020556942723,
    18.73971711774585,
    18.88027507773134,
    19.021887298034162,
    19.16456168617387,
    19.308306208980664,
    19.45312889304027,
    19.59903782514208,
    19.746041152730836,
    19.89414708436142,
    20.04336389015734,
    20.19369990227247,
    20.345163515356283,
    20.49776318702272,
    20.65150743832229,
    20.80640485421802,
    20.962464084064763,
    21.119693842092158,
    21.278102907891327,
    21.437700126904964,
    21.5984944109214,
    21.760494738572156,
    21.923710155833287,
    22.088149776530614,
    22.253822782848466,
    22.42073842584255,
    22.588906025956465,
    22.758334973542098,
    22.929034729384117,
    23.10101482522808,
    23.27428486431281,
    23.44885452190659,
    23.624733545847374,
    23.80193175708722,
    23.980459050240537,
    24.160325394136706,
    24.34154083237668,
    24.524115483893826,
    24.708059543518967,
    24.893383282549603,
    25.080097049323523,
    25.268211269796616,
    25.45773644812504,
    25.64868316725179,
    25.841062089497573,
    26.034883957156335,
    26.230159593094914,
    26.426899901357515,
    26.625115867774547,
    26.824818560576006,
    27.026019131009658,
    27.228728813963546,
    27.432958928593415,
    27.638720878954857,
    27.846026154639897,
    28.054886331418803,
    28.265313071886222,
    28.477318126112657,
    28.69091333230038,
    28.906110617444533,
    29.122921997999242,
    29.341359580548378,
    29.561435562481822,
    29.783162232676354,
    30.00655197218194,
    30.231617254913168,
    30.458370648345586,
    30.686824814217683,
    30.916992509237705,
    31.148886585796077,
