{
  "c": 0.05,
  "f1": 0.5057471264367815,
  "prec": 0.36666666666666664,
  "rec": 0.8148148148148148,
  "tp": 22,
  "fp": 38,
  "fn": 5,
  "tn": 15
}