{
  "cm_at_c1": {
    "TP": 0,
    "TN": 91,
    "FP": 0,
    "FN": 29,
    "precision": 0.0,
    "recall": 0.0,
    "accuracy": 0.7583333333333333,
    "F1": 0.0
  },
  "pr_auc": 0.21923426334714366,
  "roc_auc": 0.4511178476695719,
  "prevalence": 0.24166666666666667,
  "normalized_auprc": -0.02958119119057979,
  "auprg": NaN,
  "ece_rank": 0.36880165289256206,
  "c_grid": [
    3.510590109455094,
    3.5342534457536994,
    3.5580762861434474,
    3.582059705770917,
    3.6062047870297755,
    3.6305126196096293,
    3.6549843005452005,
    3.679620934265834,
    3.704423632645348,
    3.72939351505221,
    3.754531708400057,
    3.7798393471985485,
    3.8053175736045763,
    3.830967537473807,
    3.856790396412572,
    3.8827873158301185,
    3.908959468991203,
    3.9353080370690403,
    3.961834209198609,
    3.9885391825303254,
    4.015424162284066,
    4.0424903618035595,
    4.0697390026111515,
    4.097171314462929,
    4.124788535404222,
    4.152591911825473,
    4.180582698518496,
    4.208762158733101,
    4.237131564234105,
    4.265692195358731,
    4.294445341074389,
    4.323392299036849,
    4.352534375648803,
    4.3818728861188285,
    4.411409154520742,
    4.441144513853358,
    4.471080306100641,
    4.501217882292284,
    4.531558602564669,
    4.562103836222259,
    4.592854961799389,
    4.623813367122488,
    4.6549804493727125,
    4.686357615148991,
    4.717946280531522,
    4.749747871145671,
    4.781763822226315,
    4.813995578682613,
    4.846444595163221,
    4.879112336121937,
    4.912000275883792,
    4.945109898711597,
    4.978442698872917,
    5.012000180707518,
    5.045783858695251,
    5.0797952575244105,
    5.11403591216054,
    5.1485073679157045,
    5.183211180518238,
    5.218148916182949,
    5.253322151681813,
    5.288732474415119,
    5.324381482483129,
    5.360270784758188,
    5.396402000957338,
    5.432776761715421,
    5.469396708658664,
    5.506263494478773,
    5.543378783007519,
    5.580744249291824,
    5.618361579669366,
    5.656232471844675,
    5.694358634965759,
    5.732741789701239,
    5.771383668318001,
    5.810286014759377,
    5.849450584723848,
    5.888879145744285,
    5.928573477267718,
    5.968535370735638,
    6.008766629664855,
    6.049269069728889,
    6.090044518839913,
    6.131094817231244,
    6.172421817540402,
    6.214027384892719,
    6.255913396985507,
    6.298081744172811,
    6.340534329550715,
    6.3832730690432316,
    6.4262998914887755,
    6.4696167387272,
    6.513225565687449,
    6.557128340475776,
    6.60132704446457,
    6.645823672381775,
    6.690620232400914,
    6.735718746231722,
    6.781121249211383,
    6.826829790396391,
    6.872846432655023,
    6.919173252760441,
    6.9658123414844155,
    7.0127658036916865,
    7.0600357584349585,
    7.107624339050528,
    7.155533693254575,
    7.20376598324008,
    7.252323385774414,
    7.301208092297573,
    7.350422309021083,
    7.399968257027568,
    7.449848172370983,
    7.5000643061775385,
    7.55061892474729,
    7.601514309656421,
    7.652752757860213,
    7.704336581796706,
    7.756268109491063,
    7.808549684660637,
    7.861183666820741,
    7.914172431391139,
    7.9675183698032495,
    8.021223889608077,
    8.075291414584857,
    8.129723384850454,
    8.184522256969483,
    8.239690504065168,
    8.295230615930974,
    8.35114509914295,
    8.40743647717288,
    8.464107290502147,
    8.5211600967364,
    8.578597470720979,
    8.636422004657112,
    8.694636308218914,
    8.75324300867116,
    8.812244750987851,
    8.871644197971598,
    8.93144403037378,
    8.99164694701554,
    9.052255664909575,
    9.113272919382775,
    9.174701464199645,
    9.236544071686613,
    9.298803532857125,
    9.361482657537623,
    9.424584274494341,
    9.488111231560977,
    9.552066395767218,
    9.616452653468128,
    9.681272910474421,
    9.746530092183594,
    9.81222714371195,
    9.878367030027531,
    9.94495273608391,
    10.01198726695491,
    10.07947364797023,
    10.147414924851988,
    10.21581416385216,
    10.284674451890973,
    10.353998896696222,
    10.423790626943521,
    10.494052792397493,
    10.564788564053947,
    10.636001134282964,
    10.707693716972987,
    10.779869547675855,
    10.852531883752834,
    10.925684004521623,
    10.999329211404353,
    11.073470828076585,
    11.148112200617296,
    11.223256697659913,
    11.298907710544333,
    11.375068653469974,
    11.451742963649854,
    11.52893410146574,
    11.606645550624293,
    11.684880818314307,
    11.76364343536498,
    11.842936956405271,
    11.922764960024326,
    12.003131048932973,
    12.084038850126321,
    12.165492015047455,
    12.247494219752229,
    12.33004916507514,
    12.4131605767964,
    12.496832205810051,
    12.58106782829326,
    12.665871245876714,
    12.751246285816235,
    12.837196801165474,
    12.923726670949819,
    13.010839800341449,
    13.098540120835585,
    13.18683159042792,
    13.275718193793244,
    13.365203942465282,
    13.455292875017731,
    13.54598905724654,
    13.637296582353368,
    13.729219571130356,
    13.821762172146087,
    13.914928561932788,
    14.008722945174867,
    14.103149554898641,
    14.19821265266339,
    14.29391652875368,
    14.390265502372987,
    14.48726392183863,
    14.584916164778017,
    14.683226638326202,
    14.782199779324792,
    14.881840054522185,
    14.98215196077514,
    15.083140025251758,
    15.184808805635774,
    15.287162890332258,
    15.390206898674672,
    15.493945481133386,
    15.598383319525524,
    15.703525127226275,
    15.809375649381604,
    15.915939663122405,
    16.023221977780107,
    16.131227435103707,
    16.239960909478302,
    16.34942730814507,
    16.4596315714227,
    16.57057867293042,
    16.682273619812417,
    16.794721452963827,
    16.907927247258215,
    17.02189611177664,
    17.136633190038225,
    17.252143660232267,
    17.368432735451957,
    17.48550566392964,
    17.603367729273682,
    17.7220242507069,
    17.841480583306666,
    17.961742118246544,
    18.082814283039628,
    18.20470254178346,
    18.327412395406657,
    18.45094938191719,
    18.57531907665225,
    18.700527092529942,
    18.82657908030256,
    18.95348072881163,
    19.081237765244634,
    19.209855955393504,
    19.339341103914812,
    19.469699054591775,
    19.60093569059795,
    19.73305693476278,
    19.866068749838885,
    19.999977138771143,
    20.134788144967654,
    20.27050785257245,
    20.407142386740105,
    20.544697913912117,
    20.683180642095277,
    20.822596821141786,
    20.962952743031348,
    21.10425474215511,
    21.24650919560156,
    21.389722523444316,
    21.533901189031873,
    21.679051699279306,
    21.825180604961922,
    21.97229450101093,
    22.120400026811012,
    22.269503866500045,
    22.41961274927073,
    22.57073344967424,
    22.722872787926043,
    22.87603763021365,
    23.030234889006504,
    23.185471523367962,
    23.34175453926934,
    23.49909098990611,
    23.657487976016228,
    23.816952646200573,
    23.977492197245592,
    24.139113874448093,
    24.3018249719422,
    24.465632833028597,
    24.630544850505913,
    24.79656846700437,
    24.963711175321627,
    25.131980518761036,
    25.30138409147199,
    25.4719295387927,
    25.643624557595217,
    25.81647689663281,
    25.99049435688966,
    26.16568479193294,
    26.34205610826725,
    26.519616265691443,
    26.69837327765786,
    26.878335211633964,
    27.05951018946647,
    27.24190638774788,
    27.425532038185448,
    27.610395427972783,
    27.796504900163768,
    27.983868854049145,
    28.17249574553555,
    28.362394087527147,
    28.553572450309836,
    28.746039461938018,
    28.939803808623992,
    29.134874235129985,
    29.33125954516281,
    29.528968601771126,
    29.728010327745544,
    29.928393706021236,
    30.130127780083395,
    30.333221654375293,
    30.53768449470929,
    30.7435255286804,
    30.950754046082803,
    31.159379399329058,
