{
  "cm_at_c1": {
    "TP": 0,
    "TN": 127,
    "FP": 0,
    "FN": 53,
    "precision": 0.0,
    "recall": 0.0,
    "accuracy": 0.7055555555555556,
    "F1": 0.0
  },
  "pr_auc": 0.29229249216626146,
  "roc_auc": 0.4989600356559204,
  "prevalence": 0.29444444444444445,
  "normalized_auprc": -0.0030500111029365205,
  "auprg": NaN,
  "ece_rank": 0.29947820748925724,
  "c_grid": [
    5.081592318076468,
    5.114918191301924,
    5.1484626207902044,
    5.182227039867293,
    5.21621289125915,
    5.250421627153353,
    5.284854709261155,
    5.319513608879937,
    5.354399806956079,
    5.389514794148236,
    5.424860070891037,
    5.460437147459191,
    5.496247544032028,
    5.532292790758444,
    5.5685744278222975,
    5.605094005508208,
    5.641853084267804,
    5.678853234786397,
    5.716096038050098,
    5.753583085413372,
    5.791315978667035,
    5.829296330106694,
    5.867525762601642,
    5.9060059096642,
    5.944738415519524,
    5.983724935175845,
    6.022967134495201,
    6.062466690264613,
    6.102225290267727,
    6.142244633356944,
    6.182526429525998,
    6.223072399983032,
    6.263884277224134,
    6.304963805107375,
    6.346312738927323,
    6.387932845490032,
    6.429825903188551,
    6.471993702078904,
    6.5144380439565825,
    6.557160742433536,
    6.600163623015658,
    6.6434485231807985,
    6.687017292457271,
    6.73087179250288,
    6.77501389718448,
    6.81944549265803,
    6.864168477449193,
    6.909184762534462,
    6.954496271422807,
    7.000104940237874,
    7.046012717800707,
    7.09222156571302,
    7.138733458441019,
    7.185550383399763,
    7.232674341038094,
    7.2801073449241045,
    7.327851421831179,
    7.375908611824604,
    7.424280968348721,
    7.472970558314688,
    7.521979462188785,
    7.5713097740813105,
    7.620963601836074,
    7.6709430671204375,
    7.721250305516002,
    7.771887466609838,
    7.822856714086342,
    7.874160225819696,
    7.925800193966907,
    7.977778825061504,
    8.030098340107797,
    8.082760974675786,
    8.1357689789967,
    8.189124618059115,
    8.242830171705771,
    8.296887934730966,
    8.351300216978613,
    8.406069343440945,
    8.461197654357855,
    8.516687505316893,
    8.572541267353918,
    8.62876132705441,
    8.68535008665545,
    8.742309964148367,
    8.799643393382047,
    8.857352824166938,
    8.915440722379726,
    8.973909570068704,
    9.032761865559818,
    9.092000123563428,
    9.151626875281755,
    9.211644668517035,
    9.272056067780397,
    9.33286365440142,
    9.394070026638456,
    9.45567779978963,
    9.517689606304604,
    9.580108095897058,
    9.642935935657897,
    9.706175810169233,
    9.76983042161908,
    9.83390248991682,
    9.898394752809434,
    9.963309965998457,
    10.02865090325776,
    10.094420356552043,
    10.160621136156148,
    10.227256070775148,
    10.294328007665184,
    10.361839812755159,
    10.429794370769189,
    10.498194585349838,
    10.567043379182232,
    10.636343694118915,
    10.706098491305552,
    10.77631075130746,
    10.846983474236975,
    10.918119679881643,
    10.989722407833224,
    11.061794717617614,
    11.134339688825555,
    11.207360421244209,
    11.280860034989638,
    11.354841670640115,
    11.429308489370298,
    11.504263673086323,
    11.579710424561773,
    11.65565196757452,
    11.732091547044453,
    11.80903242917217,
    11.886477901578518,
    11.96443127344506,
    12.042895875655498,
    12.121875060937995,
    12.201372204008411,
    12.281390701714516,
    12.361933973181154,
    12.443005459956318,
    12.524608626158187,
    12.606746958623193,
    12.689423967054976,
    12.772643184174344,
    12.856408165870254,
    12.940722491351742,
    13.025589763300834,
    13.111013608026507,
    13.196997675619654,
    13.283545640109027,
    13.370661199618212,
    13.458348076523688,
    13.546610017613853,
    13.63545079424911,
    13.72487420252305,
    13.814884063424635,
    13.90548422300145,
    13.99667855252408,
    14.088470948651487,
    14.180865333597547,
    14.2738656552986,
    14.36747588758219,
    14.461700030336841,
    14.556542109682944,
    14.652006178144838,
    14.748096314823945,
    14.84481662557305,
    14.942171243171783,
    15.040164327503167,
    15.138800065731404,
    15.238082672480747,
    15.33801639001563,
    15.43860548842192,
    15.539854265789348,
    15.641767048395208,
    15.744348190889195,
    15.84760207647945,
    15.951533117119908,
    16.05614575369875,
    16.16144445622823,
    16.2674337240356,
    16.37411808595543,
    16.481502100523088,
    16.5895903561695,
    16.698387471417266,
    16.807898095077974,
    16.918126906450823,
    17.029078615522575,
    17.14075796316888,
    17.253169721356723,
    17.366318693348404,
    17.48020971390679,
    17.59484764950186,
    17.71023739851865,
    17.82638389146658,
    17.94329209119013,
    18.060966993080864,
    18.179413625290888,
    18.29863704894777,
    18.418642358370686,
    18.53943468128816,
    18.661019179057174,
    18.783401046883693,
    18.90658551404462,
    19.030577844111306,
    19.155383335174413,
    19.28100732007029,
    19.407455166608855,
    19.534732277803002,
    19.66284409209938,
    19.791796083610816,
    19.92159376235025,
    20.052242674466136,
    20.18374840247941,
    20.316116565522076,
    20.44935281957728,
    20.58346285772096,
    20.71845241036513,
    20.8543272455028,
    20.99109316895431,
    21.12875602461548,
    21.267321694707338,
    21.40679610002742,
    21.54718520020276,
    21.68849499394457,
    21.83073151930455,
    21.973900853932847,
    22.11800911533782,
    22.2630624611474,
    22.409067089372176,
    22.556029238670252,
    22.703955188613854,
    22.852851259957614,
    23.002723814908617,
    23.153579257398338,
    23.30542403335622,
    23.45826463098509,
    23.61210758103845,
    23.766959457099496,
    23.922826875861986,
    24.079716497412985,
    24.237635025517463,
    24.39658920790474,
    24.556585836556735,
    24.7176317479983,
    24.87973382358927,
    25.04289898981847,
    25.207134218599766,
    25.372446527569906,
    25.53884298038837,
    25.70633068703922,
    25.874916804134926,
    26.04460853522213,
    26.215413131089427,
    26.387337890077237,
    26.56039015838964,
    26.734577330408225,
    26.909906849008124,
    27.086386205876007,
    27.264022941830156,
    27.442824647142725,
    27.622798961864067,
    27.803953576149187,
    27.986296230586273,
    28.16983471652754,
    28.354576876422104,
    28.54053060415104,
    28.72770384536477,
    28.916104597822514,
    29.105740911734028,
    29.29662089010359,
    29.48875268907627,
    29.682144518286414,
    29.87680464120837,
    30.07274137550969,
    30.269963093406485,
    30.46847822202111,
    30.668295243742353,
    30.86942269658783,
    31.071869174568757,
    31.275643328057235,
    31.480753864155872,
    31.687209547069806,
    31.895019198481155,
    32.10419169792605,
    32.31473598317399,
    32.52666105060973,
    32.739975955617744,
    32.95468981296914,
    33.17081179721108,
    33.38835114305882,
    33.60731714579037,
    33.8277191616436,
    34.049566608216004,
    34.27286896486719,
    34.4976357731239,
    34.72387663708763,
    34.951601223845095,
    35.18081926388132,
    35.41154055149528,
    35.6437749452185,
    35.877532368236395,
    36.112822808812055,
    36.349656320713166,
    36.588043023641646,
    36.82799310366597,
    37.0695168136564,
    37.31262447372315,
    37.55732647165735,
    37.80363326337482,
    38.051555373362895,
    38.30110339513024,
    38.552287991659306,
    38.80511989586204,
    39.05960991103854,
    39.31576891133863,
    39.57360784222644,
    39.83313772094821,
    40.09436963700301,
    40.35731475261653,
    40.621984303218035,
    40.88838959792062,
    41.15654202000418,
    41.42645302740194,
    41.69813415319009,
    41.97159700608053,
    42.246853270916816,
    42.52391470917361,
