{
  "c": 0.05,
  "f1": 0.5052631578947367,
  "prec": 0.4,
  "rec": 0.6857142857142857,
  "tp": 24,
  "fp": 36,
  "fn": 11,
  "tn": 9
}