{
  "cm_at_c1": {
    "TP": 0,
    "TN": 112,
    "FP": 0,
    "FN": 68,
    "precision": 0.0,
    "recall": 0.0,
    "accuracy": 0.6222222222222222,
    "F1": 0.0
  },
  "pr_auc": 0.46898482854685014,
  "roc_auc": 0.634388130252101,
  "prevalence": 0.37777777777777777,
  "normalized_auprc": 0.1465827601645806,
  "auprg": NaN,
  "ece_rank": 0.18514426028238182,
  "c_grid": [
    4.627157929944318,
    4.661011511515923,
    4.695112775358713,
    4.729463533585459,
    4.764065611566855,
    4.798920848028516,
    4.834031095148687,
    4.869398218656672,
    4.905024097931967,
    4.940910626104137,
    4.977059710153411,
    5.013473271012021,
    5.050153243666274,
    5.087101577259379,
    5.124320235195019,
    5.161811195241695,
    5.199576449637807,
    5.237618005197535,
    5.275937883417466,
    5.31453812058403,
    5.35342076788169,
    5.392587891501952,
    5.432041572753157,
    5.471783908171079,
    5.511817009630336,
    5.5521430044566085,
    5.5927640355396875,
    5.633682261447347,
    5.674899856540045,
    5.716419011086469,
    5.7582419313799225,
    5.800370839855574,
    5.842807975208542,
    5.885555592512871,
    5.92861596334135,
    5.97199137588624,
    6.015684135080851,
    6.059696562722027,
    6.10403099759353,
    6.148689795590323,
    6.193675329843747,
    6.238989990847638,
    6.2846361865853595,
    6.3306163426577475,
    6.376932902412015,
    6.423588327071587,
    6.470585095866885,
    6.517925706167078,
    6.565612673612782,
    6.613648532249745,
    6.662035834663505,
    6.710777152115026,
    6.759875074677336,
    6.8093322113731665,
    6.859151190313582,
    6.90933465883765,
    6.959885283653105,
    7.010805750978065,
    7.0620987666837705,
    7.113767056438371,
    7.165813365851767,
    7.2182404606215105,
    7.271051126679767,
    7.324248170341366,
    7.377834418452918,
    7.431812718543031,
    7.486185938973637,
    7.540956969092399,
    7.5961287193862566,
    7.651704121636088,
    7.707686129072498,
    7.764077716532757,
    7.820881880618871,
    7.878101639856826,
    7.935740034856994,
    7.993800128475695,
    8.052285005977968,
    8.111197775201507,
    8.170541566721825,
    8.230319534018596,
    8.290534853643234,
    8.351190725387687,
    8.412290372454487,
    8.473837041628007,
    8.535834003447006,
    8.598284552378423,
    8.661192006992428,
    8.724559710138792,
    8.788391029124499,
    8.852689355892696,
    8.917458107202942,
    8.982700724812753,
    9.048420675660513,
    9.114621452049695,
    9.181306571834437,
    9.24847957860649,
    9.316144041883508,
    9.384303557298733,
    9.45296174679207,
    9.522122258802547,
    9.59178876846219,
    9.661964977791326,
    9.732654615895287,
    9.803861439162596,
    9.875589231464554,
    9.947841804356324,
    10.020622997279485,
    10.093936677766024,
    10.167786741643889,
    10.242177113243995,
    10.317111745608747,
    10.392594620702129,
    10.468629749621272,
    10.545221172809628,
    10.622372960271658,
    10.700089211789123,
    10.778374057138912,
    10.857231656312543,
    10.936666199737171,
    11.016681908498306,
    11.097283034564102,
    11.17847386101128,
    11.260258702252774,
    11.342641904266944,
    11.425627844828565,
    11.509220933741434,
    11.593425613072688,
    11.678246357388891,
    11.76368767399377,
    11.849754103167761,
    11.936450218409252,
    12.023780626677638,
    12.111749968638092,
    12.200362918908223,
    12.289624186306416,
    12.379538514102114,
    12.470110680267846,
    12.561345497733098,
    12.653247814640133,
    12.745822514601539,
    12.839074516959808,
    12.933008777048707,
    13.027630286456617,
    13.12294407329176,
    13.218955202449429,
    13.315668775881075,
    13.413089932865482,
    13.51122385028183,
    13.610075742884774,
    13.7096508635816,
    13.809954503711312,
    13.910991993325839,
    14.01276870147327,
    14.11529003648313,
    14.218561446253815,
    14.322588418542052,
    14.427376481254548,
    14.532931202741711,
    14.63925819209357,
    14.746363099437808,
    14.854251616240024,
    14.962929475606186,
    15.07240245258726,
    15.18267636448611,
    15.293757071166587,
    15.405650475364983,
    15.518362523003619,
    15.631899203506881,
    15.746266550119444,
    15.861470640226898,
    15.97751759567867,
    16.094413583113347,
    16.212164814286393,
    16.330777546400192,
    16.450258082436587,
    16.570612771491785,
    16.69184800911375,
    16.813970237642085,
    16.936985946550333,
    17.060901672790866,
    17.18572400114219,
    17.311459564558927,
    17.438115044524224,
    17.565697171404842,
    17.694212724808786,
    17.82366853394558,
    17.954071477989128,
    18.085428486443305,
    18.217746539510188,
    18.351032668460952,
    18.485293956009535,
    18.620537536688964,
    18.756770597230513,
    18.894000376945606,
    19.032234168110485,
    19.17147931635373,
    19.311743221046594,
    19.453033335696187,
    19.595357168341565,
    19.738722281952704,
    19.88313629483239,
    20.028606881021044,
    20.175141770704492,
    20.322748750624765,
    20.471435664493892,
    20.62121041341069,
    20.772080956280632,
    20.924055310238735,
    21.077141551075666,
    21.231347813666787,
    21.38668229240452,
    21.543153241633735,
    21.700768976090423,
    21.859537871343477,
    22.019468364239792,
    22.180568953352623,
    22.342848199433153,
    22.506314725865423,
    22.67097721912454,
    22.836844429238294,
    23.003925170252153,
    23.172228320697588,
    23.341762824063903,
    23.51253768927344,
    23.68456199116038,
    23.857844870952878,
    24.032395536758916,
    24.208223264055555,
    24.385337396181843,
    24.563747344835296,
    24.743462590572033,
    24.92449268331061,
    25.106847242839432,
    25.29053595932799,
    25.475568593841732,
    25.661954978860795,
    25.849705018802513,
    26.038828690547703,
    26.229336043970832,
    26.42123720247403,
    26.614542363525118,
    26.809261799199394,
    27.005405856725567,
    27.20298495903555,
    27.402009605318366,
    27.602490371578,
    27.80443791119545,
    28.00786295549485,
    28.212776314313697,
    28.419188876577287,
    28.627111610877318,
    28.836555566054766,
    29.047531871787058,
    29.260051739179424,
    29.474126461360704,
    29.68976741408337,
    29.906986056328154,
    30.125793930912828,
    30.346202665105686,
    30.56822397124337,
    30.791869647353256,
    31.01715157778036,
    31.24408173381889,
    31.472672174348425,
    31.702935046474657,
    31.934882586174922,
    32.16852711894834,
    32.4038810604709,
    32.64095691725507,
    32.87976728731451,
    33.12032486083348,
    33.36264242084116,
    33.60673284389095,
    33.85260910074468,
    34.10028425706195,
    34.34977147409438,
    34.60108400938498,
    34.85423521747261,
    35.109238550601724,
    35.366107559437125,
    35.62485589378411,
    35.88549730331375,
    36.14804563829352,
    36.41251485032338,
    36.67891899307705,
    36.94727222304889,
    37.21758880030613,
    37.489883089246646,
    37.76416955936224,
    38.04046278600755,
    38.31877745117463,
    38.59912834427308,
    38.88153036291598,
    39.16599851371145,
    39.45254791306018,
    39.74119378795869,
    40.03195147680848,
    40.32483643023107,
    40.61986421188901,
    40.91705049931303,
    41.21641108473497,
    41.51796187592714,
    41.821718897047525,
    42.12769828949135,
    42.435916312748766,
    42.746389345268895,
    43.05913388533023,
    43.374166551917256,
    43.691504085603604,
    44.0111633494416,
    44.33316132985837,
    44.657515137558526,
    44.984242008433384,
    45.313359304476855,
    45.644884514708,
    45.978835256100524,
    46.31522927451875,
    46.65408444566078,
    46.9954187760083,
    47.33925040378341,
    47.68559759991258,
    48.03447876899748,
    48.38591245029292,
    48.73991731869217,
    49.09651218571923,
