{
  "c": 0.05,
  "f1": 0.2222222222222222,
  "prec": 0.13333333333333333,
  "rec": 0.6666666666666666,
  "tp": 8,
  "fp": 52,
  "fn": 4,
  "tn": 16
}