{
  "cm_at_c1": {
    "TP": 0,
    "TN": 163,
    "FP": 0,
    "FN": 17,
    "precision": 0.0,
    "recall": 0.0,
    "accuracy": 0.9055555555555556,
    "F1": 0.0
  },
  "pr_auc": 0.15254371457827018,
  "roc_auc": 0.6259473114399134,
  "prevalence": 0.09444444444444444,
  "normalized_auprc": 0.06415870321526769,
  "auprg": NaN,
  "ece_rank": 0.4089318600368325,
  "c_grid": [
    10.997346683385995,
    11.06969822312793,
    11.142525763622933,
    11.215832436479774,
    11.289621393910094,
    11.363895808863921,
    11.438658875166118,
    11.513913807653719,
    11.589663842314188,
    11.665912236424528,
    11.742662268691378,
    11.819917239391975,
    11.897680470516098,
    11.97595530590888,
    12.054745111414613,
    12.134053275021481,
    12.21388320700723,
    12.294238340085846,
    12.375122129555113,
    12.456538053445232,
    12.538489612668354,
    12.620980331169147,
    12.704013756076293,
    12.787593457855035,
    12.871723030460705,
    12.95640609149328,
    13.04164628235291,
    13.127447268396518,
    13.213812739095404,
    13.300746408193922,
    13.388252013869122,
    13.476333318891532,
    13.564994110786941,
    13.654238201999265,
    13.744069430054507,
    13.834491657725732,
    13.92550877319919,
    14.017124690241511,
    14.109343348368002,
    14.202168713012027,
    14.295604775695537,
    14.389655554200711,
    14.4843250927427,
    14.579617462143574,
    14.675536760007313,
    14.772087110896033,
    14.869272666507367,
    14.967097605852942,
    15.065566135438106,
    15.164682489442805,
    15.264450929903651,
    15.364875746897209,
    15.465961258724436,
    15.567711812096398,
    15.670131782321162,
    15.77322557349197,
    15.876997618676569,
    15.98145238010786,
    16.08659434937578,
    16.19242804762042,
    16.298958025726478,
    16.406188864518896,
    16.51412517495987,
    16.6227715983471,
    16.732132806513416,
    16.842213502027604,
    16.953018418396663,
    17.064552320269314,
    17.17682000364093,
    17.28982629605972,
    17.40357605683432,
    17.518074177242767,
    17.633325580742827,
    17.74933522318367,
    17.866108093019008,
    17.983649211521584,
    18.101963632999084,
    18.221056445011513,
    18.3409327685899,
    18.461597758456552,
    18.583056603246668,
    18.70531452573152,
    18.828376783042952,
    18.95224866689949,
    19.076935503833873,
    19.202442655422086,
    19.328775518513954,
    19.45593952546514,
    19.583940144370782,
    19.712782879300626,
    19.84247327053568,
    19.973016894806463,
    20.104419365532795,
    20.236686333065187,
    20.369823484927796,
    20.50383654606303,
    20.638731279077657,
    20.77451348449063,
    20.91118900098255,
    21.048763705646667,
    21.187243514241626,
    21.326634381445853,
    21.46694230111359,
    21.608173306532677,
    21.750333470683916,
    21.89342890650225,
    22.03746576713965,
    22.18245024622964,
    22.328388578153668,
    22.475287038309173,
    22.623151943379437,
    22.77198965160518,
    22.92180656305802,
    23.072609119915622,
    23.224403806738717,
    23.377197150750007,
    23.53099572211475,
    23.685806134223327,
    23.84163504397562,
    23.998489152067236,
    24.15637520327769,
    24.31529998676037,
    24.4752703363345,
    24.636293130779002,
    24.79837529412831,
    24.961523795970038,
    25.12574565174474,
    25.291047923047536,
    25.45743771793177,
    25.62492219121471,
    25.79350854478512,
    25.963204027912987,
    26.134015937561283,
    26.305951618699662,
    26.479018464620335,
    26.653223917255985,
    26.828575467499768,
    27.005080655527404,
    27.18274707112148,
    27.3615823539977,
    27.541594194133477,
    27.7227903320986,
    27.90517855938804,
    28.088766718757018,
    28.27356270455824,
    28.45957446308134,
    28.646809992894628,
    28.83527734518896,
    29.02498462412396,
    29.21593998717657,
    29.408151645491714,
    29.601627864235468,
    29.79637696295041,
    29.99240731591341,
    30.189727352495662,
    30.38834555752526,
    30.58827047165191,
    30.789510691714266,
    30.992074871109622,
    31.195971720165918,
    31.40121000651636,
    31.607798555476414,
    31.81574625042326,
    32.025062033177875,
    32.23575490438943,
    32.44783392392236,
    32.661308211245945,
    32.87618694582649,
    33.09247936752197,
    33.31019477697937,
    33.52934253603467,
    33.749932068115314,
    33.97197285864553,
    34.195474455454104,
    34.42044646918498,
    34.64689857371058,
    34.87484050654768,
    35.104282069276174,
    35.33523312796057,
    35.5677036135742,
    35.80170352242625,
    36.03724291659167,
    36.27433192434373,
    36.51298074058967,
    36.75319962730898,
    36.99499891399473,
    37.23838899809769,
    37.483380345473485,
    37.7299834908326,
    37.97820903819334,
    38.22806766133792,
    38.47957010427126,
    38.73272718168319,
    38.98754977941331,
    39.244048854919164,
    39.50223543774743,
    39.76212063000814,
    40.02371560685211,
    40.28703161695151,
    40.55207998298345,
    40.81887210211701,
    41.087419446503176,
    41.35773356376823,
    41.62982607751029,
    41.9037086877991,
    42.1793931716792,
    42.45689138367625,
    42.736215256306885,
    43.017376800591705,
    43.30038810657189,
    43.5852613438289,
    43.87200876200793,
    44.16064269134457,
    44.45117554319502,
    44.7436198105698,
    45.0379880686709,
    45.33429297543264,
    45.6325472720658,
    45.932763783605665,
    46.23495541946335,
    46.53913517398101,
    46.84531612699056,
    47.15351144437615,
    47.463734378640225,
    47.77599826947353,
    48.09031654432853,
    48.406702718996975,
    48.72517039819096,
    49.045733276127976,
    49.36840513711977,
    49.69319985616509,
    50.020131399546266,
    50.34921382542979,
    50.68046128447091,
    51.01388802042189,
    51.34950837074477,
    51.68733676722766,
    52.02738773660544,
    52.369675901184344,
    52.71421597947078,
    53.06102278680415,
    53.41011123599408,
    53.76149633796146,
    54.115193202384035,
    54.4712170383462,
    54.829583154992804,
    55.19030696218761,
    55.55340397117587,
    55.91888979525128,
    56.28678015042739,
    56.65709085611348,
    57.029837835794595,
    57.405037117716496,
    57.782704835574684,
    58.16285722920828,
    58.54551064529827,
    58.93068153807047,
    59.31838647000304,
    59.70864211253865,
    60.10146524680145,
    60.49687276431852,
    60.89488166774637,
    61.29550907160192,
    61.69877220299852,
    62.104688402386664,
    62.51327512429969,
    62.92454993810427,
    63.33853052875602,
    63.755234697559736,
    64.17468036293515,
    64.59688556118715,
    65.02186844728149,
    65.44964729562548,
    65.8802405008537,
    66.31366657861905,
    66.74994416638887,
    67.18909202424648,
    67.63112903569765,
    68.07607420848288,
    68.52394667539447,
    68.97476569509938,
    69.42855065296733,
    69.88532106190442,
    70.34509656319207,
    70.80789692733183,
    71.27374205489521,
    71.74265197737964,
    72.2146468580698,
    72.68974699290457,
    73.16797281134983,
    73.64934487727685,
    74.13388388984667,
    74.62161068440003,
    75.11254623335348,
    75.60671164710098,
    76.10412817492185,
    76.60481720589436,
    77.1088002698155,
    77.61609903812685,
    78.12673532484634,
    78.64073108750632,
    79.15810842809775,
    79.67888959402063,
    80.2030969790405,
    80.73075312425158,
    81.26188071904586,
    81.79650260208885,
    82.33464176230166,
    82.87632133984945,
    83.42156462713653,
    83.97039506980803,
    84.52283626775781,
    85.07891197614359,
    85.63864610640812,
    86.20206272730759,
    86.76918606594651,
    87.34004050881954,
    87.91465060286001,
    88.49304105649553,
    89.07523674071057,
    89.66126269011556,
    90.25114410402392,
    90.84490634753509,
    91.4425749526256,
    92.04417561924684,
    92.64973421643015,
