{
  "cm_at_c1": {
    "TP": 0,
    "TN": 83,
    "FP": 0,
    "FN": 37,
    "precision": 0.0,
    "recall": 0.0,
    "accuracy": 0.6916666666666667,
    "F1": 0.0
  },
  "pr_auc": 0.32895026199229827,
  "roc_auc": 0.522793878215565,
  "prevalence": 0.30833333333333335,
  "normalized_auprc": 0.029807607699708315,
  "auprg": NaN,
  "ece_rank": 0.31163911845730025,
  "c_grid": [
    112.2362930354095,
    112.44196842292492,
    112.64802071495029,
    112.85445060217118,
    113.06125877653876,
    113.26844593127227,
    113.47601276086125,
    113.68395996106794,
    113.89228822892957,
    114.1009982627607,
    114.31009076215565,
    114.51956642799048,
    114.72942596242594,
    114.93967006890935,
    115.15029945217717,
    115.36131481825726,
    115.57271687447133,
    115.78450632943724,
    115.99668389307142,
    116.20925027659123,
    116.42220619251738,
    116.63555235467625,
    116.84928947820234,
    117.06341827954064,
    117.27793947644906,
    117.49285378800082,
    117.70816193458681,
    117.9238646379181,
    118.13996262102829,
    118.35645660827596,
    118.57334732534709,
    118.79063549925762,
    119.00832185835539,
    119.22640713232333,
    119.4448920521814,
    119.66377735028917,
    119.88306376034828,
    120.10275201740487,
    120.3228428578521,
    120.54333701943256,
    120.7642352412408,
    120.98553826372574,
    121.20724682869321,
    121.42936167930843,
    121.65188356009844,
    121.87481321695468,
    122.09815139713544,
    122.32189884926838,
    122.54605632335303,
    122.7706245707633,
    122.99560434425017,
    123.22099639794365,
    123.44680148735607,
    123.67302036938416,
    123.89965380231166,
    124.1267025458119,
    124.35416736095029,
    124.58204901018692,
    124.81034825737916,
    125.0390658677841,
    125.2682026080612,
    125.49775924627484,
    125.7277365518969,
    125.95813529580931,
    126.1889562503067,
    126.4202001890989,
    126.65186788731363,
    126.88396012149899,
    127.11647766962616,
    127.34942131109197,
    127.5827918267215,
    127.81658999877082,
    128.05081661092913,
    128.2854724483222,
    128.5205582975143,
    128.7560749465112,
    128.99202318476273,
    129.22840380316526,
    129.46521759406468,
    129.7024653512587,
    129.9401478699998,
    130.17826594699775,
    130.41682038042228,
    130.65581196990578,
    130.895241516546,
    131.13510982290876,
    131.3754176930305,
    131.61616593242118,
    131.8573553480668,
    132.0989867484322,
    132.3410609434639,
    132.58357874459227,
    132.826540964735,
    133.06994841829933,
    133.313801921185,
    133.55810229078682,
    133.80285034599754,
    134.04804690721053,
    134.29369279632257,
    134.53978883673653,
    134.78633585336425,
    135.0333346726292,
    135.2807861224693,
    135.52869103233965,
    135.7770502332154,
    136.02586455759442,
    136.27513483950023,
    136.52486191448463,
    136.77504661963067,
    137.02568979355527,
    137.27679227641224,
    137.52835490989506,
    137.78037853723922,
    138.0328640032259,
    138.28581215418424,
    138.5392238379942,
    138.79309990408962,
    139.04744120346083,
    139.30224858865773,
    139.55752291379247,
    139.81326503454235,
    140.0694758081528,
    140.32615609344012,
    140.5833067507944,
    140.84092864218243,
    141.0990226311506,
    141.3575895828277,
    141.61663036392795,
    141.87614584275383,
    142.13613688919895,
    142.39660437475126,
    142.65754917249518,
    142.9189721571156,
    143.1808742049001,
    143.44325619374212,
    143.70611900314378,
    143.969463514219,
    144.2332906096963,
    144.4976011739218,
    144.76239609286228,
    145.027676254108,
    145.2934425468758,
    145.55969586201198,
    145.82643709199536,
    146.09366713094028,
    146.3613868745995,
    146.6295972203673,
    146.89829906728244,
    147.16749331603123,
    147.43718086895043,
    147.70736263003045,
    147.9780395049183,
    148.24921240092033,
    148.5208822270058,
    148.79304989380972,
    149.06571631363573,
    149.3388824004593,
    149.61254906993082,
    149.8867172393786,
    150.161387827812,
    150.43656175592446,
    150.7122399460966,
    150.98842332239937,
    151.26511281059703,
    151.54230933815043,
    151.82001383421988,
    152.09822722966845,
    152.3769504570651,
    152.65618445068768,
    152.93593014652612,
    153.21618848228573,
    153.49696039738973,
    153.7782468329833,
    154.06004873193618,
    154.3423670388459,
    154.62520270004103,
    154.9085566635842,
    155.1924298792755,
    155.4768232986555,
    155.76173787500846,
    156.04717456336564,
    156.33313432050835,
    156.6196181049712,
    156.9066268770454,
    157.19416159878185,
    157.48222323399452,
    157.77081274826347,
    158.0599311089383,
    158.34957928514126,
    158.63975824777052,
    158.9304689695035,
    159.2217124248002,
    159.5134895899058,
    159.80580144285506,
    160.09864896347477,
    160.3920331333873,
    160.68595493601387,
    160.9804153565778,
    161.27541538210792,
    161.57095600144177,
    161.86703820522897,
    162.16366298593448,
    162.46083133784205,
    162.75854425705742,
    163.05680274151175,
    163.35560779096485,
    163.65496040700876,
    163.9548615930708,
    164.2553123544172,
    164.55631369815634,
    164.85786663324225,
    165.1599721704775,
    165.46263132251735,
    165.7658451038727,
    166.06961453091355,
    166.37394062187238,
    166.67882439684766,
    166.98426687780716,
    167.29026908859143,
    167.59683205491726,
    167.90395680438107,
    168.21164436646237,
    168.51989577252724,
    168.82871205583172,
    169.13809425152533,
    169.44804339665455,
    169.75856053016622,
    170.0696466929111,
    170.38130292764737,
    170.69353027904398,
    171.00632979368436,
    171.31970252006997,
    171.63364950862314,
    171.94817181169162,
    172.26327048355148,
    172.5789465804108,
    172.89520116041302,
    173.2120352836409,
    173.5294500121196,
    173.84744640982063,
    174.16602554266512,
    174.4851884785276,
    174.80493628723949,
    175.12527004059268,
    175.44619081234313,
    175.76769967821457,
    176.0897977159019,
    176.41248600507498,
    176.7357656273822,
    177.05963766645402,
    177.38410320790692,
    177.70916333934628,
    178.03481915037102,
    178.3610717325766,
    178.68792217955888,
    179.01537158691775,
    179.3434210522608,
    179.67207167520698,
    180.0013245573904,
    180.33118080246388,
    180.66164151610266,
    180.99270780600827,
    181.32438078191203,
    181.6566615555789,
    181.98955124081118,
    182.32305095345225,
    182.6571618113902,
    182.99188493456185,
    183.32722144495617,
    183.66317246661825,
    183.99973912565304,
    184.33692255022927,
    184.6747238705825,
    185.01314421902003,
    185.35218472992395,
    185.69184653975515,
    186.03213078705707,
    186.3730386124596,
    186.71457115868282,
    187.05672957054088,
    187.39951499494583,
    187.7429285809115,
    188.0869714795572,
    188.43164484411184,
    188.77694982991753,
    189.12288759443362,
    189.4694592972405,
    189.81666610004356,
    190.164509166677,
    190.5129896631078,
    190.86210875743973,
    191.21186761991666,
    191.56226742292742,
    191.91330934100918,
    192.26499455085144,
    192.61732423129993,
    192.97029956336078,
    193.3239217302042,
    193.67819191716868,
    194.03311131176483,
    194.3886811036794,
    194.7449024847793,
    195.1017766491155,
    195.4593047929271,
    195.81748811464544,
    196.17632781489786,
    196.53582509651199,
    196.89598116451958,
    197.2567972261607,
    197.6182744908877,
    197.9804141703692,
    198.34321747849452,
    198.70668563137684,
    199.07081984735848,
    199.43562134701415,
    199.80109135315539,
    200.16723109083446,
    200.53404178734866,
    200.90152467224428,
    201.26968097732075,
    201.63851193663484,
