{
  "cm_at_c1": {
    "TP": 0,
    "TN": 153,
    "FP": 0,
    "FN": 47,
    "precision": 0.0,
    "recall": 0.0,
    "accuracy": 0.765,
    "F1": 0.0
  },
  "pr_auc": 0.294400738344353,
  "roc_auc": 0.5991517174245585,
  "prevalence": 0.235,
  "normalized_auprc": 0.0776480239795464,
  "c_grid": [
    2.1057651632022356,
    2.121658923579399,
    2.1376726458703312,
    2.153807235515937,
    2.170063604791148,
    2.1864426728565083,
    2.2029453658101423,
    2.21957261674012,
    2.2363253657772133,
    2.2532045601480535,
    2.2702111542286896,
    2.287346109598549,
    2.304610395094806,
    2.322004986867164,
    2.339530868433047,
    2.357189030733209,
    2.374980472187763,
    2.392906198752634,
    2.4109672239764377,
    2.4291645690577877,
    2.4474992629030345,
    2.4659723421844437,
    2.4845848513988096,
    2.503337842926512,
    2.5222323770910213,
    2.5412695222188506,
    2.560450354699958,
    2.579775959048612,
    2.599247427964705,
    2.6188658623955448,
    2.6386323715980953,
    2.6585480732017026,
    2.678614093271282,
    2.698831566370991,
    2.7192016356283792,
    2.7397254527990205,
    2.760404178331636,
    2.781238981433709,
    2.802231040137592,
    2.823381541367115,
    2.844691681004697,
    2.8661626639589612,
    2.887795704232864,
    2.9095920249923366,
    2.931552858635443,
    2.9536794468620644,
    2.975973040744104,
    2.998434900796227,
    3.0210662970471307,
    3.0438685091113538,
    3.066842826261629,
    3.0899905475017793,
    3.113312981640166,
    3.1368114473636908,
    3.160487273312357,
    3.1843417981543927,
    3.2083763706619397,
    3.2325923497873177,
    3.2569911047398596,
    3.2815740150633292,
    3.306342470713924,
    3.3312978721388644,
    3.356441630355575,
    3.38177516703147,
    3.4072999145643355,
    3.4330173161633155,
    3.4589288259305193,
    3.4850359089432335,
    3.511340041336763,
    3.537842710387892,
    3.564545414598978,
    3.5914496637826803,
    3.618556979147325,
    3.645868893382918,
    3.6733869507478056,
    3.701112707155989,
    3.729047730265098,
    3.757193599565029,
    3.785551906467252,
    3.81412425439479,
    3.8429122588728837,
    3.871917547620327,
    3.9011417606415115,
    3.9305865503191466,
    3.960253581507692,
    3.990144531627491,
    4.020261090759609,
    4.050604961741404,
    4.081177860262796,
    4.1119815149632855,
    4.143017667529684,
    4.174288072794598,
    4.205794498835646,
    4.237538727075433,
    4.269522552382272,
    4.301747783171666,
    4.334216241508564,
    4.366929763210381,
    4.399890197950796,
    4.433099409364342,
    4.466559275151766,
    4.500271687186213,
    4.534238551620184,
    4.56846178899332,
    4.602943334340982,
    4.637685137303676,
    4.672689162237275,
    4.707957388324096,
    4.743491809684799,
    4.779294435491144,
    4.815367290079588,
    4.851712413065748,
    4.8883318594597185,
    4.925227699782272,
    4.962402020181924,
    4.99985692255289,
    5.03759452465393,
    5.075616960228087,
    5.113926379123334,
    5.152524947414129,
    5.191414847523893,
    5.230598278348401,
    5.270077455380114,
    5.309854610833443,
    5.349931993770971,
    5.390311870230609,
    5.430996523353724,
    5.471988253514235,
    5.513289378448675,
    5.554902233387242,
    5.596829171185836,
    5.639072562459092,
    5.681634795714422,
    5.72451827748706,
    5.767725432476133,
    5.811258703681762,
    5.855120552543183,
    5.8993134590779315,
    5.943839922022058,
    5.988702458971418,
    6.0339036065240155,
    6.0794459204234235,
    6.125331975703298,
    6.17156436683297,
    6.218145707864141,
    6.2650786325786845,
    6.312365794637566,
    6.360009867730884,
    6.408013545729046,
    6.456379542835084,
    6.505110593738116,
    6.5542094537679745,
    6.603678899050997,
    6.653521726666987,
    6.703740754807373,
    6.754338822934544,
    6.805318791942409,
    6.856683544318147,
    6.908435984305191,
    6.960579038067437,
    7.0131156538546975,
    7.066048802169391,
    7.119381475934512,
    7.173116690662845,
    7.227257484627475,
    7.281806919033564,
    7.33676807819145,
    7.392144069691028,
    7.447938024577465,
    7.504153097528232,
    7.560792467031473,
    7.61785933556572,
    7.675356929780973,
    7.733288500681134,
    7.791657323807824,
    7.850466699425592,
    7.909719952708511,
    7.969420433928193,
    8.029571518643216,
    8.090176607889989,
    8.151239128375035,
    8.212762532668767,
    8.274750299400687,
    8.33720593345607,
    8.400132966174148,
    8.463534955547765,
    8.52741548642456,
    8.591778170709658,
    8.656626647569892,
    8.72196458363956,
    8.787795673227757,
    8.854123638527247,
    8.920952229824925,
    8.98828522571386,
    9.056126433306945,
    9.124479688452164,
    9.193348855949463,
    9.262737829769284,
    9.332650533272728,
    9.403090919433392,
    9.47406297106088,
    9.545570701025989,
    9.617618152487605,
    9.690209399121317,
    9.763348545349741,
    9.837039726574593,
    9.91128710941051,
    9.98609489192064,
    10.061467303853998,
    10.137408606884643,
    10.213923094852618,
    10.291015094006736,
    10.368688963249204,
    10.446949094382067,
    10.525799912355534,
    10.605245875518184,
    10.685291475869013,
    10.765941239311461,
    10.847199725909286,
    10.929071530144409,
    11.011561281176684,
    11.094673643105649,
    11.178413315234232,
    11.262785032334465,
    11.347793564915186,
    11.433443719491786,
    11.519740338857947,
    11.6066883023595,
    11.694292526170285,
    11.782557963570131,
    11.87148960522491,
    11.96109247946873,
    12.051371652588239,
    12.142332229109078,
    12.233979352084505,
    12.326318203386188,
    12.419354003997194,
    12.513092014307196,
    12.607537534409902,
    12.702695904402727,
    12.798572504688739,
    12.895172756280866,
    12.992502121108414,
    13.09056610232589,
    13.189370244624167,
    13.288920134543972,
    13.389221400791778,
    13.490279714558046,
    13.592100789837891,
    13.694690383754157,
    13.79805429688293,
    13.902198373581514,
    14.0071285023189,
    14.112850616008652,
    14.21937069234444,
    14.326694754137968,
    14.43482886965955,
    14.543779152981191,
    14.653551764322309,
    14.76415291039803,
    14.875588844770133,
    14.987865868200636,
    15.10099032900803,
    15.214968623426257,
    15.329807195966346,
    15.445512539780795,
    15.5620911970307,
    15.679549759255671,
    15.79789486774652,
    15.917133213920769,
    16.037271539700996,
    16.158316637896036,
    16.28027535258505,
    16.40315457950451,
    16.526961266438086,
    16.65170241360949,
    16.777385074078275,
    16.904016354138626,
    17.03160341372117,
    17.160153466797798,
    17.289673781789556,
    17.42017168197763,
    17.551654545917387,
    17.684129807855587,
    17.81760495815074,
    17.95208754369658,
    18.087585168348834,
    18.224105493355115,
    18.361656237788118,
    18.50024517898204,
    18.63988015297238,
    18.780569054938955,
    18.92231983965231,
    19.065140521923514,
    19.20903917705731,
    19.35402394130871,
    19.500103012343043,
    19.647284649699444,
    19.795577175257897,
    19.944988973709695,
    20.095528493031612,
    20.247204244963513,
    20.40002480548963,
    20.553998815323457,
    20.709134980396332,
    20.86544207234965,
    21.022928929030854,
    21.181604454993128,
    21.341477621998877,
    21.502557469526995,
    21.664853105283992,
    21.82837370571894,
    21.993128516542328,
    22.159126853248836,
    22.32637810164404,
    22.494891718375094,
    22.66467723146545,
    22.835744240853554,
    23.008102418935664,
    23.18176151111273,
    23.356731336341436,
    23.53302178768933,
    23.71064283289425,
    23.889604514927896,
    24.069916952563656,
    24.251590340948763,
    24.434634952180726,
    24.619061135888145,
    24.804879319815885,
