{
  "c": 0.5,
  "f1": 0.7115384615384616,
  "prec": 0.578125,
  "rec": 0.925,
  "tp": 37,
  "fp": 27,
  "fn": 3,
  "tn": 13
}