{
  "cm_at_c1": {
    "TP": 6,
    "TN": 102,
    "FP": 19,
    "FN": 53,
    "precision": 0.24,
    "recall": 0.1016949152542373,
    "accuracy": 0.6,
    "F1": 0.14285714285714285
  },
  "pr_auc": 0.3118936810650921,
  "roc_auc": 0.47177475836951965,
  "prevalence": 0.3277777777777778,
  "normalized_auprc": -0.02362923477920187,
  "c_grid": [
    0.42452487189408417,
    0.42763308140960177,
    0.430764048052044,
    0.43391793844043164,
    0.4370949204137065,
    0.4402951630396633,
    0.44351883662394664,
    0.4467661127191145,
    0.4500371641337671,
    0.4533321649417436,
    0.45665129049138553,
    0.4599947174148682,
    0.4633626236376005,
    0.4667551883876934,
    0.470172592205498,
    0.4736150169532129,
    0.4770826458245627,
    0.48057566335454666,
    0.484094255429259,
    0.4876386092957811,
    0.4912089135721465,
    0.49480535825737787,
    0.4984281347415986,
    0.5020774358162174,
    0.5057534556841887,
    0.5094563899703469,
    0.5131864357318168,
    0.5169437914685006,
    0.5207286571336412,
    0.5245412341444631,
    0.5283817253928909,
    0.5322503352563468,
    0.5361472696086265,
    0.5400727358308555,
    0.5440269428225247,
    0.5480101010126078,
    0.5520224223707593,
    0.5560641204185947,
    0.5601354102410534,
    0.5642365084978452,
    0.5683676334349795,
    0.5725290048963803,
    0.5767208443355845,
    0.580943374827528,
    0.5851968210804165,
    0.5894814094476832,
    0.5937973679400355,
    0.598144926237588,
    0.6025243157020858,
    0.6069357693892167,
    0.6113795220610135,
    0.6158558101983473,
    0.6203648720135121,
    0.6249069474629013,
    0.6294822782597783,
    0.6340911078871384,
    0.6387336816106672,
    0.643410246491792,
    0.6481210514008299,
    0.6528663470302316,
    0.6576463859079227,
    0.6624614224107421,
    0.6673117127779792,
    0.6721975151250095,
    0.6771190894570315,
    0.6820766976829025,
    0.6870706036290769,
    0.692101073053646,
    0.6971683736604807,
    0.7022727751134774,
    0.7074145490509094,
    0.7125939690998817,
    0.717811310890893,
    0.7230668520725034,
    0.7283608723261101,
    0.7336936533808314,
    0.7390654790284983,
    0.7444766351387582,
    0.7499274096742867,
    0.755418092706113,
    0.7609489764290557,
    0.7665203551772725,
    0.7721325254399241,
    0.7777857858769515,
    0.7834804373349707,
    0.7892167828632818,
    0.7949951277299963,
    0.800815779438283,
    0.8066790477427317,
    0.8125852446658374,
    0.8185346845146046,
    0.8245276838972752,
    0.8305645617401748,
    0.8366456393046868,
    0.8427712402043485,
    0.8489416904220716,
    0.8551573183274911,
    0.861418454694439,
    0.8677254327185482,
    0.8740785880349823,
    0.8804782587362983,
    0.8869247853904382,
    0.8934185110588526,
    0.8999597813147576,
    0.9065489442615251,
    0.9131863505512068,
    0.9198723534031956,
    0.9266073086230224,
    0.9333915746212907,
    0.9402255124327499,
    0.9471094857355083,
    0.9540438608703876,
    0.9610290068604165,
    0.9680652954304704,
    0.9751531010270529,
    0.982292800838222,
    0.9894847748136633,
    0.9967294056849092,
    1.0040270789857069,
    1.0113781830725348,
    1.0187831091452697,
    1.026242251268005,
    1.033756006390021,
    1.0413247743669103,
    1.0489489579818552,
    1.0566289629670633,
    1.0643651980253597,
    1.0721580748519348,
    1.0800080081562553,
    1.0879154156841329,
    1.0958807182399541,
    1.1039043397090762,
    1.111986707080383,
    1.1201282504690084,
    1.1283294031392257,
    1.1365906015275045,
    1.1449122852657356,
    1.1532948972046275,
    1.1617388834372733,
    1.1702446933228892,
    1.1788127795107288,
    1.187443597964172,
    1.1961376079849877,
    1.2048952722377786,
    1.2137170567746005,
    1.2226034310597662,
    1.2315548679948265,
    1.2405718439437377,
    1.2496548387582114,
    1.2588043358032515,
    1.2680208219828752,
    1.2773047877660273,
    1.2866567272126779,
    1.2960771380001168,
    1.3055665214494376,
    1.315125382552216,
    1.3247542299973838,
    1.3344535761982992,
    1.3442239373200169,
    1.3540658333067541,
    1.3639797879095632,
    1.3739663287142019,
    1.384025987169209,
    1.394159298614189,
    1.404366802308298,
    1.4146490414589425,
    1.4250065632506868,
    1.4354399188743732,
    1.4459496635564522,
    1.4565363565885319,
    1.4672005613571404,
    1.4779428453737076,
    1.4887637803047655,
    1.4996639420023723,
    1.5106439105347538,
    1.5217042702171764,
    1.5328456096430387,
    1.5440685217151977,
    1.5553736036775188,
    1.5667614571466588,
    1.578232688144084,
    1.589787907128319,
    1.6014277290274324,
    1.6131527732717625,
    1.6249636638268816,
    1.6368610292267989,
    1.6488455026074114,
    1.6609177217401965,
    1.6730783290661497,
    1.6853279717299772,
    1.6976673016145314,
    1.710096975375502,
    1.7226176544763634,
    1.7352300052235718,
    1.7479346988020275,
    1.7607324113107905,
    1.77362382379906,
    1.786609622302419,
    1.7996904978793422,
    1.8128671466479702,
    1.8261402698231566,
    1.8395105737537834,
    1.852978769960349,
    1.8665455751728355,
    1.8802117113688486,
    1.8939779058120383,
    1.9078448910908037,
    1.9218134051572768,
    1.9358841913665932,
    1.9500579985164528,
    1.964335580886968,
    1.9787176982808008,
    1.9932051160636017,
    2.0077986052047345,
    2.0224989423183093,
    2.037306909704509,
    2.0522232953912187,
    2.067248893175966,
    2.0823845026681607,
    2.097630929331648,
    2.1129889845275738,
    2.1284594855575607,
    2.144043255707203,
    2.159741124289878,
    2.1755539266908817,
    2.1914825044118813,
    2.2075277051156994,
    2.2236903826714243,
    2.2399713971998465,
    2.256371615119236,
    2.2728919091914457,
    2.289533158568359,
    2.3062962488386765,
    2.3231820720750385,
    2.340191526881505,
    2.3573255184413724,
    2.374584958565342,
    2.391970765740049,
    2.409483865176937,
    2.4271251888614946,
    2.4448956756028553,
    2.462796271083755,
    2.480827927910857,
    2.498991605665451,
    2.5172882709545132,
    2.5357188974621483,
    2.554284466001407,
    2.5729859645664788,
    2.5918243883852696,
    2.6108007399723676,
    2.629916029182388,
    2.64917127326372,
    2.668567496912658,
    2.68810573232793,
    2.707787019265633,
    2.727612405094561,
    2.747582944851944,
    2.767699701299593,
    2.7879637449804564,
    2.80837615427559,
    2.828938015461546,
    2.8496504227681814,
    2.870514478436883,
    2.8915312927792343,
    2.9127019842360964,
    2.934027679437126,
    2.9555095132607376,
    2.9771486288944895,
    2.998946177895926,
    3.0209033202538587,
    3.043021224450092,
    3.0653010675216126,
    3.087744035123224,
    3.11035132159064,
    3.133124130004048,
    3.156063672252132,
    3.1791711690965587,
    3.202447850236952,
    3.2258949543763276,
    3.2495137292870098,
    3.27330543187704,
    3.2972713282570627,
    3.321412693807698,
    3.3457308132474224,
    3.3702269807009295,
    3.3949024997680013,
    3.4197586835928826,
    3.4447968549341583,
    3.4700183462351504,
    3.4954244996948227,
    3.5210166673392083,
    3.546796211093361,
    3.5727645028538326,
    3.598922924561676,
    3.625272868275993,
    3.6518157362480137,
    3.6785529409957127,
    3.705485905378988,
    3.732616062675376,
    3.759944856656323,
    3.7874737416640225,
    3.8152041826888077,
    3.8431376554471113,
    3.8712756464600035,
    3.899619653132292,
    3.9281711838322155,
    3.956931757971711,
    3.9859029060872677,
    4.015086169921384,
    4.04448310250461,
    4.074095268238191,
    4.1039242429773255,
    4.1339716141150245,
    4.164238980666584,
    4.194727953354682,
    4.225440154695097,
    4.256377219083047,
    4.28754079288017,
    4.318932534502143,
    4.350554114506925,
    4.382407215683663,
    4.414493533142254,
