{
  "c": 0.05,
  "f1": 0.5287356321839081,
  "prec": 0.38333333333333336,
  "rec": 0.8518518518518519,
  "tp": 23,
  "fp": 37,
  "fn": 4,
  "tn": 16
}