{
  "cm_at_c1": {
    "TP": 0,
    "TN": 132,
    "FP": 0,
    "FN": 48,
    "precision": 0.0,
    "recall": 0.0,
    "accuracy": 0.7333333333333333,
    "F1": 0.0
  },
  "pr_auc": 0.33303657201032744,
  "roc_auc": 0.6228693181818182,
  "prevalence": 0.26666666666666666,
  "normalized_auprc": 0.09050441637771924,
  "auprg": NaN,
  "ece_rank": 0.27225291589932477,
  "c_grid": [
    7.6910131507342605,
    7.739142339645599,
    7.787572713690791,
    7.83630615764053,
    7.8853445680601215,
    7.934689853383283,
    7.984343933986424,
    8.034308742263372,
    8.084586222700588,
    8.13517833195283,
    8.1860870389193,
    8.237314324820273,
    8.288862183274203,
    8.340732620375299,
    8.392927654771606,
    8.445449317743556,
    8.498299653283032,
    8.5514807181729,
    8.604994582067064,
    8.658843327571008,
    8.713029050322836,
    8.767553859074846,
    8.822419875775578,
    8.877629235652414,
    8.933184087294652,
    8.989086592737142,
    9.045338927544414,
    9.101943280895352,
    9.15890185566839,
    9.216216868527235,
    9.273890550007142,
    9.331925144601714,
    9.390322910850252,
    9.449086121425655,
    9.508217063222862,
    9.567718037447847,
    9.627591359707191,
    9.687839360098177,
    9.748464383299492,
    9.809468788662457,
    9.870854950302858,
    9.932625257193335,
    9.994782113256358,
    10.057327937457773,
    10.120265163900944,
    10.1835962419215,
    10.24732363618261,
    10.311449826770959,
    10.375977309293214,
    10.44090859497319,
    10.506246210749532,
    10.57199269937411,
    10.638150619510924,
    10.704722545835724,
    10.771711069136167,
    10.83911879641269,
    10.906948350979915,
    10.975202372568793,
    11.043883517429284,
    11.112994458433775,
    11.18253788518108,
    11.252516504101099,
    11.322933038560173,
    11.393790228967038,
    11.465090832879515,
    11.536837625111774,
    11.609033397842376,
    11.681680960722884,
    11.754783140987259,
    11.828342783561835,
    11.902362751176083,
    11.976845924473997,
    12.051795202126188,
    12.127213500942712,
    12.203103755986584,
    12.279468920688,
    12.356311966959254,
    12.433635885310437,
    12.511443684965775,
    12.589738393980781,
    12.668523059360059,
    12.747800747175924,
    12.827574542687683,
    12.907847550461748,
    12.988622894492412,
    13.069903718323467,
    13.15169318517052,
    13.233994478044092,
    13.316810799873496,
    13.400145373631501,
    13.484001442459752,
    13.568382269794956,
    13.653291139495941,
    13.738731355971394,
    13.824706244308517,
    13.911219150402372,
    13.998273441086145,
    14.085872504262149,
    14.174019749033663,
    14.262718605837613,
    14.35197252657809,
    14.441784984760679,
    14.532159475627616,
    14.62309951629383,
    14.714608645883839,
    14.806690425669457,
    14.899348439208376,
    14.992586292483676,
    15.086407614044099,
    15.180816055145321,
    15.275815289891996,
    15.37140901538078,
    15.467600951844199,
    15.564394842795418,
    15.66179445517393,
    15.759803579492178,
    15.858426029983061,
    15.957665644748344,
    16.05752628590805,
    16.158011839750777,
    16.25912621688493,
    16.360873352390872,
    16.463257205974138,
    16.566281762119466,
    16.66995103024592,
    16.77426904486287,
    16.879239865727055,
    16.98486757800055,
    17.09115629240974,
    17.198110145405302,
    17.305733299323222,
    17.414029942546733,
    17.523004289669323,
    17.632660581658794,
    17.74300308602223,
    17.85403609697218,
    17.96576393559367,
    18.07819095001247,
    18.1913215155642,
    18.305160034964725,
    18.41971093848138,
    18.534978684105475,
    18.65096775772575,
    18.76768267330293,
    18.885127973045417,
    19.0033082275861,
    19.122228036160166,
    19.2418920267841,
    19.362304856435852,
    19.483471211235976,
    19.605395806630113,
    19.728083387572394,
    19.85153872871019,
    19.97576663456985,
    20.100771939743762,
    20.226559509078406,
    20.353134237863767,
    20.480501052023815,
    20.608664908308167,
    20.73763079448504,
    20.867403729535354,
    20.99798876384805,
    21.129390979416605,
    21.26161549003688,
    21.394667441506048,
    21.528552011822935,
    21.663274411389455,
    21.79883988321347,
    21.93525370311274,
    22.072521179920333,
    22.210647655691147,
    22.349638505909866,
    22.489499139700154,
    22.630235000035114,
    22.771851563949152,
    22.91435434275114,
    23.05774888223888,
    23.2020407629149,
    23.347235600203714,
    23.49333904467025,
    23.640356782239866,
    23.78829453441953,
    23.937158058520552,
    24.086953147882635,
    24.237685632099282,
    24.38936137724471,
    24.541986286102166,
    24.6955662983936,
    24.85010739101083,
    25.00561557824814,
    25.16209691203638,
    25.319557482178464,
    25.478003416586326,
    25.637440881519474,
    25.79787608182494,
    25.959315261178702,
    26.121764702328722,
    26.285230727339467,
    26.449719697837917,
    26.61523801526112,
    26.781792121105347,
    26.949388497176788,
    27.118033665843797,
    27.287734190290685,
    27.458496674773173,
    27.63032776487543,
    27.803234147768695,
    27.977222552471442,
    28.15229975011138,
    28.328472554188885,
    28.505747820842167,
    28.684132449114095,
    28.86363338122074,
    29.044257602821485,
    29.22601214329089,
    29.408904075992268,
    29.592940518552986,
    29.77812863314145,
    29.964475626745777,
    30.15198875145434,
    30.34067530473799,
    30.530542629734047,
    30.721598115532018,
    30.913849197461253,
    31.10730335738026,
    31.30196812396785,
    31.497851073016154,
    31.694959827725494,
    31.893302059001012,
    32.092885485751175,
    32.293717875188214,
    32.49580704313041,
    32.69916085430626,
    32.90378722266047,
    33.109694111662044,
    33.31688953461418,
    33.52538155496609,
    33.735178286626805,
    33.94628789428099,
    34.15871859370668,
    34.37247865209495,
    34.58757638837169,
    34.804020173521415,
    35.02181843091299,
    35.24097963662737,
    35.46151231978757,
    35.68342506289059,
    35.90672650214136,
    36.131425327788854,
    36.35753028446428,
    36.58505017152152,
    36.813993843379365,
    37.04437020986623,
    37.27618823656691,
    37.509456945171465,
    37.744185413826294,
    37.980382777487435,
    38.218058228276135,
    38.457221015836545,
    38.697880447695624,
    38.94004588962543,
    39.183726766007624,
    39.42893256020023,
    39.67567281490663,
    39.92395713254697,
    40.173795175631994,
    40.42519666713886,
    40.67817139088965,
    40.93272919193216,
    41.188879976922976,
    41.44663371451302,
    41.70600043573548,
    41.966990234396306,
    42.2296132674669,
    42.49387975547944,
    42.759799982924626,
    43.02738429865196,
    43.2966431162725,
    43.567586914564004,
    43.8402262378789,
    44.11457169655458,
    44.39063396732624,
    44.66842379374248,
    44.947951986583426,
    45.22922942428143,
    45.51226705334436,
    45.79707588878167,
    46.083667014533106,
    46.37205158390003,
    46.6622408199794,
    46.95424601610063,
    47.248078536265105,
    47.54374981558839,
    47.8412713607452,
    48.14065475041735,
    48.44191163574426,
    48.74505374077638,
    49.05009286293145,
    49.35704087345375,
    49.66590971787595,
    49.97671141648403,
    50.28945806478507,
    50.60416183397805,
    50.92083497142745,
    51.239489801139854,
    51.56013872424359,
    51.88279421947142,
    52.207468843646105,
    52.53417523216902,
    52.86292609951203,
    53.19373423971223,
    53.526612526869805,
    53.86157391564909,
    54.198631441782794,
    54.53779822257925,
    54.87908745743286,
    55.22251242833782,
    55.568086500405094,
    55.91582312238245,
    56.265735827177835,
    56.61783823238606,
    56.97214404081885,
    57.328667041038,
    57.68742110789197,
    58.04842020305599,
