{
  "c": 0.05,
  "f1": 0.4842105263157894,
  "prec": 0.38333333333333336,
  "rec": 0.6571428571428571,
  "tp": 23,
  "fp": 37,
  "fn": 12,
  "tn": 8
}