{
  "cm_at_c1": {
    "TP": 0,
    "TN": 107,
    "FP": 0,
    "FN": 72,
    "precision": 0.0,
    "recall": 0.0,
    "accuracy": 0.5977653631284916,
    "F1": 0.0
  },
  "pr_auc": 0.47569143613078935,
  "roc_auc": 0.5495197300103842,
  "prevalence": 0.4022346368715084,
  "normalized_auprc": 0.12288567352720832,
  "c_grid": [
    3.7639552081179564,
    3.7926314526485245,
    3.821526171351846,
    3.8506410287054345,
    3.879977701867867,
    3.909537880775402,
    3.9393232682393218,
    3.9693355800440293,
    3.9995765450458785,
    4.030047905272774,
    4.060751416024511,
    4.091688845973894,
    4.122861977268625,
    4.1542726056339525,
    4.185922540476128,
    4.217813604986624,
    4.249947636247169,
    4.282326485335566,
    4.314952017432322,
    4.347826111928104,
    4.3809506625319825,
    4.4143275773805355,
    4.447958779147755,
    4.48184620515581,
    4.515991807486637,
    4.5503975530944025,
    4.585065423918795,
    4.619997416999204,
    4.655195544589757,
    4.690661834275232,
    4.726398329087862,
    4.762407087625018,
    4.798690184167799,
    4.835249708800515,
    4.872087767531095,
    4.909206482412395,
    4.946607991664439,
    4.9842944497976,
    5.0222680277367,
    5.060530912946071,
    5.099085309555561,
    5.137933438487509,
    5.177077537584671,
    5.2165198617391395,
    5.256262683022232,
    5.2963082908153725,
    5.336658991941978,
    5.377317110800332,
    5.418284989497492,
    5.459564987984196,
    5.501159484190819,
    5.543070874164343,
    5.585301572206387,
    5.627854011012278,
    5.6707306418111925,
    5.713933934507354,
    5.757466377822313,
    5.801330479438313,
    5.845528766142738,
    5.890063783973673,
    5.934938098366571,
    5.980154294302028,
    6.025714976454693,
    6.071622769343312,
    6.117880317481913,
    6.164490285532138,
    6.21145535845675,
    6.258778241674289,
    6.306461661214923,
    6.354508363877486,
    6.402921117387698,
    6.451702710557601,
    6.500855953446212,
    6.550383677521397,
    6.600288735822971,
    6.650574003127057,
    6.701242376111674,
    6.752296773523609,
    6.803740136346554,
    6.855575427970513,
    6.907805634362512,
    6.9604337642386,
    7.013462849237178,
    7.0668959440936225,
    7.120736126816264,
    7.174986498863687,
    7.2296501853233925,
    7.284730335091821,
    7.340230121055744,
    7.396152740275033,
    7.452501414166827,
    7.509279388691105,
    7.566489934537672,
    7.62413634731456,
    7.682221947737872,
    7.740750081823075,
    7.799724121077745,
    7.859147462695785,
    7.919023529753115,
    7.979355771404863,
    8.040147663084044,
    8.10140270670178,
    8.16312443084901,
    8.22531639099976,
    8.287982169715956,
    8.3511253768538,
    8.414749649771712,
    8.478858653539858,
    8.54345608115128,
    8.608545653734625,
    8.674131120768513,
    8.74021626029751,
    8.806804879149768,
    8.873900813156318,
    8.941507927372035,
    9.009630116298279,
    9.07827130410724,
    9.147435444867988,
    9.217126522774246,
    9.287348552373905,
    9.358105578800279,
    9.429401678005119,
    9.50124095699341,
    9.573627554059962,
    9.646565639027791,
    9.720059413488316,
    9.794113111043398,
    9.868730997549212,
    9.94391737136199,
    10.019676563585621,
    10.096012938321136,
    10.17293089291811,
    10.250434858227983,
    10.328529298859275,
    10.40721871343478,
    10.486507634850714,
    10.566400630537826,
    10.646902302724499,
    10.728017288701885,
    10.809750261091002,
    10.892105928111917,
    10.975089033854976,
    11.058704358554058,
    11.142956718861958,
    11.227850968127852,
    11.313391996676863,
    11.399584732091766,
    11.486434139496868,
    11.573945221843989,
    11.662123020200662,
    11.750972614040558,
    11.840499121536043,
    11.93070769985303,
    12.021603545448066,
    12.113191894367656,
    12.205478022549897,
    12.298467246128384,
    12.392164921738479,
    12.486576446825826,
    12.581707259957327,
    12.677562841134385,
    12.774148712108603,
    12.871470436699857,
    12.9695336211168,
    13.06834391427981,
    13.167907008146383,
    13.268228638039052,
    13.369314582975711,
    13.471170666002587,
    13.57380275452961,
    13.67721676066844,
    13.78141864157303,
    13.886414399782778,
    13.992210083568317,
    14.0988117872799,
    14.206225651698508,
    14.314457864389531,
    14.423514660059265,
    14.533402320914005,
    14.644127177021963,
    14.755695606677904,
    14.868114036770567,
    14.981388943152888,
    15.095526851015023,
    15.210534335260277,
    15.326418020883784,
    15.443184583354205,
    15.560840748998215,
    15.679393295388008,
    15.798849051731697,
    15.919214899266724,
    16.04049777165624,
    16.162704655388534,
    16.28584259017948,
    16.409918669378047,
    16.534940040374945,
    16.660913905014308,
    16.78784752000858,
    16.91574819735654,
    17.04462330476449,
    17.17448026607069,
    17.30532656167299,
    17.43716972895978,
    17.570017362744103,
    17.703877115701232,
    17.83875669880946,
    17.97466388179428,
    18.11160649357601,
    18.249592422720717,
    18.38862961789468,
    18.528726088322237,
    18.669889904247224,
    18.812129197397752,
    18.955452161454744,
    19.099867052523855,
    19.245382189611096,
    19.392005955102046,
    19.53974679524472,
    19.68861322063611,
    19.838613806712427,
    19.989757194243133,
    20.142052089828617,
    20.29550726640182,
    20.450131563733528,
    20.605933888941628,
    20.76292321700419,
    20.921108591276468,
    21.080499124011844,
    21.241103996886732,
    21.40293246152952,
    21.56599384005344,
    21.730297525593667,
    21.8958529828483,
    22.06266974862365,
    22.23075743238359,
    22.40012571680309,
    22.570784358326005,
    22.74274318772708,
    22.916012110678285,
    23.090601108319376,
    23.26652023783288,
    23.443779633023482,
    23.62238950490171,
    23.80236014227218,
    23.98370191232628,
    24.166425261239354,
    24.350540714772464,
    24.536058878878762,
    24.722990440314362,
    24.911346167254003,
    25.10113690991138,
    25.29237360116409,
    25.48506725718348,
    25.679228978069208,
    25.874869948488666,
    26.072001438321262,
    26.270634803307683,
    26.470781485703935,
    26.67245301494054,
    26.875661008286716,
    27.0804171715195,
    27.28673329959813,
    27.494621277343466,
    27.704093080122625,
    27.915160774538787,
    28.127836519126372,
    28.342132565051326,
    28.558061256816902,
    28.775635032974805,
    28.994866426841625,
    29.215768067220875,
    29.438352679130457,
    29.662633084535695,
    29.888622203087916,
    30.116333052868747,
    30.34577875113993,
    30.57697251509901,
    30.809927662640703,
    31.044657613124034,
    31.28117588814539,
    31.519496112317427,
    31.7596320140539,
    32.00159742636051,
    32.24540628763172,
    32.49107264245372,
    32.73861064241342,
    32.98803454691369,
    33.23935872399473,
    33.49259765116176,
    33.747765916219,
    34.004878218110015,
    34.2639493677644,
    34.52499428895098,
    34.78802801913754,
    35.05306571035699,
    35.32012263008024,
    35.58921416209565,
    35.86035580739523,
    36.133563185067565,
    36.408852033197576,
    36.686238209773066,
    36.96573769359824,
    37.24736658521423,
    37.53114110782639,
    37.81707760823906,
    38.105192557797025,
    38.395502553334445,
    38.68802431813091,
    38.98277470287473,
    39.2797706866337,
    39.5790293778331,
    39.88056801524123,
    40.1844039689626,
    40.49055474143826,
    40.79903796845424,
    41.10987142015739,
    41.42307300207901,
    41.73866075616632,
    42.05665286182178,
    42.37706763695027,
    42.69992353901428,
    43.025239166097315,
    43.353033257974964,
    43.68332469719461,
    44.01613251016306,
    44.35147586824262,
    44.68937408885542,
    45.02984663659619,
    45.372913124353545,
