{
  "c": 0.05,
  "f1": 0.5842696629213484,
  "prec": 0.43333333333333335,
  "rec": 0.896551724137931,
  "tp": 26,
  "fp": 34,
  "fn": 3,
  "tn": 17
}