{
  "cm_at_c1": {
    "TP": 0,
    "TN": 128,
    "FP": 0,
    "FN": 51,
    "precision": 0.0,
    "recall": 0.0,
    "accuracy": 0.7150837988826816,
    "F1": 0.0
  },
  "pr_auc": 0.269238086107785,
  "roc_auc": 0.48460477941176466,
  "prevalence": 0.2849162011173184,
  "normalized_auprc": -0.021924863958644396,
  "auprg": NaN,
  "ece_rank": 0.3122905027932961,
  "c_grid": [
    1.998822018848527,
    2.014615855766731,
    2.0305344888309884,
    2.0465789041270837,
    2.0627500955324294,
    2.079049064777634,
    2.0954768215085497,
    2.112034383348822,
    2.1287227759629217,
    2.1455430331196808,
    2.162496196756332,
    2.1795833170430505,
    2.196805452448006,
    2.214163669802932,
    2.2316590443692106,
    2.249292659904478,
    2.2670656087297614,
    2.284978991797141,
    2.30303391875795,
    2.3212315080315102,
    2.3395728868744183,
    2.3580591914503666,
    2.3766915669005297,
    2.3954711674144975,
    2.414399156301772,
    2.4334767060638294,
    2.4527049984667526,
    2.472085224614433,
    2.4916185850223567,
    2.51130628969197,
    2.5311495581856316,
    2.551149619702163,
    2.5713077131529873,
    2.5916250872388766,
    2.612103000527303,
    2.6327427215303993,
    2.6535455287835403,
    2.6745127109245392,
    2.6956455667734756,
    2.7169454054131488,
    2.7384135462701718,
    2.7600513191967013,
    2.7818600645528178,
    2.803841133289554,
    2.8259958870325805,
    2.84832569816655,
    2.8708319499201136,
    2.8935160364516044,
    2.916379362935395,
    2.9394233456489496,
    2.962649412060548,
    2.986059000917715,
    3.0096535623363443,
    3.0334345578905233,
    3.057403460703074,
    3.0815617555368053,
    3.1059109388864865,
    3.1304525190715484,
    3.155188016329518,
    3.1801189629101887,
    3.2052469031705346,
    3.2305733936703827,
    3.2561000032688265,
    3.281828313221413,
    3.3077599172780983,
    3.333896421781965,
    3.360239445768733,
    3.386790621067053,
    3.413551592399583,
    3.44052401748488,
    3.4677095671400835,
    3.4951099253844147,
    3.5227267895434937,
    3.5505618703544854,
    3.578616892072065,
    3.6068935925752323,
    3.635393723474964,
    3.6641190502227166,
    3.69307135221979,
    3.7222524229275513,
    3.7516640699785344,
    3.7813081152884123,
    3.8111863951688543,
    3.841300760441282,
    3.871653076551514,
    3.902245223685325,
    3.933079096884916,
    3.964156606166299,
    3.9954796766376157,
    4.02705024861839,
    4.05887027775972,
    4.090941735165423,
    4.123266607514135,
    4.155846897182382,
    4.188684622368608,
    4.221781817218197,
    4.2551405319494835,
    4.28876283298075,
    4.322650803058232,
    4.356806541385137,
    4.391232163751676,
    4.42592980266613,
    4.4609016074869485,
    4.496149744555897,
    4.531676397332238,
    4.567483766528007,
    4.603574070244315,
    4.639949544108766,
    4.676612441413931,
    4.713565033256944,
    4.750809608680169,
    4.788348474813011,
    4.82618395701482,
    4.864318399018944,
    4.9027541630779075,
    4.941493630109748,
    4.980539199845494,
    5.019893290977829,
    5.059558341310907,
    5.0995368079113685,
    5.139831167260545,
    5.180443915407866,
    5.221377568125474,
    5.262634661064069,
    5.304217749909976,
    5.346129410543464,
    5.3883722391983015,
    5.430948852622593,
    5.473861888240862,
    5.5171140043174365,
    5.560707880121109,
    5.604646216091112,
    5.64893173400439,
    5.693567177144209,
    5.738555310470084,
    5.783898920789062,
    5.829600816928341,
    5.875663829909274,
    5.922090813122734,
    5.968884642505872,
    6.016048216720256,
    6.063584457331448,
    6.111496308989966,
    6.159786739613699,
    6.208458740571751,
    6.257515326869753,
    6.306959537336613,
    6.356794434812773,
    6.407023106339924,
    6.457648663352245,
    6.5086742418691355,
    6.560103002689475,
    6.611938131587438,
    6.66418283950981,
    6.716840362774911,
    6.769913963273064,
    6.823406928668654,
    6.877322572603782,
    6.93166423490354,
    6.9864352817828825,
    7.041639106055157,
    7.09727912734227,
    7.1533587922865225,
    7.2098815747641,
    7.266850976100287,
    7.324270525286331,
    7.382143779198063,
    7.440474322816226,
    7.499265769448549,
    7.5585217609535675,
    7.61824596796624,
    7.6784420901253005,
    7.739113856302449,
    7.800265024833337,
    7.861899383750375,
    7.924020751017385,
    7.986632974766116,
    8.049739933534598,
    8.113345536507413,
    8.17745372375785,
    8.24206846649197,
    8.307193767294605,
    8.372833660377308,
    8.438992211828243,
    8.505673519864057,
    8.572881715083765,
    8.640620960724599,
    8.708895452919911,
    8.777709420959118,
    8.84706712754966,
    8.916972869081075,
    8.98743097589113,
    9.05844581253407,
    9.13002177805098,
    9.202163306242298,
    9.274874865942445,
    9.348160961296664,
    9.422026132040028,
    9.496474953778652,
    9.571512038273145,
    9.647142033724265,
    9.723369625060869,
    9.80019953423012,
    9.877636520489986,
    9.955685380704052,
    10.034350949638684,
    10.113638100262488,
    10.193551744048193,
    10.274096831276879,
    10.355278351344635,
    10.437101333071618,
    10.51957084501359,
    10.602691995775853,
    10.686469934329732,
    10.77090985033152,
    10.856016974443959,
    10.941796578660238,
    11.028253976630607,
    11.115394523991489,
    11.203223618697255,
    11.291746701354615,
    11.380969255559616,
    11.470896808237338,
    11.561534929984274,
    11.65288923541337,
    11.744965383501853,
    11.837769077941763,
    11.931306067493278,
    12.025582146340813,
    12.120603154451976,
    12.216374977939273,
    12.31290354942477,
    12.410194848407567,
    12.508254901634217,
    12.607089783472036,
    12.706705616285415,
    12.807108570815029,
    12.908304866560115,
    13.010300772163735,
    13.113102605801085,
    13.216716735570877,
    13.32114957988983,
    13.426407607890235,
    13.532497339820702,
    13.639425347450057,
    13.747198254474437,
    13.855822736927585,
    13.965305523594427,
    14.075653396427851,
    14.186873190968845,
    14.298971796769917,
    14.411956157821875,
    14.525833272983963,
    14.640610196417443,
    14.75629403802252,
    14.872891963878798,
    14.990411196689177,
    15.108859016227266,
    15.228242759788328,
    15.348569822643816,
    15.469847658499432,
    15.592083779956887,
    15.71528575897925,
    15.839461227360012,
    15.964617877195819,
    16.090763461363004,
    16.217905793997783,
    16.346052750980355,
    16.475212270422748,
    16.605392353160553,
    16.73660106324855,
    16.868846528460235,
    17.002136940791292,
    17.136480556967047,
    17.27188569895394,
    17.408360754475037,
    17.54591417752959,
    17.684554488916767,
    17.824290276763424,
    17.96513019705613,
    18.10708297417736,
    18.250157401445925,
    18.394362341661672,
    18.53970672765454,
    18.686199562837828,
    18.83384992176598,
    18.982666950696682,
    19.132659868157436,
    19.283837965516604,
    19.436210607558987,
    19.58978723306589,
    19.744577355399844,
    19.900590563093893,
    20.057836520445573,
    20.216324968115572,
    20.3760657237311,
    20.537068682494084,
    20.699343817794087,
    20.862901181826132,
    21.027750906213395,
    21.1939032026348,
    21.36136836345759,
    21.53015676237491,
    21.70027885504838,
    21.871745179755784,
    22.044566358043873,
    22.218753095386322,
    22.39431618184687,
    22.57126649274776,
    22.749614989343346,
    22.92937271949913,
    23.110550818376144,
    23.293160509120682,
    23.47721310355954,
    23.662720002900755,
    23.84969269843982,
    24.038142772271524,
    24.228081898007428,
    24.419521841498977,
    24.612474461566325,
    24.806951710733003,
    25.00296563596622,
    25.200528379423186,
    25.399652179203255,
    25.600349370105995,
