{
  "c": 1.0,
  "f1": 0.35294117647058826,
  "prec": 0.24193548387096775,
  "rec": 0.6521739130434783,
  "tp": 15,
  "fp": 47,
  "fn": 8,
  "tn": 10
}