{
  "cm_at_c1": {
    "TP": 2,
    "TN": 131,
    "FP": 0,
    "FN": 47,
    "precision": 1.0,
    "recall": 0.04081632653061224,
    "accuracy": 0.7388888888888889,
    "F1": 0.07843137254901959
  },
  "pr_auc": 0.3542597986901572,
  "roc_auc": 0.5810873967907774,
  "prevalence": 0.2722222222222222,
  "normalized_auprc": 0.11272338751319315,
  "auprg": NaN,
  "ece_rank": 0.2746163290362185,
  "c_grid": [
    0.927688775538853,
    0.9314698279183142,
    0.9352662910233046,
    0.9390782276645014,
    0.9429057009085845,
    0.9467487740792793,
    0.9506075107584044,
    0.9544819747869242,
    0.9583722302660042,
    0.9622783415580719,
    0.9662003732878822,
    0.9701383903435855,
    0.9740924578778021,
    0.9780626413086998,
    0.9820490063210763,
    0.9860516188674457,
    0.9900705451691301,
    0.9941058517173544,
    0.9981576052743477,
    1.0022258728744464,
    1.006310721825204,
    1.010412219708505,
    1.014530434381682,
    1.018665433978639,
    1.0228172869109788,
    1.026986061869135,
    1.0311718278235074,
    1.035374654025604,
    1.0395946100091862,
    1.0438317655914202,
    1.048086190874031,
    1.0523579562444625,
    1.0566471323770419,
    1.0609537902341497,
    1.065278001067393,
    1.0696198364187846,
    1.073979368121926,
    1.0783566683031975,
    1.0827518093829496,
    1.0871648640767022,
    1.0915959053963478,
    1.096045006651358,
    1.100512241449999,
    1.1049976837005469,
    1.109501407612511,
    1.1140234876978632,
    1.1185639987722684,
    1.1231230159563246,
    1.1277006146768036,
    1.1322968706679004,
    1.1369118599724855,
    1.1415456589433632,
    1.1461983442445347,
    1.1508699928524668,
    1.1555606820573652,
    1.1602704894644527,
    1.1649994929952543,
    1.1697477708888855,
    1.1745154017033468,
    1.179302464316824,
    1.184109037928992,
    1.188935202062327,
    1.1937810365634203,
    1.1986466216043,
    1.203532037683758,
    1.2084373656286806,
    1.2133626865953877,
    1.2183080820709729,
    1.2232736338746537,
    1.2282594241591243,
    1.2332655354119149,
    1.2382920504567565,
    1.2433390524549515,
    1.2484066249067483,
    1.2534948516527247,
    1.2586038168751734,
    1.2637336050994954,
    1.2688843011955986,
    1.2740559903793012,
    1.2792487582137426,
    1.2844626906107983,
    1.2896978738325013,
    1.2949543944924695,
    1.3002323395573383,
    1.3055317963482003,
    1.3108528525420489,
    1.3161955961732292,
    1.321560115634895,
    1.3269464996804712,
    1.3323548374251208,
    1.3377852183472214,
    1.3432377322898439,
    1.3487124694622394,
    1.3542095204413322,
    1.3597289761732179,
    1.3652709279746675,
    1.3708354675346395,
    1.3764226869157956,
    1.3820326785560249,
    1.387665535269972,
    1.3933213502505741,
    1.399000217070601,
    1.4047022296842053,
    1.4104274824284753,
    1.4161760700249955,
    1.4219480875814157,
    1.4277436305930222,
    1.4335627949443195,
    1.4394056769106158,
    1.4452723731596155,
    1.4511629807530195,
    1.4570775971481302,
    1.4630163201994646,
    1.4689792481603723,
    1.474966479684662,
    1.4809781138282334,
    1.4870142500507157,
    1.4930749882171135,
    1.4991604285994586,
    1.5052706718784694,
    1.5114058191452169,
    1.5175659719027956,
    1.5237512320680053,
    1.529961701973035,
    1.5361974843671569,
    1.5424586824184268,
    1.5487453997153902,
    1.5550577402687964,
    1.561395808513319,
    1.5677597093092848,
    1.574149547944407,
    1.5805654301355285,
    1.5870074620303705,
    1.5934757502092884,
    1.5999704016870353,
    1.606491523914533,
    1.6130392247806484,
    1.6196136126139804,
    1.6262147961846503,
    1.6328428847061025,
    1.639497987836911,
    1.6461802156825933,
    1.652889678797433,
    1.6596264881863079,
    1.666390755306527,
    1.6731825920696743,
    1.6800021108434608,
    1.686849424453583,
    1.6937246461855893,
    1.7006278897867555,
    1.7075592694679653,
    1.7145188999056007,
    1.7215068962434392,
    1.7285233740945585,
    1.735568449543249,
    1.7426422391469356,
    1.7497448599381045,
    1.7568764294262404,
    1.7640370655997708,
    1.771226886928017,
    1.7784460123631556,
    1.7856945613421848,
    1.7929726537889024,
    1.8002804101158878,
    1.8076179512264963,
    1.814985398516857,
    1.8223828738778836,
    1.8298104996972895,
    1.8372683988616132,
    1.8447566947582512,
    1.8522755112774996,
    1.8598249728146035,
    1.8674052042718157,
    1.875016331060462,
    1.8826584791030174,
    1.8903317748351887,
    1.898036345208006,
    1.905772317689924,
    1.91353982026893,
    1.9213389814546618,
    1.929169930280534,
    1.9370327963058727,
    1.9449277096180582,
    1.9528548008346787,
    1.9608142011056904,
    1.9688060421155869,
    1.976830456085579,
    1.9848875757757816,
    1.9929775344874097,
    2.0011004660649845,
    2.0092565048985485,
    2.0174457859258865,
    2.02566844463476,
    2.03392461706515,
    2.0422144398115036,
    2.0505380500249983,
    2.058895585415808,
    2.0672871842553833,
    2.075712985378738,
    2.084173128186746,
    2.092667752648449,
    2.101196999303371,
    2.1097610092638432,
    2.1183599242173394,
    2.1269938864288203,
    2.135663038743086,
    2.1443675245871416,
    2.153107487972567,
    2.161883073497902,
    2.1706944263510377,
    2.1795416923116187,
    2.1884250177534548,
    2.1973445496469424,
    2.206300435561497,
    2.2152928236679936,
    2.2243218627412196,
    2.2333877021623336,
    2.2424904919213406,
    2.251630382619569,
    2.260807525472166,
    2.270022072310598,
    2.2792741755851624,
    2.28856398836751,
    2.2978916643531764,
    2.307257357864128,
    2.3166612238513116,
    2.3261034178972197,
    2.335584096218464,
    2.345103415668362,
    2.354661533739528,
    2.364258608566482,
    2.3738947989282653,
    2.383570264251067,
    2.3932851646108615,
    2.403039660736057,
    2.4128339140101556,
    2.4226680864744217,
    2.432542340830564,
    2.4424568404434277,
    2.452411749343695,
    2.4624072322306025,
    2.472443454474663,
    2.4825205821204026,
    2.492638781889108,
    2.5027982211815853,
    2.5129990680809273,
    2.523241491355298,
    2.533525660460721,
    2.543851745543886,
    2.5542199174449616,
    2.564630347700424,
    2.5750832085458932,
    2.585578672918983,
    2.5961169144621623,
    2.606698107525628,
    2.61732242717019,
    2.627990049170166,
    2.6387011500162916,
    2.6494559069186385,
    2.660254497809548,
    2.671097101346572,
    2.6819838969154333,
    2.692915064632989,
    2.7038907853502123,
    2.7149112406551863,
    2.7259766128761047,
    2.7370870850842914,
    2.7482428410972273,
    2.759444065481593,
    2.770690943556321,
    2.781983661395664,
    2.793322405832269,
    2.804707364460274,
    2.8161387256384076,
    2.8276166784931065,
    2.8391414129216446,
    2.8507131195952744,
    2.8623319899623825,
    2.873998216251656,
    2.8857119914752634,
    2.897473509432048,
    2.9092829647107328,
    2.921140552693142,
    2.933046469557433,
    2.9450009122813396,
    2.9570040786454355,
    2.9690561672364013,
    2.9811573774503146,
    2.9933079094959454,
    3.0055079643980718,
    3.017757744000801,
    3.0300574509709155,
    3.042407288801219,
    3.054807461813909,
    3.067258175163953,
    3.0797596348424854,
    3.092312047680213,
    3.1049156213508406,
    3.1175705643745024,
    3.1302770861212164,
    3.1430353968143434,
    3.155845707534071,
    3.168708230220899,
    3.181623177679152,
    3.194590763580496,
    3.2076112024674766,
    3.220684709757064,
    3.233811501744224,
    3.246991795605489,
    3.2602258094025562,
    3.2735137620858925,
    3.2868558734983595,
    3.300252364378847,
    3.3137034563659302,
    3.3272093720015303,
    3.3407703347346036,
    3.3543865689248302,
    3.368058299846334,
    3.381785753691403,
    3.3955691575742364,
