{
  "c": 0.05,
  "f1": 0.5894736842105264,
  "prec": 0.4666666666666667,
  "rec": 0.8,
  "tp": 28,
  "fp": 32,
  "fn": 7,
  "tn": 13
}