{
  "cm_at_c1": {
    "TP": 0,
    "TN": 134,
    "FP": 0,
    "FN": 45,
    "precision": 0.0,
    "recall": 0.0,
    "accuracy": 0.7486033519553073,
    "F1": 0.0
  },
  "pr_auc": 0.3029416393802501,
  "roc_auc": 0.5300995024875621,
  "prevalence": 0.25139664804469275,
  "normalized_auprc": 0.06885487648555795,
  "c_grid": [
    1.4706006792289197,
    1.4838567087908119,
    1.4972322285190203,
    1.510728315500751,
    1.5243460565321,
    1.5380865482055694,
    1.5519508969983717,
    1.5659402193615317,
    1.5800556418097904,
    1.5942983010123193,
    1.6086693438842532,
    1.6231699276790468,
    1.6378012200816654,
    1.6525643993026142,
    1.667460654172816,
    1.6824911842393442,
    1.6976571998620174,
    1.7129599223108671,
    1.7284005838644816,
    1.743980427909238,
    1.7597007090394274,
    1.7755626931582842,
    1.7915676575799249,
    1.8077168911322048,
    1.8240116942605051,
    1.840453379132453,
    1.857043269743585,
    1.8737827020239655,
    1.8906730239457639,
    1.907715595631803,
    1.924911789465086,
    1.9422629901993078,
    1.9597705950703672,
    1.9774360139088796,
    1.995260669253708,
    2.0132459964665146,
    2.0313934438473455,
    2.0497044727512588,
    2.0681805577059995,
    2.0868231865307436,
    2.105633860455903,
    2.1246140942440177,
    2.1437654163117315,
    2.163089368852873,
    2.1825875079626433,
    2.2022614037629222,
    2.2221126405287057,
    2.2421428168156825,
    2.26235354558896,
    2.2827464543529508,
    2.303323185282433,
    2.324085395354786,
    2.3450347564834226,
    2.3661729556524236,
    2.3875016950523835,
    2.4090226922174853,
    2.430737680163804,
    2.452648407528864,
    2.474756638712449,
    2.4970641540186853,
    2.5195727497994036,
    2.542284238598791,
    2.565200449299352,
    2.5883232272691816,
    2.6116544345105672,
    2.6351959498099284,
    2.6589496688891114,
    2.6829175045580427,
    2.7071013868687643,
    2.7315032632708527,
    2.7561250987682415,
    2.7809688760774582,
    2.80603659578728,
    2.831330276519844,
    2.8568519550931915,
    2.882603686685292,
    2.90858754499954,
    2.9348056224317367,
    2.961260030238593,
    2.987952898707738,
    3.014886377329262,
    3.0420626349688127,
    3.069483860042242,
    3.097152260691836,
    3.1250700649641274,
    3.1532395209893145,
    3.1816628971622927,
    3.210342482325325,
    3.239280585952352,
    3.2684795383349674,
    3.2979416907700707,
    3.3276694157492046,
    3.3576651071496086,
    3.38793118042699,
    3.418470072810029,
    3.4492842434966455,
    3.480376173852026,
    3.5117483676084422,
    3.54340335106687,
    3.5753436733004205,
    3.6075719063596123,
    3.640090645479486,
    3.6729025092885954,
    3.706010140019873,
    3.739416203723403,
    3.773123390481108,
    3.807134414623371,
    3.8414520149476186,
    3.876078954938858,
    3.9110180229922182,
    3.9462720326374896,
    3.9818438227656836,
    4.017736257857646,
    4.053952228214719,
    4.090494650191492,
    4.127366466430645,
    4.164570646099904,
    4.202110185131148,
    4.239988106461657,
    4.278207460277539,
    4.316771324259354,
    4.355682803829942,
    4.3949450324045065,
    4.434561171642924,
    4.474534411704353,
    4.5148679715041204,
    4.555565098972931,
    4.596629071318416,
    4.638063195289036,
    4.67987080744036,
    4.722055274403746,
    4.76461999315745,
    4.80756839130017,
    4.850903927327059,
    4.894630090908231,
    4.938750403169767,
    4.983268416977263,
    5.02818771722193,
    5.073511921109272,
    5.119244678450375,
    5.165389671955803,
    5.211950617532166,
    5.2589312645813395,
    5.3063353963024,
    5.35416682999627,
    5.402429417373114,
    5.451127044862506,
    5.500263633926381,
    5.549843141374833,
    5.599869559684732,
    5.650346917321234,
    5.701279279062174,
    5.752670746325386,
    5.80452545749899,
    5.85684758827463,
    5.909641351983738,
    5.962910999936814,
    6.016660821765768,
    6.070895145769361,
    6.125618339261739,
    6.1808348089241205,
    6.236549001159658,
    6.292765402451482,
    6.349488539723992,
    6.406722980707392,
    6.464473334305517,
    6.522744250966966,
    6.581540423059594,
    6.640866585248374,
    6.700727514876662,
    6.761128032350899,
    6.822073001528782,
    6.883567330110942,
    6.9456159700361395,
    7.008223917880026,
    7.0713962152575105,
    7.135137949228731,
    7.199454252708712,
    7.264350304880697,
    7.329831331613208,
    7.395902605880875,
    7.462569448189038,
    7.529837227002207,
    7.597711359176356,
    7.666197310395128,
    7.735300595609972,
    7.805026779484231,
    7.875381476841268,
    7.946370353116588,
    8.017999124814075,
    8.09027355996631,
    8.163199478599054,
    8.236782753199927,
    8.311029309191287,
    8.38594512540739,
    8.461536234575853,
    8.537808723803433,
    8.61476873506622,
    8.692422465704217,
    8.770776168920408,
    8.849836154284288,
    8.929608788239962,
    9.010100494618818,
    9.091317755156812,
    9.173267110016422,
    9.255955158313306,
    9.339388558647707,
    9.423574029640653,
    9.508518350474976,
    9.594228361441228,
    9.680710964488506,
    9.767973123780232,
    9.856021866254967,
    9.944864282192267,
    10.034507525783631,
    10.12495881570862,
    10.216225435716135,
    10.308314735210958,
    10.401234129845601,
    10.494991102117426,
    10.589593201971217,
    10.68504804740713,
    10.781363325094157,
    10.878546790989118,
    10.976606270961202,
    11.075549661422167,
    11.175384929962233,
    11.27612011599164,
    11.377763331388094,
    11.480322761149935,
    11.583806664055283,
    11.688223373327087,
    11.793581297304149,
    11.899888920118261,
    12.007154802377364,
    12.115387581854918,
    12.224595974185501,
    12.334788773566602,
    12.445974853466847,
    12.558163167340489,
    12.671362749348443,
    12.785582715085775,
    12.900832262315724,
    13.017120671710408,
    13.134457307598128,
    13.252851618717456,
    13.372313138978148,
    13.492851488228817,
    13.614476373031652,
    13.737197587443998,
    13.86102501380707,
    13.985968623541767,
    14.112038477951579,
    14.239244729032857,
    14.367597620292264,
    14.497107487571682,
    14.627784759880536,
    14.75963996023557,
    14.892683706508247,
    15.026926712279806,
    15.16237978770393,
    15.299053840377312,
    15.43695987621796,
    15.576109000351492,
    15.716512418005415,
    15.858181435411387,
    16.00112746071575,
    16.14536200489811,
    16.290896682698335,
    16.437743213551848,
    16.58591342253331,
    16.73541924130892,
    16.886272709097184,
    17.038485973638394,
    17.192071292172905,
    17.347041032428084,
    17.503407673614323,
    17.66118380742989,
    17.820382139074923,
    17.981015488274558,
    18.143096790311205,
    18.306639097066252,
    18.47165557807104,
    18.638159521567367,
    18.80616433557759,
    18.975683548984268,
    19.14673081261966,
    19.31931990036492,
    19.49346471025931,
    19.669179265619366,
    19.846477716168096,
    20.025374339174494,
    20.205883540603153,
    20.388019856274394,
    20.571797953034782,
    20.75723262993815,
    20.944338819437405,
    21.1331315885869,
    21.323626140255776,
    21.515837814352228,
    21.709782089058717,
    21.90547458207844,
    22.102931051892917,
    22.302167399030996,
    22.5031996673493,
    22.70604404532412,
    22.91071686735509,
    23.1172346150805,
    23.32561391870449,
    23.53587155833632,
    23.74802446534149,
    23.962089723705287,
    24.178084571408405,
    24.39602640181512,
    24.615932765073932,
    24.837821369530754,
    25.061710083155,
    25.28761693497835,
    25.515560116546595,
    25.745557983384607,
    25.977629056474342,
    26.211792023746366,
    26.448065741584674,
    26.68646923634515,
    26.92702170588774,
    27.169742521122316,
    27.4146512275686,
