{
  "c": 0.05,
  "f1": 0.44186046511627913,
  "prec": 0.31666666666666665,
  "rec": 0.7307692307692307,
  "tp": 19,
  "fp": 41,
  "fn": 7,
  "tn": 13
}