{
  "cm_at_c1": {
    "TP": 0,
    "TN": 127,
    "FP": 0,
    "FN": 52,
    "precision": 0.0,
    "recall": 0.0,
    "accuracy": 0.7094972067039106,
    "F1": 0.0
  },
  "pr_auc": 0.3333959979890929,
  "roc_auc": 0.5728346456692914,
  "prevalence": 0.2905027932960894,
  "normalized_auprc": 0.06045577669328841,
  "c_grid": [
    1.1225118641062228,
    1.1330613752918137,
    1.1437100321433114,
    1.154458766444463,
    1.1653085187360406,
    1.1762602383981384,
    1.187314883733248,
    1.1984734220501108,
    1.2097368297483608,
    1.2211060924039616,
    1.2325822048554462,
    1.2441661712909693,
    1.2558590053361744,
    1.2676617301428899,
    1.279575378478657,
    1.2916009928170993,
    1.3037396254291418,
    1.3159923384750871,
    1.3283602040975577,
    1.3408443045153107,
    1.3534457321179338,
    1.3661655895614337,
    1.3790049898647196,
    1.391965056506997,
    1.4050469235260727,
    1.4182517356175872,
    1.4315806482351787,
    1.4450348276915868,
    1.4586154512607095,
    1.4723237072806161,
    1.48616079525753,
    1.5001279259707894,
    1.5142263215787921,
    1.5284572157259384,
    1.5428218536505778,
    1.55732149229397,
    1.571957400410271,
    1.5867308586775515,
    1.6016431598098602,
    1.6166956086703386,
    1.6318895223854006,
    1.647226230459984,
    1.6627070748938848,
    1.6783334102991863,
    1.694106604018791,
    1.7100280362460665,
    1.7260991001456145,
    1.7423212019751781,
    1.758695761208692,
    1.7752242106604892,
    1.7919079966106772,
    1.80874857893169,
    1.8257474312160304,
    1.8429060409052147,
    1.8602259094199254,
    1.8777085522913903,
    1.8953554992939952,
    1.9131682945791426,
    1.9311484968103687,
    1.949297679299731,
    1.9676174301454763,
    1.986109352371003,
    2.0047750640651305,
    2.0236161985236856,
    2.0426344043924196,
    2.061831345811269,
    2.081208702559972,
    2.1007681702050536,
    2.1205114602481907,
    2.1404403002759738,
    2.160556434111076,
    2.18086162196484,
    2.2013576405913002,
    2.2220462834426566,
    2.2429293608262033,
    2.2640087000627345,
    2.2852861456464426,
    2.3067635594063134,
    2.328442820669041,
    2.3503258264234748,
    2.37241449148661,
    2.394710748671138,
    2.4172165489545727,
    2.4399338616499677,
    2.462864674578233,
    2.486010994242077,
    2.509374846001578,
    2.5329582742514094,
    2.556763342599731,
    2.580792134048756,
    2.6050467511770217,
    2.6295293163233695,
    2.6542419717726555,
    2.6791868799432037,
    2.704366223576025,
    2.7297822059258112,
    2.7554370509537263,
    2.7813330035220076,
    2.8074723295903974,
    2.833857316414419,
    2.860490272745519,
    2.887373529033087,
    2.9145094376283756,
    2.941900372990339,
    2.969548731893403,
    2.997456933637186,
    3.0256274202581985,
    3.0540626567435245,
    3.0827651312465134,
    3.1117373553045007,
    3.1409818640585745,
    3.1705012164754045,
    3.200297995571159,
    3.2303748086375266,
    3.2607342874698566,
    3.291379088597453,
    3.322311893516024,
    3.353535408922318,
    3.385052366950972,
    3.416865525413572,
    3.448977668039977,
    3.4813916047218947,
    3.51411017175876,
    3.5471362321059132,
    3.5804726756251193,
    3.614122419337437,
    3.6480884076784625,
    3.6823736127559807,
    3.7169810346100247,
    3.751913701475394,
    3.7871746700466282,
    3.8227670257454736,
    3.8586938829908726,
    3.894958385471472,
    3.9315637064207167,
    3.968513048894502,
    4.0058096460514605,
    4.043456761435863,
    4.081457689263192,
    4.11981575470839,
    4.158534314196824,
    4.197616755697979,
    4.2370664990219105,
    4.276886996118496,
    4.317081731379477,
    4.3576542219433625,
    4.398608018003177,
    4.439946703117121,
    4.481673894522138,
    4.523793243450424,
    4.566308435448934,
    4.6092231907018615,
    4.652541264356176,
    4.696266446850197,
    4.740402564245277,
    4.784953478560581,
    4.829923088111032,
    4.875315327848421,
    4.921134169705715,
    4.967383622944626,
    5.014067734506423,
    5.061190589366049,
    5.10875631088957,
    5.156769061194976,
    5.205233041516379,
    5.25415249257163,
    5.3035316949333975,
    5.353374969403716,
    5.403686677392081,
    5.454471221297072,
    5.505733044891582,
    5.55747663371165,
    5.609706515448966,
    5.6624272603470445,
    5.715643481601141,
    5.769359835761916,
    5.823581023142888,
    5.878311788231736,
    5.933556920105436,
    5.989321252849335,
    6.04560966598013,
    6.102427084872853,
    6.159778481191839,
    6.217668873325765,
    6.276103326826779,
    6.335086954853732,
    6.394624918619607,
    6.454722427843127,
    6.515384741204631,
    6.576617166806202,
    6.638425062636163,
    6.700813837037891,
    6.76378894918308,
    6.827355909549416,
    6.891520280402769,
    6.956287676283903,
    7.021663764499751,
    7.087654265619336,
    7.1542649539743195,
    7.221501658164283,
    7.28937026156673,
    7.357876702851912,
    7.427026976502462,
    7.496827133337938,
    7.567283281044281,
    7.638401584708247,
    7.710188267356878,
    7.782649610502018,
    7.8557919546899795,
    7.929621700056335,
    8.004145306885967,
    8.07936929617834,
    8.155300250218115,
    8.231944813151117,
    8.309309691565698,
    8.387401655079607,
    8.466227536932319,
    8.545794234582987,
    8.62610871031396,
    8.70717799184003,
    8.789009172923347,
    8.871609413994154,
    8.954985942777345,
    9.039146054924897,
    9.124097114654274,
    9.209846555392794,
    9.296401880428093,
    9.383770663564663,
    9.471960549786594,
    9.560979255926517,
    9.650834571340852,
    9.741534358591398,
    9.833086554133319,
    9.925499169009608,
    10.018780289552074,
    10.112938078088915,
    10.207980773658935,
    10.303916692732502,
    10.40075422993923,
    10.498501858802543,
    10.59716813248115,
    10.696761684517424,
    10.797291229592895,
    10.898765564290787,
    11.001193567865759,
    11.104584203020837,
    11.208946516691688,
    11.314289640838245,
    11.42062279324379,
    11.527955278321507,
    11.636296487928659,
    11.745655902188386,
    11.856043090319266,
    11.967467711472613,
    12.07993951557769,
    12.19346834419485,
    12.308064131376714,
    12.423736904537394,
    12.54049678532993,
    12.658353990531984,
    12.77731883293979,
    12.897401722270574,
    13.018613166073429,
    13.140963770648757,
    13.264464241976325,
    13.389125386652085,
    13.514958112833758,
    13.641973431195368,
    13.770182455890641,
    13.899596405525557,
    14.030226604140026,
    14.162084482198718,
    14.29518157759129,
    14.429529536641972,
    14.565140115128665,
    14.702025179311569,
    14.840196706971524,
    14.979666788458122,
    15.120447627747595,
    15.262551543510726,
    15.405990970190748,
    15.550778459091411,
    15.696926679475217,
    15.844448419672037,
    15.993356588198106,
    16.143664214885582,
    16.295384452022645,
    16.448530575504368,
    16.603115985994425,
    16.75915421009763,
    16.916658901543585,
    17.07564384238138,
    17.23612294418562,
    17.398110249273653,
    17.561619931934327,
    17.726666299668313,
    17.89326379444,
    18.061426993941215,
    18.231170612866812,
    18.402509504202268,
    18.575458660523307,
    18.75003321530782,
    18.926248444260057,
    19.10411976664735,
    19.28366274664925,
    19.464893094719475,
    19.64782666896065,
    19.83247947651186,
    20.01886767494935,
    20.207007573700345,
    20.396915635470194,
    20.588608477682854,
    20.782102873934956,
    20.977415755463607,
    21.17456421262781,
    21.373565496403995,
    21.574437019895463,
    21.77719635985615,
    21.981861258228548,
    22.188449623696236,
    22.39697953325089,
    22.607469233774115,
    22.81993714363403,
    23.034401854296952,
    23.25088213195423,
    23.469396919164264,
    23.68996533651007,
