{
  "cm_at_c1": {
    "TP": 0,
    "TN": 115,
    "FP": 0,
    "FN": 45,
    "precision": 0.0,
    "recall": 0.0,
    "accuracy": 0.71875,
    "F1": 0.0
  },
  "pr_auc": 0.32637264047871484,
  "roc_auc": 0.554975845410628,
  "prevalence": 0.28125,
  "normalized_auprc": 0.06277932588342934,
  "c_grid": [
    2.3122263416617646,
    2.3299267057298123,
    2.3477625681625733,
    2.365734966215935,
    2.3838449450860995,
    2.4020935579703706,
    2.4204818661283993,
    2.439010938943905,
    2.457681853986864,
    2.4764956970761776,
    2.495453562342819,
    2.514556552293461,
    2.5338057778745964,
    2.553202358537141,
    2.572747422301542,
    2.5924421058233724,
    2.61228755445944,
    2.632284922334391,
    2.6524353724078327,
    2.672740076541964,
    2.693200215569727,
    2.7138169793634774,
    2.734591566904186,
    2.7555251863511603,
    2.7766190551123118,
    2.797874399914952,
    2.8192924568771325,
    2.840874471579535,
    2.862621699137907,
    2.884535404276055,
    2.9066168613993946,
    2.9288673546690633,
    2.9512881780766045,
    2.973880635519217,
    2.9966460408755875,
    3.019585718082298,
    3.0427010012108178,
    3.0659932345450938,
    3.0894637726597223,
    3.1131139804987265,
    3.1369452334549384,
    3.1609589174499817,
    3.185156429014873,
    3.2095391753712392,
    3.2341085745131517,
    3.258866055289596,
    3.2838130574875604,
    3.308951031915776,
    3.334281440489082,
    3.359805756313447,
    3.3855254637716414,
    3.4114420586095573,
    3.437557048023199,
    3.463871950746332,
    3.490388297138808,
    3.5171076292755608,
    3.5440315010362915,
    3.5711614781958327,
    3.5984991385152054,
    3.626046071833377,
    3.653803880159719,
    3.6817741777671724,
    3.7099585912861275,
    3.7383587597990218,
    3.76697633493566,
    3.7958129809692664,
    3.824870374913275,
    3.85415020661885,
    3.88365417887317,
    3.9133840074984456,
    3.943341421451707,
    3.973528162925358,
    4.0039459874484855,
    4.034596663988959,
    4.065481975056306,
    4.096603716805371,
    4.1279636991407775,
    4.159563745822178,
    4.1914056945703235,
    4.22349139717393,
    4.255822719597375,
    4.288401542089209,
    4.32122975929151,
    4.354309280350065,
    4.38764202902539,
    4.421229943804616,
    4.455074978014222,
    4.489179099933631,
    4.5235442929096745,
    4.558172555471937,
    4.593065901448981,
    4.6282263600854625,
    4.663655976160147,
    4.699356810104819,
    4.735330938124109,
    4.7715804523162415,
    4.808107460794692,
    4.844914087810799,
    4.882002473877292,
    4.919374775892775,
    4.957033167267166,
    4.9949798380480885,
    5.033216995048241,
    5.071746861973732,
    5.110571679553397,
    5.149693705669119,
    5.189115215487127,
    5.228838501590319,
    5.268865874111584,
    5.309199660868145,
    5.349842207496943,
    5.390795877591043,
    5.432063052837094,
    5.473646133153837,
    5.5155475368316695,
    5.557769700673287,
    5.6003150801353945,
    5.643186149471511,
    5.68638540187585,
    5.729915349628327,
    5.773778524240648,
    5.8179774766035415,
    5.862514777135105,
    5.907393015930284,
    5.952614802911511,
    5.9981827679804764,
    6.0440995611710795,
    6.090367852803536,
    6.136990333639681,
    6.1839697150394475,
    6.231308729118544,
    6.279010128907345,
    6.327076688510996,
    6.375511203270747,
    6.424316489926511,
    6.473495386780675,
    6.5230507538631635,
    6.5729854730977655,
    6.623302448469737,
    6.674004606194682,
    6.725094894888728,
    6.776576285740003,
    6.8284517726814284,
    6.880724372564838,
    6.933397125336421,
    6.986473094213504,
    7.039955365862709,
    7.093847050579448,
    7.148151282468815,
    7.202871219627844,
    7.258010044329171,
    7.313570963206104,
    7.3695572074391045,
    7.425972032943697,
    7.482818720559833,
    7.540100576242667,
    7.597820931254831,
    7.655983142360165,
    7.7145905920189275,
    7.773646688584516,
    7.833154866501664,
    7.8931185865061835,
    7.95354133582623,
    8.014426628385094,
    8.075778005005569,
    8.137599033615857,
    8.199893309457071,
    8.262664455292313,
    8.325916121617366,
    8.38965198687299,
    8.453875757658833,
    8.518591168949005,
    8.583801984309273,
    8.649511996115947,
    8.715725025776432,
    8.78244492395144,
    8.849675570778947,
    8.917420876099845,
    8.98568477968531,
    9.05447125146594,
    9.12378429176261,
    9.193627931519119,
    9.26400623253662,
    9.334923287709824,
    9.406383221265033,
    9.478390188999997,
    9.55094837852557,
    9.624062009509265,
    9.697735333920644,
    9.771972636278592,
    9.846778233900505,
    9.922156477153331,
    9.998111749706595,
    10.074648468787327,
    10.151771085436945,
    10.229484084770123,
    10.307791986235603,
    10.38669934387904,
    10.466210746607842,
    10.546330818458042,
    10.627064218863222,
    10.70841564292546,
    10.790389821688402,
    10.87299152241238,
    10.956225548851666,
    11.040096741533846,
    11.124609978041299,
    11.209770173294872,
    11.295582279839712,
    11.382051288133274,
    11.469182226835565,
    11.556980163101562,
    11.645450202875908,
    11.734597491189858,
    11.824427212460472,
    11.914944590792159,
    12.006154890280431,
    12.098063415318084,
    12.190675510903658,
    12.283996562952284,
    12.378031998608916,
    12.47278728656393,
    12.568267937371168,
    12.664479503768412,
    12.761427581000294,
    12.859117807143726,
    12.957555863435735,
    13.056747474603892,
    13.156698409199231,
    13.257414479931724,
    13.358901544008305,
    13.461165503473545,
    13.564212305552832,
    13.66804794299827,
    13.772678454437187,
    13.878109924723303,
    13.984348485290626,
    14.091400314509995,
    14.199271638048407,
    14.30796872923107,
    14.417497909406231,
    14.527865548312812,
    14.639078064450823,
    14.751141925454643,
    14.864063648469159,
    14.977849800528755,
    15.092506998939257,
    15.208041911662722,
    15.324461257705249,
    15.441771807507712,
    15.559980383339504,
    15.679093859695309,
    15.79911916369485,
    15.920063275485782,
    16.041933228649597,
    16.164736110610683,
    16.288479063048506,
    16.41316928231291,
    16.53881401984265,
    16.665420582587092,
    16.792996333431155,
    16.92154869162352,
    17.051085133208076,
    17.181613191458705,
    17.313140457317388,
    17.44567457983565,
    17.579223266619426,
    17.713794284277256,
    17.84939545887199,
    17.986034676375905,
    18.12371988312932,
    18.262459086302716,
    18.40226035436243,
    18.543131817539834,
    18.68508166830417,
    18.828118161839015,
    18.972249616522316,
    19.11748441441022,
    19.263831001724462,
    19.411297889343615,
    19.559893653298015,
    19.709626935268513,
    19.860506443089072,
    20.012540951253115,
    20.165739301423855,
    20.320110402948465,
    20.475663233376217,
    20.632406838980607,
    20.790350335285375,
    20.949502907594685,
    21.109873811527283,
    21.271472373554747,
    21.434307991543925,
    21.598390135303404,
    21.763728347134283,
    21.93033224238509,
    22.09821151001097,
    22.267375913137187,
    22.43783528962684,
    22.609599552653037,
    22.78267869127539,
    22.95708277102093,
    23.132821934469497,
    23.309906401843556,
    23.488346471602572,
    23.668152521041918,
    23.849335006896418,
    24.03190446594839,
    24.215871515640476,
    24.40124685469308,
    24.58804126372656,
    24.77626560588822,
    24.965930827484,
    25.15704795861511,
    25.34962811381947,
    25.54368249271809,
    25.73922238066643,
    25.936259149410628,
    26.134804257748886,
    26.334869252197862,
    26.536465767664136,
    26.739605528120872,
    26.944300347289648,
    27.15056212932743,
    27.358402869518926,
    27.56783465497415,
    27.778869665331342,
    27.991520173465354,
