{
  "c": 0.05,
  "f1": 0.5319148936170213,
  "prec": 0.4166666666666667,
  "rec": 0.7352941176470589,
  "tp": 25,
  "fp": 35,
  "fn": 9,
  "tn": 11
}