{
  "cm_at_c1": {
    "TP": 0,
    "TN": 117,
    "FP": 0,
    "FN": 63,
    "precision": 0.0,
    "recall": 0.0,
    "accuracy": 0.65,
    "F1": 0.0
  },
  "pr_auc": 0.40651582240860684,
  "roc_auc": 0.5725139058472393,
  "prevalence": 0.35,
  "normalized_auprc": 0.0869474190901644,
  "auprg": NaN,
  "ece_rank": 0.23895027624309392,
  "c_grid": [
    3.2181788422179536,
    3.241964982425742,
    3.2659269302855365,
    3.2900659852233987,
    3.314383456269683,
    3.338880662130023,
    3.3635589312568457,
    3.3884196019214055,
    3.4134640222863637,
    3.4386935504788947,
    3.4641095546643363,
    3.4897134131203806,
    3.5155065143118214,
    3.541490256965845,
    3.5676660501478836,
    3.5940353133380234,
    3.6205994765079863,
    3.6473599801986736,
    3.674318275598283,
    3.7014758246210047,
    3.7288340999863028,
    3.756394585298775,
    3.78415877512861,
    3.81212817509263,
    3.8403043019359475,
    3.86868868361421,
    3.89728285937646,
    3.926088379848607,
    3.955106807117517,
    3.984339714815723,
    4.013788688206758,
    4.0434553242711235,
    4.073341231792893,
    4.103448031446954,
    4.133777355886892,
    4.164330849833531,
    4.1951101701641225,
    4.226116986002198,
    4.257352978808082,
    4.2888198424700725,
    4.320519283396305,
    4.352453020607283,
    4.3846227858291025,
    4.417030323587357,
    4.449677391301746,
    4.482565759381374,
    4.515697211320755,
    4.549073543796537,
    4.582696566764929,
    4.61656810355985,
    4.650689990991811,
    4.685064079447519,
    4.7196922329902256,
    4.754576329460808,
    4.789718260579604,
    4.825119932048996,
    4.860783263656762,
    4.896710189380171,
    4.932902657490872,
    4.9693626306605365,
    5.006092086067301,
    5.043093015502979,
    5.080367425481078,
    5.117917337345606,
    5.1557447873806925,
    5.19385182692101,
    5.232240522463014,
    5.270912955777008,
    5.309871224020035,
    5.349117439849606,
    5.388653731538262,
    5.428482243088991,
    5.468605134351496,
    5.5090245811393155,
    5.549742775347823,
    5.5907619250730765,
    5.632084254731581,
    5.6737120051809,
    5.715647433841178,
    5.75789281481756,
    5.800450439023517,
    5.843322614305065,
    5.886511665565937,
    5.93001993489364,
    5.973849781686477,
    6.018003582781488,
    6.062483732583343,
    6.10729264319419,
    6.152432744544461,
    6.197906484524635,
    6.243716329118003,
    6.289864762534371,
    6.336354287344794,
    6.383187424617282,
    6.430366714053508,
    6.477894714126542,
    6.525774002219592,
    6.574007174765762,
    6.622596847388872,
    6.67154565504528,
    6.720856252166787,
    6.77053131280458,
    6.820573530774231,
    6.870985619801799,
    6.9217703136709785,
    6.9729303663713464,
    7.0244685522477255,
    7.07638766615061,
    7.128690523587743,
    7.181379960876795,
    7.234458835299166,
    7.287930025254943,
    7.341796430418988,
    7.3960609718981765,
    7.450726592389821,
    7.505796256341232,
    7.561272950110488,
    7.617159682128382,
    7.6734594830615555,
    7.730175405976857,
    7.787310526506903,
    7.844867943016861,
    7.902850776772485,
    7.961262172109354,
    8.020105296603406,
    8.079383341242705,
    8.139099520600475,
    8.19925707300944,
    8.259859260737421,
    8.320909370164246,
    8.382410711959974,
    8.444366621264424,
    8.506780457868025,
    8.56965560639404,
    8.632995476482074,
    8.696803502973008,
    8.761083146095247,
    8.825837891652363,
    8.891071251212134,
    8.956786762296975,
    9.022987988575755,
    9.089678520057078,
    9.156861973283931,
    9.224541991529836,
    9.292722244996405,
    9.361406431012362,
    9.430598274234068,
    9.500301526847483,
    9.570519968771647,
    9.641257407863677,
    9.712517680125229,
    9.784304649910558,
    9.856622210136049,
    9.92947428249133,
    10.002864817651952,
    10.076797795493622,
    10.151277225308016,
    10.226307146020222,
    10.301891626407738,
    10.378034765321143,
    10.45474069190635,
    10.53201356582854,
    10.609857577497719,
    10.688276948295982,
    10.767275930806425,
    10.846858809043734,
    10.92702989868653,
    11.007793547311389,
    11.089154134628624,
    11.17111607271975,
    11.253683806276804,
    11.33686181284332,
    11.420654603057171,
    11.505066720895162,
    11.590102743919463,
    11.67576728352583,
    11.762064985193666,
    11.849000528737953,
    11.936578628563028,
    12.024804033918251,
    12.11368152915554,
    12.203215933988808,
    12.293412103755351,
    12.38427492967913,
    12.475809339136044,
    12.568020295921093,
    12.660912800517602,
    12.754491890368355,
    12.848762640148788,
    12.943730162042172,
    13.039399606016863,
    13.135776160105557,
    13.232865050686625,
    13.330671542767549,
    13.429200940270423,
    13.528458586319609,
    13.628449863531435,
    13.729180194306144,
    13.830655041121897,
    13.932879906831028,
    14.035860334958429,
    14.139601910002204,
    14.24411025773649,
    14.349391045516521,
    14.455449982585979,
    14.562292820386588,
    14.669925352870038,
    14.778353416812154,
    14.887582892129407,
    14.997619702197806,
    15.108469814174086,
    15.220139239319339,
    15.332634033324942,
    15.44596029664101,
    15.560124174807159,
    15.675131858785807,
    15.790989585297883,
    15.907703637161061,
    16.025280343630453,
    16.143726080741825,
    16.263047271657374,
    16.383250387014044,
    16.50434194527444,
    16.626328513080296,
    16.749216705608568,
    16.873013186930184,
    16.99772467037141,
    17.12335791887795,
    17.249919745381614,
    17.37741701316987,
    17.505856636257942,
    17.6352455797638,
    17.765590860285855,
    17.896899546283464,
    18.029178758460258,
    18.16243567015025,
    18.296677507706857,
    18.43191155089479,
    18.568145133284812,
    18.70538564265144,
    18.84364052137354,
    18.98291726683796,
    19.123223431846068,
    19.264566625023388,
    19.406954511232115,
    19.55039481198688,
    19.69489530587337,
    19.840463828970233,
    19.98710827527396,
    20.134836597127027,
    20.283656805649095,
    20.433576971171448,
    20.584605223674643,
    20.73674975322939,
    20.890018810440697,
    21.044420706895288,
    21.199963815612307,
    21.356656571497393,
    21.514507471800105,
    21.673525076574688,
    21.83371800914431,
    21.995094956568682,
    22.15766467011512,
    22.32143596573314,
    22.486417724532526,
    22.652618893264957,
    22.82004848480918,
    22.98871557865973,
    23.158629321419323,
    23.329798927294867,
    23.502233678597165,
    23.675942926244204,
    23.85093609026834,
    24.027222660327062,
    24.204812196217624,
    24.38371432839546,
    24.56393875849647,
    24.74549525986308,
    24.928393678074244,
    25.112643931479358,
    25.298256011736132,
    25.48523998435244,
    25.673605989232136,
    25.863364241224915,
    26.054525030680267,
    26.24709872400551,
    26.44109576422799,
    26.636526671561285,
    26.83340204397583,
    27.031732557773534,
    27.23152896816679,
    27.432802109861683,
    27.635562897645602,
    27.839822326979103,
    28.04559147459213,
    28.25288149908476,
    28.46170364153228,
    28.672069226094823,
    28.88398966063143,
    29.097476437318647,
    29.312541133273797,
    29.529195411182748,
    29.74745101993242,
    29.967319795247825,
    30.188813660334006,
    30.41194462652252,
    30.636724793922863,
    30.863166352078597,
    31.09128158062844,
    31.321082849972125,
    31.55258262194122,
    31.785793450474944,
    32.02072798230093,
    32.25739895762109,
    32.49581921080247,
    32.73600167107321,
    32.97795936322369,
    33.22170540831291,
    33.46725302437991,
    33.714615527160774,
    33.96380633081048,
    34.21483894863046,
    34.46772699380142,
    34.72248418012153,
    34.97912432275009,
    35.237661338956805,
    35.49810924887637,
