{
  "c": 0.05,
  "f1": 0.419753086419753,
  "prec": 0.2833333333333333,
  "rec": 0.8095238095238095,
  "tp": 17,
  "fp": 43,
  "fn": 4,
  "tn": 16
}