{
  "cm_at_c1": {
    "TP": 0,
    "TN": 134,
    "FP": 0,
    "FN": 45,
    "precision": 0.0,
    "recall": 0.0,
    "accuracy": 0.7486033519553073,
    "F1": 0.0
  },
  "pr_auc": 0.29546971604369304,
  "roc_auc": 0.5958540630182422,
  "prevalence": 0.25139664804469275,
  "normalized_auprc": 0.05887372516284368,
  "c_grid": [
    1.637959381722804,
    1.6534428216048165,
    1.6690726246465353,
    1.684850174401918,
    1.7007768675034964,
    1.716854113786008,
    1.7330833364111942,
    1.7494659719937786,
    1.766003470728638,
    1.7826972965191727,
    1.7995489271068914,
    1.816559854202222,
    1.8337315836165582,
    1.8510656353955537,
    1.8685635439536772,
    1.8862268582100397,
    1.904057141725504,
    1.922055972841093,
    1.9402249448177036,
    1.958565665977143,
    1.9770797598444982,
    1.9957688652918495,
    2.0146346366833456,
    2.0336787440216466,
    2.0529028730957553,
    2.07230872563024,
    2.0918980194358756,
    2.1116724885617026,
    2.1316338834485253,
    2.1517839710838618,
    2.1721245351583582,
    2.192657376223681,
    2.213384311851903,
    2.234307176796394,
    2.2554278231542355,
    2.2767481205301667,
    2.298269956202084,
    2.319995235288103,
    2.341925880915198,
    2.364063834389441,
    2.386411055367845,
    2.408969522031831,
    2.4317412312623423,
    2.4547281988166048,
    2.477932459506562,
    2.501356067379001,
    2.5250010958973723,
    2.5488696381253377,
    2.5729638069120453,
    2.597285735079162,
    2.621837575609669,
    2.6466215018384474,
    2.6716397076446596,
    2.696894407645953,
    2.722387837394499,
    2.7481222535748833,
    2.7740999342038695,
    2.8003231788320497,
    2.8267943087474006,
    2.853515667180764,
    2.880489619513271,
    2.907718553485727,
    2.9352048794099725,
    2.962951030382247,
    2.9909594624985654,
    3.0192326550721345,
    3.0477731108528197,
    3.0765833562486913,
    3.1056659415496606,
    3.1350234411532347,
    3.1646584537924007,
    3.1945736027656673,
    3.224771536169279,
    3.255254927131627,
    3.2860264740498746,
    3.317088900828821,
    3.34844495712202,
    3.380097418575182,
    3.4120490870718747,
    3.4443027909815442,
    3.476861385409886,
    3.509727752451578,
    3.5429048014454043,
    3.5763954692317905,
    3.610202720412775,
    3.644329547614433,
    3.6787789717517887,
    3.713554042296224,
    3.7486578375454207,
    3.78409346489585,
    3.819864061117843,
    3.8559727926332545,
    3.8924228557957585,
    3.92921747717379,
    3.9663599138361594,
    4.003853453640372,
    4.041701415523666,
    4.07990714979681,
    4.118474038440671,
    4.157405495405589,
    4.19670496691358,
    4.236375931763394,
    4.276421901638466,
    4.316846421417765,
    4.357653069489587,
    4.398845458068322,
    4.440427233514198,
    4.482402076656068,
    4.524773703117228,
    4.567545863644334,
    4.610722344439411,
    4.654306967495016,
    4.698303590932552,
    4.742716109343805,
    4.787548454135676,
    4.832804593878203,
    4.878488534655857,
    4.924604320422158,
    4.971156033357649,
    5.018147794231255,
    5.065583762765047,
    5.113468138002469,
    5.161805158680035,
    5.210599103602541,
    5.259854292021829,
    5.309575084019129,
    5.35976588089101,
    5.410431125538989,
    5.461575302862812,
    5.513202940157466,
    5.5653186075139285,
    5.617926918223717,
    5.6710325291872605,
    5.724640141326123,
    5.778754499999139,
    5.833380395422465,
    5.888522663093617,
    5.944186184219507,
    6.0003758861485315,
    6.057096742806734,
    6.114353775138109,
    6.172152051549049,
    6.230496688357004,
    6.289392850243379,
    6.348845750710714,
    6.40886065254418,
    6.469442868277449,
    6.530597760662955,
    6.592330743146609,
    6.654647280346997,
    6.717552888539109,
    6.7810531361426465,
    6.845153644214931,
    6.9098600869484885,
    6.975178192173329,
    7.041113741863973,
    7.107672572651276,
    7.174860576339086,
    7.24268370042579,
    7.311147948630787,
    7.3802593814259385,
    7.45002411657204,
    7.520448329660376,
    7.5915382546593735,
    7.663300184466439,
    7.73574047146501,
    7.808865528086865,
    7.882681827379758,
    7.95719590358041,
    8.032414352692925,
    8.108343833072666,
    8.184991066015659,
    8.262362836353557,
    8.340465993054243,
    8.419307449828095,
    8.498894185739996,
    8.579233245827115,
    8.660331741722546,
    8.742196852284815,
    8.824835824233375,
    8.90825597279007,
    8.992464682326688,
    9.077469407018626,
    9.163277671504739,
    9.249897071553415,
    9.337335274734963,
    9.42560002110034,
    9.514699123866308,
    9.60464047010706,
    9.695432021452389,
    9.787081814792442,
    9.879597962989163,
    9.972988655594435,
    10.067262159575025,
    10.162426820044377,
    10.25849106100132,
    10.355463386075778,
    10.45335237928148,
    10.552166705775868,
    10.651915112627082,
    10.752606429588308,
    10.854249569879343,
    10.956853530975634,
    11.060427395404698,
    11.164980331550154,
    11.270521594463267,
    11.377060526682241,
    11.484606559059195,
    11.593169211595018,
    11.70275809428204,
    11.81338290795475,
    11.925053445148487,
    12.037779590966304,
    12.151571323953966,
    12.266438716983298,
    12.382391938143783,
    12.499441251642704,
    12.617597018713674,
    12.736869698533875,
    12.857269849149848,
    12.978808128412146,
    13.101495294918724,
    13.22534220896734,
    13.350359833516858,
    13.47655923515774,
    13.603951585091643,
    13.732548160120276,
    13.862360343643672,
    13.993399626667797,
    14.125677608821787,
    14.259205999384704,
    14.393996618322088,
    14.530061397332213,
    14.667412380902343,
    14.806061727374852,
    14.94602171002354,
    15.087304718140013,
    15.229923258130441,
    15.373889954622568,
    15.519217551583312,
    15.665918913446797,
    15.81400702625318,
    15.963494998798122,
    16.114396063793233,
    16.26672357903738,
    16.420491028599184,
    16.57571202401057,
    16.732400305471728,
    16.890569743067328,
    17.050234337994375,
    17.21140822380153,
    17.37410566764029,
    17.53834107152783,
    17.704128973621973,
    17.87148404950801,
    18.040421113497874,
    18.210955119941445,
    18.383101164550354,
    18.55687448573424,
    18.732290465949635,
    18.909364633061685,
    19.088112661718604,
    19.26855037473927,
    19.4506937445138,
    19.634558894417495,
    19.820162100238008,
    20.00751979161617,
    20.196648553500253,
    20.387565127614167,
    20.58028641393935,
    20.774829472210843,
    20.97121152342734,
    21.16944995137568,
    21.369562304169577,
    21.57156629580307,
    21.77547980771849,
    21.981320890389398,
    22.18910776491835,
    22.398858824649917,
    22.610592636798767,
    22.824327944093344,
    23.040083666434878,
    23.25787890257228,
    23.477732931792666,
    23.69966521562807,
    23.92369539957807,
    24.14984331484893,
    24.378128980108944,
    24.608572603260615,
    24.841194583229342,
    25.07601551176926,
    25.3130561752859,
    25.552337556676335,
    25.793880837186467,
    26.03770739828612,
    26.283838823561602,
    26.532296900626424,
    26.783103623049815,
    27.036281192303722,
    27.291852019727973,
    27.549838728514235,
    27.810264155708538,
    28.073151354232905,
    28.3385235949259,
    28.606404368602675,
    28.87681738813428,
    29.14978659054684,
    29.42533613914034,
    29.703490425627713,
    29.98427407229384,
    30.26771193417528,
    30.553829101260305,
    30.84265090070998,
    31.13420289910004,
    31.42851090468414,
    31.725600969678307,
    32.025499392567205,
    32.328232720431956,
    32.63382775130021,
    32.94231153651821,
    33.25371138314551,
    33.56805485637203,
    33.88536978195831,
    34.20568424869856,
    34.529026610907046,
    34.85542549092816,
    35.184909781669916,
