{
  "cm_at_c1": {
    "TP": 0,
    "TN": 155,
    "FP": 0,
    "FN": 25,
    "precision": 0.0,
    "recall": 0.0,
    "accuracy": 0.8611111111111112,
    "F1": 0.0
  },
  "pr_auc": 0.15509529604730893,
  "roc_auc": 0.5952258064516129,
  "prevalence": 0.1388888888888889,
  "normalized_auprc": 0.018820343796874875,
  "auprg": NaN,
  "ece_rank": 0.36682013505217925,
  "c_grid": [
    9.568472301438879,
    9.627851688662416,
    9.687599568526782,
    9.747718227799027,
    9.808209967437275,
    9.869077102678773,
    9.930321963128524,
    9.991946892848427,
    10.053954250447012,
    10.116346409169703,
    10.179125756989643,
    10.242294696699119,
    10.305855646001492,
    10.369811037603743,
    10.434163319309587,
    10.498914954113165,
    10.564068420293294,
    10.629626211508327,
    10.695590836891594,
    10.761964821147453,
    10.828750704647886,
    10.895951043529754,
    10.963568409792614,
    11.031605391397184,
    11.10006459236436,
    11.168948632874901,
    11.238260149369703,
    11.308001794650732,
    11.378176237982514,
    11.448786165194324,
    11.519834278782978,
    11.591323298016277,
    11.663255959037059,
    11.735635014967938,
    11.808463236016669,
    11.881743409582194,
    11.955478340361292,
    12.02967085045595,
    12.104323779481357,
    12.179439984674618,
    12.25502234100407,
    12.331073741279338,
    12.40759709626207,
    12.484595334777305,
    12.562071403825595,
    12.640028268695794,
    12.718468913078539,
    12.797396339180473,
    12.876813567839122,
    12.956723638638511,
    13.037129610025543,
    13.118034559427002,
    13.19944158336737,
    13.281353797587334,
    13.363774337163031,
    13.446706356626061,
    13.530153030084191,
    13.614117551342849,
    13.69860313402739,
    13.783613011706056,
    13.869150438013746,
    13.955218686776552,
    14.041821052137077,
    14.128960848680473,
    14.216641411561326,
    14.304866096631303,
    14.393638280567606,
    14.482961361002175,
    14.572838756651759,
    14.663273907448739,
    14.754270274672825,
    14.845831341083478,
    14.937960611053251,
    15.030661610701884,
    15.1239378880313,
    15.217793013061355,
    15.312230577966496,
    15.407254197213264,
    15.502867507698602,
    15.599074168889064,
    15.695877862960884,
    15.793282294940889,
    15.891291192848337,
    15.989908307837556,
    16.08913741434154,
    16.188982310216428,
    16.28944681688682,
    16.390534779492064,
    16.49225006703342,
    16.594596572522125,
    16.697578213128434,
    16.80119893033149,
    16.90546269007021,
    17.01037348289508,
    17.11593532412087,
    17.22215225398032,
    17.32902833777878,
    17.436567666049797,
    17.5447743547117,
    17.653652545225075,
    17.763206404751326,
    17.87344012631216,
    17.984357928950043,
    18.095964057889695,
    18.208262784700565,
    18.321258407460327,
    18.434955250919394,
    18.549357666666403,
    18.66447003329479,
    18.780296756570408,
    18.896842269600075,
    19.014111033001303,
    19.132107535073025,
    19.25083629196734,
    19.37030184786238,
    19.490508775136245,
    19.61146167454198,
    19.73316517538371,
    19.85562393569375,
    19.978842642410928,
    20.10282601155999,
    20.227578788432048,
    20.35310574776623,
    20.479411693932423,
    20.606501461115144,
    20.7343799134986,
    20.8630519454528,
    20.9925224817209,
    21.122796477607736,
    21.253878919169413,
    21.385774823404176,
    21.51848923844443,
    21.652027243749927,
    21.78639395030223,
    21.921594500800246,
    22.057634069857112,
    22.194517864198268,
    22.332251122860654,
    22.47083911739331,
    22.610287152059083,
    22.750600564037665,
    22.891784723629883,
    23.03384503446319,
    23.176786933698516,
    23.320615892238386,
    23.465337414936258,
    23.610957040807254,
    23.75748034324014,
    23.904912930210646,
    24.053260444496132,
    24.20252856389149,
    24.352723001426504,
    24.503849505584522,
    24.65591386052242,
    24.808921886291998,
    24.962879439062796,
    25.117792411346127,
    25.273666732220683,
    25.430508367559437,
    25.588323320257953,
    25.747117630464214,
    25.906897375809713,
    26.067668671642092,
    26.229437671259262,
    26.392210566144808,
    26.555993586205037,
    26.72079300000738,
    26.886615115020323,
    27.053466277854852,
    27.22135287450729,
    27.390281330603752,
    27.560258111646117,
    27.731289723259398,
    27.9033827114408,
    28.076543662810234,
    28.250779204862415,
    28.426096006220554,
    28.602500776891528,
    28.780000268522713,
    28.958601274660463,
    29.138310631010018,
    29.3191352156972,
    29.501081949531653,
    29.684157796271684,
    29.86836976289089,
    30.053724899846227,
    30.240230301347903,
    30.427893105630957,
    30.616720495228357,
    30.806719697245956,
    30.997897983639163,
    31.19026267149109,
    31.383821123292837,
    31.578580747225075,
    31.77454899744169,
    31.971733374355097,
    32.17014142492322,
    32.369780742938396,
    32.57065896931808,
    32.7727837923971,
    32.976162948222154,
    33.18080422084773,
    33.38671544263407,
    33.593904494547004,
    33.802379306459486,
    34.012147857455155,
    34.22321817613378,
    34.43559834091835,
    34.64929648036451,
    34.864320773471505,
    35.08067944999526,
    35.2983807907634,
    35.51743312799215,
    35.737844845605196,
    35.95962437955471,
    36.18278021814407,
    36.40732090235278,
    36.63325502616349,
    36.86059123689066,
    37.08933823551183,
    37.3195047770004,
    37.551099670660776,
    37.78413178046566,
    38.01861002539512,
    38.25454337977803,
    38.491940873635656,
    38.73081159302701,
    38.971164680396924,
    39.2130093349257,
    39.4563548128813,
    39.701210427973706,
    39.94758555171121,
    40.19548961375919,
    40.44493210230112,
    40.695922564401414,
    40.94847060637123,
    41.202585894135794,
    41.45827815360452,
    41.71555717104327,
    41.9744327934488,
    42.234914928925704,
    42.49701354706572,
    42.76073867932905,
    43.02610041942863,
    43.29310892371619,
    43.56177441157107,
    43.83210716579143,
    44.10411753298764,
    44.3778159239784,
    44.653212814189274,
    44.930318744053324,
    45.20914431941492,
    45.48970021193537,
    45.771997159501474,
    46.05604596663655,
    46.34185750491386,
    46.62944271337272,
    46.9188125989373,
    47.20997823683772,
    47.50295077103404,
    47.79774141464284,
    48.094361450366165,
    48.392822230923656,
    48.6931351794868,
    48.99531179011626,
    49.29936362820183,
    49.60530233090496,
    49.91313960760423,
    50.222887240343574,
    50.534557084283016,
    50.84816106815267,
    51.163711194709094,
    51.48121954119476,
    51.800698259800335,
    52.12215957812968,
    52.44561579966791,
    52.77107930425238,
    53.09856254854623,
    53.42807806651552,
    53.75963846990866,
    54.09325644873918,
    54.428944771771576,
    54.766716287009764,
    55.106583922188975,
    55.44856068527061,
    55.79265966493983,
    56.13889403110687,
    56.48727703541082,
    56.83782201172687,
    57.19054237667682,
    57.54545163014231,
    57.90256335578168,
    58.261891221549945,
    58.623448980221575,
    58.98725046991733,
    59.353309614633496,
    59.72164042477502,
    60.09225699769172,
    60.46517351821776,
    60.84040425921458,
    61.217963582117285,
    61.59786593748413,
    61.98012586554968,
    62.36475799678144,
    62.75177705243947,
    63.141197845140276,
    63.533035279423366,
    63.927304352321876,
    64.3240201539366,
    64.72319786801337,
    65.12485277252433,
    65.52900024025276,
    65.93565573938106,
    66.34483483408334,
    66.75655318512068,
    67.17082655044062,
    67.58767078578047,
    68.0071018452739,
    68.42913578206165,
    68.85378874890615,
    69.28107699880933,
    69.71101688563509,
    70.14362486473499,
    70.57891749357806,
