{
  "c": 0.05,
  "f1": 0.1917808219178082,
  "prec": 0.11666666666666667,
  "rec": 0.5384615384615384,
  "tp": 7,
  "fp": 53,
  "fn": 6,
  "tn": 14
}