{
  "cm_at_c1": {
    "TP": 0,
    "TN": 157,
    "FP": 0,
    "FN": 23,
    "precision": 0.0,
    "recall": 0.0,
    "accuracy": 0.8722222222222222,
    "F1": 0.0
  },
  "pr_auc": 0.2263536385041408,
  "roc_auc": 0.5902797009138743,
  "prevalence": 0.12777777777777777,
  "normalized_auprc": 0.11301691038691304,
  "c_grid": [
    3.2218687042921466,
    3.247565651522754,
    3.273467552200439,
    3.299576040990792,
    3.325892765597157,
    3.3524193868646073,
    3.379157578884774,
    3.4061090291014855,
    3.433275438417271,
    3.4606585213006977,
    3.4882600058945754,
    3.5160816341250185,
    3.5441251618113743,
    3.5723923587770394,
    3.6008850089611473,
    3.6296049105311563,
    3.658553875996329,
    3.6877337323221218,
    3.717146321045484,
    3.7467934983910736,
    3.776677135388409,
    3.8067991179899443,
    3.8371613471900963,
    3.8677657391452103,
    3.898614225294495,
    3.9297087524819085,
    3.96105128307903,
    3.9926437951089015,
    4.024488282370858,
    4.056586754566362,
    4.088941237425829,
    4.121553772836479,
    4.154426418971188,
    4.187561250418394,
    4.22096035831301,
    4.254625850468404,
    4.2885598515094205,
    4.322764503006463,
    4.357241963610654,
    4.391994409190056,
    4.427024032967006,
    4.462333045656516,
    4.497923675605798,
    4.533798168934892,
    4.569958789678418,
    4.606407819928465,
    4.6431475599786,
    4.680180328469057,
    4.717508462533049,
    4.755134317944278,
    4.793060269265598,
    4.831288709998878,
    4.869822052736055,
    4.908662729311391,
    4.947813190954949,
    4.987275908447283,
    5.027053372275379,
    5.067148092789818,
    5.107562600363211,
    5.148299445549893,
    5.1893611992468776,
    5.230750452856114,
    5.272469818448031,
    5.314521928926382,
    5.356909438194403,
    5.399635021322308,
    5.442701374716106,
    5.486111216287773,
    5.529867285626784,
    5.573972344172998,
    5.618429175390938,
    5.663240584945459,
    5.708409400878806,
    5.753938473789093,
    5.799830677010208,
    5.846088906793143,
    5.892716082488779,
    5.939715146732132,
    5.987089065628047,
    6.0348408289384,
    6.082973450270782,
    6.131489967268685,
    6.180393441803201,
    6.229686960166267,
    6.2793736332654335,
    6.3294565968201955,
    6.379939011559889,
    6.43082406342316,
    6.48211496375903,
    6.533814949529569,
    6.585927283514174,
    6.638455254515485,
    6.691402177566937,
    6.744771394141978,
    6.798566272364943,
    6.852790207223623,
    6.907446620783512,
    6.96253896240378,
    7.018070708954964,
    7.074045365038384,
    7.1304664632073305,
    7.187337564189988,
    7.244662257114163,
    7.302444159733791,
    7.360686918657256,
    7.4193942095775185,
    7.478569737504091,
    7.538217236996869,
    7.598340472401809,
    7.658943238088502,
    7.7200293586896285,
    7.7816026893423365,
    7.843667115931537,
    7.906226555335148,
    7.969284955671272,
    8.032846296547374,
    8.096914589311437,
    8.161493877305107,
    8.226588236118875,
    8.292201773849282,
    8.358338631358183,
    8.42500298253408,
    8.49219903455553,
    8.559931028156662,
    8.628203237894802,
    8.697019972420255,
    8.766385574748213,
    8.836304422532846,
    8.906780928343565,
    8.97781953994351,
    9.049424740570249,
    9.121601049218706,
    9.194353020926359,
    9.267685247060706,
    9.341602355609027,
    9.416109011470457,
    9.491209916750385,
    9.566909811057204,
    9.643213471801422,
    9.720125714497176,
    9.797651393066126,
    9.87579540014379,
    9.954562667388325,
    10.033958165791745,
    10.11398690599366,
    10.194653938597485,
    10.275964354489183,
    10.357923285158567,
    10.440535903023104,
    10.523807421754409,
    10.607743096607216,
    10.692348224751086,
    10.77762814560468,
    10.863588241172748,
    10.950233936385768,
    11.03757069944233,
    11.125604042154228,
    11.214339520294292,
    11.303782733947052,
    11.393939327862107,
    11.484814991810413,
    11.576415460943338,
    11.668746516154604,
    11.761813984445135,
    11.855623739290783,
    11.950181701013015,
    12.04549383715252,
    12.141566162845862,
    12.238404741205041,
    12.336015683700186,
    12.434405150545215,
    12.533579351086624,
    12.633544544195345,
    12.734307038661749,
    12.835873193593802,
    12.938249418818355,
    13.041442175285718,
    13.145457975477354,
    13.250303383816933,
    13.35598501708457,
    13.462509544834441,
    13.569883689815676,
    13.678114228396636,
    13.78720799099258,
    13.897171862496709,
    14.0080127827147,
    14.11973774680264,
    14.232353805708529,
    14.345868066617241,
    14.460287693399058,
    14.575619907061787,
    14.691871986206474,
    14.809051267486765,
    14.92716514607189,
    15.046221076113419,
    15.166226571215644,
    15.287189204909804,
    15.409116611132024,
    15.532016484705096,
    15.655896581824102,
    15.780764720545903,
    15.906628781282551,
    16.033496707298575,
    16.161376505212353,
    16.290276245501325,
    16.420204063011393,
    16.55116815747027,
    16.68317679400497,
    16.816238303663425,
    16.950361083940255,
    17.08555359930673,
    17.221824381744952,
    17.359182031286338,
    17.497635216554322,
    17.63719267531148,
    17.777863215010925,
    17.919655713352185,
    18.062579118841434,
    18.20664245135626,
    18.351854802714897,
    18.498225337249995,
    18.645763292387016,
    18.794477979227164,
    18.94437878313504,
    19.09547516433094,
    19.247776658487883,
    19.401292877333415,
    19.5560335092562,
    19.71200831991745,
    19.86922715286723,
    20.027699930165703,
    20.187436653009282,
    20.348447402361835,
    20.51074233959087,
    20.67433170710883,
    20.83922582901948,
    21.00543511176947,
    21.172970044805083,
    21.3418412012342,
    21.51205923849361,
    21.683634899021577,
    21.856579010935764,
    22.03090248871666,
    22.206616333896328,
    22.383731635752756,
    22.562259572009676,
    22.742211409541994,
    22.92359850508682,
    23.10643230596024,
    23.290724350779726,
    23.476486270192304,
    23.66372978760862,
    23.852466719942782,
    24.042708978358107,
    24.23446856901885,
    24.427757593847925,
    24.62258825129059,
    24.818972837084385,
    25.016923745035054,
    25.216453467798708,
    25.41757459767028,
    25.620299827378197,
    25.82464195088541,
    26.03061386419683,
    26.23822856617321,
    26.447499159351434,
    26.658438850771514,
    26.87106095281003,
    27.085378884020237,
    27.301406169978993,
    27.519156444140293,
    27.738643448695708,
    27.959881035441622,
    28.182883166653454,
    28.40766391596676,
    28.634237469265486,
    28.862618125577214,
    29.09282029797551,
    29.324858514489637,
    29.558747419021344,
    29.79450177226906,
    30.032136452659447,
    30.271666457286358,
    30.513106902857338,
    30.756473026647566,
    31.001780187461577,
    31.249043866602445,
    31.49827966884891,
    31.749503323440123,
    32.00273068506835,
    32.25797773487953,
    32.51526058148188,
    32.77459546196249,
    33.03599874291205,
    33.29948692145766,
    33.56507662630412,
    33.832784618783265,
    34.102627793911786,
    34.37462318145745,
    34.64878794701391,
    34.925139393083946,
    35.20369496017149,
    35.48447222788228,
    35.767488916033194,
    36.05276288577076,
    36.34031214069821,
    36.63015482801172,
    36.9223092396457,
    37.21679381342718,
    37.513627134239414,
    37.81282793519478,
    38.11441509881707,
    38.41840765823297,
    38.72482479837354,
    39.033685857184736,
    39.345010326847934,
    39.65881785501003,
    39.975128246023424,
    40.293961462195874,
    40.61533762505031,
    40.939277016594716,
    41.265800080602006,
    41.59492742390044,
    41.926679817673964,
    42.26107819877313,
    42.59814367103639,
    42.937897506621994,
    43.28036114735043,
