{
  "c": 0.05,
  "f1": 0.4050632911392405,
  "prec": 0.26666666666666666,
  "rec": 0.8421052631578947,
  "tp": 16,
  "fp": 44,
  "fn": 3,
  "tn": 17
}