{
  "cm_at_c1": {
    "TP": 3,
    "TN": 68,
    "FP": 17,
    "FN": 32,
    "precision": 0.15,
    "recall": 0.08571428571428572,
    "accuracy": 0.5916666666666667,
    "F1": 0.10909090909090909
  },
  "pr_auc": 0.24642048701809216,
  "roc_auc": 0.4218487394957984,
  "prevalence": 0.2916666666666667,
  "normalized_auprc": -0.06387695950386993,
  "c_grid": [
    0.3326514040513123,
    0.33603896443813386,
    0.33946102209517465,
    0.34291792832588514,
    0.34641003801121956,
    0.34993770964606746,
    0.35350130537605645,
    0.3571011910347291,
    0.36073773618109933,
    0.3644113141375906,
    0.36812230202836066,
    0.3718710808180167,
    0.3756580353507241,
    0.379483554389715,
    0.3833480306571969,
    0.38725186087467,
    0.39119544580365356,
    0.39517919028682746,
    0.39920350328959286,
    0.4032687979420561,
    0.4073754915814401,
    0.411524005794927,
    0.4157147664629384,
    0.41994820380285536,
    0.4242247524131837,
    0.4285448513181696,
    0.43290894401286883,
    0.4373174785086755,
    0.44177090737931435,
    0.44626968780730114,
    0.45081428163087645,
    0.4554051553914171,
    0.4600427803813309,
    0.46472763269243866,
    0.4694601932648493,
    0.47424094793633204,
    0.47907038749219216,
    0.48394900771565424,
    0.4888773094387585,
    0.4938557985937756,
    0.4988849862651445,
    0.5039653887419401,
    0.5090975275708746,
    0.5142819296098387,
    0.5195191270819879,
    0.5248096576303802,
    0.5301540643731691,
    0.5355528959593601,
    0.5410067066251334,
    0.5465160562507415,
    0.5520815104179855,
    0.557703640468277,
    0.5633830235612914,
    0.5691202427342176,
    0.5749158869616121,
    0.5807705512158629,
    0.5866848365282673,
    0.5926593500507338,
    0.5986947051181111,
    0.6047915213111523,
    0.6109504245201199,
    0.617172047009039,
    0.6234570274806047,
    0.62980601114175,
    0.6362196497698821,
    0.642698601779793,
    0.6492435322912512,
    0.6558551131972818,
    0.6625340232331426,
    0.6692809480460014,
    0.6760965802653239,
    0.6829816195739782,
    0.6899367727800628,
    0.6969627538894668,
    0.7040602841791685,
    0.7112300922712811,
    0.718472914207851,
    0.7257894935264201,
    0.7331805813363549,
    0.7406469363959558,
    0.7481893251903486,
    0.755808522010172,
    0.7635053090310646,
    0.7712804763939615,
    0.7791348222862098,
    0.7870691530235088,
    0.7950842831326856,
    0.803181035435313,
    0.8113602411321791,
    0.8196227398886172,
    0.8279693799207047,
    0.83640101808234,
    0.8449185199532051,
    0.8535227599276255,
    0.8622146213043339,
    0.8709949963771485,
    0.8798647865265744,
    0.888824902312338,
    0.8978762635668643,
    0.9070197994897047,
    0.9162564487429278,
    0.9255871595474808,
    0.9350128897805331,
    0.9445346070738095,
    0.9541532889129272,
    0.9638699227377413,
    0.9736855060437161,
    0.9836010464843247,
    0.9936175619744938,
    1.0037360807951023,
    1.0139576416985414,
    1.0242832940153528,
    1.0347140977619507,
    1.045251123749442,
    1.0558954536935543,
    1.066648180325682,
    1.0775104075050663,
    1.0884832503321153,
    1.0995678352628768,
    1.1107653002246813,
    1.1220767947329582,
    1.1335034800092445,
    1.1450465291003928,
    1.1567071269989957,
    1.1684864707650346,
    1.1803857696487692,
    1.1924062452148767,
    1.2045491314678547,
    1.216815674978705,
    1.229207135012902,
    1.241724783659669,
    1.2543699059625686,
    1.2671438000514221,
    1.2800477772755752,
    1.2930831623385188,
    1.3062512934338812,
    1.3195535223828034,
    1.3329912147727183,
    1.3465657500975372,
    1.3602785218992681,
    1.3741309379110744,
    1.3881244202017893,
    1.4022604053219059,
    1.4165403444510491,
    1.4309657035469536,
    1.4455379634959546,
    1.4602586202650156,
    1.475129185055301,
    1.490151184457314,
    1.5053261606076156,
    1.520655671347134,
    1.5361412903810956,
    1.551784607440576,
    1.5675872284456993,
    1.5835507756705023,
    1.5996768879094707,
    1.6159672206457794,
    1.6324234462212388,
    1.649047254007978,
    1.6658403505818693,
    1.6828044598977272,
    1.699941323466284,
    1.7172527005329714,
    1.7347403682585243,
    1.7524061219014169,
    1.7702517750021658,
    1.7882791595695036,
    1.80649012626845,
    1.8248865446102986,
    1.8434703031445387,
    1.8622433096527302,
    1.8812074913443546,
    1.900364795054659,
    1.9197171874445147,
    1.939266655202313,
    1.9590152052479155,
    1.9789648649386806,
    1.9991176822775907,
    2.0194757261234946,
    2.040041086403496,
    2.060815874327502,
    2.0818022226049564,
    2.1030022856637784,
    2.1244182398715377,
    2.146052283758874,
    2.1679066382451935,
    2.1899835468666713,
    2.212285276006561,
    2.2348141151278664,
    2.2575723770083695,
    2.280562397978059,
    2.303786538158972,
    2.3272471817074845,
    2.3509467370590627,
    2.3748876371755108,
    2.3990723397947344,
    2.423503327683047,
    2.448183108890052,
    2.4731142170061093,
    2.498299211422435,
    2.5237406775938407,
    2.5494412273041567,
    2.5754034989343495,
    2.601630157733378,
    2.628123896091803,
    2.65488743381818,
    2.6819235184182784,
    2.70923492537713,
    2.7368244584439605,
    2.764694949920013,
    2.792849260949315,
    2.8212902818123933,
    2.8500209322229892,
    2.8790441616277924,
    2.908362949509222,
    2.937980305691302,
    2.967899270648644,
    2.998122915818574,
    3.028654343916447,
    3.0594966892541615,
    3.0906531180619305,
    3.1221268288133155,
    3.1539210525535815,
    3.186039053231387,
    3.2184841280338614,
    3.251259607725087,
    3.2843688569880283,
    3.3178152747699508,
    3.351602294631344,
    3.3857333850984155,
    3.4202120500191535,
    3.4550418289230405,
    3.4902262973844014,
    3.525769067389481,
    3.561673787707232,
    3.5979441442639,
    3.6345838605214187,
    3.671596697859642,
    3.7089864559624997,
    3.7467569732080492,
    3.784912127062529,
    3.823455834478416,
    3.8623920522965216,
    3.90172477765221,
    3.941458048385726,
    3.981595943456719,
    4.022142583362989,
    4.063102130563478,
    4.104478789905591,
    4.146276809056862,
    4.188500478940999,
    4.231154134178405,
    4.274242153531146,
    4.317768960352473,
    4.361739023040926,
    4.406156855499037,
    4.451027017596741,
    4.496354115639464,
    4.542142802841014,
    4.588397779801273,
    4.635123794988741,
    4.682325645228027,
    4.730008176192263,
    4.778176282900566,
    4.826834910220557,
    4.875989053375979,
    4.925643758459515,
    4.975804122950803,
    5.026475296239736,
    5.0776624801551025,
    5.12937092949858,
    5.181605952584196,
    5.234372911783279,
    5.287677224074933,
    5.341524361602157,
    5.39591985223359,
    5.450869280131,
    5.506378286322557,
    5.562452569281913,
    5.619097885513216,
    5.676320050142052,
    5.734124937512422,
    5.792518481789803,
    5.851506677570319,
    5.911095580496163,
    5.971291307877239,
    6.032100039319166,
    6.093528017357674,
    6.155581548099437,
    6.218267001869457,
    6.2815908138650425,
    6.345559484816415,
    6.4101795816540905,
    6.475457738183003,
    6.541400655763539,
    6.6080151039994925,
    6.6753079214330056,
    6.743286016246622,
    6.811956366972458,
    6.881326023208608,
    6.951402106342862,
    7.022191810283753,
    7.0937024021991,
    7.165941223262018,
    7.238915689404565,
    7.312633292079063,
    7.3871015990271305,
    7.462328255056608,
    7.538320982826337,
    7.6150875836389655,
    7.692635938241832,
    7.770974007635967,
    7.850109833893374,
    7.930051540982618,
    8.010807335602808,
    8.0923855080261,
    8.17479443294875,
    8.25804257035085,
    8.34213846636484,
    8.427090754152804,
    8.51290815479277,
    8.599599478173982,
    8.687173623901318,
