{
  "c": 0.05,
  "f1": 0.4888888888888889,
  "prec": 0.36666666666666664,
  "rec": 0.7333333333333333,
  "tp": 22,
  "fp": 38,
  "fn": 8,
  "tn": 12
}