{
  "cm_at_c1": {
    "TP": 0,
    "TN": 121,
    "FP": 0,
    "FN": 59,
    "precision": 0.0,
    "recall": 0.0,
    "accuracy": 0.6722222222222223,
    "F1": 0.0
  },
  "pr_auc": 0.3581547015116789,
  "roc_auc": 0.4928561423168511,
  "prevalence": 0.3277777777777778,
  "normalized_auprc": 0.04518881216613387,
  "auprg": NaN,
  "ece_rank": 0.3108962553713935,
  "c_grid": [
    3.5581565515047013,
    3.5888937204130418,
    3.6198964126447173,
    3.6511669219254577,
    3.682707561795367,
    3.714520665780085,
    3.7466085875634376,
    3.7789737011615663,
    3.8116184010985763,
    3.8445451025836923,
    3.877756241689946,
    3.911254275534407,
    3.945041682459976,
    3.9791209622187416,
    4.013494636156926,
    4.048165247401421,
    4.0831353610479475,
    4.118407564350827,
    4.153984466914405,
    4.189868700886116,
    4.226062921151225,
    4.262569805529252,
    4.299392054972082,
    4.336532393763799,
    4.373993569722243,
    4.411778354402303,
    4.449889543300969,
    4.488329956064162,
    4.527102436695338,
    4.566209853765904,
    4.605655100627452,
    4.64544109562581,
    4.685570782316974,
    4.726047129684871,
    4.766873132361024,
    4.808051810846108,
    4.849586211733425,
    4.891479407934298,
    4.933734498905427,
    4.976354610878192,
    5.0193428970899605,
    5.062702538017365,
    5.106436741611615,
    5.150548743535841,
    5.1950418074044755,
    5.239919225024718,
    5.285184316640077,
    5.330840431176009,
    5.376890946487703,
    5.423339269609975,
    5.4701888370093465,
    5.517443114838288,
    5.565105599191661,
    5.613179816365374,
    5.661669323117275,
    5.710577706930301,
    5.759908586277893,
    5.809665610891707,
    5.859852462031643,
    5.910472852758198,
    5.961530528207177,
    6.01302926586678,
    6.064972875857066,
    6.117365201211858,
    6.170210118163064,
    6.223511536427453,
    6.277273399495923,
    6.331499684925253,
    6.386194404632387,
    6.441361605191249,
    6.497005368132127,
    6.553129810243654,
    6.609739083877373,
    6.666837377254959,
    6.72442891477808,
    6.782517957340936,
    6.841108802645501,
    6.900205785519493,
    6.95981327823707,
    7.019935690842334,
    7.080577471475584,
    7.141743106702425,
    7.203437121845703,
    7.265664081320307,
    7.328428588970866,
    7.391735288412367,
    7.455588863373701,
    7.5199940380442065,
    7.584955577423166,
    7.650478287672359,
    7.71656701647164,
    7.783226653377585,
    7.8504621301852575,
    7.918278421293077,
    7.986680544070847,
    8.055673559230973,
    8.125262571202867,
    8.195452728510606,
    8.26624922415384,
    8.337657295991995,
    8.4096822271318,
    8.482329346318139,
    8.555604028328323,
    8.629511694369716,
    8.704057812480839,
    8.779247897935917,
    8.855087513652919,
    8.931582270605134,
    9.008737828236299,
    9.086559894879308,
    9.16505422817854,
    9.244226635515844,
    9.324082974440186,
    9.404629153101029,
    9.485871130685439,
    9.567814917858975,
    9.650466577210391,
    9.733832223700164,
    9.81791802511292,
    9.902730202513748,
    9.988275030708468,
    10.074558838707869,
    10.16158801019596,
    10.249368984002261,
    10.337908254578194,
    10.42721237247753,
    10.517287944841108,
    10.608141635885568,
    10.699780167396476,
    10.792210319225601,
    10.885438929792523,
    10.979472896590577,
    11.074319176697143,
    11.169984787288413,
    11.26647680615849,
    11.36380237224308,
    11.461968686147655,
    11.560983010680184,
    11.660852671388472,
    11.76158505710212,
    11.863187620479243,
    11.965667878557763,
    12.069033413311656,
    12.17329187221181,
    12.27845096879188,
    12.384518483218958,
    12.491502262869178,
    12.59941022290831,
    12.708250346877337,
    12.81803068728318,
    12.928759366194368,
    13.04044457584203,
    13.153094579225945,
    13.2667177107259,
    13.381322376718302,
    13.496917056198097,
    13.613510301406153,
    13.7311107384619,
    13.849727068001638,
    13.969368065822138,
    14.090042583530014,
    14.211759549196561,
    14.334527968018271,
    14.45835692298317,
    14.583255575542692,
    14.709233166289625,
    14.836299015641647,
    14.964462524530981,
    15.093733175099889,
    15.224120531402205,
    15.35563424011094,
    15.48828403123195,
    15.622079718823894,
    15.757031201724214,
    15.89314846428158,
    16.030441577094553,
    16.168920697756647,
    16.30859607160785,
    16.449478032492593,
    16.591577003524367,
    16.734903497856767,
    16.87946811946143,
    17.02528156391244,
    17.172354619177735,
    17.32069816641721,
    17.470323180787755,
    17.621240732255274,
    17.77346198641363,
    17.92699820531085,
    18.081860748282185,
    18.238061072790675,
    18.39561073527473,
    18.554521392003167,
    18.714804799937614,
    18.876472817602266,
    19.039537405961372,
    19.20401062930401,
    19.369904656136768,
    19.53723176008399,
    19.706004320795838,
    19.87623482486421,
    20.047935866746496,
    20.221120149697512,
    20.395800486709163,
    20.571989801458596,
    20.749701129264192,
    20.928947618050096,
    21.1097425293189,
    21.29209923913282,
    21.476031239103325,
    21.66155213738924,
    21.848675659703687,
    22.03741565032941,
    22.227786073143164,
    22.41980101264877,
    22.613474675019173,
    22.80882138914749,
    23.00585560770706,
    23.20459190822087,
    23.405044994139875,
    23.60722969593103,
    23.81116097217433,
    24.016853910669656,
    24.224323729552978,
    24.433585778422273,
    24.644655539473185,
    24.85754862864439,
    25.072280796773097,
    25.288867930760176,
    25.50732605474569,
    25.727671331294378,
    25.94992006259144,
    26.17408869164868,
    26.400193803520953,
    26.628252126533365,
    26.85828053351872,
    27.090296043065997,
    27.32431582077941,
    27.560357180548404,
    27.798437585828637,
    28.03857465093393,
    28.280786142339633,
    28.525089979996824,
    28.771504238658387,
    29.020047149216015,
    29.27073710004919,
    29.52359263838557,
    29.77863247167321,
    30.03587546896465,
    30.295340662312867,
    30.557047248179494,
    30.821014588854887,
    31.087262213890785,
    31.355809821545133,
    31.626677280239452,
    31.89988463002884,
    32.17545208408452,
    32.45340003018952,
    32.733749032246784,
    33.016519831800814,
    33.3017333495721,
    33.58941068700501,
    33.8795731278289,
    34.17224213963281,
    34.46743937545383,
    34.76518667537891,
    35.0655060681609,
    35.36841977284814,
    35.67395020042851,
    35.98211995548739,
    36.29295183788003,
    36.606468844418565,
    36.92269417057317,
    37.24165121218845,
    37.56336356721408,
    37.88785503745101,
    38.21514963031215,
    38.54527156059866,
    38.87824525229162,
    39.21409534035875,
    39.55284667257732,
    39.89452431137219,
    40.239153535670376,
    40.58675984277101,
    40.937368950232006,
    41.291006797772546,
    41.64769954919231,
    42.00747359430735,
    42.37035555090219,
    42.73637226669954,
    43.105550821346235,
    43.477918528417064,
    43.85350293743525,
    44.23233183591085,
    44.614433251396704,
    44.99983545356177,
    45.38856695628298,
    45.780656519754466,
    46.17613315261577,
    46.5750261140977,
    46.9773649161872,
    47.38317932581092,
    47.79249936703722,
    48.20535532329784,
    48.62177773962802,
    49.041797424926806,
    49.465445454235976,
    49.89275317103957,
    50.32375218958246,
    50.75847439720945,
    51.19695195672464,
    51.63921730877062,
    52.08530317422897,
    52.535242556640696,
    52.98906874464845,
    53.44681531445894,
    53.90851613232727,
    54.37420535706268,
    54.84391744255536,
    55.317687140325994,
    55.79554950209638,
    56.277539882383174,
    56.763693941113175,
    57.25404764626181,
    57.748637276514366,
    58.247499423949655,
    58.75067099674776,
