{
  "c": 0.5,
  "f1": 0.2318840579710145,
  "prec": 0.13333333333333333,
  "rec": 0.8888888888888888,
  "tp": 8,
  "fp": 52,
  "fn": 1,
  "tn": 19
}