{
  "cm_at_c1": {
    "TP": 8,
    "TN": 118,
    "FP": 39,
    "FN": 10,
    "precision": 0.1702127659574468,
    "recall": 0.4444444444444444,
    "accuracy": 0.72,
    "F1": 0.24615384615384614
  },
  "pr_auc": 0.16071662547468482,
  "roc_auc": 0.6422505307855627,
  "prevalence": 0.10285714285714286,
  "normalized_auprc": 0.06449305387305633,
  "c_grid": [
    0.1307295256653729,
    0.13196194116412827,
    0.1332059749102064,
    0.1344617364313364,
    0.13572933628778897,
    0.13700888608211023,
    0.13830049846894782,
    0.13960428716496898,
    0.14092036695887258,
    0.14224885372149537,
    0.14358986441601354,
    0.14494351710824044,
    0.14630993097702125,
    0.14768922632472606,
    0.14908152458784132,
    0.1504869483476614,
    0.1519056213410813,
    0.15333766847149016,
    0.15478321581976853,
    0.15624239065538875,
    0.15771532144761982,
    0.15920213787683837,
    0.16070297084594606,
    0.1622179524918944,
    0.16374721619731852,
    0.16529089660228055,
    0.16684912961612355,
    0.16842205242943728,
    0.17000980352613695,
    0.17161252269565552,
    0.17323035104525117,
    0.17486343101243063,
    0.17651190637748995,
    0.178175922276173,
    0.17985562521244966,
    0.18155116307141447,
    0.18326268513230676,
    0.18499034208165344,
    0.18673428602653586,
    0.18849467050798185,
    0.19027165051448358,
    0.19206538249564317,
    0.19387602437594723,
    0.19570373556867035,
    0.19754867698991066,
    0.19941101107275716,
    0.20129090178159062,
    0.20318851462651946,
    0.20510401667795183,
    0.20703757658130456,
    0.20898936457185124,
    0.21095955248971046,
    0.21294831379497448,
    0.21495582358298138,
    0.21698225859973105,
    0.21902779725744595,
    0.22109261965027907,
    0.22317690757017014,
    0.22528084452285063,
    0.22740461574400014,
    0.2295484082155554,
    0.23171241068217188,
    0.2338968136678419,
    0.2361018094926688,
    0.23832759228979872,
    0.24057435802251326,
    0.24284230450148228,
    0.2451316314021792,
    0.2474425402824617,
    0.24977523460031675,
    0.25212991973177373,
    0.2545068029889864,
    0.25690609363848493,
    0.2593280029196001,
    0.26177274406306195,
    0.2642405323097724,
    0.26673158492975585,
    0.2692461212412884,
    0.2717843626302069,
    0.27434653256940006,
    0.27693285663848427,
    0.27954356254366347,
    0.2821788801377771,
    0.28483904144053734,
    0.2875242806589561,
    0.2902348342079653,
    0.292970940731232,
    0.29573284112216824,
    0.29852077854514053,
    0.30133499845687844,
    0.30417574862808516,
    0.3070432791652517,
    0.30993784253267737,
    0.31285969357469673,
    0.315809089538117,
    0.31878629009486686,
    0.32179155736485815,
    0.3248251559390639,
    0.32788735290281346,
    0.33097841785930726,
    0.3340986229533534,
    0.33724824289532795,
    0.340427554985361,
    0.34363683913775106,
    0.346876377905609,
    0.3501464565057352,
    0.3534473628437304,
    0.3567793875393436,
    0.36014282395205893,
    0.3635379682069241,
    0.3669651192206213,
    0.37042457872778517,
    0.3739166513075678,
    0.3774416444104549,
    0.3809998683853344,
    0.38459163650682004,
    0.38821726500283343,
    0.39187707308244485,
    0.39557138296397765,
    0.399300519903377,
    0.40306481222284596,
    0.4068645913397522,
    0.4107001917958066,
    0.4145719512865168,
    0.418480210690919,
    0.4224253141015903,
    0.42640760885494217,
    0.4304274455618019,
    0.43448517813828097,
    0.4385811638369343,
    0.44271576327821377,
    0.4468893404822187,
    0.4511022629007441,
    0.45535490144963264,
    0.459647630541431,
    0.46398082811835356,
    0.4683548756855579,
    0.47277015834473296,
    0.477227064828005,
    0.4817259875321615,
    0.4862673225531995,
    0.490851469721199,
    0.495478832635524,
    0.5001498187003572,
    0.5048648391605689,
    0.5096243091379232,
    0.514428647667627,
    0.5192782777352228,
    0.5241736263138294,
    0.5291151244017326,
    0.5341032070603334,
    0.5391383134524501,
    0.5442208868809835,
    0.5493513748279475,
    0.5545302289938648,
    0.5597579053375373,
    0.5650348641161885,
    0.5703615699259869,
    0.5757384917429487,
    0.5811661029642289,
    0.5866448814498001,
    0.5921753095645235,
    0.5977578742206182,
    0.6033930669205309,
    0.6090813838002069,
    0.6148233256727731,
    0.6206193980726298,
    0.6264701112999594,
    0.6323759804656545,
    0.638337525536669,
    0.6443552713817984,
    0.6504297478178892,
    0.656561489656486,
    0.6627510367509177,
    0.6689989340438272,
    0.6753057316151487,
    0.6816719847305402,
    0.6880982538902681,
    0.6945851048785561,
    0.7011331088133985,
    0.707742842196842,
    0.7144148869657428,
    0.721149830543002,
    0.7279482658892827,
    0.7348107915552168,
    0.7417380117341026,
    0.7487305363150988,
    0.7557889809369212,
    0.7629139670420445,
    0.7701061219314169,
    0.7773660788196873,
    0.7846944768909564,
    0.7920919613550517,
    0.7995591835043327,
    0.8070968007710334,
    0.8147054767851433,
    0.8223858814328351,
    0.8301386909154433,
    0.8379645878089992,
    0.845864261124325,
    0.8538384063676975,
    0.8618877256020807,
    0.8700129275089393,
    0.8782147274506302,
    0.8864938475333861,
    0.8948510166708917,
    0.9032869706484583,
    0.911802452187804,
    0.920398211012446,
    0.9290750039137063,
    0.9378335948173425,
    0.9466747548508061,
    0.9555992624111329,
    0.964607903233476,
    0.9737014704602843,
    0.9828807647111315,
    0.9921465941532047,
    1.001499774572459,
    1.0109411294454387,
    1.0204714900117802,
    1.0300916953473953,
    1.0398025924383465,
    1.0496050362554163,
    1.0594998898293817,
    1.069488024326998,
    1.079570319127697,
    1.0897476619010107,
    1.100020948684724,
    1.1103910839637638,
    1.1208589807498313,
    1.131425560661787,
    1.142091754006791,
    1.152858499862211,
    1.1637267461582987,
    1.1746974497616507,
    1.1857715765594512,
    1.1969501015445112,
    1.2082340089011105,
    1.2196242920916465,
    1.231121953944101,
    1.242728006740333,
    1.2544434723052005,
    1.2662693820965252,
    1.2782067772959058,
    1.2902567089003838,
    1.3024202378149774,
    1.3146984349460866,
    1.3270923812957758,
    1.3396031680569507,
    1.352231896709429,
    1.3649796791169149,
    1.3778476376248934,
    1.390836905159444,
    1.4039486253269822,
    1.4171839525149512,
    1.4305440519934538,
    1.444030100017844,
    1.4576432839322913,
    1.4713848022743157,
    1.4852558648803067,
    1.4992576929920456,
    1.5133915193642242,
    1.5276585883729765,
    1.542060156125442,
    1.5565974905703532,
    1.5712718716096679,
    1.586084591211258,
    1.6010369535226558,
    1.6161302749858726,
    1.631365884453305,
    1.6467451233047283,
    1.6622693455653927,
    1.6779399180252406,
    1.693758220359235,
    1.7097256452488354,
    1.7258435985046112,
    1.7421134991900087,
    1.7585367797462947,
    1.77511488611867,
    1.7918492778835704,
    1.8087414283771766,
    1.8257928248251287,
    1.843004968473461,
    1.860379374720782,
    1.87791757325169,
    1.8956211081714482,
    1.9134915381419366,
    1.9315304365188781,
    1.9497393914903562,
    1.968120006216651,
    1.9866738989713804,
    2.0054027032839743,
    2.024308068083501,
    2.04339165784384,
    2.062655152730222,
    2.0821002487471625,
    2.1017286578877776,
    2.121542108284509,
    2.141542344361281,
    2.1617311269870783,
    2.182110233630975,
    2.2026814585186343,
    2.223446612790272,
    2.244407524660111,
    2.2655660395773487,
    2.2869240203886303,
    2.308483347502056,
    2.3302459190527447,
    2.3522136510699396,
    2.3743884776457107,
    2.3967723511052306,
    2.419367242178661,
    2.4421751401746654,
    2.4651980531555515,
    2.488438008114059,
    2.511897051151832,
