{
  "cm_at_c1": {
    "TP": 0,
    "TN": 129,
    "FP": 0,
    "FN": 50,
    "precision": 0.0,
    "recall": 0.0,
    "accuracy": 0.7206703910614525,
    "F1": 0.0
  },
  "pr_auc": 0.29094252297264667,
  "roc_auc": 0.5009302325581395,
  "prevalence": 0.27932960893854747,
  "normalized_auprc": 0.01611404350468028,
  "c_grid": [
    4.582523470049995,
    4.614942499026561,
    4.647590876187953,
    4.68047022405624,
    4.7135821766320065,
    4.746928379475565,
    4.7805104897887345,
    4.814330176497191,
    4.848389120333416,
    4.882689013920222,
    4.917231561854867,
    4.952018480793772,
    4.987051499537829,
    5.02233235911832,
    5.057862812883443,
    5.093644626585442,
    5.129679578468361,
    5.1659694593564245,
    5.202516072743022,
    5.239321234880352,
    5.2763867748696685,
    5.3137145347521955,
    5.3513063696006595,
    5.3891641476114875,
    5.42728975019765,
    5.465685072082157,
    5.504352021392225,
    5.543292519754098,
    5.58250850238856,
    5.62200191820709,
    5.661774729908734,
    5.701828914077637,
    5.74216646128127,
    5.782789376169366,
    5.823699677573533,
    5.864899398607588,
    5.906390586768601,
    5.948175304038644,
    5.990255626987259,
    6.032633646874678,
    6.075311469755726,
    6.118291216584502,
    6.16157502331978,
    6.205165041031159,
    6.2490634360059625,
    6.293272389856899,
    6.3377940996304805,
    6.382630777916208,
    6.427784652956533,
    6.473257968757585,
    6.51905298520071,
    6.565171978154757,
    6.611617239589198,
    6.6583910776880275,
    6.705495816964468,
    6.752933798376495,
    6.800707379443176,
    6.848818934361826,
    6.897270854126004,
    6.946065546644339,
    6.995205436860181,
    7.044692966872141,
    7.094530596055423,
    7.144720801184071,
    7.195266076554048,
    7.246168934107194,
    7.297431903556066,
    7.349057532509652,
    7.401048386599983,
    7.45340704960963,
    7.506136123600124,
    7.559238229041251,
    7.612716004941301,
    7.666572108978204,
    7.720809217631612,
    7.775430026315916,
    7.830437249514196,
    7.885833620913121,
    7.941621893538808,
    7.997804839893639,
    8.054385252094036,
    8.111365942009241,
    8.168749741401031,
    8.226539502064474,
    8.284738095969631,
    8.3433484154043,
    8.402373373117747,
    8.46181590246546,
    8.52167895755493,
    8.58196551339246,
    8.642678566031018,
    8.703821132719112,
    8.765396252050776,
    8.82740698411653,
    8.889856410655508,
    8.95274763520856,
    9.016083783272531,
    9.079868002455562,
    9.144103462633531,
    9.208793356107575,
    9.273940897762738,
    9.339549325227761,
    9.405621899035944,
    9.47216190278723,
    9.539172643311344,
    9.606657450832166,
    9.674619679133219,
    9.743062705724341,
    9.81198993200954,
    9.881404783456034,
    9.951310709764481,
    10.021711185040418,
    10.092609707966927,
    10.164009801978485,
    10.235915015436095,
    10.3083289218036,
    10.38125511982529,
    10.454697233704755,
    10.528658913284982,
    10.60314383422974,
    10.678155698206256,
    10.753698233069183,
    10.829775193045844,
    10.90639035892283,
    10.983547538233859,
    11.06125056544904,
    11.139503302165394,
    11.2183096372988,
    11.297673487277232,
    11.377598796235402,
    11.458089536210784,
    11.539149707341007,
    11.62078333806263,
    11.702994485311358,
    11.785787234723674,
    11.869165700839847,
    11.953134027308453,
    12.037696387092257,
    12.122856982675629,
    12.208620046273385,
    12.294989840041122,
    12.38197065628701,
    12.469566817685124,
    12.55778267749028,
    12.646622619754345,
    12.736091059544146,
    12.826192443160851,
    12.916931248360973,
    13.008311984578858,
    13.100339193150838,
    13.193017447540877,
    13.286351353567872,
    13.380345549634573,
    13.47500470695807,
    13.570333529801935,
    13.666336755710017,
    13.763019155741903,
    13.860385534709984,
    13.958440731418282,
    14.05718961890289,
    14.156637104674154,
    14.25678813096058,
    14.357647674954436,
    14.459220749059085,
    14.561512401138105,
    14.664527714766153,
    14.768271809481611,
    14.872749841040974,
    14.977967001675108,
    15.083928520347271,
    15.190639663013004,
    15.298105732881803,
    15.406332070680673,
    15.51532405491955,
    15.625087102158615,
    15.735626667277469,
    15.846948243746194,
    15.959057363898406,
    16.071959599206156,
    16.18566056055686,
    16.300165898532107,
    16.41548130368847,
    16.531612506840325,
    16.648565279344673,
    16.766345433387933,
    16.88495882227478,
    17.004411340719045,
    17.1247089251367,
    17.24585755394082,
    17.367863247838738,
    17.490732070131227,
    17.61447012701383,
    17.739083567880346,
    17.864578585628415,
    17.990961416967263,
    18.11823834272768,
    18.246415688174157,
    18.37549982331923,
    18.50549716324002,
    18.636414168397074,
    18.76825734495541,
    18.901033245107882,
    19.034748467400792,
    19.16940965706178,
    19.305023506330105,
    19.441596754789245,
    19.57913618970181,
    19.71764864634683,
    19.857141008359484,
    19.997620208073155,
    20.139093226863995,
    20.281567095497856,
    20.425048894479662,
    20.56954575440533,
    20.71506485631613,
    20.861613432055567,
    21.00919876462875,
    21.157828188564352,
    21.307509090279137,
    21.458248908445018,
    21.61005513435872,
    21.76293531231411,
    21.91689703997708,
    22.07194796876319,
    22.22809580421788,
    22.385348306399386,
    22.54371329026443,
    22.703198626056604,
    22.863812239697488,
    23.025562113180502,
    23.188456284967646,
    23.35250285038894,
    23.51770996204478,
    23.684085830211085,
    23.851638723247273,
    24.02037696800722,
    24.190308950253094,
    24.36144311507207,
    24.53378796729601,
    24.70735207192415,
    24.88214405454877,
    25.05817260178384,
    25.235446461696704,
    25.413974444242843,
    25.593765421703694,
    25.774828329127615,
    25.957172164773898,
    26.140805990559922,
    26.32573893251155,
    26.511980181216654,
    26.699538992281873,
    26.888424686792526,
    27.078646651775905,
    27.270214340667742,
    27.463137273782056,
    27.657425038784265,
    27.853087291167622,
    28.050133754733096,
    28.24857422207265,
    28.44841855505587,
    28.64967668532002,
    28.852358614763684,
    29.056474416043827,
    29.26203423307631,
    29.469048281540104,
    29.67752684938488,
    29.88748029734234,
    30.098919059441133,
    30.311853643525374,
    30.526294631776807,
    30.742252681240746,
    30.95973852435573,
    31.178762969486844,
    31.399336901462863,
    31.6214712821172,
    31.845177150832665,
    32.07046562509015,
    32.29734790102107,
    32.525835253963756,
    32.75593903902385,
    32.98767069163863,
    33.221041728145295,
    33.45606374635325,
    33.692748426120545,
    33.93110752993427,
    34.171152903495205,
    34.412896476306415,
    34.65635026226614,
    34.90152636026485,
    35.14843695478657,
    35.39709431651435,
    35.647510802940076,
    35.89969885897862,
    36.15367101758635,
    36.40943990038393,
    36.66701821828357,
    36.926418772120755,
    37.18765445329034,
    37.45073824438734,
    37.71568321985199,
    37.98250254661958,
    38.25120948477474,
    38.521817388210536,
    38.794339705292046,
    39.06878997952467,
    39.34518185022725,
    39.623529053209886,
    39.90384542145661,
    40.186144885812766,
    40.47044147567736,
    40.75674931970026,
    41.0450826464844,
    41.335455785292886,
    41.62788316676103,
    41.92237932361356,
    42.218958891386954,
    42.51763660915658,
    42.81842732026937,
    43.121345973081354,
    43.42640762170059,
    43.73362742673536,
    44.04302065604756,
    44.354602685511416,
    44.668388999777676,
    44.98439519304316,
    45.30263696982574,
    45.623130145744746,
    45.94589064830698,
