{
  "c": 0.05,
  "f1": 0.3902439024390244,
  "prec": 0.26666666666666666,
  "rec": 0.7272727272727273,
  "tp": 16,
  "fp": 44,
  "fn": 6,
  "tn": 14
}