{
  "cm_at_c1": {
    "TP": 0,
    "TN": 127,
    "FP": 0,
    "FN": 53,
    "precision": 0.0,
    "recall": 0.0,
    "accuracy": 0.7055555555555556,
    "F1": 0.0
  },
  "pr_auc": 0.3330778856111569,
  "roc_auc": 0.5202050215421186,
  "prevalence": 0.29444444444444445,
  "normalized_auprc": 0.05475605834652161,
  "c_grid": [
    2.0091985032511666,
    2.025981525997875,
    2.042904738901037,
    2.0599693129821217,
    2.077176429044252,
    2.094527277753907,
    2.112023059723316,
    2.1296649855935335,
    2.147454276118212,
    2.165392162248074,
    2.183479885216087,
    2.201718696623354,
    2.22010985852572,
    2.2386546435210986,
    2.257354334837533,
    2.2762102264219912,
    2.2952236230298997,
    2.31439584031543,
    2.3337282049225347,
    2.353222054576749,
    2.3728787381777523,
    2.3926996158927105,
    2.4126860592503916,
    2.4328394512360734,
    2.4531611863872373,
    2.4736526708900666,
    2.49431532267675,
    2.5151505715235953,
    2.5361598591499663,
    2.5573446393180417,
    2.5787063779334134,
    2.6002465531465186,
    2.621966655454923,
    2.6438681878064583,
    2.6659526657032186,
    2.6882216173064304,
    2.7106765835421913,
    2.7333191182081014,
    2.7561507880807747,
    2.7791731730242573,
    2.8023878660993486,
    2.8257964736738317,
    2.8494006155336304,
    2.873201924994893,
    2.897202049017008,
    2.9214026483165707,
    2.945805397482297,
    2.9704119850908994,
    2.995224113823928,
    3.0202435005855914,
    3.0454718766215603,
    3.0709109876387615,
    3.0965625939261745,
    3.122428470476637,
    3.1485104071096695,
    3.1748102085953183,
    3.2013296947790475,
    3.228070700707655,
    3.255035076756261,
    3.282224688756338,
    3.309641418124824,
    3.337287161994311,
    3.3651638333443126,
    3.3932733611336428,
    3.4216176904338846,
    3.450198782563991,
    3.47901861522599,
    3.508079182641842,
    3.53738249569143,
    3.566930582051703,
    3.5967254863369873,
    3.62676927024046,
    3.657064012676818,
    3.6876118099261235,
    3.718414775778862,
    3.7494750416822122,
    3.780794756887526,
    3.812376088599053,
    3.844221222123904,
    3.8763323610232647,
    3.908711727264871,
    3.9413615613767625,
    3.974284122602322,
    4.0074816890566005,
    4.040956557883957,
    4.074711045417013,
    4.108747487336933,
    4.143068238835043,
    4.177675674775802,
    4.2125721898611355,
    4.2477601987961355,
    4.283242136456153,
    4.319020458055278,
    4.355097639316239,
    4.391476176641699,
    4.428158587287011,
    4.465147409534397,
    4.502445202868585,
    4.54005454815392,
    4.577978047812946,
    4.616218326006491,
    4.654778028815237,
    4.6936598244228245,
    4.732866403300487,
    4.772400478393215,
    4.812264785307474,
    4.852462082500513,
    4.892995151471234,
    4.9338667969526515,
    4.975079847105981,
    5.016637153716333,
    5.058541592390048,
    5.100796062753665,
    5.143403488654586,
    5.1863668183633775,
    5.2296890247777865,
    5.273373105628449,
    5.317422083686332,
    5.361839006971889,
    5.406626948965964,
    5.451789008822485,
    5.497328311582898,
    5.543248008392411,
    5.589551276718042,
    5.63624132056849,
    5.683321370715839,
    5.730794684919106,
    5.778664548149682,
    5.8269342728186295,
    5.875607199005887,
    5.924686694691391,
    5.974176155988135,
    6.0240790073771615,
    6.074398701944513,
    6.125138721620192,
    6.1763025774190865,
    6.227893809683917,
    6.279915988330216,
    6.332372713093357,
    6.385267613777642,
    6.43860435050746,
    6.492386613980564,
    6.546618125723454,
    6.6013026383488835,
    6.65644393581553,
    6.712045833689838,
    6.768112179410026,
    6.824646852552331,
    6.881653765099448,
    6.939136861711232,
    6.997100119997646,
    7.055547550794002,
    7.114483198438498,
    7.173911141052061,
    7.233835490820549,
    7.294260394279283,
    7.355190032599993,
    7.416628621880118,
    7.478580413434554,
    7.541049694089833,
    7.6040407864807396,
    7.6675580493494415,
    7.731605877847077,
    7.796188703837901,
    7.861310996205939,
    7.926977261164218,
    7.993192042566597,
    8.059959922222156,
    8.127285520212263,
    8.195173495210254,
    8.2636285448038,
    8.33265540581996,
    8.402258854652946,
    8.47244370759465,
    8.543214821167886,
    8.61457709246247,
    8.686535459474053,
    8.759094901445835,
    8.832260439213094,
    8.906037135550616,
    8.98043009552302,
    9.055444466838,
    9.131085440202542,
    9.207358249682084,
    9.284268173062706,
    9.36182053221633,
    9.44002069346896,
    9.518874067972039,
    9.598386112076849,
    9.678562327712095,
    9.759408262764595,
    9.840929511463196,
    9.923131714765852,
    10.006020560749965,
    10.089601785005991,
    10.173881171034283,
    10.258864550645352,
    10.344557804363328,
    10.430966861832928,
    10.51809770222975,
    10.605956354673985,
    10.694548898647644,
    10.783881464415218,
    10.873960233447857,
    10.964791438851131,
    11.056381365796321,
    11.148736351955314,
    11.241862787939194,
    11.33576711774039,
    11.430455839178597,
    11.525935504350441,
    11.62221272008278,
    11.719294148389938,
    11.817186506934672,
    11.915896569492979,
    12.015431166422857,
    12.11579718513693,
    12.217001570578999,
    12.319051325704645,
    12.421953511965796,
    12.525715249799322,
    12.63034371911981,
    12.735846159816306,
    12.842229872253323,
    12.949502217776047,
    13.057670619219612,
    13.166742561422822,
    13.276725591746033,
    13.38762732059339,
    13.499455421939473,
    13.61221763386029,
    13.725921759068699,
    13.84057566545437,
    13.956187286628184,
    14.072764622471196,
    14.190315739688256,
    14.308848772366114,
    14.428371922536305,
    14.548893460742745,
    14.670421726613922,
    14.79296512944005,
    14.916532148754932,
    15.041131334922683,
    15.16677130972943,
    15.29346076697989,
    15.421208473098915,
    15.550023267738144,
    15.67991406438766,
    15.81088985099272,
    15.942959690575789,
    16.076132721863555,
    16.210418159919346,
    16.345825296780816,
    16.48236350210283,
    16.620042223805882,
    16.75887098872983,
    16.898859403293084,
    17.040017154157404,
    17.182354008898127,
    17.325879816680036,
    17.47060450893894,
    17.61653810006885,
    17.763690688114917,
    17.91207245547226,
    18.06169366959045,
    18.212564683684025,
    18.364695937448936,
    18.518097957784832,
    18.67278135952357,
    18.828756846163696,
    18.986035210611043,
    19.144627335925627,
    19.304544196074684,
    19.465796856691988,
    19.628396475843616,
    19.792354304800018,
    19.957681688814507,
    20.12439006790844,
    20.29249097766266,
    20.461996050015845,
    20.63291701406931,
    20.805265696898672,
    20.979054024372214,
    21.154294021976106,
    21.33099781564651,
    21.50917763260869,
    21.688845802223064,
    21.870014756838323,
    22.052697032651754,
    22.23690527057666,
    22.42265221711709,
    22.609950725249792,
    22.79881375531367,
    22.989254375906537,
    23.181285764789404,
    23.37492120979838,
    23.57017410976409,
    23.767057975438867,
    23.96558643043158,
    24.165773212150405,
    24.367632172753382,
    24.571177280106877,
    24.776422618752186,
    24.98338239088008,
    25.19207091731358,
    25.402502638498824,
    25.614692115504393,
    25.828654031028837,
    26.04440319041661,
    26.26195452268264,
    26.481323081545288,
    26.70252404646805,
    26.92557272370986,
    27.150484547384295,
    27.377275080527532,
    27.6059600161752,
    27.836555178448357,
    28.06907652364841,
    28.30354014136126,
    28.539962255570575,
    28.77835922578052,
    29.018747548147722,
    29.261143856622706,
    29.50556492410098,
    29.7520276635836,
    30.000549129347515,
    30.251146518125598,
    30.503837170296684,
