{
  "c": 0.05,
  "f1": 0.3333333333333333,
  "prec": 0.21666666666666667,
  "rec": 0.7222222222222222,
  "tp": 13,
  "fp": 47,
  "fn": 5,
  "tn": 15
}