{
  "cm_at_c1": {
    "TP": 0,
    "TN": 161,
    "FP": 0,
    "FN": 19,
    "precision": 0.0,
    "recall": 0.0,
    "accuracy": 0.8944444444444445,
    "F1": 0.0
  },
  "pr_auc": 0.20275861187656224,
  "roc_auc": 0.5284406668846028,
  "prevalence": 0.10555555555555556,
  "normalized_auprc": 0.10867422445826834,
  "auprg": NaN,
  "ece_rank": 0.4156844689993861,
  "c_grid": [
    14.358614243720831,
    14.439376575185213,
    14.520593167351407,
    14.602266575281694,
    14.684399368409684,
    14.766994130621187,
    14.850053460335488,
    14.933579970587118,
    15.017576289108023,
    15.102045058410244,
    15.186988935869081,
    15.272410593806642,
    15.358312719575943,
    15.444698015645473,
    15.531569199684162,
    15.618929004646914,
    15.70678017886057,
    15.795125486110397,
    15.883967705726999,
    15.973309632673766,
    16.06315407763483,
    16.153503867103456,
    16.244361843470962,
    16.33573086511616,
    16.427613806495295,
    16.520013558232424,
    16.61293302721038,
    16.706375136662263,
    16.80034282626333,
    16.89483905222352,
    16.989866787380453,
    17.085429021292974,
    17.181528760335148,
    17.278169027790874,
    17.375352863949036,
    17.473083326199074,
    17.571363489127208,
    17.670196444613186,
    17.769585301927506,
    17.86953318782927,
    17.97004324666452,
    18.071118640465215,
    18.172762549048638,
    18.27497817011746,
    18.377768719360386,
    18.481137430553233,
    18.58508755566072,
    18.689622364938796,
    18.794745147037446,
    18.90045920910422,
    19.006767876888233,
    19.11367449484484,
    19.221182426240798,
    19.329295053260083,
    19.43801577711036,
    19.54734801812988,
    19.65729521589516,
    19.767860829329162,
    19.879048336810126,
    19.990861236280978,
    20.10330304535937,
    20.21637730144841,
    20.330087561847844,
    20.444437403866047,
    20.559430424932525,
    20.67507024271114,
    20.791360495213837,
    20.908304840915168,
    21.025906958867374,
    21.144170548816092,
    21.263099331316788,
    21.38269704785177,
    21.50296746094795,
    21.62391435429515,
    21.745541532865147,
    21.867852823031445,
    21.990852072689556,
    22.11454315137811,
    22.238929950400575,
    22.3640163829477,
    22.489806384220568,
    22.616303911554475,
    22.743512944543358,
    22.871437485165018,
    23.00008155790702,
    23.129449209893334,
    23.259544511011605,
    23.390371554041202,
    23.521934454782027,
    23.65423735218393,
    23.78728440847696,
    23.921079809302274,
    24.05562776384389,
    24.19093250496101,
    24.326998289321246,
    24.463829397534543,
    24.601430134287796,
    24.73980482848031,
    24.878957833359966,
    25.01889352666023,
    25.159616310737793,
    25.301130612711106,
    25.4434408845997,
    25.586551603464162,
    25.730467271547038,
    25.875192416414457,
    26.020731591098595,
    26.167089374240863,
    26.314270370235963,
    26.46227920937681,
    26.611120548000084,
    26.76079906863281,
    26.91131948013962,
    27.062686517870947,
    27.21490494381191,
    27.367979546732236,
    27.521915142336816,
    27.676716573417252,
    27.832388710004214,
    27.988936449520622,
    28.146364716935782,
    28.30467846492023,
    28.46388267400163,
    28.62398235272141,
    28.784982537792335,
    28.946888294256972,
    29.10970471564703,
    29.27343692414364,
    29.438090070738404,
    29.603669335395573,
    29.770179927214883,
    29.9376270845955,
    30.10601607540081,
    30.275352197124167,
    30.445640777055498,
    30.616887172448912,
    30.789096770691316,
    30.962274989471783,
    31.13642727695207,
    31.31155911193797,
    31.487676004051757,
    31.664783493905404,
    31.842887153274948,
    32.02199258527583,
    32.202105424539056,
    32.38323133738854,
    32.56537602201932,
    32.748545208676916,
    32.93274465983746,
    33.117980170389075,
    33.304257567814204,
    33.49158271237285,
    33.67996149728702,
    33.86939984892605,
    34.05990372699316,
    34.25147912471283,
    34.44413206901942,
    34.637868620746715,
    34.83269487481868,
    35.028616960441106,
    35.22564104129451,
    35.42377331572805,
    35.623020016954435,
    35.82338741324615,
    36.024881808132534,
    36.227509540598135,
    36.43127698528215,
    36.636190552679,
    36.84225668933989,
    37.04948187807571,
    37.25787263816102,
    37.467435525539,
    37.67817713302784,
    37.89010409052805,
    38.10322306523115,
    38.31754076182928,
    38.533063922726214,
    38.7497993282495,
    38.96775379686369,
    39.18693418538488,
    39.407347389196424,
    39.62900034246592,
    39.85190001836326,
    40.07605342928002,
    40.301467627050194,
    40.52814970317186,
    40.756106789030405,
    40.9853460561228,
    41.21587471628333,
    41.447700021910336,
    41.68082926619442,
    41.915269783348,
    42.15102894883585,
    42.388114179607285,
    42.6265329343294,
    42.866292713621824,
    43.10740106029255,
    43.3498655595754,
    43.59369383936847,
    43.838893570474234,
    44.08547246684082,
    44.33343828580469,
    44.582798828334724,
    44.83356193927755,
    45.08573550760446,
    45.33932746665948,
    45.59434579440902,
    45.850798513692844,
    46.108693692476436,
    46.36803944410492,
    46.62884392755816,
    46.891115347707576,
    47.15486195557415,
    47.42009204858807,
    47.68681397084977,
    47.955036113392374,
    48.22476691444579,
    48.49601485970207,
    48.768788482582394,
    49.04309636450554,
    49.318947135157856,
    49.59634947276475,
    49.87531210436368,
    50.15584380607878,
    50.43795340339689,
    50.72164977144518,
    51.00694183527042,
    51.29383857011974,
    51.58234900172295,
    51.872482206576635,
    52.164247312229456,
    52.45765349756955,
    52.75270999311313,
    53.04942608129491,
    53.34781109676019,
    53.64787442665843,
    53.94962551093872,
    54.25307384264654,
    54.558228968222636,
    54.865100487803154,
    55.17369805552179,
    55.484031379813466,
    55.79611022371971,
    56.10994440519594,
    56.42554379742013,
    56.742918329103645,
    57.06207798480338,
    57.38303280523602,
    57.705792887593866,
    58.03036838586246,
    58.35676951114017,
    58.6850065319592,
    59.01508977460889,
    59.34702962346035,
    59.68083652129328,
    60.016520969624494,
    60.354093529038224,
    60.693564819518464,
    61.034945520783026,
    61.378246372619444,
    61.72347817522293,
    62.07065178953614,
    62.41977813759082,
    62.77086820285152,
    63.12393303056092,
    63.47898372808759,
    63.83603146527516,
    64.19508747479388,
    64.55616305249397,
    64.91926955776091,
    65.28441841387298,
    65.65162110836043,
    66.02088919336703,
    66.39223428601338,
    66.76566806876248,
    67.14120228978719,
    67.51884876333986,
    67.89861937012407,
    68.28052605766818,
    68.66458084070152,
    69.05079580153205,
    69.43918309042668,
    69.82975492599341,
    70.22252359556578,
    70.61750145558945,
    71.0147009320108,
    71.41413452066807,
    71.81581478768425,
    72.2197543698625,
    72.62596597508379,
    73.03446238270647,
    73.4452564439686,
    73.85836108239205,
    74.27378929418906,
    74.69155414867117,
    75.11166878866037,
    75.53414643090257,
    75.95900036648335,
    76.3862439612462,
    76.81589065621294,
    77.24795396800653,
    77.68244748927634,
    78.11938488912584,
    78.55877991354245,
    79.00064638583028,
    79.44499820704466,
    79.89184935642979,
    80.34121389185826,
    80.79310595027346,
    81.2475397481343,
    81.70452958186237,
    82.16408982829195,
    82.62623494512192,
    83.09097947137103,
    83.55833802783489,
    84.0283253175462,
    84.50095612623724,
    84.97624532280493,
    85.45420785977886,
    85.93485877379132,
    86.41821318605076,
    86.90428630281711,
    87.39309341588047,
    87.88464990304199,
    88.37897122859773,
    88.87607294382532,
