{
  "c": 1.0,
  "f1": 0.6111111111111112,
  "prec": 0.4714285714285714,
  "rec": 0.868421052631579,
  "tp": 33,
  "fp": 37,
  "fn": 5,
  "tn": 5
}