{
  "cm_at_c1": {
    "TP": 4,
    "TN": 108,
    "FP": 6,
    "FN": 62,
    "precision": 0.4,
    "recall": 0.06060606060606061,
    "accuracy": 0.6222222222222222,
    "F1": 0.10526315789473685
  },
  "pr_auc": 0.4177712164478535,
  "roc_auc": 0.5908426368952685,
  "prevalence": 0.36666666666666664,
  "normalized_auprc": 0.08069139439134763,
  "auprg": NaN,
  "ece_rank": 0.21731123388581958,
  "c_grid": [
    0.7850913915450645,
    0.788623491406268,
    0.7921714820663821,
    0.7957354350175787,
    0.7993154220736703,
    0.8029115153715577,
    0.8065237873726828,
    0.8101523108644895,
    0.8137971589618895,
    0.8174584051087365,
    0.8211361230793054,
    0.8248303869797792,
    0.8285412712497419,
    0.832268850663679,
    0.8360132003324837,
    0.8397743957049707,
    0.8435525125693963,
    0.8473476270549858,
    0.8511598156334671,
    0.8549891551206119,
    0.8588357226777836,
    0.8626995958134919,
    0.8665808523849547,
    0.870479570599667,
    0.8743958290169765,
    0.8783297065496669,
    0.882281282465548,
    0.8862506363890525,
    0.890237848302841,
    0.8942429985494135,
    0.8982661678327278,
    0.9023074372198265,
    0.90636688814247,
    0.9104446023987773,
    0.9145406621548747,
    0.918655149946551,
    0.9227881486809204,
    0.9269397416380941,
    0.9311100124728572,
    0.935299045216355,
    0.9395069242777864,
    0.943733734446104,
    0.9479795608917234,
    0.9522444891682389,
    0.9565286052141476,
    0.9608319953545809,
    0.9651547463030442,
    0.9694969451631641,
    0.9738586794304434,
    0.9782400369940242,
    0.9826411061384589,
    0.9870619755454894,
    0.9915027342958334,
    0.99596347187098,
    1.0004442781549925,
    1.0049452434363195,
    1.0094664584096147,
    1.0140080141775631,
    1.0185700022527187,
    1.0231525145593465,
    1.0277556434352766,
    1.032379481633763,
    1.037024122325354,
    1.0416896590997688,
    1.046376185967784,
    1.0510837973631275,
    1.0558125881443807,
    1.0605626535968913,
    1.0653340894346923,
    1.0701269918024312,
    1.0749414572773064,
    1.0797775828710148,
    1.0846354660317046,
    1.089515204645941,
    1.094416897040677,
    1.0993406419852352,
    1.1042865386932983,
    1.109254686824908,
    1.1142451864884733,
    1.1192581382427873,
    1.1242936430990538,
    1.129351802522923,
    1.134432718436535,
    1.139536493220575,
    1.1446632297163344,
    1.1498130312277852,
    1.1549860015236602,
    1.1601822448395436,
    1.165401865879973,
    1.1706449698205474,
    1.1759116623100478,
    1.1812020494725652,
    1.1865162379096394,
    1.1918543347024073,
    1.1972164474137599,
    1.20260268409051,
    1.2080131532655694,
    1.2134479639601359,
    1.2189072256858904,
    1.2243910484472027,
    1.2298995427433486,
    1.2354328195707365,
    1.2409909904251442,
    1.2465741673039648,
    1.2521824627084641,
    1.2578159896460477,
    1.263474861632537,
    1.2691591926944583,
    1.2748690973713381,
    1.2806046907180135,
    1.2863660883069488,
    1.2921534062305655,
    1.2979667611035806,
    1.3038062700653568,
    1.309672050782263,
    1.3155642214500451,
    1.3214829007962081,
    1.3274282080824074,
    1.3334002631068527,
    1.3393991862067223,
    1.345425098260587,
    1.3514781206908466,
    1.357558375466176,
    1.3636659851039827,
    1.3698010726728767,
    1.3759637617951488,
    1.3821541766492629,
    1.3883724419723575,
    1.3946186830627592,
    1.4008930257825074,
    1.407195596559891,
    1.4135265223919955,
    1.4198859308472616,
    1.4262739500680564,
    1.4326907087732552,
    1.4391363362608356,
    1.445610962410482,
    1.452114717686203,
    1.4586477331389607,
    1.4652101404093114,
    1.471802071730057,
    1.4784236599289111,
    1.4850750384311746,
    1.491756341262424,
    1.4984677030512128,
    1.5052092590317836,
    1.511981145046793,
    1.5187834975500503,
    1.5256164536092645,
    1.5324801509088084,
    1.5393747277524923,
    1.5463003230663503,
    1.5532570764014404,
    1.5602451279366558,
    1.5672646184815502,
    1.5743156894791746,
    1.5813984830089272,
    1.5885131417894174,
    1.59565980918134,
    1.6028386291903656,
    1.610049746470041,
    1.6172933063247044,
    1.6245694547124134,
    1.6318783382478863,
    1.6392201042054557,
    1.6465949005220368,
    1.654002875800108,
    1.661444179310705,
    1.6689189609964292,
    1.6764273714744686,
    1.6839695620396327,
    1.6915456846674015,
    1.6991558920169878,
    1.7068003374344127,
    1.7144791749555959,
    1.72219255930946,
    1.7299406459210473,
    1.7377235909146524,
    1.7455415511169678,
    1.7533946840602441,
    1.7612831479854645,
    1.7692071018455322,
    1.7771667053084754,
    1.7851621187606623,
    1.7931935033100348,
    1.8012610207893536,
    1.8093648337594594,
    1.8175051055125493,
    1.825682000075466,
    1.8338956822130037,
    1.8421463174312278,
    1.8504340719808101,
    1.8587591128603782,
    1.8671216078198813,
    1.87552172536397,
    1.8839596347553915,
    1.8924355060184006,
    1.9009495099421851,
    1.9095018180843084,
    1.918092602774165,
    1.9267220371164535,
    1.9353902949946655,
    1.9440975510745877,
    1.9528439808078226,
    1.9616297604353243,
    1.9704550669909477,
    1.9793200783050184,
    1.988224973007914,
    1.997169930533664,
    2.0061551311235664,
    2.015180755829818,
    2.024246986519163,
    2.033354005876559,
    2.042501997408857,
    2.0516911454484985,
    2.060921635157231,
    2.0701936525298383,
    2.079507384397888,
    2.088863018433498,
    2.098260743153116,
    2.107700747921318,
    2.1171832229546266,
    2.126708359325341,
    2.136276348965388,
    2.145887384670191,
    2.1555416601025525,
    2.1652393697965575,
    2.1749807091614946,
    2.18476587448579,
    2.1945950629409667,
    2.2044684725856154,
    2.2143863023693857,
    2.2243487521369945,
    2.2343560226322543,
    2.2444083155021164,
    2.254505833300736,
    2.2646487794935513,
    2.2748373584613857,
    2.2850717755045644,
    2.2953522368470534,
    2.305678949640612,
    2.3160521219689674,
    2.3264719628520107,
    2.336938682250006,
    2.34745249106782,
    2.3580136011591746,
    2.368622225330915,
    2.3792785773472964,
    2.3899828719342926,
    2.4007353247839216,
    2.411536152558593,
    2.422385572895475,
    2.4332838044108747,
    2.444231066704649,
    2.4552275803646277,
    2.466273566971056,
    2.4773692491010624,
    2.488514850333142,
    2.4997105952516625,
    2.510956709451388,
    2.5222534195420274,
    2.5336009531527983,
    2.544999538937015,
    2.556449406576694,
    2.567950786787185,
    2.579503911321818,
    2.5911090129765735,
    2.6027663255947724,
    2.61447608407179,
    2.626238524359788,
    2.638053883472468,
    2.649922399489849,
    2.6618443115630637,
    2.6738198599191785,
    2.6858492858660323,
    2.6979328317971008,
    2.7100707411963785,
    2.7222632586432876,
    2.7345106298176045,
    2.7468131015044106,
    2.759170921599065,
    2.7715843391122,
    2.7840536041747375,
    2.796578968042932,
    2.809160683103429,
    2.821799002878355,
    2.8344941820304226,
    2.847246476368065,
    2.8600561428505875,
    2.8729234395933485,
    2.885848625872956,
    2.8988319621324963,
    2.9118737099867813,
    2.9249741322276184,
    2.9381334928291056,
    2.9513520569529534,
    2.964630090953824,
    2.977967862384702,
    2.9913656400022823,
    3.0048236937723884,
    3.018342294875411,
    3.0319217157117713,
    3.0455622299074117,
    3.0592641123193083,
    3.073027639041009,
    3.086853087408199,
    3.100740736004285,
    3.1146908646660134,
    3.1287037544891048,
    3.142779687833922,
    3.156918948331156,
    3.1711218208875436,
    3.1853885916916056,
    3.19971954821942,
    3.2141149792404042,
    3.2285751748231455,
    3.2431004263412326,
    3.257691026479143,
    3.2723472692381237,
    3.28706944994213,
