{
  "c": 0.05,
  "f1": 0.5777777777777778,
  "prec": 0.43333333333333335,
  "rec": 0.8666666666666667,
  "tp": 26,
  "fp": 34,
  "fn": 4,
  "tn": 16
}