{
  "cm_at_c1": {
    "TP": 0,
    "TN": 115,
    "FP": 0,
    "FN": 65,
    "precision": 0.0,
    "recall": 0.0,
    "accuracy": 0.6388888888888888,
    "F1": 0.0
  },
  "pr_auc": 0.39404905300874427,
  "roc_auc": 0.5642140468227426,
  "prevalence": 0.3611111111111111,
  "normalized_auprc": 0.05155503949194756,
  "c_grid": [
    3.4365955613346846,
    3.462886055683319,
    3.489377676431833,
    3.516071962228691,
    3.5429704634932575,
    3.5700747425058483,
    3.597386373498469,
    3.624906942746246,
    3.6526380486595595,
    3.6805813018768783,
    3.7087383253583095,
    3.7371107544798576,
    3.7657002371284105,
    3.794508433797449,
    3.823537017683489,
    3.8527876747832615,
    3.882262103991637,
    3.9119620172002976,
    3.941889139397165,
    3.972045208766589,
    4.0024319767903025,
    4.0330512083491445,
    4.063904681825575,
    4.09499418920695,
    4.1263215361896215,
    4.157888542283789,
    4.189697040919197,
    4.221748879551612,
    4.254045919770129,
    4.28659003740529,
    4.319383122638033,
    4.352427080109478,
    4.385723829031548,
    4.419275303298436,
    4.453083451598931,
    4.487150237529595,
    4.52147763970881,
    4.556067651891703,
    4.590922283085934,
    4.626043557668392,
    4.661433515502761,
    4.697094212058007,
    4.73302771852775,
    4.769236121950571,
    4.8057215253312195,
    4.842486047762763,
    4.87953182454966,
    4.916861007331785,
    4.954475764209394,
    4.99237827986905,
    5.030570755710509,
    5.069055409974582,
    5.107834477871966,
    5.146910211713076,
    5.186284881038848,
    5.225960772752566,
    5.26594019125268,
    5.306225458566651,
    5.346818914485812,
    5.387722916701269,
    5.428939840940828,
    5.470472081106995,
    5.512322049415992,
    5.554492176537888,
    5.596984911737745,
    5.639802723017897,
    5.6829480972612725,
    5.726423540375855,
    5.770231577440205,
    5.814374752850142,
    5.8588556304665,
    5.903676793764057,
    5.948840845981577,
    5.9943504102730065,
    6.040208129859832,
    6.086416668184597,
    6.1329787090656005,
    6.179896956852768,
    6.227174136584729,
    6.274812994147083,
    6.322816296431886,
    6.37118683149835,
    6.419927408734778,
    6.469040859021733,
    6.518530034896459,
    6.5683978107185546,
    6.618647082836921,
    6.6692807697579815,
    6.720301812315191,
    6.771713173839842,
    6.823517840333174,
    6.875718820639804,
    6.928319146622481,
    6.981321873338182,
    7.034730079215544,
    7.08854686623367,
    7.142775360102283,
    7.197418710443282,
    7.2524800909736635,
    7.307962699689851,
    7.363869759053453,
    7.420204516178401,
    7.476970243019572,
    7.534170236562793,
    7.591807819016364,
    7.649886338003988,
    7.708409166759224,
    7.767379704321383,
    7.826801375732974,
    7.886677632238603,
    7.947011951485454,
    8.007807837725236,
    8.069068822017758,
    8.130798462435964,
    8.193000344272633,
    8.25567808024858,
    8.318835310722518,
    8.382475703902452,
    8.446602956058777,
    8.511220791738916,
    8.576332963983674,
    8.641943254545199,
    8.70805547410664,
    8.774673462503472,
    8.841801088946504,
    8.90944225224662,
    8.977600881041218,
    9.046280934022382,
    9.115486400166821,
    9.185221298967528,
    9.255489680667257,
    9.326295626493748,
    9.397643248896776,
    9.469536691786995,
    9.541980130776633,
    9.614977773422,
    9.68853385946787,
    9.762652661093734,
    9.83733848316192,
    9.912595663467634,
    9.98842857299088,
    10.064841616150364,
    10.141839231059267,
    10.219425889783045,
    10.297606098599141,
    10.376384398258747,
    10.455765364250485,
    10.535753607066209,
    10.616353772468736,
    10.697570541761717,
    10.779408632061484,
    10.861872796571078,
    10.944967824856256,
    11.028698543123733,
    11.11306981450144,
    11.198086539321,
    11.283753655402355,
    11.370076138340536,
    11.45705900179465,
    11.54470729777908,
    11.633026116956922,
    11.722020588935637,
    11.811695882564983,
    11.902057206237224,
    11.99310980818965,
    12.084858976809398,
    12.17731004094057,
    12.27046837019377,
    12.364339375257973,
    12.45892850821477,
    12.55424126285502,
    12.650283174997943,
    12.747059822812657,
    12.844576827142143,
    12.942839851829703,
    13.041854604047924,
    13.141626834630173,
    13.242162338404592,
    13.343466954530651,
    13.44554656683831,
    13.548407104169755,
    13.652054540723752,
    13.756494896402602,
    13.861734237161807,
    13.967778675362391,
    14.074634370125898,
    14.1823075276921,
    14.290804401779475,
    14.400131293948448,
    14.510294553967361,
    14.621300580181265,
    14.733155819883557,
    14.84586676969045,
    14.959439975918293,
    15.073882034963745,
    15.189199593686967,
    15.305399349797641,
    15.42248805224396,
    15.540472501604626,
    15.65935955048385,
    15.779156103909342,
    15.899869119733335,
    16.021505609036723,
    16.144072636536283,
    16.267577320994985,
    16.392026835635427,
    16.51742840855649,
    16.64378932315316,
    16.771116918539533,
    16.899418589975063,
    17.028701789294093,
    17.158974025338686,
    17.290242864394724,
    17.422515930631345,
    17.55580090654377,
    17.690105533399528,
    17.82543761168807,
    17.96180500157378,
    18.099215623352542,
    18.23767745791175,
    18.377198547193856,
    18.517786994663393,
    18.659450965777676,
    18.802198688461065,
    18.946038453582837,
    19.090978615438683,
    19.237027592235982,
    19.384193866582727,
    19.53248598598019,
    19.681912563319354,
    19.83248227738116,
    19.98420387334061,
    20.137086163274656,
    20.29113802667401,
    20.446368410958865,
    20.60278633199862,
    20.760400874635454,
    20.919221193212014,
    21.079256512103115,
    21.2405161262515,
    21.40300940170764,
    21.566745776173768,
    21.731734759552044,
    21.897985934496862,
    22.065508956971403,
    22.234313556808477,
    22.40440953827567,
    22.575806780644736,
    22.748515238765393,
    22.922544943643523,
    23.09790600302378,
    23.27460860197667,
    23.45266300349004,
    23.632079549065217,
    23.812868659317648,
    23.995040834582124,
    24.178606655522614,
    24.363576783746826,
    24.549961962425467,
    24.737773016916172,
    24.927020855392247,
    25.11771646947621,
    25.309870934878266,
    25.503495412039513,
    25.698601146780163,
    25.895199470952708,
    26.09330180310011,
    26.29291964911898,
    26.4940646029278,
    26.696748347140367,
    26.900982653744308,
    27.106779384784815,
    27.314150493053546,
    27.523108022782896,
    27.733664110345543,
    27.94583098495933,
    28.159620969397483,
    28.3750464807044,
    28.592120030916835,
    28.810854227790546,
    29.031261775532606,
    29.25335547553928,
    29.477148227139523,
    29.70265302834415,
    29.929882976600794,
    30.158851269554646,
    30.38957120581494,
    30.622056185727335,
    30.856319712152224,
    31.09237539124904,
    31.330236933266452,
    31.569918153338662,
    31.8114329722878,
    32.05479541743251,
    32.300019623402605,
    32.547119832960014,
    32.79611039782602,
    33.04700577951485,
    33.29982055017358,
    33.554569393428466,
    33.8112671052378,
    34.069928594751325,
    34.330568885176085,
    34.59320311464899,
    34.857846537116075,
    35.12451452321848,
    35.39322256118517,
    35.66398625773239,
    35.93682133897032,
    36.21174365131629,
    36.48876916241527,
    36.76791396206707,
    37.04919426316114,
    37.332626402618004,
    37.61822684233824,
    37.90601217015842,
    38.195999100814795,
    38.48820447691392,
    38.78264526991096,
    39.07933858109525,
    39.37830164258381,
    39.67955181832199,
    39.98310660509209,
    40.28898363352942,
    40.59720066914653,
    40.90777561336487,
    41.220726504554634,
    41.53607151908223,
