{
  "cm_at_c1": {
    "TP": 0,
    "TN": 53,
    "FP": 0,
    "FN": 17,
    "precision": 0.0,
    "recall": 0.0,
    "accuracy": 0.7571428571428571,
    "F1": 0.0
  },
  "pr_auc": 0.3193479070797114,
  "roc_auc": 0.5926748057713651,
  "prevalence": 0.24285714285714285,
  "normalized_auprc": 0.10102553765244901,
  "c_grid": [
    13.756712347574677,
    13.7972442019616,
    13.8378954766852,
    13.878666523597532,
    13.919557695587354,
    13.96056934658312,
    14.001701831556101,
    14.042955506523425,
    14.084330728551148,
    14.125827855757388,
    14.167447247315373,
    14.209189263456592,
    14.251054265473899,
    14.293042615724612,
    14.33515467763371,
    14.377390815696906,
    14.419751395483866,
    14.462236783641341,
    14.50484734789633,
    14.547583457059293,
    14.590445481027336,
    14.633433790787377,
    14.676548758419415,
    14.719790757099693,
    14.763160161103979,
    14.806657345810779,
    14.850282687704565,
    14.894036564379096,
    14.937919354540606,
    14.981931438011157,
    15.026073195731886,
    15.07034500976629,
    15.114747263303583,
    15.15928034066195,
    15.203944627291927,
    15.248740509779719,
    15.293668375850517,
    15.338728614371911,
    15.383921615357197,
    15.429247769968796,
    15.47470747052163,
    15.520301110486482,
    15.566029084493472,
    15.611891788335388,
    15.65788961897119,
    15.704022974529403,
    15.750292254311553,
    15.796697858795662,
    15.843240189639694,
    15.889919649685009,
    15.9367366429599,
    15.983691574683032,
    16.030784851267008,
    16.078016880321847,
    16.12538807065851,
    16.172898832292475,
    16.22054957644723,
    16.2683407155579,
    16.316272663274766,
    16.364345834466846,
    16.41256064522553,
    16.460917512868114,
    16.509416855941485,
    16.558059094225698,
    16.6068446487376,
    16.65577394173453,
    16.7048473967179,
    16.75406543843692,
    16.803428492892262,
    16.852936987339703,
    16.902591350293896,
    16.952392011532012,
    17.0023394020975,
    17.052433954303826,
    17.102676101738147,
    17.15306627926517,
    17.203604923030802,
    17.254292470466027,
    17.30512936029063,
    17.35611603251699,
    17.40725292845394,
    17.45854049071055,
    17.50997916319994,
    17.56156939114318,
    17.613311621073073,
    17.665206300838086,
    17.717253879606197,
    17.769454807868748,
    17.821809537444423,
    17.874318521483076,
    17.926982214469717,
    17.97980107222842,
    18.032775551926242,
    18.085906112077243,
    18.139193212546378,
    18.192637314553554,
    18.246238880677577,
    18.299998374860138,
    18.353916262409893,
    18.40799301000641,
    18.462229085704294,
    18.516624958937175,
    18.571181100521773,
    18.625897982662018,
    18.680776078953105,
    18.735815864385582,
    18.7910178153495,
    18.84638240963849,
    18.90191012645395,
    18.95760144640912,
    19.01345685153334,
    19.06947682527615,
    19.125661852511463,
    19.18201241954183,
    19.238529014102607,
    19.295212125366152,
    19.352062243946126,
    19.409079861901667,
    19.46626547274171,
    19.523619571429208,
    19.58114265438546,
    19.638835219494386,
    19.696697766106812,
    19.754730795044846,
    19.81293480860619,
    19.87131031056844,
    19.929857806193542,
    19.988577802232065,
    20.047470806927663,
    20.10653733002145,
    20.16577788275637,
    20.225192977881704,
    20.28478312965742,
    20.344548853858704,
    20.404490667780383,
    20.464609090241368,
    20.524904641589227,
    20.58537784370464,
    20.64602922000589,
    20.706859295453462,
    20.767868596554518,
    20.829057651367517,
    20.890426989506715,
    20.951977142146823,
    21.013708642027566,
    21.07562202345827,
    21.13771782232254,
    21.19999657608287,
    21.262458823785284,
    21.325105106064033,
    21.387935965146227,
    21.45095194485659,
    21.514153590622136,
    21.57754144947685,
    21.641116070066506,
    21.70487800265333,
    21.76882779912084,
    21.83296601297857,
    21.89729319936687,
    21.961809915061743,
    22.0265167184796,
    22.091414169682167,
    22.1565028303813,
    22.22178326394381,
    22.28725603539642,
    22.35292171143056,
    22.418780860407363,
    22.48483405236254,
    22.551081859011276,
    22.617524853753267,
    22.684163611677626,
    22.750998709567835,
    22.818030725906823,
    22.885260240881873,
    22.952687836389742,
    23.020314096041602,
    23.088139605168166,
    23.15616495082473,
    23.224390721796226,
    23.29281750860236,
    23.361445903502716,
    23.430276500501833,
    23.499309895354436,
    23.568546685570492,
    23.637987470420462,
    23.70763285094047,
    23.777483429937444,
    23.847539811994434,
    23.91780260347575,
    23.98827241253228,
    24.05894984910673,
    24.129835524938876,
    24.2009300535709,
    24.272234050352697,
    24.343748132447146,
    24.41547291883554,
    24.487409030322855,
    24.55955708954321,
    24.63191772096516,
    24.704491550897192,
    24.77727920749311,
    24.850281320757418,
    24.92349852255088,
    24.996931446595912,
    25.070580728482067,
    25.144447005671598,
    25.21853091750488,
    25.29283310520605,
    25.367354211888465,
    25.442094882560333,
    25.51705576413028,
    25.59223750541289,
    25.667640757134425,
    25.743266171938387,
    25.819114404391158,
    25.895186110987723,
    25.97148195015732,
    26.04800258226911,
    26.12474866963793,
    26.201720876530032,
    26.278919869168828,
    26.3563463157406,
    26.43400088640037,
    26.51188425327766,
    26.589997090482267,
    26.66834007411019,
    26.74691388224942,
    26.825719194985787,
    26.90475669440893,
    26.9840270646181,
    27.06353099172819,
    27.14326916387555,
    27.223242271224063,
    27.30345100597106,
    27.383896062353266,
    27.46457813665291,
    27.5454979272037,
    27.626656134396825,
    27.708053460687108,
    27.78969061059899,
    27.87156829073273,
    27.953687209770404,
    28.03604807848216,
    28.11865160973229,
    28.201498518485394,
    28.284589521812634,
    28.367925338897905,
    28.451506691044006,
    28.535334301678983,
    28.619408896362348,
    28.70373120279131,
    28.78830195080713,
    28.873121872401445,
    28.958191701722587,
    29.043512175081883,
    29.129084030960133,
    29.214908010013936,
    29.300984855082078,
    29.387315311192033,
    29.473900125566374,
    29.560740047629203,
    29.64783582901272,
    29.735188223563643,
    29.82279798734982,
    29.910665878666666,
    29.99879265804384,
    30.08717908825177,
    30.175825934308214,
    30.26473396348497,
    30.353903945314485,
    30.443336651596447,
    30.53303285640459,
    30.622993336093256,
    30.713218869304267,
    30.8037102369735,
    30.89446822233779,
    30.98549361094164,
    31.076787190643984,
    31.168349751625104,
    31.260182086393407,
    31.35228498979225,
    31.444659259006908,
    31.537305693571437,
    31.63022509537555,
    31.723418268671587,
    31.81688602008153,
    31.910629158603925,
    32.004648495620856,
    32.09894484490505,
    32.19351902262689,
    32.288371847361404,
    32.38350414009548,
    32.47891672423491,
    32.57461042561144,
    32.670586072490075,
    32.766844495576095,
    32.86338652802238,
    32.96021300543649,
    33.057324765888026,
    33.15472264991578,
    33.25240750053506,
    33.35038016324497,
    33.44864148603578,
    33.547192319396146,
    33.64603351632063,
    33.74516593231691,
    33.844590425413365,
    33.94430785616633,
    34.0443190876677,
    34.144624985552284,
    34.24522641800532,
    34.346124255770064,
    34.447319372155235,
    34.5488126430426,
    34.650604946894596,
    34.752697164761905,
    34.85509018029103,
    34.95778487973205,
    35.06078215194618,
    35.16408288841357,
    35.267687983240904,
    35.371598333169246,
    35.47581483758178,
    35.580338398511486,
    35.68516992064912,
