{
  "c": 0.05,
  "f1": 0.5806451612903226,
  "prec": 0.45,
  "rec": 0.8181818181818182,
  "tp": 27,
  "fp": 33,
  "fn": 6,
  "tn": 14
}