{
  "cm_at_c1": {
    "TP": 0,
    "TN": 130,
    "FP": 0,
    "FN": 50,
    "precision": 0.0,
    "recall": 0.0,
    "accuracy": 0.7222222222222222,
    "F1": 0.0
  },
  "pr_auc": 0.32595196011912947,
  "roc_auc": 0.5892307692307692,
  "prevalence": 0.2777777777777778,
  "normalized_auprc": 0.06670271401110232,
  "auprg": NaN,
  "ece_rank": 0.26261510128913446,
  "c_grid": [
    4.847036565084906,
    4.8884373859144175,
    4.930191830642231,
    4.9723029197365145,
    5.014773699464678,
    5.057607242113731,
    5.100806646212536,
    5.144375036755951,
    5.188315565430881,
    5.232631410844274,
    5.2773257787530605,
    5.322401902296042,
    5.367863042227788,
    5.413712487154502,
    5.459953553771925,
    5.506589587105254,
    5.553623960751124,
    5.601060077121646,
    5.648901367690533,
    5.69715129324133,
    5.745813344117766,
    5.7948910404762355,
    5.844387932540449,
    5.8943076008582445,
    5.944653656560608,
    5.995429741622896,
    6.046639529128286,
    6.098286723533493,
    6.150375060936736,
    6.202908309348011,
    6.255890268961661,
    6.309324772431273,
    6.363215685146937,
    6.41756690551486,
    6.472382365239366,
    6.527666029607325,
    6.583421897774976,
    6.639654003057247,
    6.696366413219497,
    6.753563230771791,
    6.8112485932656615,
    6.869426673593411,
    6.928101680289988,
    6.987277857837413,
    7.046959486971827,
    7.107150884993152,
    7.167856406077407,
    7.229080441591667,
    7.290827420411751,
    7.353101809242583,
    7.415908112941322,
    7.479250874843228,
    7.543134677090328,
    7.607564140962885,
    7.672543927213683,
    7.738078736405196,
    7.804173309249617,
    7.870832426951782,
    7.938060911555063,
    8.00586362629016,
    8.074245475926928,
    8.14321140712916,
    8.212766408812437,
    8.282915512505019,
    8.353663792711812,
    8.425016367281462,
    8.496978397776568,
    8.569555089847057,
    8.642751693606776,
    8.716573504013256,
    8.791025861250757,
    8.866114151116559,
    8.941843805410585,
    9.018220302328306,
    9.095249166857043,
    9.172935971175633,
    9.251286335057525,
    9.330305926277282,
    9.410000461020608,
    9.490375704297842,
    9.571437470360978,
    9.653191623124284,
    9.73564407658848,
    9.818800795268544,
    9.902667794625183,
    9.98725114149999,
    10.072556954554308,
    10.158591404711842,
    10.24536071560507,
    10.332871164025438,
    10.421129080377417,
    10.510140849136448,
    10.59991290931079,
    10.69045175490729,
    10.781763935401164,
    10.873856056209794,
    10.966734779170524,
    11.060406823022594,
    11.154878963893152,
    11.250158035787456,
    11.346250931083192,
    11.443164601029116,
    11.540906056247852,
    11.639482367243062,
    11.738900664910892,
    11.839168141055856,
    11.940292048911035,
    12.042279703662786,
    12.145138482979934,
    12.248875827547431,
    12.353499241604625,
    12.4590162934881,
    12.56543461617918,
    12.672761907856058,
    12.781005932450709,
    12.890174520210488,
    13.000275568264586,
    13.111317041195283,
    13.223306971614129,
    13.336253460742967,
    13.45016467899999,
    13.565048866590796,
    13.680914334104443,
    13.797769463114648,
    13.91562270678608,
    14.034482590485895,
    14.154357712400394,
    14.275256744157058,
    14.397188431451806,
    14.520161594681662,
    14.644185129582818,
    14.769268007874125,
    14.895419277906134,
    15.022648065315586,
    15.150963573685607,
    15.280375085211443,
    15.41089196137194,
    15.542523643606744,
    15.675279653999274,
    15.80916959596556,
    15.944203154948932,
    16.080390099120628,
    16.21774028008645,
    16.356263633599394,
    16.4959701802784,
    16.63687002633325,
    16.778973364295585,
    16.922290473756302,
    17.066831722109082,
    17.212607565300416,
    17.35962854858595,
    17.50790530729331,
    17.65744856759149,
    17.808269147266728,
    17.960377956505063,
    18.113785998681564,
    18.268504371156318,
    18.424544266077167,
    18.581916971189393,
    18.740633870652182,
    18.90070644586222,
    19.06214627628418,
    19.224965040288406,
    19.389174515995688,
    19.554786582129292,
    19.721813218874267,
    19.89026650874406,
    20.06015863745453,
    20.23150189480549,
    20.40430867556971,
    20.57859148038954,
    20.754362916681238,
    20.931635699546884,
    21.110422652694282,
    21.29073670936453,
    21.47259091326763,
    21.655998419526053,
    21.840972495626353,
    22.027526522378963,
    22.215673994886078,
    22.40542852351795,
    22.596803834897383,
    22.78981377289273,
    22.98447229961934,
    23.18079349644959,
    23.37879156503143,
    23.578480828315836,
    23.779875731592806,
    23.982990843536363,
    24.18784085725845,
    24.394440591371765,
    24.602804991061802,
    24.812949129167862,
    25.024888207273516,
    25.238637556806175,
    25.454212640146203,
    25.67162905174543,
    25.890902519255228,
    26.112048904664274,
    26.335084205445945,
    26.560024555715554,
    26.78688622739749,
    27.015685631402313,
    27.246439318813884,
    27.4791639820867,
    27.713876456253306,
    27.950593720142255,
    28.189332897606217,
    28.430111258760757,
    28.672946221233634,
    28.91785535142475,
    29.164856365776917,
    29.413967132057437,
    29.665205670650586,
    29.91859015586124,
    30.174138917229563,
    30.431870440856944,
    30.691803370743308,
    30.953956510135693,
    31.21834882288859,
    31.484999434835643,
    31.753927635173266,
    32.02515287785597,
    32.298694783003654,
    32.574573138320915,
    32.852807900528404,
    33.13341919680657,
    33.41642732625156,
    33.70185276134364,
    33.989716149428155,
    34.28003831420923,
    34.57284025725594,
    34.868143159521736,
    35.16596838287651,
    35.46633747165195,
    35.76927215420002,
    36.074794344464756,
    36.382926143567566,
    36.69368984140584,
    37.00710791826558,
    37.32320304644742,
    37.641998091906785,
    37.963516115908035,
    38.28778037669258,
    38.61481433116148,
    38.94464163657223,
    39.277286152250035,
    39.61277194131388,
    39.95112327241714,
    40.2923646215032,
    40.63652067357602,
    40.98361632448575,
    41.33367668272978,
    41.68672707126893,
    42.04279302935938,
    42.40190031440011,
    42.76407490379615,
    43.12934299683782,
    43.49773101659591,
    43.86926561183304,
    44.24397365893151,
    44.6218822638374,
    45.00301876402146,
    45.387410730456686,
    45.77508596961266,
    46.16607252546718,
    46.5603986815348,
    46.958092962912914,
    47.3591841383452,
    47.76370122230267,
    48.17167347708268,
    48.58313041492559,
    48.9981018001497,
    49.41661765130434,
    49.83870824334145,
    50.26440410980551,
    50.693736045042485,
    51.12673510642725,
    51.56343261661035,
    52.0038601657839,
    52.44804961396664,
    52.89603309330874,
    53.347843010416234,
    53.8035120486952,
    54.263073170716034,
    54.72655962059805,
    55.194004926414166,
    55.66544290261637,
    56.14090765248177,
    56.620433570579706,
    57.10405534525964,
    57.59180796116055,
    58.083726701741774,
    58.57984715183519,
    59.08020520021949,
    59.584837042216385,
    60.09377918230881,
    60.60706843678165,
    61.12474193638503,
    61.646837129020355,
    62.173391782449094,
    62.70444398702495,
    63.240032158449345,
    63.78019504055022,
    64.32497170808476,
    64.87440156956616,
    65.42852437011418,
    65.98738019433031,
    66.55100946919768,
    67.11945296700513,
    67.69275180829686,
    68.270947464847,
    68.85408176265969,
    69.44219688499456,
    70.03533537541831,
    70.63354014088242,
    71.23685445482666,
    71.84532196030966,
    72.4589866731661,
    73.07789298519042,
    73.70208566734837,
    74.33160987301564,
    74.96651114124406,
    75.60683540005599,
    76.25262896976658,
    76.90393856633474,
