{
  "c": 0.05,
  "f1": 0.6138613861386139,
  "prec": 0.5166666666666667,
  "rec": 0.7560975609756098,
  "tp": 31,
  "fp": 29,
  "fn": 10,
  "tn": 10
}