{
  "cm_at_c1": {
    "TP": 0,
    "TN": 118,
    "FP": 0,
    "FN": 61,
    "precision": 0.0,
    "recall": 0.0,
    "accuracy": 0.659217877094972,
    "F1": 0.0
  },
  "pr_auc": 0.45132988991164935,
  "roc_auc": 0.6193387051958879,
  "prevalence": 0.3407821229050279,
  "normalized_auprc": 0.16769534147614606,
  "auprg": NaN,
  "ece_rank": 0.2268156424581006,
  "c_grid": [
    9.416999174176716,
    9.47109666641464,
    9.525504930546273,
    9.580225751851602,
    9.635260925866433,
    9.690612258441334,
    9.746281565800873,
    9.802270674603214,
    9.85858142200006,
    9.915215655696933,
    9.9721752340138,
    10.029462025946055,
    10.087077911225839,
    10.145024780383714,
    10.203304534810723,
    10.261919086820745,
    10.320870359713258,
    10.380160287836464,
    10.43979081665073,
    10.499763902792434,
    10.560081514138199,
    10.620745629869402,
    10.681758240537182,
    10.743121348127701,
    10.80483696612787,
    10.866907119591406,
    10.929333845205269,
    10.992119191356515,
    11.055265218199484,
    11.1187739977234,
    11.182647613820397,
    11.246888162353835,
    11.311497751227133,
    11.376478500452889,
    11.441832542222457,
    11.507562020975929,
    11.573669093472468,
    11.640155928861107,
    11.7070247087519,
    11.774277627287514,
    11.841916891215245,
    11.909944719959395,
    11.978363345694104,
    12.047175013416629,
    12.11638198102095,
    12.18598651937192,
    12.255990912379719,
    12.326397457074828,
    12.397208463683416,
    12.468426255703095,
    12.540053169979213,
    12.612091556781497,
    12.684543779881174,
    12.757412216628568,
    12.830699258031055,
    12.90440730883155,
    12.978538787587421,
    13.053096126749814,
    13.12808177274351,
    13.203498186047161,
    13.279347841274037,
    13.355633227253254,
    13.432356847111382,
    13.509521218354644,
    13.587128872951462,
    13.66518235741557,
    13.743684232889585,
    13.822637075229007,
    13.90204347508676,
    13.981906037998215,
    14.062227384466643,
    14.14301015004925,
    14.224256985443606,
    14.305970556574675,
    14.388153544682236,
    14.470808646408898,
    14.553938573888587,
    14.637546054835513,
    14.721633832633676,
    14.806204666426927,
    14.891261331209435,
    14.976806617916806,
    15.062843333517613,
    15.149374301105514,
    15.236402359991919,
    15.323930365799095,
    15.411961190553924,
    15.5004977227821,
    15.58954286760292,
    15.679099546824641,
    15.7691706990403,
    15.859759279724164,
    15.950868261328726,
    16.04250063338219,
    16.134659402586625,
    16.22734759291657,
    16.32056824571827,
    16.41432441980952,
    16.508619191579957,
    16.603455655092063,
    16.69883692218266,
    16.79476612256502,
    16.89124640393158,
    16.988280932057197,
    17.085872890903037,
    17.18402548272108,
    17.282741928159126,
    17.38202546636655,
    17.481879355100517,
    17.582306870832944,
    17.683311308857956,
    17.784895983400027,
    17.887064227722764,
    17.989819394238225,
    18.093164854616955,
    18.197103999898626,
    18.30164024060328,
    18.40677700684323,
    18.51251774843568,
    18.618865935015823,
    18.72582505615077,
    18.833398621454002,
    18.941590160700574,
    19.050403223942883,
    19.15984138162719,
    19.269908224710782,
    19.38060736477978,
    19.49194243416764,
    19.60391708607438,
    19.71653499468638,
    19.829799855297043,
    19.94371538442793,
    20.058285319950812,
    20.173513421210256,
    20.28940346914699,
    20.405959266422002,
    20.52318463754127,
    20.641083428981258,
    20.759659509315185,
    20.87891676933988,
    20.998859122203505,
    21.11949050353396,
    21.24081487156797,
    21.36283620728103,
    21.485558514517976,
    21.60898582012441,
    21.73312217407878,
    21.857971649625302,
    21.983538343407645,
    22.109826375603273,
    22.236839890058693,
    22.364583054425445,
    22.4930600602968,
    22.622275123345307,
    22.75223248346118,
    22.882936404891336,
    23.014391176379384,
    23.146601111306293,
    23.27957054783199,
    23.413303849037646,
    23.547805403068857,
    23.683079623279678,
    23.819130948377364,
    23.955963842568046,
    24.093582795703256,
    24.231992323427168,
    24.371196967324853,
    24.51120129507122,
    24.652009900580975,
    24.793627404159288,
    24.936058452653423,
    25.07930771960526,
    25.223379905404567,
    25.368279737443263,
    25.51401197027059,
    25.660581385749033,
    25.807992793211266,
    25.95625102961801,
    26.10536095971663,
    26.2553274762009,
    26.406155499871403,
    26.557849979797133,
    26.71041589347777,
    26.86385824700706,
    27.01818207523711,
    27.173392441943527,
    27.3294944399916,
    27.48649319150345,
    27.644393848026034,
    27.803201590700215,
    27.9629216304308,
    28.123559208057436,
    28.2851195945267,
    28.447608091064915,
    28.61103002935222,
    28.775390771697435,
    28.940695711214023,
    29.10695027199712,
    29.274159909301428,
    29.442330109720242,
    29.611466391365532,
    29.78157430404893,
    29.952659429463864,
    30.124727381368743,
    30.297783805771125,
    30.47183438111296,
    30.646884818456932,
    30.822940861673906,
    31.00000828763131,
    31.17809290638272,
    31.357200561358574,
    31.537337129557805,
    31.71850852174072,
    31.90072068262299,
    32.083979591070694,
    32.268291260296394,
    32.453661738056624,
    32.64009710685024,
    32.82760348411796,
    33.01618702244315,
    33.205853909753735,
    33.396610369525185,
    33.58846266098471,
    33.78141707931674,
    33.97547995586937,
    34.17065765836215,
    34.3669565910951,
    34.56438319515876,
    34.76294394864551,
    34.96264536686227,
    35.16349400254419,
    35.365496446069656,
    35.56865932567655,
    35.7729893076798,
    35.97849309669004,
    36.18517743583361,
    36.39304910697391,
    36.602114930933816,
    36.812381767719515,
    37.023856516745674,
    37.23654611706178,
    37.450457547579774,
    37.6655978273031,
    37.8819740155571,
    38.09959321222046,
    38.31846255795832,
    38.53858923445658,
    38.75998046465746,
    38.98264351299654,
    39.20658568564118,
    39.431814330730255,
    39.65833683861508,
    39.886160642102176,
    40.11529321669703,
    40.345742080849355,
    40.57751479619981,
    40.810618967828205,
    41.04506224450291,
    41.28085231893191,
    41.517996928015265,
    41.75650385309885,
    41.996380920229754,
    42.23763600041314,
    42.48027700987045,
    42.72431191029903,
    42.96974870913362,
    43.216595459808964,
    43.46486026202405,
    43.71455126200789,
    43.96567665278691,
    44.218244674453665,
    44.47226361443726,
    44.72774180777535,
    44.98468763738753,
    45.24310953435044,
    45.50301597817445,
    45.764415497081885,
    46.02731666828678,
    46.29172811827638,
    46.557658523094275,
    46.82511660862494,
    47.09411115088009,
    47.36465097628678,
    47.63674496197684,
    47.910402036078224,
    48.18563117800804,
    48.46244141876713,
    48.74084184123628,
    49.0208415804745,
    49.302449824018616,
    49.58567581218472,
    49.8705288383714,
    50.15701824936478,
    50.44515344564505,
    50.734943881694974,
    51.02639906631025,
    51.31952856291131,
    51.61434198985722,
    51.91084902076134,
    52.20905938480871,
    52.508982867075105,
    52.810629308848426,
    53.11400860795144,
    53.419130719066516,
    53.726005654062334,
    54.03464348232247,
    54.34505433107563,
    54.65724838572805,
    54.97123589019779,
    55.28702714725066,
    55.604632518838436,
    55.92406242643883,
    56.24532735139748,
    56.568437835271745,
    56.8934044801767,
    57.22023794913308,
    57.548948966417,
    57.87954831791194,
    58.212046851462745,
    58.546455477231376,
    58.88278516805501,
    59.22104695980615,
    59.56125195175469,
    59.90341130693193,
    60.2475362524972,
