{
  "cm_at_c1": {
    "TP": 0,
    "TN": 102,
    "FP": 1,
    "FN": 75,
    "precision": 0.0,
    "recall": 0.0,
    "accuracy": 0.5730337078651685,
    "F1": 0.0
  },
  "pr_auc": 0.46190529472638164,
  "roc_auc": 0.5540453074433657,
  "prevalence": 0.42134831460674155,
  "normalized_auprc": 0.07008876176015473,
  "auprg": NaN,
  "ece_rank": 0.26934906785512513,
  "c_grid": [
    0.9988943656351875,
    1.0086707127930306,
    1.018542742704765,
    1.028511391833596,
    1.0385776058080511,
    1.048742339511684,
    1.0590065571736538,
    1.0693712324601923,
    1.0798373485669674,
    1.0904058983123475,
    1.1010778842315818,
    1.1118543186719003,
    1.122736223888546,
    1.1337246321417456,
    1.14482058579463,
    1.1560251374121142,
    1.167339349860742,
    1.178764296409512,
    1.1903010608316857,
    1.201950737507597,
    1.2137144315284634,
    1.2255932588012162,
    1.2375883461543555,
    1.2497008314448417,
    1.2619318636660324,
    1.2742826030566765,
    1.2867542212109746,
    1.2993479011897169,
    1.3120648376325086,
    1.3249062368710933,
    1.3378733170437866,
    1.350967308211029,
    1.3641894524720681,
    1.3775410040827871,
    1.391023229574682,
    1.4046374078750057,
    1.4183848304280868,
    1.432266801317837,
    1.4462846373914569,
    1.4604396683843515,
    1.4747332370462705,
    1.4891666992686807,
    1.503741424213387,
    1.5184587944424113,
    1.5333202060491422,
    1.548327068790769,
    1.5634808062220125,
    1.578782855830162,
    1.5942346691714373,
    1.6098377120086826,
    1.6255934644504102,
    1.641503421091203,
    1.6575690911534922,
    1.673791998630723,
    1.690173682431921,
    1.7067156965276726,
    1.7234196100975367,
    1.7402870076788954,
    1.7573194893172657,
    1.774518670718078,
    1.7918861833999444,
    1.809423674849424,
    1.827132808677303,
    1.8450152647764075,
    1.8630727394809563,
    1.8813069457274771,
    1.8997196132172947,
    1.9183124885806129,
    1.9370873355421974,
    1.9560459350886863,
    1.9751900856375328,
    1.9945216032076043,
    2.0140423215914507,
    2.0337540925292568,
    2.0536587858845015,
    2.0737582898213307,
    2.094054510983672,
    2.114549374676096,
    2.1352448250464544,
    2.156142825270299,
    2.1772453577371143,
    2.19855442423836,
    2.2200720461573686,
    2.24180026466109,
    2.263741140893718,
    2.2858967561722117,
    2.3082692121837303,
    2.330860631184997,
    2.353673156203619,
    2.376708951241376,
    2.399970201479497,
    2.423459113485945,
    2.447177915424738,
    2.4711288572673076,
    2.495314211005935,
    2.5197362708692723,
    2.5443973535399738,
    2.569299798374454,
    2.5944459676248055,
    2.619838246662877,
    2.6454790442065534,
    2.671370792548247,
    2.6975159477856248,
    2.7239169900545943,
    2.750576423764571,
    2.777496777836046,
    2.804680605940481,
    2.8321304867425496,
    2.85984902414475,
    2.887838847534412,
    2.9161026120331224,
    2.9446429987485887,
    2.9734627150289703,
    3.0025644947196994,
    3.031951098422812,
    3.061625313758821,
    3.0915899556311506,
    3.1218478664931575,
    3.152401916617768,
    3.183255004369752,
    3.214410056480663,
    3.2458700283264688,
    3.277637904207897,
    3.3097166976335317,
    3.34210945160567,
    3.374819238908983,
    3.4078491624020057,
    3.441202355311469,
    3.474881981529522,
    3.508891235913857,
    3.5432333445907767,
    3.5779115652612252,
    3.612929187509812,
    3.6482895331168668,
    3.68399595637354,
    3.720051844399993,
    3.756460617466705,
    3.7932257293189138,
    3.8303506675042476,
    3.867838953703545,
    3.9056941440649284,
    3.943919829541143,
    3.9825196362301885,
    4.0214972257192985,
    4.060856295432275,
    4.100600578980228,
    4.140733846515751,
    4.181259905090549,
    4.22218259901659,
    4.263505810230763,
    4.305233458663129,
    4.347369502608765,
    4.389917939103244,
    4.432882804301803,
    4.476268173862207,
    4.520078163331366,
    4.564316928535747,
    4.6089886659755805,
    4.654097613222959,
    4.699648049323801,
    4.745644295203767,
    4.792090714078146,
    4.838991711865747,
    4.88635173760685,
    4.934175283885237,
    4.982466887254364,
    5.031231128667701,
    5.080472633913277,
    5.130196074052489,
    5.180406165863196,
    5.231107672287155,
    5.282305402881836,
    5.334004214276656,
    5.386209010633683,
    5.438924744112842,
    5.492156415341677,
    5.545909073889724,
    5.600187818747494,
    5.654997798810185,
    5.710344213366095,
    5.7662323125898265,
    5.822667398040332,
    5.879654823163807,
    5.937199993801529,
    5.99530836870265,
    6.05398546004202,
    6.1132368339430725,
    6.173068111005824,
    6.233484966840051,
    6.294493132603678,
    6.356098395546432,
    6.418306599558833,
    6.481123645726535,
    6.544555492890109,
    6.608608158210308,
    6.67328771773884,
    6.738600306994761,
    6.804552121546481,
    6.871149417599475,
    6.938398512589763,
    7.006305785783164,
    7.074877678880454,
    7.144120696628409,
    7.214041407436861,
    7.2846464440017735,
    7.3559425039344175,
    7.427936350396718,
    7.500634812742797,
    7.574044787166816,
    7.648173237357152,
    7.723027195156964,
    7.798613761231251,
    7.87494010574041,
    7.952013469020402,
    8.02984116226958,
    8.108430568242218,
    8.187789141948853,
    8.267924411363461,
    8.348843978137566,
    8.430555518321334,
    8.513066783091727,
    8.596385599487776,
    8.680519871153065,
    8.765477579085456,
    8.851266782394193,
    8.937895619064367,
    9.025372306728908,
    9.11370514344809,
    9.202902508496706,
    9.292972863158921,
    9.383924751530904,
    9.475766801331341,
    9.568507724719844,
    9.662156319123394,
    9.756721468070882,
    9.852212142035775,
    9.948637399287087,
    10.046006386748624,
    10.144328340866679,
    10.243612588486188,
    10.3438685477355,
    10.445105728919769,
    10.547333735423104,
    10.650562264619536,
    10.754801108792943,
    10.860060156065934,
    10.966349391337818,
    11.07367889723181,
    11.182058855051455,
    11.29149954574641,
    11.402011350887733,
    11.51360475365266,
    11.626290339819048,
    11.74007879876953,
    11.854980924505535,
    11.971007616671205,
    12.088169881587314,
    12.206478833295366,
    12.325945694611855,
    12.446581798192856,
    12.568398587609067,
    12.69140761843134,
    12.815620559326826,
    12.941049193165897,
    13.067705418139857,
    13.195601248889616,
    13.324748817645373,
    13.45516037537753,
    13.586848292958786,
    13.719825062337643,
    13.854103297723418,
    13.989695736782817,
    14.126615241848214,
    14.26487480113781,
    14.404487529987678,
    14.5454666720959,
    14.687825600778833,
    14.831577820239753,
    14.976736966849845,
    15.123316810441732,
    15.271331255615724,
    15.420794343058795,
    15.57172025087646,
    15.724123295937762,
    15.87801793523334,
    16.03341876724684,
    16.190340533339697,
    16.348798119149556,
    16.508806556002302,
    16.67038102233791,
    16.83353684515032,
    16.99828950144135,
    17.164654619688793,
    17.332647981329032,
    17.502285522254,
    17.673583334322892,
    17.84655766688861,
    18.021224928339244,
    18.197601687654522,
    18.375704675977545,
    18.555550788201952,
    18.737157084574545,
    18.920540792313602,
    19.105719307243117,
    19.29271019544293,
    19.481531194915057,
    19.672200217266308,
    19.864735349407425,
    20.059154855268783,
    20.255477177532896,
    20.45372093938393,
    20.653904946274302,
    20.856048187708513,
    21.06016983904457,
    21.266289263312927,
    21.474426013053286,
    21.684599832169305,
    21.896830657801583,
    22.11113862221887,
    22.327544054727785,
    22.546067483601313,
    22.76672963802611,
    22.989551450068827,
    23.21455405666181,
    23.441758801608106,
