{
  "cm_at_c1": {
    "TP": 0,
    "TN": 128,
    "FP": 0,
    "FN": 52,
    "precision": 0.0,
    "recall": 0.0,
    "accuracy": 0.7111111111111111,
    "F1": 0.0
  },
  "pr_auc": 0.36277007830774244,
  "roc_auc": 0.5931490384615384,
  "prevalence": 0.28888888888888886,
  "normalized_auprc": 0.10389542262026284,
  "c_grid": [
    1.2943639672711018,
    1.3063298578518066,
    1.3184063684289034,
    1.3305945216411599,
    1.3428953495812417,
    1.3553098938831079,
    1.3678392058102185,
    1.3804843463445537,
    1.3932463862764604,
    1.4061264062953232,
    1.41912549708108,
    1.4322447593965797,
    1.4454853041807947,
    1.4588482526428956,
    1.4723347363571946,
    1.485945897358968,
    1.4996828882411628,
    1.513546872251999,
    1.5275390233934731,
    1.5416605265207728,
    1.5559125774426104,
    1.5702963830224832,
    1.5848131612808725,
    1.5994641414983832,
    1.6142505643198413,
    1.6291736818593507,
    1.6442347578063217,
    1.6594350675324818,
    1.6747758981998726,
    1.6902585488698474,
    1.7058843306130758,
    1.7216545666205647,
    1.7375705923157063,
    1.753633755467362,
    1.7698454163039914,
    1.7862069476288351,
    1.8027197349361666,
    1.8193851765286126,
    1.8362046836355634,
    1.853179680532676,
    1.8703116046624788,
    1.8876019067560987,
    1.905052050956105,
    1.9226635149404956,
    1.9404377900478254,
    1.958376381403493,
    1.976480808047195,
    1.994752603061558,
    2.013193313701961,
    2.0318045015275557,
    2.0505877425334993,
    2.0695446272844102,
    2.088676761049058,
    2.1079857639362953,
    2.127473271032251,
    2.147140932538788,
    2.166990413913241,
    2.187023396009452,
    2.2072415752200985,
    2.227646663620349,
    2.2482403891128406,
    2.2690244955739955,
    2.290000743001695,
    2.3111709076643145,
    2.332536782251139,
    2.3541001760241675,
    2.3758629149713215,
    2.3978268419610678,
    2.4199938168984763,
    2.4423657168827133,
    2.464944436365996,
    2.487731887314014,
    2.5107299993678356,
    2.533940720007308,
    2.5573660147159707,
    2.581007867147494,
    2.6048682792936524,
    2.6289492716538545,
    2.6532528834062394,
    2.677781172580353,
    2.702536216231423,
    2.727520110616242,
    2.7527349713706823,
    2.778182933688844,
    2.8038661525038644,
    2.8297868026704,
    2.855947079148789,
    2.882349197190924,
    2.908995392527838,
    2.9358879215590266,
    2.963029061543519,
    2.990421110792717,
    3.0180663888650177,
    3.0459672367622286,
    3.0741260171278095,
    3.1025451144469365,
    3.131226935248424,
    3.1601739083085065,
    3.189388484856509,
    3.218873138782417,
    3.2486303668463625,
    3.278662688890056,
    3.30897264805016,
    3.3395628109736464,
    3.370435768035138,
    3.401594133556259,
    3.433040546027023,
    3.4647776683292526,
    3.496808187962077,
    3.5291348172695067,
    3.561760293670116,
    3.5946873798888475,
    3.6279188641909603,
    3.6614575606181394,
    3.6953063092267864,
    3.729467976328521,
    3.7639454547328945,
    3.798741663992358,
    3.833859550649487,
    3.8693020884864917,
    3.9050722787770438,
    3.94117315054042,
    3.9776077607980005,
    4.014379194832136,
    4.051490566447411,
    4.08894501823432,
    4.126745721835382,
    4.164895878213716,
    4.203398717924099,
    4.242257501386524,
    4.281475519162303,
    4.3210560922327,
    4.361002572280158,
    4.40131834197212,
    4.4420068152474705,
    4.48307143760563,
    4.524515686398316,
    4.5663430711240105,
    4.6085571337251405,
    4.65116144888801,
    4.6941596243455095,
    4.737555301182607,
    4.781352154144688,
    4.825553891948727,
    4.870164257597339,
    4.915187028695744,
    4.960626017771646,
    5.0064850725980845,
    5.052768076519262,
    5.099478948779386,
    5.146621644854549,
    5.194200156787675,
    5.2422185135265735,
    5.290680781265108,
    5.339591063787516,
    5.388953502815927,
    5.438772278361071,
    5.489051609076253,
    5.539795752614583,
    5.591009005989518,
    5.642695705938724,
    5.694860229291322,
    5.747506993338512,
    5.80064045620763,
    5.854265117239664,
    5.9083855173702515,
    5.963006239514215,
    6.018131908953637,
    6.073767193729534,
    6.12991680503714,
    6.1865854976248515,
    6.243778070196867,
    6.301499365819531,
    6.359754272331451,
    6.418547722757401,
    6.477884695726041,
    6.537770215891516,
    6.5982093543589455,
    6.659207229113834,
    6.720769005455468,
    6.7828998964343175,
    6.84560516329347,
    6.908890115914158,
    6.972760113265395,
    7.037220563857776,
    7.102276926201467,
    7.167934709268439,
    7.234199472958958,
    7.301076828572404,
    7.36857243928243,
    7.436692020616529,
    7.505441340940013,
    7.574826221944488,
    7.644852539140831,
    7.715526222356722,
    7.7868532562387935,
    7.858839680759403,
    7.9314915917281,
    8.004815141307814,
    8.078816538535829,
    8.153502049849557,
    8.228877999617183,
    8.304950770673212,
    8.381726804858967,
    8.459212603568083,
    8.53741472829705,
    8.61633980120083,
    8.695994505653639,
    8.776385586814866,
    8.857519852200287,
    8.939404172258502,
    9.022045480952736,
    9.105450776347991,
    9.189627121203667,
    9.274581643571617,
    9.360321537399754,
    9.446854063141242,
    9.5341865483693,
    9.62232638839771,
    9.711281046907049,
    9.801058056576712,
    9.891665019722783,
    9.983109608941788,
    10.075399567760426,
    10.168542711291282,
    10.262546926894611,
    10.357420174846244,
    10.453170489011653,
    10.549805977526272,
    10.647334823482089,
    10.745765285620593,
    10.8451056990321,
    10.945364475861613,
    11.046550106021124,
    11.148671157908561,
    11.251736279133349,
    11.35575419724869,
    11.460733720490621,
    11.566683738523889,
    11.673613223194721,
    11.78153122929058,
    11.89044689530689,
    12.000369444220926,
    12.111308184272783,
    12.223272509753615,
    12.336271901801132,
    12.450315929202473,
    12.565414249204483,
    12.681576608331495,
    12.798812843210664,
    12.917132881404912,
    13.03654674225363,
    13.157064537721114,
    13.278696473252788,
    13.401452848639474,
    13.525344058889539,
    13.650380595109153,
    13.776573045390675,
    13.90393209570925,
    14.032468530827703,
    14.162193235209788,
    14.293117193941892,
    14.425251493663229,
    14.558607323504688,
    14.69319597603631,
    14.82902884822355,
    14.966117442392356,
    15.104473367203214,
    15.244108338634142,
    15.385034180972813,
    15.527262827817834,
    15.67080632308929,
    15.815676822048587,
    15.961886592327819,
    16.10944801496854,
    16.258373585470217,
    16.40867591484834,
    16.560367730702325,
    16.71346187829328,
    16.867971321631753,
    17.02390914457553,
    17.181288551937524,
    17.340122870604045,
    17.50042555066325,
    17.662210166544128,
    17.825490418165977,
    17.9902801320985,
    18.156593262732667,
    18.32444389346234,
    18.493846237876884,
    18.664814640964757,
    18.837363580328226,
    19.011507667409376,
    19.187261648727368,
    19.364640407127194,
    19.54365896303995,
    19.724332475754757,
    19.906676244702467,
    20.0907057107512,
    20.27643645751391,
    20.46388421266793,
    20.653064849286896,
    20.843994387184797,
    21.03668899427257,
    21.231164987927187,
    21.427438836373415,
    21.625527160078338,
    21.82544673315879,
    22.027214484801764,
    22.23084750069803,
    22.43636302448885,
    22.64377845922628,
    22.8531113688468,
    23.064379479658637,
    23.27760068184283,
    23.492793030968176,
    23.709974749520164,
    23.929164228444066,
    24.150380028702294,
    24.373640882846082,
    24.59896569660184,
    24.826373550472045,
    25.055883701350982,
    25.287515584155422,
    25.521288813470367,
    25.757223185210016,
    25.99533867829409,
