{
  "c": 1.0,
  "f1": 0.43010752688172044,
  "prec": 0.28169014084507044,
  "rec": 0.9090909090909091,
  "tp": 20,
  "fp": 51,
  "fn": 2,
  "tn": 7
}