{
  "cm_at_c1": {
    "TP": 7,
    "TN": 117,
    "FP": 13,
    "FN": 42,
    "precision": 0.35,
    "recall": 0.14285714285714285,
    "accuracy": 0.6927374301675978,
    "F1": 0.20289855072463767
  },
  "pr_auc": 0.269578611568886,
  "roc_auc": 0.49411302982731553,
  "prevalence": 0.2737430167597765,
  "normalized_auprc": -0.0057340656089953914,
  "c_grid": [
    0.6297029570390651,
    0.6326360298362368,
    0.6355827644972085,
    0.6385432246571285,
    0.6415174742475492,
    0.6445055774978077,
    0.6475075989364127,
    0.6505236033924384,
    0.653553655996924,
    0.6565978221842805,
    0.6596561676937036,
    0.6627287585705938,
    0.6658156611679817,
    0.6689169421479622,
    0.6720326684831329,
    0.6751629074580411,
    0.6783077266706364,
    0.6814671940337309,
    0.6846413777764655,
    0.6878303464457832,
    0.6910341689079099,
    0.6942529143498409,
    0.6974866522808355,
    0.700735452533918,
    0.7039993852673855,
    0.7072785209663232,
    0.7105729304441263,
    0.7138826848440297,
    0.717207855640644,
    0.7205485146414988,
    0.7239047339885938,
    0.7272765861599567,
    0.7306641439712079,
    0.7340674805771337,
    0.7374866694732651,
    0.7409217844974664,
    0.744372899831528,
    0.7478400900027697,
    0.7513234298856496,
    0.754822994703381,
    0.7583388600295571,
    0.7618711017897826,
    0.7654197962633139,
    0.7689850200847059,
    0.7725668502454671,
    0.7761653640957221,
    0.7797806393458824,
    0.7834127540683239,
    0.7870617866990738,
    0.7907278160395033,
    0.7944109212580303,
    0.7981111818918286,
    0.8018286778485456,
    0.805563489408028,
    0.8093156972240552,
    0.8130853823260813,
    0.8168726261209849,
    0.8206775103948267,
    0.8245001173146167,
    0.8283405294300871,
    0.8321988296754764,
    0.8360751013713196,
    0.8399694282262476,
    0.8438818943387951,
    0.8478125841992166,
    0.8517615826913109,
    0.8557289750942544,
    0.8597148470844423,
    0.8637192847373397,
    0.8677423745293391,
    0.871784203339629,
    0.8758448584520694,
    0.8799244275570769,
    0.8840229987535188,
    0.8881406605506148,
    0.8922775018698489,
    0.8964336120468898,
    0.9006090808335195,
    0.9048039983995725,
    0.9090184553348817,
    0.9132525426512358,
    0.9175063517843444,
    0.9217799745958123,
    0.9260735033751235,
    0.9303870308416343,
    0.9347206501465755,
    0.9390744548750635,
    0.9434485390481223,
    0.9478429971247132,
    0.9522579240037746,
    0.9566934150262717,
    0.9611495659772554,
    0.9656264730879305,
    0.9701242330377339,
    0.9746429429564226,
    0.9791827004261713,
    0.9837436034836791,
    0.9883257506222871,
    0.9929292407941059,
    0.9975541734121512,
    1.0022006483524917,
    1.0068687659564055,
    1.0115586270325467,
    1.0162703328591234,
    1.0210039851860837,
    1.0257596862373135,
    1.0305375387128444,
    1.0353376457910701,
    1.0401601111309766,
    1.0450050388743797,
    1.049872533648173,
    1.054762700566589,
    1.0596756452334684,
    1.0646114737445402,
    1.0695702926897135,
    1.0745522091553792,
    1.0795573307267217,
    1.0845857654900437,
    1.089637622035099,
    1.0947130094574384,
    1.0998120373607652,
    1.1049348158593022,
    1.1100814555801695,
    1.115252067665774,
    1.1204467637762086,
    1.1256656560916645,
    1.1309088573148534,
    1.1361764806734413,
    1.141468639922493,
    1.1467854493469303,
    1.152127023763998,
    1.1574934785257451,
    1.1628849295215153,
    1.1683014931804483,
    1.1737432864739965,
    1.1792104269184494,
    1.1847030325774717,
    1.1902212220646526,
    1.1957651145460688,
    1.2013348297428554,
    1.2069304879337936,
    1.212552209957907,
    1.218200117217071,
    1.2238743316786354,
    1.2295749758780568,
    1.2353021729215468,
    1.2410560464887286,
    1.246836720835309,
    1.2526443207957616,
    1.2584789717860216,
    1.2643407998061957,
    1.2702299314432828,
    1.2761464938739058,
    1.2820906148670608,
    1.288062422786874,
    1.2940620465953754,
    1.3000896158552824,
    1.306145260732799,
    1.3122291120004252,
    1.3183413010397829,
    1.3244819598444513,
    1.3306512210228192,
    1.3368492178009463,
    1.3430760840254432,
    1.3493319541663586,
    1.3556169633200865,
    1.3619312472122804,
    1.3682749422007872,
    1.3746481852785892,
    1.3810511140767654,
    1.387483866867461,
    1.3939465825668746,
    1.4004394007382586,
    1.4069624615949317,
    1.4135159060033082,
    1.4200998754859393,
    1.42671451222457,
    1.4333599590632073,
    1.440036359511209,
    1.4467438577463783,
    1.453482598618081,
    1.4602527276503712,
    1.467054391045135,
    1.4738877356852473,
    1.4807529091377445,
    1.4876500596570095,
    1.494579336187976,
    1.5015408883693417,
    1.5085348665368035,
    1.5155614217263,
    1.5226207056772765,
    1.52971287083596,
    1.536838070358652,
    1.5439964581150352,
    1.5511881886914975,
    1.55841341739447,
    1.565672300253779,
    1.5729649940260186,
    1.5802916561979334,
    1.5876524449898213,
    1.5950475193589477,
    1.6024770390029817,
    1.6099411643634416,
    1.617440056629162,
    1.6249738777397726,
    1.6325427903891974,
    1.6401469580291665,
    1.6477865448727471,
    1.655461715897888,
    1.6631726368509845,
    1.6709194742504558,
    1.6787023953903426,
    1.686521568343918,
    1.6943771619673194,
    1.7022693459031921,
    1.7101982905843558,
    1.718164167237483,
    1.726167147886797,
    1.7342074053577878,
    1.7422851132809427,
    1.750400446095498,
    1.7585535790532036,
    1.7667446882221098,
    1.7749739504903677,
    1.7832415435700502,
    1.7915476460009891,
    1.7998924371546325,
    1.808276097237915,
    1.8166988072971524,
    1.8251607492219493,
    1.8336621057491294,
    1.8422030604666781,
    1.8507837978177117,
    1.8594045031044562,
    1.8680653624922516,
    1.876766563013571,
    1.8855082925720603,
    1.8942907399465958,
    1.9031140947953595,
    1.911978547659938,
    1.9208842899694334,
    1.9298315140446007,
    1.9388204131019982,
    1.9478511812581625,
    1.9569240135337977,
    1.9660391058579905,
    1.9751966550724371,
    1.984396858935698,
    1.9936399161274656,
    2.0029260262528568,
    2.012255389846722,
    2.0216282083779764,
    2.0310446842539513,
    2.040505020824764,
    2.05000942238771,
    2.0595580941916727,
    2.0691512424415603,
    2.078789074302755,
    2.0884717979055862,
    2.0981996223498305,
    2.1079727577092195,
    2.1177914150359824,
    2.1276558063654014,
    2.1375661447203917,
    2.147522644116099,
    2.1575255195645253,
    2.1675749870791674,
    2.1776712636796876,
    2.1878145673965945,
    2.1980051172759545,
    2.208243133384121,
    2.218528836812489,
    2.2288624496822664,
    2.239244195149273,
    2.2496742974087565,
    2.2601529817002404,
    2.2706804743123805,
    2.281257002587857,
    2.2918827949282803,
    2.302558080799128,
    2.313283090734695,
    2.324058056343075,
    2.3348832103111623,
    2.3457587864096747,
    2.356685019498204,
    2.3676621455302853,
    2.378690401558496,
    2.3897700257395713,
    2.4009012573395503,
    2.412084336738939,
    2.4233195054379073,
    2.4346070060614986,
    2.4459470823648717,
    2.4573399792385646,
    2.468785942713785,
    2.480285219967718,
    2.49183805932887,
    2.5034447102824258,
    2.5151054234756423,
    2.526820450723256,
    2.538590045012923,
    2.5504144605106838,
    2.5622939525664488,
    2.5742287777195156,
    2.5862191937041064,
    2.598265459454938,
    2.610367835112808,
    2.622526582030216,
    2.634741962777007,
    2.6470142411460422,
    2.6593436821588945,
    2.6717305520715713,
    2.6841751183802653,
    2.696677649827133,
    2.709238416406094,
    2.721857689368664,
    2.734535741229812,
    2.747272845773848,
    2.76006927806033,
    2.7729253144300086,
    2.785841232510791,
