{
  "c": 0.05,
  "f1": 0.5454545454545455,
  "prec": 0.4,
  "rec": 0.8571428571428571,
  "tp": 24,
  "fp": 36,
  "fn": 4,
  "tn": 16
}