{
  "cm_at_c1": {
    "TP": 0,
    "TN": 134,
    "FP": 0,
    "FN": 46,
    "precision": 0.0,
    "recall": 0.0,
    "accuracy": 0.7444444444444445,
    "F1": 0.0
  },
  "pr_auc": 0.29239877760841637,
  "roc_auc": 0.5756002595717067,
  "prevalence": 0.25555555555555554,
  "normalized_auprc": 0.04949089529488769,
  "auprg": NaN,
  "ece_rank": 0.2855739717618171,
  "c_grid": [
    7.096353816620214,
    7.143357488032234,
    7.190672494699414,
    7.23830089879346,
    7.286244776145148,
    7.334506216334808,
    7.383087322783388,
    7.431990212844139,
    7.481217017894885,
    7.530769883430924,
    7.58065096915854,
    7.630862449089124,
    7.681406511633927,
    7.732285359699448,
    7.783501210783434,
    7.835056297071532,
    7.886952865534577,
    7.939193178026527,
    7.991779511383036,
    8.044714157520689,
    8.097999423536894,
    8.151637631810441,
    8.20563112010271,
    8.25998224165956,
    8.314693365313907,
    8.369766875588944,
    8.425205172802082,
    8.481010673169575,
    8.5371858089118,
    8.59373302835929,
    8.650654796059426,
    8.707953592883857,
    8.765631916136625,
    8.823692279663009,
    8.882137213959082,
    8.94096926628201,
    9.000191000761063,
    9.059804998509371,
    9.119813857736423,
    9.180220193861304,
    9.24102663962668,
    9.302235845213561,
    9.363850478356781,
    9.425873224461286,
    9.48830678671917,
    9.551153886227493,
    9.614417262106869,
    9.678099671620853,
    9.742203890296112,
    9.806732712043404,
    9.871688949279323,
    9.937075433048896,
    10.002895013148967,
    10.069150558252403,
    10.135844956033102,
    10.20298111329188,
    10.270561956083151,
    10.338590429842432,
    10.407069499514757,
    10.476002149683856,
    10.54539138470228,
    10.615240228822316,
    10.685551726327784,
    10.756328941666752,
    10.827574959585084,
    10.899292885260854,
    10.97148584443974,
    11.0441569835712,
    11.117309469945644,
    11.190946491832465,
    11.265071258618981,
    11.339687000950343,
    11.41479697087032,
    11.490404441963022,
    11.566512709495612,
    11.6431250905619,
    11.72024492422691,
    11.797875571672435,
    11.876020416343517,
    11.95468286409589,
    12.03386634334446,
    12.113574305212708,
    12.193810223683087,
    12.274577595748463,
    12.355879941564519,
    12.437720804603146,
    12.520103751806937,
    12.603032373744592,
    12.686510284767447,
    12.770541123167,
    12.855128551333442,
    12.940276255915332,
    13.025987947980248,
    13.112267363176516,
    13.19911826189606,
    13.286544429438257,
    13.374549676174945,
    13.46313783771649,
    13.55231277507892,
    13.642078374852257,
    13.732438549369883,
    13.823397236879034,
    13.914958401712488,
    14.007126034461326,
    14.099904152148829,
    14.19329679840561,
    14.287308043645819,
    14.38194198524453,
    14.477202747716365,
    14.573094482895232,
    14.669621370115262,
    14.766787616392993,
    14.864597456610717,
    14.963055153701028,
    15.062164998832658,
    15.161931311597485,
    15.262358440198769,
    15.363450761640717,
    15.465212681919219,
    15.567648636213862,
    15.670763089081284,
    15.774560534649687,
    15.879045496814781,
    15.984222529436911,
    16.090096216539518,
    16.196671172508985,
    16.30395204229568,
    16.411943501616456,
    16.520650257158426,
    16.630077046784063,
    16.740228639737737,
    16.85110983685357,
    16.962725470764642,
    17.075080406113656,
    17.188179539764956,
    17.3020278010179,
    17.416630151821767,
    17.531991586991985,
    17.6481171344278,
    17.765011855331462,
    17.882680844428794,
    18.0011292301912,
    18.120362175059242,
    18.240384875667623,
    18.36120256307163,
    18.48282050297519,
    18.605243995960354,
    18.728478377718265,
    18.85252901928177,
    18.9774013272595,
    19.103100744071465,
    19.22963274818633,
    19.357002854360097,
    19.485216613876567,
    19.61427961478918,
    19.74419748216464,
    19.874975878328062,
    20.006620503109705,
    20.139137094093467,
    20.27253142686693,
    20.406809315273023,
    20.541976611663504,
    20.67803920715398,
    20.815003031880636,
    20.952874055258764,
    21.091658286242886,
    21.231361773588635,
    21.37199060611643,
    21.513550912976832,
    21.656048863917633,
    21.799490669552828,
    21.943882581633268,
    22.089230893319094,
    22.235541939454095,
    22.382822096841753,
    22.531077784523166,
    22.680315464056847,
    22.83054163980033,
    22.98176285919364,
    23.13398571304465,
    23.28721683581641,
    23.441462905916186,
    23.596730645986597,
    23.753026823198656,
    23.91035824954661,
    24.06873178214488,
    24.22815432352695,
    24.38863282194619,
    24.550174271678628,
    24.71278571332788,
    24.87647423413197,
    25.04124696827216,
    25.207111097183994,
    25.374073849870232,
    25.542142503215878,
    25.71132438230543,
    25.881626860742085,
    26.05305736096906,
    26.225623354593193,
    26.39933236271053,
    26.574191956234085,
    26.75020975622389,
    26.927393434219116,
    27.105750712572384,
    27.28528936478641,
    27.466017215852776,
    27.647942142592928,
    27.831072074001547,
    28.01541499159211,
    28.200978929744707,
    28.38777197605623,
    28.575802271692964,
    28.765078011745242,
    28.955607445584693,
    29.14739887722388,
    29.340460665678037,
    29.534801225329506,
    29.730429026294463,
    29.927352594792062,
    30.12558051351599,
    30.325121422008635,
    30.525984017037565,
    30.72817705297454,
    30.931709342177147,
    31.136589755372828,
    31.342827222045457,
    31.550430730824612,
    31.759409329877297,
    31.96977212730224,
    32.181528291526945,
    32.394687051707265,
    32.609257698129575,
    32.82524958261579,
    33.042672118930895,
    33.26153478319318,
    33.481847114287355,
    33.703618714280246,
    33.926859248839236,
    34.15157844765361,
    34.377786104858615,
    34.60549207946223,
    34.83470629577492,
    35.06543874384228,
    35.29769947988024,
    35.53149862671344,
    35.76684637421657,
    36.00375297975821,
    36.24222876864807,
    36.48228413458698,
    36.72392954011989,
    36.96717551709177,
    37.21203266710679,
    37.45851166199028,
    37.706623244253805,
    37.956378227563505,
    38.20778749721131,
    38.460862010589295,
    38.715612797667404,
    38.97205096147409,
    39.23018767858018,
    39.4900341995861,
    39.751601849612165,
    40.01490202879214,
    40.27994621277017,
    40.54674595320092,
    40.81531287825294,
    41.08565869311563,
    41.35779518050931,
    41.631734201198704,
    41.90748769450993,
    42.185067678851006,
    42.46448625223536,
    42.7457555928093,
    43.02888795938287,
    43.313895691963886,
    43.60079121229593,
    43.889587024399745,
    44.180295715118156,
    44.472929954664615,
    44.76750249717552,
    45.06402618126606,
    45.36251393058965,
    45.662978754401394,
    45.96543374812496,
    46.26989209392328,
    46.57636706127323,
    46.88487200754386,
    47.19542037857855,
    47.50802570928109,
    47.8227016242056,
    48.139461838150204,
    48.458320156754944,
    48.779290477103416,
    49.10238678832838,
    49.42762317222161,
    49.75501380384755,
    50.08457295216103,
    50.41631498062938,
    50.75025434785828,
    51.08640560822194,
    51.424783412497405,
    51.76540250850335,
    52.10827774174244,
    52.4534240560486,
    52.800856494238424,
    53.1505901987665,
    53.50264041238558,
    53.85702247881092,
    54.21375184338897,
    54.572844053770474,
    54.93431476058826,
    55.29817971813925,
    55.66445478507104,
    56.03315592507322,
    56.40429920757307,
    56.777900808435845,
    57.15397701066994,
    57.53254420513648,
    57.913618891263624,
    58.297217677765836,
    58.683357283367684,
    59.072054537532395,
    59.46332638119554,
    59.85718986750333,
    60.25366216255569,
