{
  "c": 0.05,
  "f1": 0.5,
  "prec": 0.36666666666666664,
  "rec": 0.7857142857142857,
  "tp": 22,
  "fp": 38,
  "fn": 6,
  "tn": 14
}