{
  "cm_at_c1": {
    "TP": 0,
    "TN": 139,
    "FP": 0,
    "FN": 41,
    "precision": 0.0,
    "recall": 0.0,
    "accuracy": 0.7722222222222223,
    "F1": 0.0
  },
  "pr_auc": 0.28539248139900086,
  "roc_auc": 0.5891384453412881,
  "prevalence": 0.22777777777777777,
  "normalized_auprc": 0.07460896871813062,
  "auprg": NaN,
  "ece_rank": 0.2996009821976673,
  "c_grid": [
    2.1875451819269194,
    2.2041950168643174,
    2.22097157695726,
    2.237875826735735,
    2.254908738070952,
    2.272071290231226,
    2.2893644699382745,
    2.306789271423947,
    2.324346696487386,
    2.342037754552624,
    2.3598634627266177,
    2.3778248458577234,
    2.39592293659462,
    2.4141587754456775,
    2.432533410838778,
    2.451047899181595,
    2.4697033049223265,
    2.4885007006108952,
    2.507441166960611,
    2.526525792910305,
    2.545755675686934,
    2.565131920868666,
    2.5846556424484377,
    2.6043279628980085,
    2.6241500132324873,
    2.644122933075361,
    2.664247870724015,
    2.684525983215751,
    2.704958436394307,
    2.725546404976887,
    2.746291072621699,
    2.7671936319960033,
    2.7882552848446855,
    2.8094772420593466,
    2.830860723747921,
    2.852406959304824,
    2.874117187481632,
    2.895992656458302,
    2.918034623914935,
    2.9402443571040795,
    2.9626231329235924,
    2.9851722379900507,
    3.007892968712721,
    3.030786631368096,
    3.053854542174995,
    3.077098027370235,
    3.1005184232848815,
    3.1241170764210793,
    3.1478953435294637,
    3.1718545916871634,
    3.195996198376402,
    3.2203215515636883,
    3.2448320497796157,
    3.2695291021992694,
    3.29441412872324,
    3.3194885600592623,
    3.344753837804466,
    3.3702114145282613,
    3.3958627538558455,
    3.421709330552357,
    3.4477526306076576,
    3.473994151321772,
    3.500435401390967,
    3.5270779009944935,
    3.5539231818819825,
    3.5809727874615143,
    3.608228272888347,
    3.6356912051543326,
    3.663363163178005,
    3.691245737895356,
    3.719340532351301,
    3.7476491617918484,
    3.7761732537569555,
    3.804914448174109,
    3.8338743974526035,
    3.863054766578545,
    3.8924572332105734,
    3.922083487776319,
    3.951935233569586,
    3.9820141868482835,
    4.012322076933095,
    4.042860646306903,
    4.073631650714966,
    4.104636859265868,
    4.1358780545332205,
    4.167357032658155,
    4.1990756034525845,
    4.231035590503255,
    4.2632388312765865,
    4.29568717722432,
    4.328382493889952,
    4.361326661016005,
    4.3945215726520805,
    4.427969137263771,
    4.461671277842368,
    4.49562993201543,
    4.5298470521581775,
    4.564324605505741,
    4.599064574266263,
    4.634068955734864,
    4.669339762408462,
    4.704879022101489,
    4.740688778062466,
    4.776771089091482,
    4.813128029658556,
    4.8497616900229055,
    4.886674176353116,
    4.923867610848242,
    4.961344131859802,
    4.999105894014734,
    5.037155068339262,
    5.075493842383714,
    5.114124420348293,
    5.153049023209803,
    5.192269888849336,
    5.231789272180935,
    5.271609445281236,
    5.311732697520098,
    5.352161335692218,
    5.392897684149763,
    5.433944084935997,
    5.475302897919937,
    5.516976500932022,
    5.558967289900829,
    5.601277678990809,
    5.6439101007411026,
    5.686867006205371,
    5.730150865092733,
    5.773764165909743,
    5.81770941610347,
    5.861989142205649,
    5.90660588997795,
    5.951562224558325,
    5.9968607306085,
    6.042504012462565,
    6.088494694276711,
    6.134835420180088,
    6.18152885442684,
    6.228577681549262,
    6.275984606512157,
    6.323752354868345,
    6.371883672915361,
    6.420381327853344,
    6.469248107944144,
    6.51848682267161,
    6.568100302903128,
    6.61809140105237,
    6.668462991243286,
    6.719217969475344,
    6.770359253790039,
    6.821889784438641,
    6.873812524051256,
    6.9261304578071465,
    6.97884659360636,
    7.031963962242656,
    7.085485617577764,
    7.139414636716954,
    7.19375412018594,
    7.248507192109152,
    7.303677000389341,
    7.359266716888561,
    7.415279537610529,
    7.4717186828843785,
    7.528587397549789,
    7.585888951143557,
    7.643626638087567,
    7.701803777878184,
    7.760423715277119,
    7.819489820503717,
    7.87900548942872,
    7.938974143769511,
    7.999399231286835,
    8.060284225983013,
    8.121632628301686,
    8.183447965329057,
    8.245733790996661,
    8.30849368628572,
    8.371731259432995,
    8.435450146138242,
    8.499654009773247,
    8.564346541592435,
    8.629531460945087,
    8.695212515489182,
    8.761393481406863,
    8.828078163621528,
    8.895270396016594,
    8.962974041655924,
    9.0311929930059,
    9.099931172159247,
    9.169192531060494,
    9.238981051733196,
    9.309300746508873,
    9.380155658257685,
    9.451549860620863,
    9.523487458244928,
    9.595972587017668,
    9.669009414305917,
    9.74260213919516,
    9.816754992730946,
    9.891472238162134,
    9.966758171186008,
    10.042617120195251,
    10.119053446526781,
    10.196071544712515,
    10.273675842732011,
    10.351870802267038,
    10.43066091895811,
    10.51005072266294,
    10.590044777716868,
    10.670647683195291,
    10.751864073178071,
    10.833698617015955,
    10.916156019599036,
    10.999241021627249,
    11.08295839988292,
    11.167312967505405,
    11.25230957426781,
    11.3379531068558,
    11.424248489148576,
    11.511200682501949,
    11.598814686033567,
    11.687095536910352,
    11.776048310638092,
    11.865678121353241,
    11.955990122116946,
    12.046989505211313,
    12.138681502437924,
    12.231071385418629,
    12.32416446589863,
    12.417966096051844,
    12.512481668788649,
    12.607716618065925,
    12.70367641919944,
    12.800366589178678,
    12.897792686984015,
    12.995960313906307,
    13.094875113868934,
    13.194542773752284,
    13.294969023720705,
    13.39615963755195,
    13.498120432969127,
    13.60085727197516,
    13.704376061189844,
    13.808682752189414,
    13.913783341848697,
    14.019683872685931,
    14.126390433210137,
    14.233909158271166,
    14.34224622941242,
    14.45140787522624,
    14.561400371711994,
    14.672230042636919,
    14.783903259899688,
    14.89642644389672,
    15.009806063891354,
    15.124048638385757,
    15.23916073549567,
    15.355148973328076,
    15.472020020361658,
    15.589780595830192,
    15.708437470108864,
    15.82799746510351,
    15.948467454642827,
    16.06985436487357,
    16.192165174658765,
    16.3154069159789,
    16.439586674336276,
    16.564711589162336,
    16.690788854228106,
    16.817825718057847,
    16.94582948434574,
    17.074807512375823,
    17.20476721744508,
    17.335716071289774,
    17.467661602515015,
    17.600611397027606,
    17.73457309847218,
    17.869554408670616,
    18.005563088064903,
    18.142606956163267,
    18.280693891989714,
    18.41983183453708,
    18.560028783223427,
    18.701292798351933,
    18.843632001574345,
    18.98705457635788,
    19.131568768455733,
    19.27718288638114,
    19.423905301885068,
    19.57174445043749,
    19.720708831712425,
    19.87080701007658,
    20.022047615081696,
    20.174439341960763,
    20.327990952127877,
    20.48271127368197,
    20.638609201914374,
    20.795693699820212,
    20.953973798613735,
    21.113458598247522,
    21.274157267935696,
    21.436079046681016,
    21.599233243806154,
    21.763629239488843,
    21.929276485301155,
    22.096184504752998,
    22.264362893839508,
    22.433821321592855,
    22.60456953063811,
    22.776617337753354,
    22.94997463443411,
    23.12465138746201,
    23.300657639477777,
    23.47800350955868,
    23.656699193800257,
    23.83675496590252,
    24.018181177760635,
    24.200988260060072,
    24.385186722876263,
    24.57078715627891,
    24.757800230940806,
    24.946236698751328,
    25.136107393434575,
    25.327423231172276,
    25.520195211231297,
    25.714434416596138,
