{
  "c": 0.05,
  "f1": 0.38961038961038963,
  "prec": 0.25,
  "rec": 0.8823529411764706,
  "tp": 15,
  "fp": 45,
  "fn": 2,
  "tn": 18
}