{
  "cm_at_c1": {
    "TP": 0,
    "TN": 137,
    "FP": 0,
    "FN": 42,
    "precision": 0.0,
    "recall": 0.0,
    "accuracy": 0.7653631284916201,
    "F1": 0.0
  },
  "pr_auc": 0.237231820890186,
  "roc_auc": 0.5461418143899895,
  "prevalence": 0.2346368715083799,
  "normalized_auprc": 0.003390481309075123,
  "c_grid": [
    2.791402825100394,
    2.8112409932108715,
    2.831220148824278,
    2.8513412939220397,
    2.8716054376065467,
    2.8920135961517586,
    2.9125667930541734,
    2.9332660590841577,
    2.9541124323376406,
    2.9751069582881757,
    2.9962506898393717,
    3.017544687377699,
    3.038990018825669,
    3.0605877596953905,
    3.08233899314251,
    3.104244810020532,
    3.1263063089355265,
    3.148524596301227,
    3.1709007863945193,
    3.1934360014113192,
    3.216131371522858,
    3.2389880349323596,
    3.2620071379321223,
    3.285189834961007,
    3.308537288662335,
    3.332050669942196,
    3.35573115802817,
    3.379579940528466,
    3.4035982134914837,
    3.4277871814657987,
    3.4521480575605685,
    3.476682063506372,
    3.501390429716484,
    3.5262743953485796,
    3.5513352083668805,
    3.576574125604741,
    3.601992412827683,
    3.627591344796869,
    3.6533722053330426,
    3.679336287380906,
    3.7054848930739666,
    3.7318193337998378,
    3.7583409302660122,
    3.7850510125660914,
    3.811950920246496,
    3.839042002373641,
    3.8663256176015985,
    3.8938031342402324,
    3.9214759303238234,
    3.949345393680176,
    3.9774129220002243,
    4.005679922908124,
    4.034147814031849,
    4.0628180230742865,
    4.091691987884841,
    4.120771156531535,
    4.150056987373645,
    4.179550949134833,
    4.209254520976801,
    4.239169192573482,
    4.269296464185742,
    4.2996378467366245,
    4.330194861887121,
    4.360969042112491,
    4.391961930779108,
    4.423175082221871,
    4.45461006182215,
    4.486268446086297,
    4.518151822724705,
    4.550261790731436,
    4.582599960464415,
    4.6151679537261865,
    4.647967403845255,
    4.680999955757997,
    4.714267266091154,
    4.747771003244918,
    4.781512847476604,
    4.815494490984913,
    4.8497176379948055,
    4.884184004842962,
    4.918895320063865,
    4.953853324476489,
    4.989059771271597,
    5.024516426099676,
    5.060225067159475,
    5.096187485287198,
    5.132405484046299,
    5.168880879817952,
    5.205615501892133,
    5.242611192559362,
    5.279869807203103,
    5.317393214392806,
    5.355183295977625,
    5.39324194718079,
    5.4315710766946586,
    5.470172606776438,
    5.509048473344588,
    5.5482006260759125,
    5.587631028503334,
    5.627341658114373,
    5.6673345064503176,
    5.707611579206103,
    5.7481748963309,
    5.789026492129417,
    5.830168415363926,
    5.871602729357008,
    5.913331512095033,
    5.955356856332373,
    5.997680869696357,
    6.040305674792967,
    6.083233409313299,
    6.126466226140763,
    6.170006293459056,
    6.213855794860898,
    6.258016929457543,
    6.30249191198907,
    6.3472829729354485,
    6.392392358628406,
    6.437822331364083,
    6.48357516951649,
    6.529653167651768,
    6.57605863664327,
    6.622793903787451,
    6.669861312920583,
    6.717263224536307,
    6.765002015904008,
    6.813080081188047,
    6.86149983156782,
    6.910263695358695,
    6.959374118133782,
    7.008833562846596,
    7.058644509954566,
    7.108809457543434,
    7.159330921452544,
    7.210211435401014,
    7.261453551114796,
    7.31305983845466,
    7.36503288554507,
    7.417375298903982,
    7.470089703573565,
    7.5231787432518535,
    7.576645080425326,
    7.630491396502439,
    7.6847203919480975,
    7.739334786419092,
    7.79433731890049,
    7.849730747842998,
    7.905517851301308,
    7.961701427073414,
    8.01828429284093,
    8.07526928631039,
    8.132659265355581,
    8.190457108160858,
    8.248665713365487,
    8.307288000209017,
    8.366326908677692,
    8.425785399651883,
    8.485666455054588,
    8.545973078000976,
    8.606708292949001,
    8.667875145851081,
    8.729476704306851,
    8.791516057717017,
    8.853996317438284,
    8.916920616939406,
    8.980292111958317,
    9.044113980660416,
    9.10838942379794,
    9.173121664870491,
    9.238313950286704,
    9.30396954952705,
    9.37009175530781,
    9.436683883746209,
    9.503749274526724,
    9.571291291068572,
    9.639313320694388,
    9.707818774800112,
    9.776811089026063,
    9.846293723429254,
    9.916270162656904,
    9.986743916121213,
    10.057718518175355,
    10.129197528290726,
    10.20118453123547,
    10.273683137254245,
    10.346696982249297,
    10.42022972796279,
    10.494285062160456,
    10.568866698816544,
    10.643978378300071,
    10.719623867562413,
    10.795806960326226,
    10.872531477275697,
    10.949801266248164,
    11.02762020242709,
    11.105992188536392,
    11.184921155036212,
    11.264411060319965,
    11.344465890912941,
    11.425089661672146,
    11.506286415987747,
    11.588060225985751,
    11.670415192732335,
    11.753355446439413,
    11.836885146671872,
    11.921008482556097,
    12.00572967299011,
    12.091052966855145,
    12.17698264322872,
    12.263523011599256,
    12.350678412082189,
    12.438453215637645,
    12.526851824289643,
    12.615878671346861,
    12.705538221624979,
    12.795834971670587,
    12.8867734499867,
    12.978358217259872,
    13.070593866588887,
    13.163485023715182,
    13.257036347254738,
    13.351252528931818,
    13.446138293814156,
    13.541698400550038,
    13.63793764160684,
    13.734860843511495,
    13.832472867092426,
    13.930778607723447,
    14.029782995569162,
    14.129490995832295,
    14.229907609002671,
    14.331037871108,
    14.432886853966444,
    14.535459665440971,
    14.63876144969553,
    14.742797387453024,
    14.847572696255144,
    14.953092630724026,
    15.059362482825785,
    15.166387582135902,
    15.274173296106538,
    15.382725030335656,
    15.492048228838222,
    15.602148374319103,
    15.713030988448166,
    15.824701632137058,
    15.937165905818238,
    16.050429449725698,
    16.164497944177977,
    16.279377109862896,
    16.395072708124577,
    16.511590541252293,
    16.628936452771512,
    16.74711632773695,
    16.866136093027695,
    16.986001717644466,
    17.106719213008958,
    17.22829463326533,
    17.350734075583826,
    17.47404368046654,
    17.5982296320554,
    17.72329815844229,
    17.8492555319814,
    17.976108069603807,
    18.103862133134232,
    18.232524129610194,
    18.362100511603185,
    18.492597777542432,
    18.624022472040657,
    18.75638118622244,
    18.88968055805462,
    19.023927272679355,
    19.159128062749243,
    19.29528970876511,
    19.43241903941594,
    19.570522931921428,
    19.709608312376844,
    19.8496821561004,
    19.990751487983054,
    20.13282338284084,
    20.275904965769662,
    20.420003412502638,
    20.565125949769964,
    20.711279855661353,
    20.858472459991034,
    21.006711144665356,
    21.15600334405301,
    21.306356545357815,
    21.457778288994337,
    21.610276168965882,
    21.763857833245527,
    21.918530984159496,
    22.074303378773614,
    22.23118282928216,
    22.389177203399854,
    22.54829442475622,
    22.70854247329318,
    22.869929385665067,
    23.032463255641808,
    23.19615223451478,
    23.36100453150563,
    23.52702841417794,
    23.69423220885192,
    23.862624301021917,
    24.032213135777006,
    24.203007218224503,
    24.37501511391651,
    24.548245449279488,
    24.722706912046892,
    24.898408251694867,
    25.07535827988101,
    25.253565870886398,
    25.43303996206047,
    25.613789554269445,
    25.795823712347538,
    25.979151565551753,
    26.163782308019535,
    26.349725199230086,
    26.536989564468513,
    26.725584795293724,
    26.915520350009228,
    27.106805754137618,
    27.299450600898243,
    27.493464551688316,
    27.68885733656745,
    27.88563875474564,
    28.083818675074692,
    28.283407036543185,
