{
  "c": 0.05,
  "f1": 0.2807017543859649,
  "prec": 0.2,
  "rec": 0.47058823529411764,
  "tp": 8,
  "fp": 32,
  "fn": 9,
  "tn": 31
}