{
  "cm_at_c1": {
    "TP": 0,
    "TN": 156,
    "FP": 0,
    "FN": 44,
    "precision": 0.0,
    "recall": 0.0,
    "accuracy": 0.78,
    "F1": 0.0
  },
  "pr_auc": 0.23728066781239215,
  "roc_auc": 0.515661421911422,
  "prevalence": 0.22,
  "normalized_auprc": 0.022154702323579682,
  "c_grid": [
    4.723754065347547,
    4.760806699058657,
    4.798149969760164,
    4.835786157178277,
    4.873717558921141,
    4.911946490619096,
    4.950475286066047,
    4.989306297361935,
    5.028441895056326,
    5.06788446829313,
    5.107636424956453,
    5.147700191817591,
    5.1880782146831805,
    5.228772958544512,
    5.269786907728011,
    5.311122566046895,
    5.352782456954037,
    5.3947691236960065,
    5.437085129468336,
    5.479733057571996,
    5.522715511571098,
    5.566035115451842,
    5.609694513782698,
    5.653696371875859,
    5.698043375949944,
    5.742738233293995,
    5.787783672432743,
    5.833182443293185,
    5.878937317372456,
    5.925051087907025,
    5.971526570043219,
    6.018366601009076,
    6.065574040287555,
    6.113151769791103,
    6.161102694037587,
    6.209429740327604,
    6.258135858923196,
    6.307224023227953,
    6.356697229968529,
    6.406558499377592,
    6.456810875378198,
    6.507457425769618,
    6.55850124241462,
    6.609945441428221,
    6.6617931633679195,
    6.714047573425418,
    6.766711861619854,
    6.819789242992538,
    6.873282957803235,
    6.927196271727963,
    6.9815324760583675,
    7.036294887902639,
    7.091486850388017,
    7.147111732864883,
    7.203172931112454,
    7.2596738675460815,
    7.316617991426187,
    7.37400877906883,
    7.431849734057929,
    7.490144387459153,
    7.548896298035477,
    7.608109052464445,
    7.667786265557122,
    7.727931580478775,
    7.788548668971279,
    7.849641231577269,
    7.911212997866049,
    7.973267726661279,
    8.035809206270432,
    8.098841254716078,
    8.162367719968952,
    8.22639248018287,
    8.290919443931482,
    8.355952550446885,
    8.421495769860096,
    8.487553103443428,
    8.554128583854757,
    8.621226275383705,
    8.688850274199758,
    8.757004708602327,
    8.825693739272777,
    8.894921559528413,
    8.964692395578492,
    9.035010506782214,
    9.105880185908745,
    9.177305759399287,
    9.249291587631195,
    9.321842065184164,
    9.39496162110852,
    9.468654719195593,
    9.542925858250229,
    9.617779572365428,
    9.693220431199139,
    9.769253040253234,
    9.845882041154663,
    9.923112111938812,
    10.000947967335085,
    10.079394359054733,
    10.158456076080935,
    10.238137944961153,
    10.318444830101786,
    10.399381634065124,
    10.480953297868648,
    10.56316480128666,
    10.646021163154298,
    10.729527441673914,
    10.813688734723872,
    10.898510180169762,
    10.983996956178055,
    11.070154281532222,
    11.15698741595132,
    11.2445016604111,
    11.33270235746761,
    11.421594891583352,
    11.511184689455986,
    11.601477220349626,
    11.692477996428718,
    11.784192573094558,
    11.87662654932442,
    11.969785568013378,
    12.063675316318786,
    12.158301526007463,
    12.25366997380561,
    12.349786481751472,
    12.446656917550733,
    12.544287194934771,
    12.642683274021646,
    12.741851161679962,
    12.841796911895575,
    12.94252662614117,
    13.04404645374875,
    13.146362592285039,
    13.24948128792982,
    13.353408835857264,
    13.45815158062023,
    13.563715916537584,
    13.670108288084563,
    13.7773351902862,
    13.885403169113818,
    13.994318821884663,
    14.104088797664643,
    14.214719797674247,
    14.32621857569764,
    14.438591938494962,
    14.551846746217869,
    14.665989912828332,
    14.781028406520717,
    14.896969250147176,
    15.01381952164639,
    15.131586354475639,
    15.250276938046307,
    15.369898518162763,
    15.490458397464717,
    15.611963935873018,
    15.73442255103896,
    15.857841718797133,
    15.98222897362178,
    16.10759190908678,
    16.233938178329208,
    16.36127549451656,
    16.48961163131759,
    16.61895442337692,
    16.749311766793298,
    16.88069161960164,
    17.01310200225887,
    17.14655099813352,
    17.281046753999245,
    17.416597480532126,
    17.553211452811926,
    17.690897010827285,
    17.829662559984833,
    17.969516571622332,
    18.11046758352584,
    18.252524200450907,
    18.3956950946479,
    18.539989006391394,
    18.68541474451379,
    18.831981186943025,
    18.979697281244597,
    19.12857204516776,
    19.278614567196062,
    19.42983400710215,
    19.58223959650701,
    19.73584063944343,
    19.890646512924132,
    20.046666667514106,
    20.2039106279076,
    20.362387993509564,
    20.52210843902169,
    20.683081715033,
    20.845317648615136,
    21.008826143922256,
    21.17361718279567,
    21.33970082537321,
    21.507087210703382,
    21.675786557364322,
    21.84580916408763,
    22.017165410387083,
    22.189865757192283,
    22.363920747487263,
    22.539341006954132,
    22.716137244621727,
    22.894320253519407,
    23.073900911335922,
    23.25489018108345,
    23.437299111766926,
    23.621138839058514,
    23.806420585977428,
    23.993155663575067,
    24.181355471625547,
    24.371031499321617,
    24.562195325976052,
    24.754858621728552,
    24.94903314825817,
    25.144730759501343,
    25.34196340237555,
    25.54074311750864,
    25.741082039973897,
    25.942992400030843,
    26.146486523871882,
    26.351576834374786,
    26.558275851861087,
    26.766596194860405,
    26.97655058088079,
    27.188151827185102,
    27.40141285157347,
    27.616346673171897,
    27.832966413227048,
    28.05128529590729,
    28.271316649109973,
    28.493073905275086,
    28.716570602205277,
    28.941820383892303,
    29.168837001349967,
    29.39763431345359,
    29.628226287786067,
    29.86062700149055,
    30.094850642129828,
    30.330911508552465,
    30.568824011765688,
    30.80860267581517,
    31.050262138671666,
    31.293817153124667,
    31.53928258768299,
    31.786673427482484,
    32.03600477520084,
    32.28729185197958,
    32.54054999835327,
    32.79579467518602,
    33.05304146461536,
    33.31230607100346,
    33.57360432189588,
    33.83695216898779,
    34.102365689097795,
    34.36986108514939,
    34.6394546871601,
    34.9111629532384,
    35.18500247058847,
    35.46098995652277,
    35.73914225948263,
    36.01947636006676,
    36.30200937206796,
    36.58675854351779,
    36.87374125773961,
    37.16297503440972,
    37.45447753062695,
    37.74826654199057,
    38.04436000368667,
    38.342775991583046,
    38.64353272333274,
    38.94664855948616,
    39.25214200461194,
    39.56003170842665,
    39.87033646693324,
    40.18307522356859,
    40.49826707035991,
    40.81593124909025,
    41.13608715247323,
    41.45875432533688,
    41.783952465816824,
    42.1117014265588,
    42.44202121593062,
    42.77493199924367,
    43.1104540999839,
    43.44860800105258,
    43.78941434601672,
    44.13289394036931,
    44.47906775279945,
    44.827956916472495,
    45.179582730320035,
    45.533966660340354,
    45.89113034090876,
    46.25109557609832,
    46.613884341011,
    46.97951878311917,
    47.34802122361763,
    47.71941415878634,
    48.093720261363714,
    48.470962381930754,
    48.85116355030604,
    49.234346976951656,
    49.6205360543901,
    50.0097543586324,
    50.40202565061733,
    50.797373877662025,
    51.195823174923824,
    51.597397866873756,
    52.00212246878146,
    52.41002168821177,
    52.821120426533106,
    53.23544378043759,
    53.653017043473206,
    54.07386570758787,
    54.49801546468569,
    54.92549220819537,
    55.35632203465099,
    55.79053124528508,
    56.228146347634336,
    56.669194057157775,
    57.113701298867696,
    57.56169520897338,
    58.01320313653771,
    58.46825264514675,
    58.92687151459245,
    59.38908774256858,
    59.85492954637985,
    60.324425364664606,
    60.79760385913088,
    61.274493916306156,
    61.755124649300825,
