{
  "cm_at_c1": {
    "TP": 0,
    "TN": 127,
    "FP": 0,
    "FN": 53,
    "precision": 0.0,
    "recall": 0.0,
    "accuracy": 0.7055555555555556,
    "F1": 0.0
  },
  "pr_auc": 0.30385223695372426,
  "roc_auc": 0.5388500965681178,
  "prevalence": 0.29444444444444445,
  "normalized_auprc": 0.013333879147010758,
  "auprg": NaN,
  "ece_rank": 0.31642111724984656,
  "c_grid": [
    4.020024247361755,
    4.052111351606908,
    4.084454569297028,
    4.117055944683169,
    4.149917538333225,
    4.183041427262173,
    4.216429705063344,
    4.2500844820407515,
    4.284007885342472,
    4.318202059095095,
    4.352669164539236,
    4.387411380166142,
    4.4224309018553845,
    4.457729943013643,
    4.493310734714612,
    4.5291755258400075,
    4.565326583221713,
    4.601766191785055,
    4.638496654693216,
    4.675520293492811,
    4.71283944826062,
    4.750456477751488,
    4.788373759547415,
    4.82659369020783,
    4.865118685421065,
    4.903951180157036,
    4.943093628821147,
    4.982548505409424,
    5.022318303664877,
    5.06240553723512,
    5.102812739831253,
    5.143542465387987,
    5.184597288225086,
    5.225979803210063,
    5.267692625922193,
    5.309738392817832,
    5.352119761397053,
    5.394839410371607,
    5.4379000398342425,
    5.481304371429356,
    5.525055148525015,
    5.569155136386354,
    5.613607122350354,
    5.65841391600201,
    5.703578349351917,
    5.749103277015267,
    5.794991576392269,
    5.84124614785002,
    5.887869914905821,
    5.934865824411956,
    5.982236846741953,
    6.02998597597832,
    6.078116230101791,
    6.126630651182069,
    6.175532305570109,
    6.224824284091927,
    6.274509702243944,
    6.324591700389917,
    6.375073443959405,
    6.425958123647862,
    6.47724895561829,
    6.528949181704521,
    6.581062069616118,
    6.6335909131449045,
    6.68653903237316,
    6.73990977388345,
    6.7937065109701615,
    6.847932643852703,
    6.902591599890417,
    6.957686833799208,
    7.013221827869893,
    7.069200092188306,
    7.125625164857148,
    7.182500612219614,
    7.239830029084803,
    7.297617038954929,
    7.3558652942543405,
    7.414578476560378,
    7.473760296836064,
    7.533414495664655,
    7.593544843486057,
    7.654155140835158,
    7.71524921858201,
    7.776830938173987,
    7.838904191879831,
    7.9014729030356605,
    7.964541026292966,
    8.028112547868533,
    8.092191485796416,
    8.15678189018189,
    8.22188784345742,
    8.28751346064073,
    8.353662889594847,
    8.420340311290303,
    8.487549940069375,
    8.555296023912444,
    8.62358284470652,
    8.69241471851584,
    8.761795995854694,
    8.831731061962383,
    8.902224337080392,
    8.97328027673178,
    9.044903372002764,
    9.117098149826623,
    9.189869173269768,
    9.2632210418202,
    9.33715839167819,
    9.411685896049315,
    9.48680826543984,
    9.56253024795443,
    9.63885662959626,
    9.71579223456952,
    9.793341925584311,
    9.87151060416402,
    9.950303210955093,
    10.02972472603932,
    10.109780169248607,
    10.190474600482235,
    10.271813120026703,
    10.353800868878055,
    10.436443029066831,
    10.519744823985613,
    10.603711518719152,
    10.68834842037714,
    10.773660878429663,
    10.859654285045297,
    10.946334075431945,
    11.033705728180353,
    11.12177476561037,
    11.210546754120003,
    11.300027304537254,
    11.390222072474714,
    11.481136758687068,
    11.57277710943138,
    11.665148916830287,
    11.75825801923812,
    11.852110301609873,
    11.946711695873205,
    12.042068181303327,
    12.13818578490094,
    12.235070581773192,
    12.332728695517604,
    12.431166298609172,
    12.530389612790447,
    12.6304049094648,
    12.731218510092827,
    12.832836786591843,
    12.935266161738687,
    13.038513109575609,
    13.142584155819497,
    13.247485878274343,
    13.35322490724695,
    13.459807925966059,
    13.567241671004702,
    13.675532932706021,
    13.784688555612458,
    13.894715438898348,
    14.005620536805974,
    14.117410859085124,
    14.23009347143613,
    14.343675495956477,
    14.45816411159094,
    14.573566554585312,
    14.689890118943802,
    14.807142156890022,
    14.925330079331715,
    15.04446135632915,
    15.164543517567239,
    15.28558415283149,
    15.407590912487688,
    15.530571507965464,
    15.654533712245689,
    15.779485360351732,
    15.905434349844713,
    16.032388641322637,
    16.16035625892358,
    16.289345290832834,
    16.419363889794095,
    16.550420273624788,
    16.68252272573547,
    16.81567959565338,
    16.94989929955018,
    17.085190320773858,
    17.221561210384973,
    17.359020587697074,
    17.49757714082153,
    17.637239627216637,
    17.77801687424112,
    17.919917779712094,
    18.06295131246741,
    18.207126512932586,
    18.352452493692173,
    18.498938440065707,
    18.64659361068827,
    18.795427338095724,
    18.94544902931449,
    19.09666816645622,
    19.24909430731702,
    19.4027370859816,
    19.55760621343221,
    19.713711478162363,
    19.871062746795584,
    20.02966996470898,
    20.189543156661838,
    20.350692427429284,
    20.51312796244093,
    20.676860028424613,
    20.841898974055333,
    21.008255230609343,
    21.175939312623452,
    21.344961818559614,
    21.515333431474744,
    21.687064919696006,
    21.86016713750137,
    22.034651025805722,
    22.21052761285234,
    22.387808014909908,
    22.566503436975175,
    22.74662517348112,
    22.928184609010867,
    23.11119321901721,
    23.29566257054791,
    23.481604322976807,
    23.66903022874075,
    23.85795213408241,
    24.048381979799036,
    24.24033180199713,
    24.433813732853206,
    24.62884000138062,
    24.82542293420251,
    25.023574956330876,
    25.2233085919519,
    25.42463646521754,
    25.62757130104345,
    25.832125925913267,
    26.038313268689297,
    26.246146361429652,
    26.455638340211983,
    26.666802445963718,
    26.879652025298984,
    27.094200531362166,
    27.310461524678185,
    27.528448674009603,
    27.74817575722061,
    27.969656662147756,
    28.19290538747783,
    28.41793604363257,
    28.644762853660527,
    28.873400154136096,
    29.10386239606555,
    29.33616414580053,
    29.57032008595861,
    29.806345016351344,
    30.044253854919745,
    30.28406163867711,
    30.52578352465942,
    30.76943479088339,
    31.015030837312075,
    31.262587186828263,
    31.51211948621559,
    31.76364350714744,
    32.01717514718385,
    32.27273043077628,
    32.53032551028049,
    32.78997666697742,
    33.05170031210219,
    33.315512987881455,
    33.58143136857889,
    33.84947226154917,
    34.11965260830021,
    34.39198948556394,
    34.66650010637568,
    34.94320182116207,
    35.22211211883773,
    35.503248627910615,
    35.78662911759623,
    36.07227149894071,
    36.36019382595293,
    36.6504142967456,
    36.94295125468548,
    37.237823189552714,
    37.53504873870953,
    37.83464668827818,
    38.136635974328385,
    38.44103568407413,
    38.74786505708004,
    39.05714348647749,
    39.36889052019027,
    39.6831258621702,
    39.99986937364247,
    40.31914107436092,
    40.640961143873454,
    40.9653499227975,
    41.292327914105535,
    41.62191578442113,
    41.95413436532502,
    42.28900465467184,
    42.62654781791739,
    42.966785189456154,
    43.30973827397002,
    43.65542874778725,
    44.00387846025263,
    44.355109435108524,
    44.70914387188674,
    45.06600414731177,
    45.425712816715006,
    45.78829261546049,
    46.153766460381725,
    46.52215745123025,
    46.89348887213568,
    47.267784193077226,
    47.64506707136735,
    48.02536135314678,
    48.40869107489183,
    48.79508046493367,
    49.18455394498953,
    49.57713613170644,
    49.97285183821698,
    50.37172607570765,
    50.77378405499977,
    51.179051188142765,
    51.587553090020535,
    51.99931557997025,
    52.41436468341436,
    52.83272663350558,
    53.25442787278479,
    53.67949505485254,
