{
  "cm_at_c1": {
    "TP": 0,
    "TN": 124,
    "FP": 0,
    "FN": 56,
    "precision": 0.0,
    "recall": 0.0,
    "accuracy": 0.6888888888888889,
    "F1": 0.0
  },
  "pr_auc": 0.298436981606007,
  "roc_auc": 0.46911002304147464,
  "prevalence": 0.3111111111111111,
  "normalized_auprc": -0.01839792992676402,
  "auprg": NaN,
  "ece_rank": 0.3211172498465316,
  "c_grid": [
    2.84184172546227,
    2.865269268928373,
    2.8888899441188567,
    2.9127053431709,
    2.936717071346925,
    2.960926747142798,
    2.985336002396924,
    3.0099464824002395,
    3.0347598460071112,
    3.059777765747152,
    3.085001927937957,
    3.110434032798765,
    3.1360757945650666,
    3.161928941604146,
    3.187995216531582,
    3.2142763763287108,
    3.2407741924610494,
    3.2674904509977054,
    3.2944269527317602,
    3.3215855133016556,
    3.348967963313574,
    3.376576148464825,
    3.4044119296682624,
    3.432477183177709,
    3.4607738007144295,
    3.489303689594642,
    3.5180687728580713,
    3.547070989397582,
    3.576312294089857,
    3.605794657927175,
    3.635520068150254,
    3.66549052838221,
    3.6957080587636013,
    3.7261746960886004,
    3.756892493942283,
    3.787863522839042,
    3.8190898703621587,
    3.8505736413045066,
    3.882316957810431,
    3.9143219595187855,
    3.9465908037071538,
    3.9791256654372638,
    4.01192873770159,
    4.045002231571176,
    4.078348376344668,
    4.111969419698581,
    4.145867627838799,
    4.180045285653328,
    4.214504696866312,
    4.24924818419331,
    4.284278089497855,
    4.319596773949311,
    4.355206618182023,
    4.391110022455786,
    4.427309406817625,
    4.463807211264927,
    4.5006058959099,
    4.537707941145398,
    4.575115847812112,
    4.612832137367132,
    4.650859352053914,
    4.689200055073624,
    4.727856830757927,
    4.7668322847431694,
    4.806129044146009,
    4.8457497577405055,
    4.885697096136649,
    4.925973751960377,
    4.966582440035067,
    5.007525897564523,
    5.0488068843174885,
    5.090428182813648,
    5.132392598511197,
    5.174702959995938,
    5.217362119171932,
    5.260372951453738,
    5.3037383559602285,
    5.347461255709996,
    5.391544597818386,
    5.435991353696135,
    5.480804519249666,
    5.525987115083024,
    5.571542186701474,
    5.617472804716782,
    5.663782065054195,
    5.710473089161108,
    5.757549024217473,
    5.805013043347931,
    5.85286834583569,
    5.901118157338171,
    5.949765730104441,
    5.998814343194417,
    6.048267302699897,
    6.098127941967401,
    6.14839962182285,
    6.19908573079811,
    6.250189685359389,
    6.301714930137519,
    6.353664938160141,
    6.406043211085803,
    6.458853279439991,
    6.512098702853093,
    6.565783070300343,
    6.619910000343728,
    6.674483141375891,
    6.7295061718660625,
    6.784982800607994,
    6.840916766969948,
    6.897311841146752,
    6.954171824413922,
    7.0115005493838884,
    7.069301880264334,
    7.127579713118645,
    7.186337976128537,
    7.245580629858828,
    7.305311667524395,
    7.3655351152593385,
    7.4262550323883545,
    7.487475511700354,
    7.5492006797243425,
    7.611434697007555,
    7.674181758395902,
    7.73744609331672,
    7.801231966063843,
    7.865543676085054,
    7.930385558271873,
    7.995761983251752,
    8.061677357682667,
    8.128136124550158,
    8.195142763466801,
    8.26270179097415,
    8.330817760847177,
    8.399495264401207,
    8.468738930801408,
    8.538553427374806,
    8.608943459924886,
    8.679913773048785,
    8.75146915045709,
    8.823614415296298,
    8.896354430473906,
    8.969694098986192,
    9.043638364248702,
    9.11819221042945,
    9.19336066278489,
    9.269148787998626,
    9.345561694522932,
    9.422604532923076,
    9.500282496224514,
    9.578600820262897,
    9.657564784037007,
    9.737179710064577,
    9.817450964741042,
    9.898383958701285,
    9.97998414718431,
    10.062257030400964,
    10.145208153904678,
    10.228843108965238,
    10.313167532945691,
    10.398187109682317,
    10.483907569867736,
    10.570334691437196,
    10.65747429995801,
    10.745332269022251,
    10.833914520642645,
    10.923227025651743,
    11.013275804104362,
    11.104066925683401,
    11.195606510108934,
    11.287900727550722,
    11.380955799044102,
    11.4747779969093,
    11.569373645174243,
    11.664749120000806,
    11.760910850114593,
    11.857865317238272,
    11.95561905652845,
    12.054178657016202,
    12.153550762051177,
    12.2537420697494,
    12.354759333444752,
    12.456609362144164,
    12.55929902098659,
    12.662835231705742,
    12.767224973096644,
    12.872475281486036,
    12.978593251206638,
    13.085586035075362,
    13.193460844875434,
    13.302224951842504,
    13.411885687154733,
    13.522450442426987,
    13.63392667020904,
    13.746321884487914,
    13.85964366119436,
    13.973899638713483,
    14.089097518399644,
    14.205245065095536,
    14.322350107655579,
    14.440420539473621,
    14.559464319014962,
    14.679489470352836,
    14.80050408370923,
    14.922516316000218,
    15.045534391385777,
    15.169566601824094,
    15.294621307630543,
    15.420706938041155,
    15.547831991780818,
    15.676005037636092,
    15.805234715032823,
    15.93552973461846,
    16.066898878849184,
    16.199351002581903,
    16.332895033671075,
    16.467539973570528,
    16.603294897940163,
    16.740168957257712,
    16.87817137743552,
    17.01731146044239,
    17.1575985849306,
    17.299042206868066,
    17.4416518601757,
    17.58543715737006,
    17.730407790211228,
    17.876573530356143,
    18.02394423001721,
    18.1725298226264,
    18.322340323504807,
    18.473385830537683,
    18.62567652485515,
    18.779222671518415,
    18.93403462021168,
    19.090122805939735,
    19.247497749731384,
    19.406170059348554,
    19.566150430001326,
    19.727449645068845,
    19.890078576826127,
    20.05404818717696,
    20.219369528392743,
    20.386053743857474,
    20.554112068818856,
    20.72355583114558,
    20.894396452090923,
    21.066645447062562,
    21.24031442639875,
    21.415415096150944,
    21.591959258872777,
    21.769958814415677,
    21.949425760730932,
    22.130372194678397,
    22.31281031284191,
    22.49675241235133,
    22.6822108917115,
    22.8691982516379,
    23.05772709589929,
    23.247810132167203,
    23.439460172872565,
    23.632690136069275,
    23.827513046304936,
    24.02394203549879,
    24.221990343826807,
    24.421671320614216,
    24.62299842523525,
    24.825985228020382,
    25.030645411171044,
    25.23699276968181,
    25.445041212270304,
    25.654804762314694,
    25.86629755879889,
    26.079533857265645,
    26.29452803077733,
    26.511294570884864,
    26.72984808860444,
    26.9502033154024,
    27.172375104188134,
    27.396378430315334,
    27.62222839259133,
    27.849940214294836,
    28.07952924420207,
    28.311010957621292,
    28.54440095743597,
    28.779714975156434,
    29.01696887198028,
    29.25617863986145,
    29.497360402588214,
    29.74053041686989,
    29.985705073432733,
    30.23290089812466,
    30.4821345530292,
    30.733422837588595,
    30.986782689736092,
    31.242231187037742,
    31.499785547843423,
    31.75946313244746,
    32.0212814442588,
    32.28525813098073,
    32.55141098580056,
    32.81975794858884,
    33.09031710710864,
    33.363106698234745,
    33.63814510918283,
    33.915450878748956,
    34.195042698559085,
    34.47693941432902,
    34.76116002713461,
    35.047723694692614,
    35.336649732651956,
    35.627957615895696,
    35.921666979853725,
    36.21779762182622,
    36.5163695023182,
    36.817402746384836,
    37.120917644988,
    37.42693465636402,
    37.73547440740251,
    38.04655769503692,
    38.36020548764615,
    38.67643892646803,
    38.99527932702431,
    39.31674818055734,
    39.64086715547878,
    39.96765809883011,
    40.297143037755205,
    40.62934418098502,
    40.964283920334665,
