{
  "cm_at_c1": {
    "TP": 0,
    "TN": 29,
    "FP": 0,
    "FN": 11,
    "precision": 0.0,
    "recall": 0.0,
    "accuracy": 0.725,
    "F1": 0.0
  },
  "pr_auc": 0.539234134563862,
  "roc_auc": 0.7241379310344828,
  "prevalence": 0.275,
  "normalized_auprc": 0.36446087526049936,
  "c_grid": [
    378104050874.24335,
    379603966196.2805,
    381109831589.3838,
    382621670657.11664,
    384139507096.6758,
    385663364699.2635,
    387193267350.45996,
    388729239030.5982,
    390271303815.13965,
    391819485875.05164,
    393373809477.1862,
    394934298984.6604,
    396500978857.23846,
    398073873651.7148,
    399653008022.29913,
    401238406721.003,
    402830094598.0275,
    404428096602.15314,
    406032437781.1305,
    407643143282.07306,
    409260238351.8514,
    410883748337.4889,
    412513698686.5589,
    414150114947.58374,
    415793022770.4352,
    417442447906.73645,
    419098416210.2658,
    420760953637.36194,
    422430086247.33057,
    424105840202.85315,
    425788241770.397,
    427477317320.6266,
    429173093328.8175,
    430875596375.2709,
    432584853145.73035,
    434300890431.8002,
    436023735131.36536,
    437753414249.01306,
    439489954896.456,
    441233384292.95734,
    442983729765.7574,
    444741018750.50195,
    446505278791.6723,
    448276537543.017,
    450054822767.9852,
    451840162340.1622,
    453632584243.70575,
    455432116573.7852,
    457238787537.0218,
    459052625451.93036,
    460873658749.36395,
    462701915972.9587,
    464537425779.58167,
    466380216939.78,
    468230318338.23193,
    470087758974.1991,
    471952567961.9816,
    473824774531.37427,
    475704408028.12445,
    477591497914.3925,
    479486073769.2132,
    481388165288.9576,
    483297802287.8062,
    485215014698.20496,
    487139832571.3415,
    489072286077.6149,
    491012405507.1084,
    492960221270.06396,
    494915763897.3591,
    496879064040.9855,
    498850152474.52936,
    500829060093.6538,
    502815817916.5832,
    504810457084.5891,
    506813008862.4788,
    508823504639.0849,
    510841975927.75775,
    512868454366.8591,
    514902971720.25806,
    516945559877.8293,
    518996250855.9523,
    521055076798.01373,
    523122069974.91113,
    525197262785.55853,
    527280687757.3946,
    529372377546.8922,
    531472364940.0705,
    533580682853.0087,
    535697364332.3621,
    537822442555.88007,
    539955950832.92584,
    542097922604.9991,
    544248391446.2597,
    546407391064.0542,
    548574955299.4441,
    550751118127.7362,
    552935913659.0155,
    555129376138.6791,
    557331539947.974,
    559542439604.5352,
    561762109762.927,
    563990585215.1863,
    566227900891.3678,
    568474091860.0916,
    570729193329.0928,
    572993240645.7736,
    575266269297.7566,
    577548314913.4423,
    579839413262.5664,
    582139600256.7611,
    584448911950.1178,
    586767384539.7521,
    589095054366.3715,
    591431957914.8447,
    593778131814.7739,
    596133612841.0681,
    598498437914.5206,
    600872644102.3871,
    603256268618.9666,
    605649348826.1849,
    608051922234.1807,
    610464026501.8925,
    612885699437.6498,
    615316978999.7655,
    617757903297.1305,
    620208510589.8113,
    622668839289.65,
    625138927960.866,
    627618815320.6603,
    630108540239.823,
    632608141743.3419,
    635117659011.0148,
    637637131378.0631,
    640166598335.7487,
    642706099531.9927,
    645255674771.9974,
    647815364018.8696,
    650385207394.2473,
    652965245178.9287,
    655555517813.5032,
    658156065898.9855,
    660766930197.4524,
    663388151632.6808,
    666019771290.7902,
    668661830420.8857,
    671314370435.7054,
    673977432912.269,
    676651059592.5298,
    679335292384.0286,
    682030173360.551,
    684735744762.7866,
    687452048998.9915,
    690179128645.652,
    692917026448.1536,
    695665785321.4493,
    698425448350.7338,
    701196058792.1172,
    703977660073.3048,
    706770295794.2764,
    709574009727.9702,
    712388845820.9694,
    715214848194.1898,
    718052061143.5728,
    720900529140.7788,
    723760296833.8846,
    726631409048.083,
    729513910786.3857,
    732407847230.3286,
    735313263740.6797,
    738230205858.1505,
    741158719304.1099,
    744098849981.3002,
    747050643974.5574,
    750014147551.533,
    752989407163.4194,
    755976469445.6782,
    758975381218.7708,
    761986189488.8923,
    765008941448.709,
    768043684478.0969,
    771090466144.8824,
    774149334205.603,
    777220336606.2212,
    780303521482.9204,
    783398937162.8245,
    786506632164.7714,
    789626655200.0701,
    792759055173.2643,
    795903881182.8993,
    799061182522.291,
    802231008680.299,
    805413409342.1017,
    808608434389.9761,
    811816133904.0789,
    815036558163.2314,
    818269757645.7085,
    821515783030.0284,
    824774685195.7488,
    828046515224.2626,
    831331324399.5999,
    834629164209.2313,
    837940086344.875,
    841264142703.3069,
    844601385387.1743,
    847951866705.8126,
    851315639176.0648,
    854692755523.1052,
    858083268681.2656,
    861487231794.8646,
    864904698219.0417,
    868335721520.5924,
    871780355478.8085,
    875238654086.321,
    878710671549.9462,
    882196462291.5356,
    885696080948.8287,
    889209582376.3096,
    892737021646.0668,
    896278454048.656,
    899833935093.9675,
    903403520512.096,
    906987266254.2135,
    910585228493.4473,
    914197463625.7595,
    917824028270.8324,
    921464979272.954,
    925120373701.9108,
    928790268853.8812,
    932474722252.3342,
    936173791648.9309,
    939887535024.4294,
    943616010589.5941,
    947359276786.1078,
    951117392287.4878,
    954890416000.0055,
    958678407063.6102,
    962481424852.8553,
    966299528977.8297,
    970132779285.0917,
    973981235858.6068,
    977844959020.6907,
    981724009332.9531,
    985618447597.2485,
    989528334856.6283,
    993453732396.298,
    997394701744.5774,
    1001351304673.8658,
    1005323603201.6097,
    1009311659591.2745,
    1013315536353.3215,
    1017335296246.1866,
    1021371002277.265,
    1025422717703.8981,
    1029490506034.3651,
    1033574431028.8788,
    1037674556700.5848,
    1041790947316.565,
    1045923667398.8444,
    1050072781725.4033,
    1054238355331.1921,
    1058420453509.1509,
    1062619141811.2325,
    1066834486049.4307,
    1071066552296.8109,
    1075315406888.5468,
    1079581116422.9591,
    1083863747762.5604,
    1088163368035.1024,
    1092480044634.6284,
    1096813845222.53,
    1101164837728.6072,
    1105533090352.1328,
    1109918671562.923,
    1114321650102.4084,
    1118742094984.7131,
    1123180075497.7363,
    1127635661204.237,
    1132108921942.9265,
    1136599927829.561,
    1141108749258.0422,
    1145635456901.5195,
    1150180121713.499,
    1154742814928.9543,
    1159323608065.4438,
    1163922572924.2324,
    1168539781591.4148,
    1173175306439.048,
    1177829220126.284,
    1182501595600.5088,
    1187192506098.4868,
    1191902025147.5078,
    1196630226566.5396,
    1201377184467.3855,
    1206142973255.8457,
    1210927667632.8838,
    1215731342595.797,
    1220554073439.3926,
    1225395935757.1672,
    1230257005442.493,
    1235137358689.8005,
    1240037071995.7993,
    1244956222160.6218,
    1249894886289.1016,
    1254853141791.9019,
    1259831066386.8105,
    1264828738099.8752,
    1269846235266.7048,
    1274883636533.6396,
    1279941020859.0105,
    1285018467514.3708,
    1290116056085.74,
    1295233866474.849,
    1300371978900.3955,
    1305530473899.2988,
    1310709432327.9634,
    1315908935363.546,
    1321129064505.228,
    1326369901575.4937,
    1331631528721.4114,
    1336914028415.9216,
    1342217483459.1309,
    1347541976979.6072,
    1352887592435.6858,
    1358254413616.7751,
    1363642524644.6714,
    1369052009974.8762,
    1374482954397.9219,
    1379935443040.6985,
    1385409561367.7898,
    1390905395182.8123,
    1396423030629.7598,
