{
  "c": 1.0,
  "f1": 0.6213592233009709,
  "prec": 0.48484848484848486,
  "rec": 0.8648648648648649,
  "tp": 32,
  "fp": 34,
  "fn": 5,
  "tn": 9
}