{
  "cm_at_c1": {
    "TP": 14,
    "TN": 80,
    "FP": 15,
    "FN": 70,
    "precision": 0.4827586206896552,
    "recall": 0.16666666666666666,
    "accuracy": 0.5251396648044693,
    "F1": 0.247787610619469
  },
  "pr_auc": 0.4494241468678267,
  "roc_auc": 0.475501253132832,
  "prevalence": 0.4692737430167598,
  "normalized_auprc": -0.03740081800693702,
  "c_grid": [
    0.5891779080683671,
    0.5920488181330336,
    0.5949337173926215,
    0.5978326740128241,
    0.6007457564914881,
    0.6036730336602325,
    0.6066145746860745,
    0.6095704490730645,
    0.6125407266639277,
    0.6155254776417147,
    0.6185247725314599,
    0.6215386822018477,
    0.624567277866887,
    0.6276106310875943,
    0.6306688137736837,
    0.6337418981852669,
    0.6368299569345603,
    0.6399330629876006,
    0.6430512896659687,
    0.6461847106485229,
    0.6493333999731389,
    0.6524974320384597,
    0.6556768816056536,
    0.6588718238001807,
    0.6620823341135674,
    0.6653084884051909,
    0.6685503629040712,
    0.6718080342106725,
    0.675081579298713,
    0.678371075516984,
    0.6816766005911765,
    0.6849982326257193,
    0.6883360501056234,
    0.6916901318983366,
    0.6950605572556074,
    0.6984474058153574,
    0.7018507576035626,
    0.7052706930361451,
    0.7087072929208726,
    0.7121606384592681,
    0.7156308112485281,
    0.7191178932834513,
    0.7226219669583754,
    0.7261431150691243,
    0.7296814208149641,
    0.7332369678005696,
    0.736809840037999,
    0.7404001219486793,
    0.7440078983654015,
    0.747633254534324,
    0.7512762761169881,
    0.754937049192341,
    0.7586156602587701,
    0.7623121962361473,
    0.7660267444678818,
    0.7697593927229845,
    0.7735102291981423,
    0.7772793425198009,
    0.7810668217462597,
    0.7848727563697762,
    0.7886972363186798,
    0.7925403519594978,
    0.7964021940990893,
    0.8002828539867921,
    0.8041824233165777,
    0.8081009942292189,
    0.8120386593144658,
    0.8159955116132347,
    0.8199716446198057,
    0.8239671522840323,
    0.8279821290135607,
    0.8320166696760615,
    0.8360708696014703,
    0.8401448245842406,
    0.8442386308856074,
    0.8483523852358612,
    0.8524861848366344,
    0.8566401273631975,
    0.8608143109667666,
    0.8650088342768237,
    0.869223796403446,
    0.8734592969396485,
    0.8777154359637369,
    0.8819923140416722,
    0.8862900322294474,
    0.8906086920754743,
    0.8949483956229846,
    0.899309245412439,
    0.9036913444839516,
    0.9080947963797242,
    0.9125197051464923,
    0.9169661753379842,
    0.9214343120173911,
    0.9259242207598499,
    0.9304360076549374,
    0.9349697793091771,
    0.9395256428485586,
    0.944103705921068,
    0.9487040766992323,
    0.9533268638826748,
    0.9579721767006838,
    0.9626401249147932,
    0.9673308188213763,
    0.9720443692542517,
    0.9767808875873026,
    0.9815404857371077,
    0.9863232761655861,
    0.9911293718826543,
    0.9959588864488969,
    1.000811933978249,
    1.0056886291406941,
    1.0105890871649714,
    1.0155134238413008,
    1.0204617555241167,
    1.0254341991348188,
    1.030430872164534,
    1.0354518926768934,
    1.0404973793108205,
    1.0455674512833357,
    1.0506622283923726,
    1.055781831019609,
    1.0609263801333115,
    1.066095997291193,
    1.0712908046432852,
    1.0765109249348257,
    1.081756481509157,
    1.0870275983106417,
    1.0923243998875911,
    1.0976470113952075,
    1.102995558598542,
    1.108370167875466,
    1.1137709662196575,
    1.1191980812436007,
    1.124651641181603,
    1.1301317748928237,
    1.1356386118643191,
    1.1411722822141022,
    1.1467329166942168,
    1.152320646693828,
    1.1579356042423252,
    1.163577922012443,
    1.169247733323395,
    1.1749451721440256,
    1.1806703730959733,
    1.1864234714568531,
    1.1922046031634526,
    1.1980139048149439,
    1.2038515136761105,
    1.2097175676805925,
    1.2156122054341436,
    1.2215355662179075,
    1.2274877899917087,
    1.2334690173973593,
    1.239479389761982,
    1.24551904910135,
    1.2515881381232417,
    1.257686800230814,
    1.263815179525989,
    1.2699734208128608,
    1.2761616696011155,
    1.2823800721094702,
    1.288628775269127,
    1.2949079267272459,
    1.301217674850433,
    1.3075581687282456,
    1.3139295581767163,
    1.3203319937418911,
    1.3267656267033885,
    1.3332306090779724,
    1.3397270936231451,
    1.3462552338407563,
    1.3528151839806295,
    1.3594070990442082,
    1.3660311347882168,
    1.3726874477283417,
    1.3793761951429295,
    1.3860975350767033,
    1.3928516263444963,
    1.3996386285350053,
    1.406458702014561,
    1.4133120079309172,
    1.4201987082170588,
    1.4271189655950283,
    1.4340729435797692,
    1.4410608064829915,
    1.4480827194170527,
    1.4551388482988599,
    1.46222935985379,
    1.4693544216196293,
    1.4765142019505315,
    1.4837088700209964,
    1.4909385958298669,
    1.4982035502043456,
    1.5055039048040322,
    1.5128398321249783,
    1.5202115055037635,
    1.5276190991215914,
    1.5350627880084056,
    1.5425427480470244,
    1.550059155977297,
    1.55761218940028,
    1.5652020267824336,
    1.5728288474598386,
    1.5804928316424334,
    1.5881941604182723,
    1.5959330157578044,
    1.6037095805181738,
    1.611524038447539,
    1.6193765741894157,
    1.627267373287039,
    1.635196622187748,
    1.643164508247391,
    1.6511712197347517,
    1.659216945835999,
    1.6673018766591572,
    1.675426203238596,
    1.683590117539547,
    1.691793812462637,
    1.7000374818484478,
    1.7083213204820964,
    1.7166455240978356,
    1.7250102893836807,
    1.7334158139860563,
    1.7418622965144661,
    1.7503499365461868,
    1.7588789346309819,
    1.7674494922958426,
    1.7760618120497478,
    1.78471609738845,
    1.7934125527992837,
    1.802151383765996,
    1.8109327967736033,
    1.8197569993132692,
    1.8286241998872077,
    1.8375346080136095,
    1.846488434231593,
    1.8554858901061786,
    1.8645271882332874,
    1.8736125422447654,
    1.8827421668134308,
    1.891916277658146,
    1.9011350915489154,
    1.9103988263120066,
    1.9197077008350985,
    1.9290619350724516,
    1.9384617500501067,
    1.9479073678711063,
    1.9573990117207432,
    1.9669369058718342,
    1.9765212756900183,
    1.986152347639083,
    1.9958303492863145,
    2.0055555093078743,
    2.0153280574942047,
    2.025148224755455,
    2.03501624312694,
    2.0449323457746225,
    2.054896767000622,
    2.0649097422487506,
    2.0749715081100764,
    2.085082302328515,
    2.0952423638064452,
    2.1054519326103547,
    2.115711249976513,
    2.1260205583166703,
    2.136380101223786,
    2.1467901234777855,
    2.1572508710513416,
    2.1677625911156877,
    2.178325532046459,
    2.1889399434295593,
    2.19960607606706,
    2.210324181983125,
    2.2210945144299665,
    2.2319173278938287,
    2.2427928781010005,
    2.253721422023858,
    2.264703217886937,
    2.275738525173034,
    2.2868276046293365,
    2.297970718273587,
    2.3091681294002697,
    2.3204201025868354,
    2.3317269036999515,
    2.343088799901784,
    2.354506059656311,
    2.3659789527356647,
    2.3775077502265063,
    2.389092724536432,
    2.400734149400409,
    2.4124322998872434,
    2.42418745240608,
    2.435999884712933,
    2.447869875917249,
    2.4597977064885015,
    2.47178365826282,
    2.4838280144496467,
    2.49593105963843,
    2.508093079805347,
    2.520314362320064,
    2.5325951959525232,
    2.5449358708797685,
    2.5573366786927996,
    2.5697979124034633,
    2.582319866451377,
    2.594902836710885,
    2.6075471204980505,
    2.620253016577679,
    2.6330208251703815,
    2.6458508479596623,
    2.658743388099053,
    2.6716987502192726,
    2.684717240435425,
    2.6977991663542347,
    2.7109448370813123,
    2.72415456322846,
    2.737428656921009,
    2.7507674318051976,
    2.7641712030555783,
    2.7776402873824684,
    2.791175003039431,
