{
  "c": 0.05,
  "f1": 0.5531914893617021,
  "prec": 0.43333333333333335,
  "rec": 0.7647058823529411,
  "tp": 26,
  "fp": 34,
  "fn": 8,
  "tn": 12
}