{
  "cm_at_c1": {
    "TP": 0,
    "TN": 90,
    "FP": 0,
    "FN": 30,
    "precision": 0.0,
    "recall": 0.0,
    "accuracy": 0.75,
    "F1": 0.0
  },
  "pr_auc": 0.30110163748536667,
  "roc_auc": 0.5601851851851852,
  "prevalence": 0.25,
  "normalized_auprc": 0.06813551664715556,
  "c_grid": [
    1.9521523823333073,
    1.9682638040131875,
    1.9845081957987296,
    2.0008866551131996,
    2.0174002884370705,
    2.0340502113827745,
    2.0508375487700676,
    2.067763434702022,
    2.0848290126416407,
    2.102035435489108,
    2.1193838656596755,
    2.13687547516219,
    2.1545114456782737,
    2.1722929686421524,
    2.1902212453211485,
    2.2082974868968313,
    2.2265229145468433,
    2.2448987595273997,
    2.263426263256466,
    2.282106677397627,
    2.3009412639446447,
    2.3199312953067146,
    2.3390780543944256,
    2.358382834706431,
    2.377846940416832,
    2.3974716864632843,
    2.417258398635833,
    2.4372084136664753,
    2.4573230793194702,
    2.4776037544823883,
    2.498051809257912,
    2.518668625056398,
    2.5394555946892017,
    2.560414122462769,
    2.58154562427351,
    2.6028515277034496,
    2.6243332721166737,
    2.645992308756567,
    2.667830100843854,
    2.6898481236754517,
    2.712047864724135,
    2.7344308237390265,
    2.756998512846915,
    2.7797524566544096,
    2.80269419235094,
    2.8258252698126007,
    2.8491472517068597,
    2.872661713598126,
    2.89637024405419,
    2.920274444753542,
    2.9443759305935804,
    2.968676329799703,
    2.993177284035311,
    3.017880448512713,
    3.0427874921049445,
    3.0679000974585144,
    3.093219961107079,
    3.118748793586054,
    3.144488319548174,
    3.1704402778800045,
    3.196606421819418,
    3.2229885190740335,
    3.2495883519406408,
    3.2764077174256054,
    3.303448427366273,
    3.330712308553365,
    3.358201202854399,
    3.3859169673381118,
    3.4138614743999227,
    3.4420366118884287,
    3.470444283232935,
    3.499086407572053,
    3.5279649198833454,
    3.557081771114051,
    3.5864389283128824,
    3.6160383747629186,
    3.6458821101155863,
    3.675972150525749,
    3.7063105287879154,
    3.736899294473567,
    3.7677405140696263,
    3.7988362711180526,
    3.830188666356611,
    3.861799817860784,
    3.8936718611868653,
    3.925806949516232,
    3.958207253800808,
    3.9908749629097264,
    4.0238122837772,
    4.057021441551621,
    4.0905046797458775,
    4.12426426038893,
    4.158302464178618,
    4.192621590635739,
    4.2272239582594,
    4.262111904683646,
    4.297287786835387,
    4.332753981093619,
    4.368512883449973,
    4.404566909670573,
    4.440918495459245,
    4.4775700966220615,
    4.51452418923325,
    4.551783269802473,
    4.589349855443476,
    4.627226484044145,
    4.665415714437951,
    4.7039201265768265,
    4.742742321705451,
    4.781884922536991,
    4.821350573430273,
    4.861141940568438,
    4.901261712139055,
    4.941712598515731,
    4.982497332441215,
    5.023618669212012,
    5.065079386864521,
    5.106882286362716,
    5.1490301917873715,
    5.191525950526843,
    5.234372433469433,
    5.277572535197336,
    5.321129174182191,
    5.3650452929822485,
    5.409323858441148,
    5.453967861888366,
    5.498980319341288,
    5.54436427170897,
    5.590122784997566,
    5.636258950517468,
    5.6827758850921395,
    5.729676731268676,
    5.776964657530114,
    5.8246428585094785,
    5.872714555205606,
    5.921182995200743,
    5.970051452879949,
    6.019323229652296,
    6.069001654173907,
    6.119090082572828,
    6.169591898675762,
    6.220510514236669,
    6.27184936916725,
    6.323611931769339,
    6.375801698969215,
    6.4284221965538375,
    6.481476979409051,
    6.534969631759726,
    6.5889037674119075,
    6.643283029996954,
    6.698111093217682,
    6.753391661096574,
    6.809128468225976,
    6.865325280020423,
    6.921985892971009,
    6.979114134901864,
    7.036713865228767,
    7.094788975219849,
    7.153343388258501,
    7.212381060108414,
    7.271905979180817,
    7.331922166803928,
    7.39243367749463,
    7.453444599232362,
    7.514959053735308,
    7.576981196738841,
    7.639515218276271,
    7.702565342961925,
    7.766135830276529,
    7.8302309748549765,
    7.894855106776461,
    7.960012591857007,
    8.025707831944397,
    8.091945265215577,
    8.158729366476448,
    8.2260646474642,
    8.293955657152104,
    8.362406982056813,
    8.431423246548244,
    8.501009113161956,
    8.571169282914152,
    8.641908495619264,
    8.713231530210157,
    8.785143205060997,
    8.857648378312739,
    8.93075194820134,
    9.004458853388684,
    9.078774073296197,
    9.153702628441263,
    9.229249580776393,
    9.305420034031185,
    9.38221913405712,
    9.459652069175208,
    9.537724070526485,
    9.616440412425435,
    9.695806412716275,
    9.775827433132235,
    9.85650887965778,
    9.937856202893808,
    10.019874898425892,
    10.10257050719555,
    10.185948615874548,
    10.270014857242343,
    10.35477491056661,
    10.440234501986913,
    10.52639940490156,
    10.613275440357615,
    10.700868477444166,
    10.789184433688819,
    10.878229275457464,
    10.968009018357366,
    11.05852972764353,
    11.149797518628475,
    11.241818557095355,
    11.334599059714511,
    11.428145294463437,
    11.52246358105025,
    11.617560291340599,
    11.713441849788152,
    11.810114733868609,
    11.90758547451729,
    12.005860656570373,
    12.104946919209715,
    12.204850956411384,
    12.305579517397902,
    12.40713940709418,
    12.509537486587245,
    12.612780673589779,
    12.716875942907414,
    12.821830326909968,
    12.927650916006508,
    13.034344859124365,
    13.141919364192116,
    13.250381698626484,
    13.359739189823344,
    13.469999225652717,
    13.581169254957882,
    13.693256788058612,
    13.806269397258516,
    13.920214717356627,
    14.035100446163181,
    14.15093434501965,
    14.267724239323082,
    14.38547801905478,
    14.504203639313285,
    14.623909120851835,
    14.7446025506202,
    14.866292082311023,
    14.988985936910684,
    15.112692403254627,
    15.237419838587382,
    15.36317666912713,
    15.489971390634958,
    15.617812568988827,
    15.746708840762222,
    15.876668913807638,
    16.007701567844855,
    16.139815655054054,
    16.27302010067386,
    16.407323903604325,
    16.54273613701481,
    16.679265948956985,
    16.816922562982846,
    16.955715278767794,
    17.095653472738952,
    17.236746598708553,
    17.37900418851264,
    17.522435852654993,
    17.66705128095642,
    17.812860243209318,
    17.95987258983776,
    18.108098252562893,
    18.257547245073937,
    18.408229663704667,
    18.560155688115486,
    18.713335581981173,
    18.867779693684195,
    19.023498457013876,
    19.18050239187124,
    19.338802104979706,
    19.498408290601688,
    19.659331731261005,
    19.82158329847136,
    19.98517395347075,
    20.150114747962043,
    20.316416824859523,
    20.48409141904171,
    20.653149858110353,
    20.823603563155686,
    20.995464049527982,
    21.16874292761556,
    21.34345190362908,
    21.5196027803924,
    21.697207458139953,
    21.87627793532068,
    22.05682630940864,
    22.238864777720224,
    22.422405638238207,
    22.60746129044257,
    22.79404423614814,
    22.982167080349193,
    23.17184253207105,
    23.363083405228586,
    23.555902619491945,
    23.750313201159354,
    23.946328284037115,
    24.143961110326952,
    24.343225031520525,
    24.54413350930148,
    24.746700116454857,
    24.950938537784022,
    25.156862571035223,
    25.364486127829647,
    25.573823234603296,
    25.784888033554566,
    25.997694783599638,
    26.21225786133578,
    26.428591762012616,
    26.64671110051131,
    26.866630612331978,
    27.08836515458912,
    27.311929707015345,
    27.537339372973403,
    27.764609380476433,
    27.993755083216783,
    28.224791961603255,
    28.4577356238069,
    28.692601806815453,
    28.92940637749654,
