{
  "cm_at_c1": {
    "TP": 0,
    "TN": 86,
    "FP": 0,
    "FN": 34,
    "precision": 0.0,
    "recall": 0.0,
    "accuracy": 0.7166666666666667,
    "F1": 0.0
  },
  "pr_auc": 0.243912729212922,
  "roc_auc": 0.4004787961696306,
  "prevalence": 0.2833333333333333,
  "normalized_auprc": -0.05500549412150416,
  "auprg": NaN,
  "ece_rank": 0.4030303030303031,
  "c_grid": [
    32.9549522964182,
    33.07457179812966,
    33.19462549331411,
    33.31511495800196,
    33.43604177394427,
    33.5574075286335,
    33.67921381532444,
    33.801462233055,
    33.92415438666726,
    34.04729188682857,
    34.17087635005262,
    34.294909398720755,
    34.41939266110317,
    34.54432777138035,
    34.669716369664535,
    34.795560102021184,
    34.92186062049068,
    35.04861958310992,
    35.17583865393413,
    35.3035195030587,
    35.43166380664114,
    35.560273246923025,
    35.689349512252136,
    35.81889429710458,
    35.94890930210704,
    36.07939623405918,
    36.21035680595592,
    36.34179273701001,
    36.47370575267458,
    36.60609758466579,
    36.73896997098555,
    36.872324655944375,
    37.00616339018423,
    37.140487930701546,
    37.27530004087031,
    37.41060149046516,
    37.54639405568462,
    37.68267951917448,
    37.81945967005112,
    37.956736303925055,
    38.09451122292448,
    38.23278623571895,
    38.371563157543065,
    38.51084381022038,
    38.65063002218729,
    38.79092362851701,
    38.93172647094367,
    39.07304039788653,
    39.2148672644742,
    39.35720893256903,
    39.50006727079153,
    39.6434441545449,
    39.787341466039656,
    39.931761094318375,
    40.07670493528042,
    40.22217489170687,
    40.36817287328551,
    40.514700796635886,
    40.661760585334456,
    40.809354169939866,
    40.957483488018276,
    41.1061504841688,
    41.25535711004902,
    41.40510532440068,
    41.55539709307528,
    41.70623438905996,
    41.85761919250339,
    42.009553490741766,
    42.1620392783249,
    42.31507855704237,
    42.46867333594985,
    42.622825631395436,
    42.7775374670462,
    42.93281087391464,
    43.08864789038541,
    43.24505056224208,
    43.402020942693966,
    43.559561092403115,
    43.71767307951134,
    43.876358979667366,
    44.03562087605408,
    44.19546085941587,
    44.35588102808613,
    44.51688348801473,
    44.67847035279567,
    44.84064374369488,
    45.003405789678034,
    45.16675862743848,
    45.33070440142534,
    45.49524526387159,
    45.66038337482242,
    45.82612090216348,
    45.992460021649386,
    46.159402916932294,
    46.32695177959056,
    46.4951088091575,
    46.66387621315026,
    46.83325620709883,
    47.00325101457508,
    47.17386286722199,
    47.34509400478291,
    47.51694667513104,
    47.68942313429882,
    47.86252564650765,
    48.03625648419755,
    48.21061792805704,
    48.385612267053034,
    48.56124179846092,
    48.73750882789468,
    48.91441566933729,
    49.09196464517087,
    49.27015808620737,
    49.448998331719054,
    49.62848772946927,
    49.80862863574326,
    49.98942341537906,
    50.17087444179857,
    50.35298409703873,
    50.53575477178274,
    50.71918886539148,
    50.903288785935054,
    51.08805695022429,
    51.27349578384254,
    51.45960772117752,
    51.64639520545325,
    51.83386068876216,
    52.02200663209721,
    52.21083550538427,
    52.40034978751455,
    52.59055196637706,
    52.78144453889136,
    52.97303001104025,
    53.16531089790277,
    53.35828972368713,
    53.551969021763895,
    53.74635133469923,
    53.941439214288266,
    54.1372352215886,
    54.333741926954,
    54.53096191006798,
    54.728897759977805,
    54.927552075128425,
    55.1269274633966,
    55.32702654212512,
    55.52785193815719,
    55.72940628787089,
    55.93169223721376,
    56.134712441737676,
    56.3384695666335,
    56.5429662867662,
    56.74820528670997,
    56.95418926078339,
    57.16092091308489,
    57.36840295752817,
    57.57663811787789,
    57.7856291277854,
    57.99537873082456,
    58.20588968052795,
    58.4171647404228,
    58.62920668406735,
    58.842018295087314,
    59.05560236721235,
    59.26996170431278,
    59.485099120436374,
    59.701017439845266,
    59.917719497053156,
    60.13520813686235,
    60.35348621440121,
    60.57255659516159,
    60.7924221550365,
    61.01308578035781,
    61.23455036793419,
    61.45681882508909,
    61.679894069698925,
    61.903779030231405,
    62.12847664578392,
    62.35398986612225,
    62.580321651719096,
    62.80747497379311,
    63.03545281434781,
    63.264258166210766,
    63.493894033072884,
    63.72436342952783,
    63.95566938111156,
    64.1878149243422,
    64.42080310675969,
    64.65463698696594,
    64.8893196346649,
    65.12485413070296,
    65.36124356710926,
    65.59849104713638,
    65.83659968530107,
    66.0755726074251,
    66.3154129506763,
    66.55612386360976,
    66.79770850620919,
    67.04017004992834,
    67.28351167773268,
    67.52773658414114,
    67.7728479752681,
    68.01884906886549,
    68.26574309436491,
    68.51353329292024,
    68.76222291744996,
    69.01181523268,
    69.26231351518652,
    69.51372105343899,
    69.76604114784331,
    70.01927711078517,
    70.27343226667352,
    70.52850995198419,
    70.78451351530374,
    71.04144631737336,
    71.29931173113299,
    71.55811314176576,
    71.81785394674216,
    72.07853755586486,
    72.34016739131332,
    72.60274688768884,
    72.8662794920596,
    73.13076866400584,
    73.39621787566547,
    73.66263061177942,
    73.93001036973752,
    74.19836065962437,
    74.46768500426549,
    74.73798693927344,
    75.00927001309437,
    75.28153778705446,
    75.55479383540684,
    75.82904174537838,
    76.10428511721678,
    76.38052756423792,
    76.65777271287332,
    76.93602420271759,
    77.2152856865763,
    77.49556083051394,
    77.77685331390207,
    78.05916682946756,
    78.34250508334105,
    78.62687179510583,
    78.9122706978463,
    79.19870553819722,
    79.48618007639286,
    79.77469808631635,
    80.06426335554919,
    80.35487968542103,
    80.6465508910595,
    80.93928080144039,
    81.23307325943783,
    81.52793212187476,
    81.82386125957353,
    82.12086455740693,
    82.41894591434882,
    82.71810924352562,
    83.01835847226751,
    83.31969754216007,
    83.62213040909603,
    83.92566104332708,
    84.23029342951625,
    84.53603156678992,
    84.84287946879047,
    85.15084116372898,
    85.45992069443808,
    85.77012211842501,
    86.08144950792492,
    86.39390694995429,
    86.70749854636462,
    87.02222841389629,
    87.33810068423247,
    87.65511950405364,
    87.97328903509174,
    88.2926134541849,
    88.61309695333233,
    88.93474373974931,
    89.25755803592239,
    89.58154407966484,
    89.90670612417243,
    90.23304843807897,
    90.56057530551257,
    90.88929102615182,
    91.21919991528223,
    91.55030630385286,
    91.88261453853325,
    92.21612898177038,
    92.55085401184603,
    92.88679402293415,
    93.22395342515871,
    93.56233664465137,
    93.90194812360988,
    94.24279232035609,
    94.58487370939464,
    94.92819678147173,
    95.27276604363394,
    95.61858601928753,
    95.9656612482577,
    96.31399628684842,
    96.6635957079019,
    97.01446410085887,
    97.36660607181877,
    97.72002624360016,
    98.07472925580149,
    98.43071976486198,
    98.78800244412271,
    99.14658198388801,
    99.50646309148703,
    99.86765049133551,
    100.23014892499785,
    100.59396315124928,
    100.95909794613843,
    101.32555810304981,
    101.6933484327674,
    102.06247376353647,
    102.43293894112864,
    102.80474882890417,
    103.1779083078764,
    103.55242227677573,
    103.9282956521139,
    104.30553336824858,
    104.68414037744806,
    105.06412164995636,
    105.44548217405844,
    105.82822695614563,
    106.21236102078143,
    106.59788941076745,
    106.9848171872096,
    107.37314942958452,
    107.76289123580617,
    108.15404772229329,
    108.5466240240354,
