{
  "c": 0.05,
  "f1": 0.6041666666666667,
  "prec": 0.48333333333333334,
  "rec": 0.8055555555555556,
  "tp": 29,
  "fp": 31,
  "fn": 7,
  "tn": 13
}