{
  "cm_at_c1": {
    "TP": 0,
    "TN": 131,
    "FP": 0,
    "FN": 49,
    "precision": 0.0,
    "recall": 0.0,
    "accuracy": 0.7277777777777777,
    "F1": 0.0
  },
  "pr_auc": 0.3524123184351095,
  "roc_auc": 0.5835021031313289,
  "prevalence": 0.2722222222222222,
  "normalized_auprc": 0.11018486502534133,
  "auprg": NaN,
  "ece_rank": 0.27504604051565384,
  "c_grid": [
    2.2572738066593803,
    2.2755015110524583,
    2.2938764059221466,
    2.312399679845785,
    2.331072530998591,
    2.3498961672311616,
    2.3688718061476064,
    2.3880006751843044,
    2.4072840116893026,
    2.4267230630023526,
    2.446319086535597,
    2.4660733498549003,
    2.4859871307618464,
    2.5060617173763897,
    2.526298408220178,
    2.546698512300547,
    2.5672633491951924,
    2.5879942491375294,
    2.6088925531027356,
    2.6299596128944924,
    2.6511967912324277,
    2.6726054618402615,
    2.6941870095346667,
    2.7159428303148436,
    2.737874331452822,
    2.759982931584489,
    2.7822700608013546,
    2.804737160743055,
    2.827385684690607,
    2.8502170976604106,
    2.873232876499017,
    2.896434509978655,
    2.919823498893533,
    2.9434013561569192,
    2.967169606899001,
    2.9911297885655412,
    3.0152834510173245,
    3.039632156630413,
    3.064177480397205,
    3.0889210100283164,
    3.1138643460552786,
    3.1390091019340707,
    3.1643569041494843,
    3.1899093923203337,
    3.215668219305515,
    3.241635051310916,
    3.2678115679972026,
    3.29419946258846,
    3.320800441981723,
    3.347616226857386,
    3.3746485517905027,
    3.4018991653629875,
    3.429369830276724,
    3.4570623234675866,
    3.4849784362203726,
    3.513119974284684,
    3.5414887579917207,
    3.5700866223720356,
    3.598915417274231,
    3.6279770074846147,
    3.6572732728478234,
    3.686806108388423,
    3.7165774244334866,
    3.7465891467361603,
    3.7768432166002373,
    3.8073415910057213,
    3.838086242735425,
    3.8690791605025687,
    3.9003223490794268,
    3.9318178294270014,
    3.9635676388257526,
    3.9955738310073774,
    4.027838476287653,
    4.060363661700357,
    4.093151491132269,
    4.126204085459255,
    4.159523582683463,
    4.193112138071611,
    4.2269719242944035,
    4.261105131567076,
    4.295513967791061,
    4.33020065869681,
    4.3651674479877585,
    4.400416597485471,
    4.435950387275937,
    4.471771115857062,
    4.507881100287342,
    4.544282676335746,
    4.580978198632803,
    4.6179700408229145,
    4.655260595717886,
    4.692852275451711,
    4.730747511636598,
    4.768948755520262,
    4.807458478144478,
    4.846279170504925,
    4.885413343712306,
    4.924863529154796,
    4.964632278661768,
    5.004722164668866,
    5.045135780384399,
    5.0858757399570855,
    5.12694467864515,
    5.168345252986778,
    5.210080140971958,
    5.252152042215711,
    5.294563678132707,
    5.337317792113304,
    5.380417149701003,
    5.423864538771334,
    5.467662769712195,
    5.511814675605636,
    5.556323112411119,
    5.601190959150254,
    5.6464211180930315,
    5.692016514945551,
    5.737980099039275,
    5.784314843521798,
    5.831023745549172,
    5.878109826479772,
    5.9255761320697395,
    5.973425732669986,
    6.0216617234248035,
    6.070287224472078,
    6.119305381145107,
    6.168719364176063,
    6.218532369901083,
    6.2687476204670265,
    6.319368364039907,
    6.37039787501499,
    6.421839454228597,
    6.473696429171623,
    6.5259721542047755,
    6.578670010775551,
    6.631793407636959,
    6.685345781068019,
    6.739330595096035,
    6.793751341720671,
    6.848611541139824,
    6.903914741977329,
    6.959664521512499,
    7.01586448591153,
    7.072518270460757,
    7.129629539801798,
    7.187201988168616,
    7.245239339626462,
    7.303745348312781,
    7.362723798680036,
    7.422178505740512,
    7.482113315313091,
    7.542532104272006,
    7.603438780797633,
    7.664837284629277,
    7.726731587320024,
    7.789125692493627,
    7.852023636103501,
    7.915429486693763,
    7.979347345662426,
    8.043781347526682,
    8.108735660190353,
    8.174214485213493,
    8.240222058084147,
    8.306762648492349,
    8.373840560606281,
    8.441460133350711,
    8.509625740687637,
    8.578341791899227,
    8.647612731873023,
    8.717443041389473,
    8.787837237411756,
    8.858799873377963,
    8.930335539495646,
    9.002448863038715,
    9.07514450864678,
    9.14842717862685,
    9.222301613257535,
    9.29677259109564,
    9.371844929285288,
    9.447523483869498,
    9.523813150104314,
    9.600718862775445,
    9.678245596517463,
    9.756398366135613,
    9.83518222693016,
    9.91460227502342,
    9.994663647689379,
    10.075371523686018,
    10.156731123590287,
    10.238747710135787,
    10.32142658855323,
    10.404773106913549,
    10.488792656473885,
    10.573490672026304,
    10.658872632249327,
    10.74494406006235,
    10.831710522982878,
    10.919177633486633,
    11.00735104937067,
    11.09623647411925,
    11.185839657272854,
    11.276166394800057,
    11.367222529472414,
    11.459013951242472,
    11.551546597624666,
    11.644826454079467,
    11.738859554400511,
    11.83365198110489,
    11.929209865826621,
    12.02553938971326,
    12.12264678382572,
    12.220538329541348,
    12.319220358960198,
    12.418699255314662,
    12.518981453382352,
    12.620073439902312,
    12.721981753994665,
    12.824712987583528,
    12.928273785823462,
    13.032670847529298,
    13.137910925609413,
    13.244000827502626,
    13.350947415618432,
    13.458757607780974,
    13.567438377676496,
    13.67699675530441,
    13.787439827432078,
    13.898774738053188,
    14.011008688849849,
    14.12414893965849,
    14.238202808939377,
    14.353177674250079,
    14.469080972722656,
    14.5859202015447,
    14.703702918444367,
    14.822436742179153,
    14.94212935302878,
    15.06278849329198,
    15.184421967787259,
    15.307037644357845,
    15.430643454380508,
    15.55524739327868,
    15.680857521039616,
    15.80748196273572,
    15.935128909050167,
    16.063806616806694,
    16.193523409503648,
    16.3242876778525,
    16.45610788032046,
    16.588992543677715,
    16.72295026354895,
    16.85798970496931,
    16.994119602945005,
    17.131348763018202,
    17.269686061836705,
    17.40914044772811,
    17.549720941278597,
    17.69143663591648,
    17.83429669850038,
    17.978310369912183,
    18.123486965654802,
    18.269835876454707,
    18.417366568869426,
    18.566088585899852,
    18.716011547607494,
    18.86714515173686,
    19.019499174342613,
    19.17308347042204,
    19.327907974552485,
    19.483982701533932,
    19.641317747036908,
    19.799923288255386,
    19.959809584565207,
    20.120986978187663,
    20.28346589485846,
    20.447256844502146,
    20.612370421911937,
    20.778817307434984,
    20.946608267663354,
    21.1157541561303,
    21.286265914012464,
    21.458154570837532,
    21.631431245197668,
    21.8061071454688,
    21.982193570535518,
    22.15970191052203,
    22.338643647528905,
    22.519030356375733,
    22.70087370534998,
    22.884185456961593,
    23.06897746870392,
    23.255261693820785,
    23.44305018207952,
    23.632355080550592,
    23.823188634393162,
    24.01556318764724,
    24.209491184032217,
    24.404985167751637,
    24.602057784304787,
    24.80072178130452,
    25.000990009301894,
    25.202875422617485,
    25.406391080179176,
    25.611550146366973,
    25.818365891864588,
    26.026851694517692,
    26.23702104019945,
    26.448887523682693,
    26.662464849519342,
    26.87776683292699,
    27.094807400682345,
    27.31360059202228,
    27.534160559551793,
    27.756501570159532,
    27.980638005940737,
    28.20658436512737,
    28.434355263026028,
    28.663965432963394,
    28.895429727239094,
    29.128763118086603,
    29.363980698641566,
    29.60109768391814,
    29.840129411793296,
    30.081091343998715,
    30.323999067121186,
    30.568868293610596,
