{
  "cm_at_c1": {
    "TP": 0,
    "TN": 126,
    "FP": 0,
    "FN": 54,
    "precision": 0.0,
    "recall": 0.0,
    "accuracy": 0.7,
    "F1": 0.0
  },
  "pr_auc": 0.31218978892403054,
  "roc_auc": 0.5315990593768372,
  "prevalence": 0.3,
  "normalized_auprc": 0.017413984177186505,
  "c_grid": [
    5.265573264662986,
    5.30728454544818,
    5.349326242478159,
    5.39170097314785,
    5.434411375585898,
    5.477460108818904,
    5.520849852936968,
    5.5645833092605494,
    5.608663200508636,
    5.653092270968257,
    5.697873286665332,
    5.743009035536879,
    5.788502327604581,
    5.834355995149728,
    5.8805728928895515,
    5.927155898154947,
    5.974107911069611,
    6.021431854730592,
    6.069130675390276,
    6.1172073426398095,
    6.165664849593983,
    6.214506213077562,
    6.263734473813121,
    6.313352696610339,
    6.363363970556812,
    6.413771409210365,
    6.4645781507928985,
    6.515787358385764,
    6.567402220126682,
    6.619425949408236,
    6.671861785077924,
    6.724712991639801,
    6.7779828594577145,
    6.831674704960157,
    6.885791870846737,
    6.940337726296284,
    6.9953156671766035,
    7.050729116255894,
    7.106581523415843,
    7.162876365866402,
    7.219617148362269,
    7.276807403421082,
    7.334450691543353,
    7.392550601434117,
    7.451110750226371,
    7.51013478370626,
    7.569626376540052,
    7.629589232502913,
    7.690027084709495,
    7.750943695846346,
    7.812342858406166,
    7.874228394923916,
    7.936604158214803,
    7.99947403161413,
    8.062841929219081,
    8.12671179613239,
    8.191087608707951,
    8.255973374798383,
    8.321373134004537,
    8.387290957926991,
    8.45373095041955,
    8.52069724784472,
    8.58819401933124,
    8.656225467033636,
    8.724795826393835,
    8.793909366404849,
    8.863570389876553,
    8.93378323370357,
    9.004552269135257,
    9.075881902047866,
    9.147776573218836,
    9.220240758603252,
    9.293278969612516,
    9.366895753395218,
    9.441095693120209,
    9.51588340826196,
    9.59126355488814,
    9.667240825949499,
    9.743819951572032,
    9.821005699351467,
    9.898802874650075,
    9.977216320895847,
    10.056250919884025,
    10.135911592081035,
    10.216203296930814,
    10.297131033163579,
    10.378699839107009,
    10.46091479299997,
    10.543781013308605,
    10.627303659045046,
    10.711487930088577,
    10.796339067509367,
    10.881862353894762,
    10.96806311367817,
    11.054946713470537,
    11.142518562394464,
    11.23078411242096,
    11.319748858708861,
    11.409418339946953,
    11.499798138698788,
    11.590893881750244,
    11.682711240459808,
    11.775255931111719,
    11.868533715271763,
    11.962550400146043,
    12.057311838942484,
    12.152823931235245,
    12.24909262333201,
    12.34612390864418,
    12.443923828060026,
    12.542498470320751,
    12.641853972399575,
    12.741996519883804,
    12.842932347359916,
    12.944667738801721,
    13.047209027961584,
    13.150562598764711,
    13.254734885706673,
    13.359732374253891,
    13.46556160124752,
    13.572229155310302,
    13.679741677256835,
    13.78810586050698,
    13.897328451502569,
    14.007416250127436,
    14.118376110130745,
    14.230214939553687,
    14.342939701159562,
    14.45655741286725,
    14.571075148188134,
    14.68650003666648,
    14.802839264323271,
    14.920100074103658,
    15.038289766327784,
    15.157415699145398,
    15.277485288993834,
    15.398506011059828,
    15.520485399744858,
    15.643431049134225,
    15.767350613469835,
    15.892251807626735,
    16.018142407593416,
    16.145030250955926,
    16.272923237385807,
    16.40182932913192,
    16.53175655151614,
    16.662712993432994,
    16.79470680785326,
    16.92774621233151,
    17.06183948951779,
    17.19699498767317,
    17.333221121189588,
    17.47052637111361,
    17.608919285674514,
    17.748408480816426,
    17.88900264073475,
    18.030710518416807,
    18.173540936186786,
    18.317502786254984,
    18.462605031271412,
    18.60885670488379,
    18.756266912299925,
    18.904844830854653,
    19.054599710581076,
    19.20554087478658,
    19.35767772063312,
    19.51101971972244,
    19.665576418685568,
    19.821357439777298,
    19.97837248147517,
    20.136631319083303,
    20.29614380534096,
    20.456919871035957,
    20.618969525622926,
    20.782302857846474,
    20.94693003636929,
    21.11286131040517,
    21.2801070103572,
    21.448677548460754,
    21.618583419431914,
    21.789835201120635,
    21.96244355516949,
    22.136419227677248,
    22.311773049868076,
    22.488515938765694,
    22.666658897873152,
    22.846213017857835,
    23.027189477241926,
    23.209599543098374,
    23.39345457175233,
    23.578766009488163,
    23.76554539326208,
    23.953804351420395,
    24.143554604423397,
    24.334807965575198,
    24.527576341758984,
    24.721871734178514,
    24.91770623910508,
    25.11509204863078,
    25.314041451427382,
    25.514566833511516,
    25.716680679015735,
    25.920395570965734,
    26.125724192063757,
    26.33267932547818,
    26.541273855639336,
    26.751520769041683,
    26.96343315505232,
    27.177024206725804,
    27.392307221625686,
    27.609295602652157,
    27.828002858876697,
    28.048442606382906,
    28.270628569114393,
    28.494574579729015,
    28.720294580460187,
    28.94780262398482,
    29.177112874298224,
    29.40823960759591,
    29.641197213162382,
    29.876000194266982,
    30.112663169066817,
    30.35120087151685,
    30.591628152287132,
    30.833959979687517,
    31.078211440599333,
    31.324397741414874,
    31.572534208983864,
    31.82263629156793,
    32.074719559802105,
    32.328799707664395,
    32.58489255345277,
    32.843014040769965,
    33.1031802395161,
    33.365407346889135,
    33.62971168839327,
    33.89610971885529,
    34.16461802344909,
    34.435253318728016,
    34.708032453665915,
    34.98297241070573,
    35.26009030681711,
    35.5394033945618,
    35.82092906316796,
    36.10468483961254,
    36.39068838971271,
    36.67895751922543,
    36.96951017495618,
    37.26236444587617,
    37.55753856424858,
    37.855050906763566,
    38.1549199956824,
    38.4571644999906,
    38.76180323656019,
    39.068855171321225,
    39.378339420442444,
    39.69027525152161,
    40.00468208478476,
    40.32157949429556,
    40.64098720917362,
    40.96292511482309,
    41.28741325417038,
    41.61447182891216,
    41.94412120077299,
    42.276381892773,
    42.611274590505595,
    42.94882014342525,
    43.28903956614558,
    43.631954039747626,
    43.97758491309855,
    44.325953704180655,
    44.67708210143126,
    45.030991965092646,
    45.38770532857334,
    45.74724439981953,
    46.109631562698,
    46.47488937838935,
    46.84304058679286,
    47.21410810794206,
    47.58811504343173,
    47.9650846778561,
    48.34504048025851,
    48.72800610559251,
    49.11400539619457,
    49.50306238326842,
    49.895201288381074,
    50.29044652497106,
    50.68882269986795,
    51.09035461482472,
    51.49506726806142,
    51.90298585582192,
    52.314135773942134,
    52.72854261943142,
    53.146232192066016,
    53.56723049599529,
    53.991563741360686,
    54.4192583459275,
    54.85034093672958,
    55.284838351727004,
    55.72277764147698,
    56.16418607081794,
    56.60909112056693,
    57.05752048923051,
    57.50950209472922,
    57.96506407613554,
    58.424234795425924,
    58.88704283924642,
    59.35351702069242,
    59.82368638110249,
    60.29758019186639,
    60.775227956247406,
    61.256659411219196,
    61.741904529317075,
    62.230993520504036,
    62.72395683405154,
    63.22082516043518,
    63.72162943324543,
    64.22640083111342,
    64.73517077965207,
    65.24797095341256,
    65.76483327785621,
    66.28578993134222,
    66.81087334713088,
    67.34011621540282,
    67.87355148529419,
    68.41121236694802,
    68.95313233358169,
    69.49934512357102,
    70.04988474255056,
