{
  "c": 0.05,
  "f1": 0.4507042253521127,
  "prec": 0.32,
  "rec": 0.7619047619047619,
  "tp": 16,
  "fp": 34,
  "fn": 5,
  "tn": 25
}