{
  "cm_at_c1": {
    "TP": 0,
    "TN": 245,
    "FP": 0,
    "FN": 95,
    "precision": 0.0,
    "recall": 0.0,
    "accuracy": 0.7205882352941176,
    "F1": 0.0
  },
  "pr_auc": 0.2580374903755525,
  "roc_auc": 0.4782384532760472,
  "prevalence": 0.27941176470588236,
  "normalized_auprc": -0.029662258254335296,
  "c_grid": [
    3.079839445532421,
    3.102579553951761,
    3.1254875648024023,
    3.1485647177981546,
    3.1718122618063007,
    3.1952314549151795,
    3.218823564502274,
    3.2425898673027933,
    3.2665316494787704,
    3.290650206688661,
    3.314946844157465,
    3.3394228767473586,
    3.36407962902885,
    3.388918435352465,
    3.413940639920954,
    3.43914759686204,
    3.464540670301696,
    3.4901212344379715,
    3.5158906736153566,
    3.5418503823997014,
    3.5680017656536833,
    3.594346238612836,
    3.620885226962137,
    3.6476201669131614,
    3.674552505281805,
    3.701683699566584,
    3.7290152180275067,
    3.7565485397655345,
    3.7842851548026255,
    3.8122265641623705,
    3.8403742799512215,
    3.868729825440327,
    3.897294735147963,
    3.9260705549225756,
    3.9550588420264465,
    3.9842611652199538,
    4.01367910484648,
    4.043314252917931,
    4.07316821320089,
    4.103242601303411,
    4.133539044762451,
    4.164059183131945,
    4.194804668071534,
    4.22577716343595,
    4.256978345365059,
    4.288409902374567,
    4.320073535447397,
    4.351970958125745,
    4.384103896603806,
    4.416474089821195,
    4.449083289557052,
    4.481933260524845,
    4.515025780467864,
    4.548362640255439,
    4.581945643979842,
    4.615776609053937,
    4.649857366309512,
    4.68418976009638,
    4.71877564838217,
    4.7536169028528885,
    4.788715409014204,
    4.824073066293485,
    4.859691788142594,
    4.895573502141433,
    4.931720150102264,
    4.968133688174793,
    5.004816086952025,
    5.041769331576915,
    5.078995421849793,
    5.11649637233659,
    5.1542742124778576,
    5.192330986698597,
    5.230668754518898,
    5.269289590665389,
    5.308195585183529,
    5.347388843550691,
    5.386871486790133,
    5.426645651585751,
    5.466713490397742,
    5.507077171579057,
    5.5477388794927744,
    5.588700814630287,
    5.6299651937304045,
    5.671534249899308,
    5.713410232731397,
    5.755595408431041,
    5.7980920599352075,
    5.840902487037016,
    5.884029006510193,
    5.92747395223445,
    5.971239675321786,
    6.015328544243721,
    6.059742944959471,
    6.104485281045075,
    6.149557973823457,
    6.194963462495478,
    6.240704204271918,
    6.286782674506474,
    6.333201366829699,
    6.379962793283968,
    6.427069484459406,
    6.474523989630852,
    6.522328876895802,
    6.570486733313399,
    6.619000165044433,
    6.667871797492376,
    6.717104275445467,
    6.7667002632198345,
    6.8166624448036846,
    6.866993524002549,
    6.917696224585607,
    6.968773290433091,
    7.020227485684769,
    7.0720615948895444,
    7.124278423156137,
    7.176880796304885,
    7.229871561020687,
    7.283253585007033,
    7.337029757141221,
    7.391202987630664,
    7.445776208170419,
    7.500752372101802,
    7.556134454572252,
    7.611925452696305,
    7.668128385717809,
    7.724746295173312,
    7.7817822450566565,
    7.839239321984799,
    7.897120635364844,
    7.955429317562321,
    8.014168524070694,
    8.073341433682131,
    8.132951248659529,
    8.193001194909812,
    8.253494522158507,
    8.31443450412561,
    8.375824438702743,
    8.437667648131647,
    8.499967479183942,
    8.562727303342276,
    8.625950516982744,
    8.689640541558731,
    8.753800823786031,
    8.818434835829407,
    8.883546075490466,
    8.949138066396971,
    9.015214358193514,
    9.081778526733629,
    9.148834174273286,
    9.216384929665852,
    9.284434448558464,
    9.352986413589868,
    9.422044534589704,
    9.49161254877928,
    9.561694220973816,
    9.632293343786186,
    9.703413737832157,
    9.775059251937149,
    9.847233763344544,
    9.919941177925478,
    9.99318543039024,
    10.066970484501189,
    10.141300333287274,
    10.216178999260125,
    10.291610534631738,
    10.367599021533755,
    10.444148572238387,
    10.521263329380972,
    10.598947466184146,
    10.677205186683684,
    10.756040725956005,
    10.835458350347391,
    10.915462357704843,
    10.996057077608668,
    11.07724687160679,
    11.159036133450787,
    11.241429289333672,
    11.324430798129404,
    11.4080451516342,
    11.492276874809637,
    11.577130526027508,
    11.662610697316506,
    11.74872201461074,
    11.83546913800007,
    11.922856761982311,
    12.01088961571728,
    12.09957246328271,
    12.188910103932068,
    12.278907372354311,
    12.369569138935494,
    12.460900310022335,
    12.552905828187747,
    12.645590672498322,
    12.73895985878378,
    12.833018439908384,
    12.927771506044417,
    13.023224184947642,
    13.119381642234801,
    13.216249081663141,
    13.313831745412049,
    13.412134914366744,
    13.511163908404061,
    13.610924086680326,
    13.711420847921405,
    13.812659630714842,
    13.914645913804215,
    14.0173852163856,
    14.120883098406255,
    14.225145160865507,
    14.330177046117887,
    14.435984438178462,
    14.542573063030412,
    14.64994868893493,
    14.758117126743397,
    14.867084230211823,
    14.976855896317634,
    15.087438065578798,
    15.198836722375344,
    15.31105789527318,
    15.424107657350348,
    15.537992126525678,
    15.652717465889902,
    15.768289884039158,
    15.884715635410965,
    16.002001020622714,
    16.120152386812666,
    16.239176127983377,
    16.359078685347782,
    16.479866547677737,
    16.601546251655176,
    16.72412438222589,
    16.84760757295586,
    16.97200250639022,
    17.09731591441493,
    17.2235545786211,
    17.350725330671967,
    17.47883505267258,
    17.607890677542272,
    17.737899189389864,
    17.868867623891596,
    18.000803068671864,
    18.13371266368681,
    18.26760360161072,
    18.402483128225246,
    18.538358542811537,
    18.675237198545243,
    18.813126502894484,
    18.952033918020668,
    19.091966961182372,
    19.232933205142114,
    19.374940278576172,
    19.51799586648747,
    19.662107710621424,
    19.807283609884895,
    19.953531420768268,
    20.100859057770634,
    20.249274493828068,
    20.398785760745113,
    20.549400949629423,
    20.70112821132967,
    20.853975756876622,
    21.007951857927466,
    21.163064847213484,
    21.319323118991004,
    21.476735129495665,
    21.635309397399997,
    21.79505450427448,
    21.95597909505196,
    22.11809187849542,
    22.281401627669364,
    22.44591718041451,
    22.6116474398261,
    22.778601374735725,
    22.94678802019668,
    23.116216477972895,
    23.286895917031494,
    23.45883557403904,
    23.632044753861372,
    23.806532830067116,
    23.982309245434994,
    24.159383512464856,
    24.337765213892446,
    24.51746400320797,
    24.698489605178533,
    24.880851816374445,
    25.064560505699347,
    25.249625614924287,
    25.436057159225726,
    25.623865227727602,
    25.813059984047225,
    26.003651666845386,
    26.195650590380378,
    26.3890671450662,
    26.58391179803488,
    26.78019509370291,
    26.977927654341837,
    27.177120180653144,
    27.37778345234737,
    27.579928328727437,
    27.783565749276317,
    27.988706734249043,
    28.19536238526915,
    28.403543885929416,
    28.61326250239706,
    28.824529584023466,
    29.037356563958397,
    29.251754959768707,
    29.467736374061598,
    29.68531249511255,
    29.904495097497893,
    30.125296042731964,
    30.347727279909016,
    30.571800846349884,
    30.797528868253394,
    31.024923561352644,
    31.253997231576044,
    31.48476227571324,
    31.71723118208609,
    31.95141653122438,
    32.187330996546756,
    32.42498734504649,
    32.664398437982406,
    32.90557723157495,
    33.148536777707264,
    33.39329022463159,
    33.639850817680724,
    33.88823189998492,
