{
  "cm_at_c1": {
    "TP": 0,
    "TN": 97,
    "FP": 0,
    "FN": 22,
    "precision": 0.0,
    "recall": 0.0,
    "accuracy": 0.8151260504201681,
    "F1": 0.0
  },
  "pr_auc": 0.3552161922341334,
  "roc_auc": 0.6398781630740394,
  "prevalence": 0.18487394957983194,
  "normalized_auprc": 0.2089765657305348,
  "auprg": NaN,
  "ece_rank": 0.361344537815126,
  "c_grid": [
    11.253633356010948,
    11.32597319794698,
    11.398778049943827,
    11.472050901147602,
    11.545794759919026,
    11.62001265395698,
    11.694707630422771,
    11.769882756065282,
    11.845541117346851,
    11.92168582057,
    11.998319992004989,
    12.075446778018138,
    12.153069345201049,
    12.231190880500568,
    12.309814591349667,
    12.38894370579913,
    12.46858147265006,
    12.5487311615873,
    12.629396063313642,
    12.71057948968497,
    12.792284773846202,
    12.874515270368143,
    12.95727435538525,
    13.040565426734187,
    13.124391904093391,
    13.208757229123421,
    13.293664865608285,
    13.379118299597675,
    13.465121039550041,
    13.551676616476698,
    13.638788584086734,
    13.726460518932987,
    13.814696020558815,
    13.903498711645929,
    13.992872238163127,
    14.082820269515958,
    14.173346498697414,
    14.26445464243951,
    14.356148441365933,
    14.448431660145575,
    14.541308087647108,
    14.634781537094586,
    14.728855846223931,
    14.823534877440576,
    14.91882251797798,
    15.014722680057252,
    15.1112393010478,
    15.20837634362893,
    15.306137795952605,
    15.404527671807129,
    15.503550010781993,
    15.603208878433682,
    15.703508366452615,
    15.804452592831161,
    15.906045702032658,
    16.00829186516163,
    16.111195280134982,
    16.21476017185442,
    16.31899079237984,
    16.423891421103956,
    16.529466364927995,
    16.635719958438493,
    16.7426565640853,
    16.850280572360663,
    16.958596401979474,
    17.067608500060746,
    17.177321342310126,
    17.28773943320371,
    17.39886730617296,
    17.510709523790805,
    17.623270677959045,
    17.736555390096786,
    17.85056831133026,
    17.965314122683722,
    18.080797535271703,
    18.197023290492368,
    18.31399616022225,
    18.431720947012103,
    18.550202484284117,
    18.669445636530384,
    18.789455299512557,
    18.910236400462935,
    19.031793898286676,
    19.154132783765444,
    19.277258079762337,
    19.401174841428038,
    19.525888156408445,
    19.65140314505349,
    19.77772496062739,
    19.90485878952025,
    20.032809851460943,
    20.161583399731487,
    20.291184721382646,
    20.42161913745109,
    20.552892003177767,
    20.685008708227883,
    20.817974676912065,
    20.951795368409147,
    21.086476276990307,
    21.222022932244585,
    21.358440899305986,
    21.49573577908191,
    21.633913208483126,
    21.77297886065524,
    21.91293844521154,
    22.053797708467517,
    22.1955624336767,
    22.338238441268125,
    22.481831589085367,
    22.626347772626936,
    22.77179292528843,
    22.918173018606073,
    23.0654940625019,
    23.213762105530556,
    23.362983235127583,
    23.51316357785934,
    23.664309299674574,
    23.81642660615759,
    23.96952174278297,
    24.12360099517207,
    24.278670689351017,
    24.434737192010477,
    24.591806910767076,
    24.749886294426393,
    24.90898183324784,
    25.069100059211028,
    25.230247546284,
    25.39243091069317,
    25.555656811194886,
    25.719931949348897,
    25.885263069793442,
    26.051656960522177,
    26.219120453162898,
    26.387660423258023,
    26.557283790546826,
    26.72799751924958,
    26.899808618353536,
    27.072724141900572,
    27.24675118927695,
    27.421896905504667,
    27.598168481534877,
    27.775573154543157,
    27.95411820822655,
    28.133810973102715,
    28.314658826810813,
    28.49666919441444,
    28.679849548706525,
    28.86420741051604,
    29.0497503490169,
    29.236485982038623,
    29.42442197637914,
    29.6135660481196,
    29.80392596294115,
    29.995509536443727,
    30.18832463446697,
    30.38237917341323,
    30.57768112057247,
    30.774238494449513,
    30.972059365093134,
    31.171151854427464,
    31.371524136585464,
    31.573184438244454,
    31.77614103896397,
    31.980402271525623,
    32.185976522275226,
    32.39287223146719,
    32.60109789361093,
    32.81066205781974,
    33.02157332816173,
    33.23384036401306,
    33.44747188041355,
    33.662476648424466,
    33.878863495488545,
    34.096641305792524,
    34.31581902063189,
    34.53640563877792,
    34.758410216847224,
    34.9818418696735,
    35.20670977068181,
    35.433023152265235,
    35.660791306163844,
    35.8900235838463,
    36.12072939689371,
    36.352918217386026,
    36.586599578291064,
    36.82178307385579,
    37.05847836000023,
    37.296695154713944,
    37.53644323845501,
    37.77773245455161,
    38.02057270960615,
    38.26497397390193,
    38.51094628181259,
    38.75849973221402,
    39.007644488899054,
    39.258390780994716,
    39.51074890338221,
    39.764729217119566,
    40.02034214986709,
    40.27759819631547,
    40.536507918616685,
    40.797081946817556,
    41.059330979296256,
    41.323265783201606,
    41.58889719489501,
    41.856236120395515,
    42.125293535827424,
    42.396080487871025,
    42.66860809421618,
    42.94288754401871,
    43.21893009835978,
    43.496747090708276,
    43.77634992738613,
    44.05775008803663,
    44.34095912609573,
    44.625988669266384,
    44.91285041999594,
    45.20155615595663,
    45.492117730529145,
    45.78454707328928,
    46.078856190497675,
    46.3750571655928,
    46.67316215968713,
    46.97318341206629,
    47.27513324069174,
    47.57902404270634,
    47.884868294943445,
    48.19267855443918,
    48.50246745894797,
    48.81424772746131,
    49.128032160730115,
    49.443833641790185,
    49.76166513649121,
    50.08153969402908,
    50.40347044748162,
    50.72747061434779,
    51.053553497090384,
    51.38173248368224,
    51.71202104815584,
    52.04443275115647,
    52.37898124049906,
    52.71568025172854,
    53.05454360868367,
    53.39558522406476,
    53.73881910000471,
    54.084259328643995,
    54.43192009270926,
    54.78181566609562,
    55.133960414452595,
    55.48836879577404,
    55.84505536099169,
    56.2040347545726,
    56.56532171512044,
    56.9289310759805,
    57.294877765848796,
    57.66317680938496,
    58.033843327829146,
    58.40689253962288,
    58.78233976103376,
    59.16020040678438,
    59.54048999068528,
    59.923224126271734,
    60.30841852744498,
    60.6960890091172,
    61.08625148786095,
    61.47892198256263,
    61.8741166150802,
    62.27185161090497,
    62.67214329982789,
    63.075008116609915,
    63.48046260165691,
    63.888523401698635,
    64.29920727047215,
    64.71253106940982,
    65.12851176833145,
    65.54716644614119,
    65.96851229152863,
    66.39256660367444,
    66.81934679296076,
    67.24887038168595,
    67.68115500478405,
    68.11621841054881,
    68.55407846136231,
    68.99475313442831,
    69.43826052251056,
    69.88461883467544,
    70.33384639703955,
    70.78596165352224,
    71.24098316660273,
    71.69892961808247,
    72.1598198098519,
    72.62367266466248,
    73.09050722690363,
    73.56034266338459,
    74.03319826412147,
    74.50909344312913,
    74.98804773921823,
    75.47008081679749,
    75.95521246668105,
    76.44346260690106,
    76.93485128352543,
    77.42939867148078,
    77.92712507538079,
    78.42805093036,
    78.93219680291257,
    79.43958339173693,
    79.95023152858536,
    80.46416217911943,
    80.98139644377078,
    81.50195555860745,
    82.02586089620564,
    82.55313396652733,
    83.08379641780333,
    83.61787003742224,
    84.15537675282485,
    84.69633863240438,
    85.24077788641262,
    85.78871686787173,
    86.34017807349218,
    86.89518414459624,
    87.4537578680475,
    88.01592217718655,
    88.58170015277263,
    89.15111502393096,
    89.72419016910683,
    90.30094911702517,
