{
  "cm_at_c1": {
    "TP": 0,
    "TN": 109,
    "FP": 0,
    "FN": 71,
    "precision": 0.0,
    "recall": 0.0,
    "accuracy": 0.6055555555555555,
    "F1": 0.0
  },
  "pr_auc": 0.3886108434271841,
  "roc_auc": 0.4886290218374468,
  "prevalence": 0.39444444444444443,
  "normalized_auprc": -0.009633469569787693,
  "auprg": NaN,
  "ece_rank": 0.2737569060773481,
  "c_grid": [
    4.846820169248889,
    4.886648270300126,
    4.9268036534823185,
    4.96728900819291,
    5.008107045929117,
    5.049260500469518,
    5.090752128057154,
    5.132584707584132,
    5.174761040777732,
    5.217283952388053,
    5.260156290377212,
    5.303380926110069,
    5.346960754546545,
    5.39089869443551,
    5.435197688510264,
    5.479860703685632,
    5.524890731256661,
    5.570290787098971,
    5.616063911870739,
    5.662213171216347,
    5.708741655971704,
    5.75565248237125,
    5.802948792256668,
    5.850633753287308,
    5.89871055915234,
    5.947182429784654,
    5.996052611576506,
    6.045324377596951,
    6.095001027811055,
    6.145085889300907,
    6.195582316488453,
    6.246493691360157,
    6.297823423693503,
    6.349574951285373,
    6.401751740182286,
    6.454357284912539,
    6.5073951087202495,
    6.56086876380133,
    6.614781831541387,
    6.669137922755588,
    6.723940677930495,
    6.779193767467884,
    6.834900891930576,
    6.891065782290267,
    6.947692200177422,
    7.0047839381332055,
    7.062344819863481,
    7.120378700494912,
    7.178889466833152,
    7.237881037623163,
    7.297357363811672,
    7.357322428811786,
    7.417780248769786,
    7.478734872834095,
    7.540190383426478,
    7.602150896515458,
    7.664620561891982,
    7.727603563447357,
    7.791104119453458,
    7.855126482845247,
    7.919674941505617,
    7.984753818552568,
    8.050367472628754,
    8.116520298193382,
    8.18321672581656,
    8.250461222476007,
    8.31825829185624,
    8.386612474650214,
    8.455528348863409,
    8.52501053012047,
    8.595063671974321,
    8.665692466217838,
    8.736901643198086,
    8.808695972133119,
    8.88108026143142,
    8.954059359013918,
    9.0276381526387,
    9.101821570228344,
    9.176614580199983,
    9.252022191798064,
    9.328049455429825,
    9.404701463003562,
    9.481983348269644,
    9.559900287164355,
    9.638457498156557,
    9.717660242597171,
    9.797513825071581,
    9.878023593754895,
    9.959194940770136,
    10.04103330254939,
    10.12354416019789,
    10.206733039861135,
    10.29060551309498,
    10.375167197238806,
    10.460423755791744,
    10.546380898791952,
    10.633044383199094,
    10.720420013279874,
    10.80851364099678,
    10.897331166400045,
    10.986878538022752,
    11.077161753279297,
    11.168186858867001,
    11.259959951171142,
    11.352487176673227,
    11.445774732362645,
    11.539828866151742,
    11.63465587729425,
    11.73026211680717,
    11.826653987896146,
    11.923837946384321,
    12.021820501144711,
    12.12060821453611,
    12.220207702842647,
    12.320625636716882,
    12.421868741626561,
    12.523943798305085,
    12.626857643205634,
    12.730617168959018,
    12.835229324835327,
    12.940701117209368,
    13.047039610029902,
    13.154251925292732,
    13.262345243517734,
    13.371326804229755,
    13.48120390644345,
    13.591983909152194,
    13.703674231820878,
    13.81628235488289,
    13.929815820241057,
    14.044282231772817,
    14.159689255839453,
    14.276044621799539,
    14.393356122526644,
    14.511631614931243,
    14.630879020486908,
    14.751106325760894,
    14.872321582948986,
    14.994532910414847,
    15.117748493233682,
    15.241976583740493,
    15.367225502082745,
    15.493503636777588,
    15.620819445273717,
    15.749181454517798,
    15.878598261525521,
    16.00907853395742,
    16.140631010699394,
    16.27326450244797,
    16.40698789230038,
    16.541810136349554,
    16.677740264283937,
    16.814787379992204,
    16.952960662173027,
    17.09226936494987,
    17.23272281849067,
    17.374330429632796,
    17.517101682513054,
    17.66104613920291,
    17.806173440348832,
    17.952493305818063,
    18.10001553534956,
    18.248750009210305,
    18.39870668885707,
    18.549895617603617,
    18.70232692129326,
    18.85601080897708,
    19.01095757359771,
    19.167177592678676,
    19.324681329019384,
    19.48347933139594,
    19.643582235267615,
    19.80500076348914,
    19.967745727028877,
    20.131828025692897,
    20.297258648854992,
    20.46404867619264,
    20.63220927842912,
    20.801751718081658,
    20.97268735021568,
    21.145027623205387,
    21.318784079500478,
    21.493968356399176,
    21.67059218682765,
    21.848667400125873,
    22.02820592283982,
    22.209219779520264,
    22.39172109352815,
    22.575722087846536,
    22.76123508589919,
    22.948272512375972,
    23.136846894065055,
    23.32697086069175,
    23.518657145764475,
    23.711918587427586,
    23.906768129321186,
    24.10321882144799,
    24.301283821047395,
    24.500976393476694,
    24.70230991309944,
    24.90529786418125,
    25.10995384179297,
    25.316291552721047,
    25.524324816385665,
    25.73406756576626,
    25.94553384833469,
    26.158737826996,
    26.37369378103707,
    26.590416107082923,
    26.80891932006091,
    27.029218054172862,
    27.251327063875266,
    27.475261224867374,
    27.701035535087495,
    27.928665115717536,
    28.158165212195716,
    28.389551195237583,
    28.62283856186549,
    28.858042936446594,
    29.095180071739136,
    29.334265849947556,
    29.575316283786243,
    29.81834751755193,
    30.063375828204933,
    30.31041762645935,
    30.559489457882172,
    30.81060800400133,
    31.063790083422997,
    31.319052652958103,
    31.576412808757816,
    31.835887787458677,
    32.09749496733703,
    32.361251869472895,
    32.6271761589234,
    32.89528564590597,
    33.165598286991134,
    33.43813218630512,
    33.71290559674241,
    33.98993692118825,
    34.26924471375116,
    34.550847681005536,
    34.8347646832446,
    35.121014735743536,
    35.409617010032974,
    35.70059083518311,
    35.993955699098194,
    36.28973124982172,
    36.58793729685237,
    36.888593812470766,
    37.19172093307711,
    37.49733896053975,
    37.80546836355498,
    38.116129779017896,
    38.4293440134045,
    38.74513204416524,
    39.06351502113006,
    39.384514267924736,
    39.70815128339912,
    40.03444774306705,
    40.363425500557994,
    40.6951065890807,
    41.02951322289891,
    41.36666779881915,
    41.70659289769067,
    42.04931128591783,
    42.39484591698504,
    42.74321993299378,
    43.094456666212686,
    43.448579640640276,
    43.80561257358039,
    44.16557937723059,
    44.52850416028384,
    44.894411229543046,
    45.263325091549035,
    45.635270454221846,
    46.01027222851563,
    46.388355530087,
    46.76954568097706,
    47.153868211307504,
    47.54134886099041,
    47.932013581452104,
    48.3258885373713,
    48.723000108431634,
    49.123374891088126,
    49.527039700348645,
    49.93402157156998,
    50.34434776226821,
    50.75804575394448,
    51.17514325392549,
    51.59566819721936,
    52.01964874838627,
    52.447113303424935,
    52.878090491674584,
    53.31260917773207,
    53.75069846338525,
    54.1923876895622,
    54.63770643829603,
    55.08668453470632,
    55.53935204899656,
    55.99573929846833,
    56.455876849551395,
    56.91979551985114,
    57.38752638021269,
    57.85910075680153,
    58.33455023320181,
    58.813906652531536,
    59.29720211957548,
    59.78446900293504,
    60.275739937196306,
    60.77104782511592,
    61.27042583982437,
    61.773907427047945,
    62.281526307348926,
    62.79331647838366,
    63.30931221717977,
    63.82954808243175,
    64.35405891681576,
    64.88287984932285,
    65.41604629761184,
    65.9535939703817,
    66.49555886976269,
    67.04197729372778,
    67.59288583852391,
    68.14832140112263,
    68.70832118169152,
    69.27292268608551,
