{
  "cm_at_c1": {
    "TP": 0,
    "TN": 89,
    "FP": 0,
    "FN": 31,
    "precision": 0.0,
    "recall": 0.0,
    "accuracy": 0.7416666666666667,
    "F1": 0.0
  },
  "pr_auc": 0.24416574760267104,
  "roc_auc": 0.5159478071765132,
  "prevalence": 0.25833333333333336,
  "normalized_auprc": -0.019102362782915484,
  "c_grid": [
    8.778255647320416,
    8.833052814461208,
    8.888192046090357,
    8.94367547750281,
    8.999505257322827,
    9.055683547587192,
    9.112212523828928,
    9.169094375161555,
    9.226331304363862,
    9.283925527965211,
    9.341879276331365,
    9.400194793750876,
    9.458874338521984,
    9.517920183040076,
    9.577334613885682,
    9.637119931913027,
    9.697278452339132,
    9.757812504833472,
    9.818724433608194,
    9.880016597508895,
    9.941691370105973,
    10.003751139786546,
    10.066198309846932,
    10.129035298585741,
    10.192264539397497,
    10.255888480866897,
    10.319909586863615,
    10.38433033663773,
    10.449153224915726,
    10.514380761997108,
    10.580015473851617,
    10.64605990221704,
    10.712516604697646,
    10.779388154863232,
    10.846677142348785,
    10.914386172954762,
    10.982517868748005,
    11.051074868163285,
    11.120059826105472,
    11.189475414052344,
    11.259324320158056,
    11.329609249357222,
    11.400332923469676,
    11.471498081305873,
    11.543107478772951,
    11.615163888981458,
    11.687670102352733,
    11.760628926726977,
    11.834043187471982,
    11.907915727592549,
    11.982249407840575,
    12.057047106825861,
    12.13231172112754,
    12.20804616540632,
    12.284253372517277,
    12.360936293623494,
    12.438097898310312,
    12.515741174700343,
    12.59386912956918,
    12.672484788461835,
    12.751591195809914,
    12.831191415049501,
    12.911288528739805,
    12.99188563868252,
    13.072985866041957,
    13.154592351465903,
    13.236708255207246,
    13.319336757246361,
    13.402481057414258,
    13.486144375516483,
    13.570329951457829,
    13.655041045367783,
    13.740280937726785,
    13.826052929493269,
    13.912360342231489,
    13.999206518240147,
    14.086594820681833,
    14.174528633713258,
    14.26301136261631,
    14.352046433929925,
    14.44163729558278,
    14.531787417026818,
    14.622500289371605,
    14.713779425519522,
    14.805628360301814,
    14.898050650615437,
    14.991049875560888,
    15.084629636580694,
    15.178793557598993,
    15.273545285161774,
    15.368888488578156,
    15.46482686006246,
    15.561364114877195,
    15.658503991476934,
    15.756250251653082,
    15.854606680679565,
    15.953577087459404,
    16.053165304672227,
    16.153375188922684,
    16.254210620889797,
    16.355675505477254,
    16.457773771964604,
    16.56050937415944,
    16.66388629055051,
    16.767908524461777,
    16.872580104207454,
    16.97790508324801,
    17.08388754034713,
    17.19053157972968,
    17.297841331240626,
    17.40582095050499,
    17.514474619088755,
    17.623806544660816,
    17.733820961155917,
    17.844522128938607,
    17.95591433496823,
    18.068001892964944,
    18.180789143576774,
    18.29428045454766,
    18.408480220886716,
    18.523392865038257,
    18.639022837053258,
    18.75537461476148,
    18.87245270394507,
    18.99026163851289,
    19.108805980676202,
    19.22809032112529,
    19.34811927920725,
    19.46889750310488,
    19.590429670016682,
    19.71272048633798,
    19.835774687843184,
    19.959597039869198,
    20.084192337499935,
    20.209565405752024,
    20.335721099761667,
    20.46266430497264,
    20.590399937325497,
    20.71893294344794,
    20.84826830084637,
    20.978411018098665,
    21.109366135048113,
    21.241138722998603,
    21.373733884911005,
    21.50715675560079,
    21.641412501936866,
    21.776506323041684,
    21.912443450492567,
    22.04922914852431,
    22.186868714233032,
    22.32536747778133,
    22.46473080260463,
    22.60496408561902,
    22.746072757430063,
    22.888062282543302,
    23.030938159575676,
    23.17470592146865,
    23.319371135702298,
    23.46493940451108,
    23.611416365100634,
    23.758807689866188,
    23.907119086612187,
    24.05635629877333,
    24.206525105636995,
    24.35763132256704,
    24.509680801229003,
    24.66267942981672,
    24.816633133280344,
    24.97154787355579,
    25.12742964979561,
    25.284284498601323,
    25.442118494257187,
    25.600937748965407,
    25.76074841308286,
    25.921556675359263,
    26.08336876317682,
    26.246190942791404,
    26.4100295195752,
    26.5748908382609,
    26.740781283187392,
    26.90770727854702,
    27.075675288634322,
    27.244691818096417,
    27.414763412184854,
    27.58589665700911,
    27.758098179791634,
    27.93137464912444,
    28.105732775227487,
    28.28117931020834,
    28.45772104832386,
    28.635364826243105,
    28.81411752331229,
    28.993986061820987,
    29.174977407270415,
    29.35709856864294,
    29.54035659867375,
    29.724758594123738,
    29.910311696054556,
    30.097023090104948,
    30.28490000676916,
    30.47394972167689,
    30.66417955587505,
    30.855596876111274,
    31.048209095119194,
    31.242023671905514,
    31.437048112038855,
    31.633289967940417,
    31.83075683917645,
    32.02945637275254,
    32.22939626340977,
    32.43058425392267,
    32.63302813539908,
    32.83673574758186,
    33.04171497915249,
    33.24797376803657,
    33.455520101711166,
    33.664362017514264,
    33.87450760295581,
    34.085964996031166,
    34.29874238553596,
    34.51284801138351,
    34.72829016492363,
    34.945077189263976,
    35.16321747959288,
    35.382719483504744,
    35.60359170132686,
    35.82584268644893,
    36.04948104565395,
    36.27451543945184,
    36.50095458241454,
    36.728807243513764,
    36.95808224646029,
    37.188788470045914,
    37.42093484848714,
    37.65453037177122,
    37.889584086004284,
    38.12610509376163,
    38.36410255444029,
    38.603585684613634,
    38.84456375838839,
    39.08704610776373,
    39.331042122992656,
    39.57656125294566,
    39.82361300547664,
    40.07220694779108,
    40.32235270681654,
    40.5740599695755,
    40.82733848356046,
    41.08219805711142,
    41.33864855979574,
    41.59669992279027,
    41.8563621392661,
    42.11764526477531,
    42.380559417640654,
    42.64511477934711,
    42.91132159493645,
    43.179190173403704,
    43.44873088809666,
    43.719954177117295,
    43.992870543726276,
    44.26749055674942,
    44.543824850987285,
    44.821884127626674,
    45.10167915465539,
    45.38322076727888,
    45.666519868340195,
    45.95158742874186,
    46.23843448787098,
    46.52707215402666,
    46.81751160485015,
    47.10976408775774,
    47.40384092037632,
    47.69975349098166,
    47.99751325893941,
    48.29713175514888,
    48.598620582489616,
    48.90199141627065,
    49.20725600468269,
    49.51442616925308,
    49.823513805303556,
    50.134530882410914,
    50.44748944487057,
    50.76240161216294,
    51.07927957942271,
    51.39813561791135,
    51.718982075491944,
    52.04183137710777,
    52.366696025263074,
    52.69358860050764,
    53.02252176192352,
    53.353508247615764,
    53.68656087520522,
    54.02169254232535,
    54.35891622712128,
    54.6982449887528,
    55.03969196789966,
    55.3832703872709,
    55.72899355211642,
    56.076874850742755,
    56.42692775503102,
    56.779165820959044,
    57.133602689126086,
    57.490252085281156,
    57.849127820854555,
    58.2102437934927,
    58.57361398759635,
    58.93925247486214,
    59.3071734148275,
    59.67739105541904,
    60.04991973350424,
    60.42477387544672,
    60.80196799766485,
    61.18151670719397,
    61.56343470225199,
    61.947736772808604,
    62.33443780115808,
    62.723552762495544,
    63.11509672549692,
    63.50908485290237,
    63.905532402103766,
    64.30445472573513,
    64.7058672722676,
    65.10978558660723,
    65.51622531069751,
    65.92520218412449,
    66.33673204472692,
