{
  "cm_at_c1": {
    "TP": 0,
    "TN": 80,
    "FP": 0,
    "FN": 40,
    "precision": 0.0,
    "recall": 0.0,
    "accuracy": 0.6666666666666666,
    "F1": 0.0
  },
  "pr_auc": 0.46207452902331503,
  "roc_auc": 0.6314062500000001,
  "prevalence": 0.3333333333333333,
  "normalized_auprc": 0.19311179353497254,
  "c_grid": [
    86.53941794710326,
    86.75260441265704,
    86.96631605471626,
    87.18055416703257,
    87.39532004654491,
    87.61061499338697,
    87.82644031089552,
    88.04279730561781,
    88.25968728731988,
    88.47711156899429,
    88.69507146686801,
    88.91356830041067,
    89.13260339234216,
    89.35217806864101,
    89.57229365855207,
    89.7929514945949,
    90.01415291257163,
    90.23589925157496,
    90.45819185399661,
    90.68103206553499,
    90.9044212352038,
    91.12836071533981,
    91.35285186161133,
    91.5778960330263,
    91.80349459194042,
    92.02964890406568,
    92.25636033847823,
    92.48363026762709,
    92.71146006734206,
    92.93985111684242,
    93.16880479874504,
    93.39832249907273,
    93.62840560726288,
    93.85905551617549,
    94.09027362210203,
    94.32206132477351,
    94.55442002736922,
    94.78735113652516,
    95.02085606234236,
    95.2549362183958,
    95.48959302174251,
    95.7248278929306,
    95.96064225600747,
    96.19703753852873,
    96.43401517156671,
    96.671576589719,
    96.90972323111745,
    97.14845653743652,
    97.38777795390232,
    97.62768892930107,
    97.86819091598817,
    98.1092853698968,
    98.35097375054667,
    98.59325752105312,
    98.83613814813563,
    99.07961710212712,
    99.32369585698235,
    99.56837589028733,
    99.81365868326799,
    100.0595457207991,
    100.3060384914135,
    100.55313848731089,
    100.80084720436686,
    101.04916614214233,
    101.29809680389202,
    101.5476406965739,
    101.79779933085852,
    102.04857422113766,
    102.29996688553379,
    102.55197884590916,
    102.80461162787535,
    103.05786676080191,
    103.31174577782598,
    103.56625021586177,
    103.82138161560934,
    104.0771415215643,
    104.33353148202697,
    104.59055304911215,
    104.8482077787579,
    105.10649723073527,
    105.3654229686581,
    105.62498655999174,
    105.88518957606311,
    106.14603359206987,
    106.40752018709047,
    106.66965094409302,
    106.93242744994522,
    107.1958512954243,
    107.45992407522593,
    107.7246473879744,
    107.99002283623203,
    108.2560520265093,
    108.52273656927397,
    108.7900780789611,
    109.0580781739832,
    109.32673847673931,
    109.59606061362531,
    109.86604621504355,
    110.13669691541314,
    110.40801435317917,
    110.68000017082298,
    110.95265601487245,
    111.22598353591123,
    111.49998438858931,
    111.77466023163267,
    112.05001272785385,
    112.32604354416134,
    112.60275435156997,
    112.88014682521143,
    113.15822264434364,
    113.43698349236145,
    113.71643105680657,
    113.99656702937823,
    114.27739310594278,
    114.55891098654423,
    114.841122375415,
    115.12402898098536,
    115.40763251589446,
    115.69193469700028,
    115.9769372453906,
    116.26264188639266,
    116.54905034958398,
    116.83616436880321,
    117.12398568215983,
    117.41251603204525,
    117.70175716514305,
    117.99171083244009,
    118.2823787892363,
    118.57376279515579,
    118.86586461415774,
    119.15868601454643,
    119.45222876898244,
    119.74649465449305,
    120.0414854524836,
    120.33720294874745,
    120.63364893347719,
    120.93082520127588,
    121.22873355116711,
    121.52737578660644,
    121.82675371549205,
    122.12686915017615,
    122.42772390747525,
    122.72931980868155,
    123.03165867957426,
    123.33474235042999,
    123.63857265603423,
    123.94315143569233,
    124.24848053324104,
    124.55456179705895,
    124.8613970800781,
    125.16898823979548,
    125.4773371382836,
    125.78644564220224,
    126.09631562280947,
    126.40694895597355,
    126.71834752218346,
    127.03051320656071,
    127.3434478988711,
    127.65715349353543,
    127.97163188964142,
    128.28688499095503,
    128.60291470593242,
    128.91972294773083,
    129.23731163422045,
    129.55568268799644,
    129.87483803638983,
    130.19477961147967,
    130.51550935010454,
    130.83702919387463,
    131.1593410891829,
    131.48244698721717,
    131.8063488439723,
    132.13104862026128,
    132.45654828172763,
    132.782849798857,
    133.10995514698965,
    133.43786630633164,
    133.7665852619672,
    134.09611400387112,
    134.42645452692,
    134.75760883090484,
    135.08957892054303,
    135.42236680549078,
    135.7559745003547,
    136.09040402470424,
    136.42565740308444,
    136.76173666502723,
    137.0986438450645,
    137.4363809827398,
    137.77495012262156,
    138.11435331431454,
    138.4545926124725,
    138.79567007681126,
    139.1375877721202,
    139.48034776827546,
    139.82395214025195,
    140.16840296813677,
    140.51370233714073,
    140.85985233761147,
    141.20685506504657,
    141.55471262010536,
    141.9034271086222,
    142.25300064161897,
    142.60343533531832,
    142.95473331115582,
    143.30689669579303,
    143.6599276211309,
    144.01382822432177,
    144.36860064778304,
    144.7242470392096,
    145.0807695515876,
    145.4381703432065,
    145.79645157767268,
    146.15561542392288,
    146.51566405623652,
    146.8765996542494,
    147.2384244029666,
    147.60114049277632,
    147.96475011946234,
    148.32925548421753,
    148.69465879365788,
    149.06096225983478,
    149.42816810024905,
    149.79627853786414,
    150.16529580112012,
    150.53522212394628,
    150.9060597457751,
    151.27781091155626,
    151.65047787176934,
    152.02406288243807,
    152.3985682051436,
    152.77399610703887,
    153.15034886086147,
    153.52762874494766,
    153.90583804324692,
    154.2849790453345,
    154.66505404642623,
    155.0460653473919,
    155.4280152547699,
    155.81090608078014,
    156.19474014333883,
    156.57951976607214,
    156.96524727833076,
    157.3519250152033,
    157.73955531753066,
    158.12814053192088,
    158.51768301076223,
    158.90818511223816,
    159.2996492003413,
    159.69207764488834,
    160.08547282153341,
    160.47983711178304,
    160.8751729030109,
    161.27148258847146,
    161.66876856731497,
    162.06703324460182,
    162.46627903131755,
    162.86650834438666,
    163.26772360668764,
    163.6699272470681,
    164.07312170035857,
    164.4773094073878,
    164.8824928149973,
    165.28867437605683,
    165.69585654947807,
    166.10404180023025,
    166.51323259935538,
    166.9234314239823,
    167.33464075734238,
    167.7468630887841,
    168.1601009137889,
    168.5743567339852,
    168.9896330571641,
    169.4059323972951,
    169.8232572745401,
    170.24161021526973,
    170.66099375207787,
    171.0814104237979,
    171.5028627755171,
    171.92535335859233,
    172.3488847306662,
    172.77345945568155,
    173.19908010389736,
    173.62574925190435,
    174.05346948264102,
    174.48224338540828,
    174.91207355588574,
    175.3429625961479,
    175.77491311467878,
    176.20792772638853,
    176.6420090526288,
    177.07715972120943,
    177.51338236641317,
    177.95067962901226,
    178.3890541562849,
    178.8285086020303,
    179.2690456265852,
    179.71066789683996,
    180.15337808625523,
    180.597178874877,
    181.04207294935352,
    181.48806300295203,
    181.935151735574,
    182.38334185377212,
    182.83263607076643,
    183.28303710646145,
    183.73454768746146,
    184.18717054708767,
    184.6409084253953,
    185.095764069189,
    185.55174023204023,
    186.00883967430357,
    186.46706516313427,
    186.92641947250374,
    187.3869053832169,
    187.8485256829298,
    188.31128316616503,
    188.77518063432967,
    189.24022089573174,
    189.706406765598,
    190.1737410660898,
    190.64222662632082,
    191.11186628237468,
    191.58266287732104,
    192.05461926123357,
