{
  "c": 0.05,
  "f1": 0.5858585858585859,
  "prec": 0.48333333333333334,
  "rec": 0.7435897435897436,
  "tp": 29,
  "fp": 31,
  "fn": 10,
  "tn": 10
}