{
  "cm_at_c1": {
    "TP": 0,
    "TN": 114,
    "FP": 0,
    "FN": 66,
    "precision": 0.0,
    "recall": 0.0,
    "accuracy": 0.6333333333333333,
    "F1": 0.0
  },
  "pr_auc": 0.44818321546563855,
  "roc_auc": 0.5894471026049972,
  "prevalence": 0.36666666666666664,
  "normalized_auprc": 0.128710340208903,
  "auprg": NaN,
  "ece_rank": 0.23720073664825048,
  "c_grid": [
    4.5261123772168705,
    4.559945436685002,
    4.5940314010343135,
    4.6283721607494375,
    4.662969620446531,
    4.697825698978912,
    4.732942329543485,
    4.768321459787958,
    4.8039650519188655,
    4.839875082810393,
    4.876053544114029,
    4.9125024423690125,
    4.949223799113629,
    4.98621965099733,
    5.023492049893685,
    5.061043063014186,
    5.098874773022902,
    5.136989278151984,
    5.17538869231804,
    5.214075145239379,
    5.253050782554125,
    5.292317765939223,
    5.331878273230331,
    5.371734498542607,
    5.411888652392395,
    5.452342961819835,
    5.4930996705123665,
    5.534161038929183,
    5.575529344426589,
    5.617206881384319,
    5.659195961332777,
    5.7014989130812515,
    5.7441180828470655,
    5.787055834385712,
    5.830314549121946,
    5.873896626281869,
    5.917804483025994,
    5.962040554583303,
    6.006607294386316,
    6.051507174207161,
    6.096742684294665,
    6.142316333512466,
    6.188230649478166,
    6.23448817870351,
    6.2810914867356304,
    6.328043158299333,
    6.375345797440451,
    6.4230020276702735,
    6.471014492111052,
    6.51938585364259,
    6.568118795049938,
    6.61721601917218,
    6.666680249052345,
    6.716514228088433,
    6.766720720185561,
    6.817302509909274,
    6.868262402639957,
    6.919603224728457,
    6.971327823652811,
    7.023439068176199,
    7.075939848506031,
    7.1288330764542565,
    7.182121685598858,
    7.2358086314465515,
    7.289896891596706,
    7.3443894659064926,
    7.399289376657254,
    7.454599668722138,
    7.510323409734966,
    7.566463690260369,
    7.6230236239652065,
    7.680006347791246,
    7.737415022129161,
    7.795252830993789,
    7.853522982200752,
    7.912228707544342,
    7.971373262976791,
    8.030959928788832,
    8.090992009791638,
    8.151472835500119,
    8.212405760317576,
    8.273794163721757,
    8.335641450452274,
    8.397951050699447,
    8.46072642029455,
    8.52397104090148,
    8.58768842020985,
    8.651882092129547,
    8.716555616986714,
    8.781712581721234,
    8.847356600085641,
    8.913491312845585,
    8.980120387981716,
    9.047247520893158,
    9.114876434602431,
    9.183010879961959,
    9.251654635862092,
    9.320811509440693,
    9.390485336294292,
    9.460679980690818,
    9.531399335783917,
    9.60264732382887,
    9.674427896400154,
    9.746745034610562,
    9.819602749332057,
    9.893005081418176,
    9.96695610192818,
    10.041459912352817,
    10.116520644841827,
    10.192142462433104,
    10.268329559283583,
    10.345086160901861,
    10.42241652438257,
    10.50032493864247,
    10.578815724658314,
    10.657893235706512,
    10.737561857604573,
    10.817826008954361,
    10.898690141387123,
    10.980158739810442,
    11.062236322656924,
    11.144927442134854,
    11.22823668448062,
    11.312168670213127,
    11.396728054390012,
    11.481919526865868,
    11.567747812552314,
    11.654217671680087,
    11.741333900063031,
    11.82910132936409,
    11.91752482736327,
    12.006609298227652,
    12.096359682783358,
    12.186780958789578,
    12.277878141214677,
    12.369656282514295,
    12.462120472911616,
    12.555275840679634,
    12.649127552425623,
    12.743680813377647,
    12.838940867673298,
    12.934912998650498,
    13.031602529140574,
    13.12901482176345,
    13.227155279225057,
    13.326029344616996,
    13.425642501718434,
    13.526000275300234,
    13.627108231431361,
    13.7289719777876,
    13.831597163962583,
    13.934989481781113,
    14.039154665614829,
    14.144098492700298,
    14.249826783459367,
    14.356345401822045,
    14.463660255551666,
    14.571777296572597,
    14.680702521300327,
    14.790441970974028,
    14.901001731991624,
    15.012387936247377,
    15.124606761471961,
    15.23766443157507,
    15.351567216990638,
    15.466321435024616,
    15.581933450205334,
    15.698409674636473,
    15.815756568352715,
    15.933980639678042,
    16.053088445586692,
    16.173086592066795,
    16.293981734486803,
    16.415780577964597,
    16.53848987773934,
    16.66211643954616,
    16.786667119993627,
    16.91214882694402,
    17.038568519896437,
    17.1659332103728,
    17.29424996230674,
    17.42352589243538,
    17.553768170694006,
    17.684984020613765,
    17.817180719722298,
    17.950365599947364,
    18.08454604802345,
    18.21972950590152,
    18.35592347116172,
    18.493135497429208,
    18.631373194793106,
    18.77064423022859,
    18.9109563280221,
    19.05231727019973,
    19.194734896958856,
    19.338217107102988,
    19.482771858479836,
    19.62840716842265,
    19.775131114194906,
    19.922951833438297,
    20.071877524624057,
    20.221916447507628,
    20.37307692358683,
    20.525367336563356,
    20.678796132807744,
    20.83337182182782,
    20.98910297674072,
    21.145998234748316,
    21.304066297616252,
    21.463315932156576,
    21.623755970713997,
    21.785395311655726,
    21.948242919864967,
    22.11230782723816,
    22.277599133185927,
    22.44412600513773,
    22.611897679050287,
    22.78092345991987,
    22.95121272229836,
    23.122774910813167,
    23.29561954069104,
    23.469756198285864,
    23.6451945416103,
    23.82194430087142,
    24.000015279010377,
    24.179417352246144,
    24.360160470623235,
    24.54225465856353,
    24.725710015422287,
    24.910536716048288,
    25.096745011348144,
    25.284345228854807,
    25.473347773300375,
    25.663763127193192,
    25.855601851399214,
    26.04887458572769,
    26.243592049521354,
    26.439765042250894,
    26.6374044441139,
    26.836521216638335,
    27.037126403290497,
    27.239231130087493,
    27.442846606214296,
    27.64798412464545,
    27.85465506277143,
    28.062870883029642,
    28.272643133540104,
    28.483983448745988,
    28.6969035500589,
    28.911415246508955,
    29.127530435399688,
    29.345261102968003,
    29.564619325048884,
    29.785617267745156,
    30.00826718810224,
    30.23258143478802,
    30.458572448777662,
    30.686252764043623,
    30.91563500825081,
    31.146731903457002,
    31.37955626681839,
    31.614121011300426,
    31.850439146394027,
    32.08852377883716,
    32.32838811334172,
    32.57004545332584,
    32.81350920165187,
    33.058792861369625,
    33.30591003646529,
    33.55487443261597,
    33.80569985794983,
    34.058400223811965,
    34.31298954553584,
    34.56948194322069,
    34.82789164251467,
    35.088232975403855,
    35.350520381007,
    35.61476840637648,
    35.88099170730511,
    36.149205049138935,
    36.41942330759614,
    36.69166146959214,
    36.96593463407079,
    37.242258012841745,
    37.52064693142416,
    37.80111682989675,
    38.08368326375408,
    38.368361904769266,
    38.65516854186319,
    38.94411908198027,
    39.23522955097062,
    39.52851609447886,
    39.82399497883961,
    40.12168259197971,
    40.4215954443271,
    40.72375016972648,
    41.02816352636188,
    41.33485239768617,
    41.64383379335741,
    41.955124850182195,
    42.26874283306618,
    42.58470513597163,
    42.90302928288203,
    43.2237329287741,
    43.546833860596955,
    43.872349998258656,
    44.20029939561995,
    44.530700241495694,
    44.86357086066366,
    45.19892971488082,
    45.53679540390724,
    45.877186666537774,
    46.220122381641225,
    46.565621569207565,
    46.913703391402656,
    47.264387153631205,
    47.61769230560731,
    47.97363844243333,
    48.33224530568656,
    48.69353278451429,
    49.05752091673667,
    49.42422988995831,
    49.79368004268779,
    50.16589186546564,
    50.54088600200094,
    50.91868325031608,
