{
  "c": 0.05,
  "f1": 0.2465753424657534,
  "prec": 0.15,
  "rec": 0.6923076923076923,
  "tp": 9,
  "fp": 51,
  "fn": 4,
  "tn": 16
}