{
  "cm_at_c1": {
    "TP": 0,
    "TN": 156,
    "FP": 0,
    "FN": 22,
    "precision": 0.0,
    "recall": 0.0,
    "accuracy": 0.8764044943820225,
    "F1": 0.0
  },
  "pr_auc": 0.18581287663548168,
  "roc_auc": 0.6918706293706295,
  "prevalence": 0.12359550561797752,
  "normalized_auprc": 0.07099161564817782,
  "auprg": NaN,
  "ece_rank": 0.37640449438202245,
  "c_grid": [
    7.525406097184376,
    7.573491029714471,
    7.6218832095487725,
    7.670584599899059,
    7.719597176521405,
    7.768922927796333,
    7.818563854809475,
    7.868521971432765,
    7.918799304406126,
    7.969397893419705,
    8.020319791196616,
    8.07156706357621,
    8.123141789597893,
    8.175046061585467,
    8.22728198523201,
    8.2798516796853,
    8.332757277633807,
    8.386000925393171,
    8.439584782993323,
    8.49351102426608,
    8.547781836933352,
    8.602399422695893,
    8.65736599732261,
    8.712683790740474,
    8.768355047124972,
    8.824382024991143,
    8.880766997285226,
    8.937512251476855,
    8.994620089651853,
    9.052092828605641,
    9.109932799937225,
    9.168142350143764,
    9.2267238407158,
    9.285679648233037,
    9.345012164460753,
    9.404723796446852,
    9.464816966619491,
    9.525294112885373,
    9.586157688728644,
    9.647410163310424,
    9.709054021568981,
    9.771091764320547,
    9.833525908360759,
    9.89635898656678,
    9.959593548000043,
    10.023232158009666,
    10.087277398336521,
    10.151731867217984,
    10.216598179493333,
    10.28187896670983,
    10.347576877229482,
    10.41369457633647,
    10.4802347463453,
    10.547200086709603,
    10.614593314131652,
    10.682417162672579,
    10.750674383863288,
    10.819367746816088,
    10.888500038337016,
    10.958074063038918,
    11.028092643455215,
    11.098558620154414,
    11.169474851855329,
    11.240844215543088,
    11.312669606585827,
    11.384953938852155,
    11.457700144829364,
    11.530911175742405,
    11.604590001673616,
    11.678739611683186,
    11.753363013930466,
    11.828463235795965,
    11.904043324004201,
    11.980106344747256,
    12.05665538380922,
    12.13369354669135,
    12.211223958738051,
    12.289249765263692,
    12.367774131680179,
    12.446800243625397,
    12.526331307092416,
    12.606370548559598,
    12.686921215121451,
    12.767986574620386,
    12.849569915779279,
    12.931674548334874,
    13.014303803172092,
    13.097461032459135,
    13.18114960978348,
    13.265372930288754,
    13.350134410812466,
    13.435437490024599,
    13.52128562856716,
    13.607682309194539,
    13.694631036914819,
    13.782135339131937,
    13.870198765788835,
    13.958824889511444,
    14.048017305753628,
    14.137779632943053,
    14.22811551262797,
    14.31902860962497,
    14.410522612167624,
    14.502601232056154,
    14.595268204807986,
    14.688527289809311,
    14.782382270467595,
    14.876836954365045,
    14.971895173413115,
    15.067560784007945,
    15.163837667186804,
    15.260729728785549,
    15.358240899597075,
    15.45637513553079,
    15.55513641777307,
    15.654528752948824,
    15.754556173283998,
    15.85522273676918,
    15.95653252732419,
    16.05848965496381,
    16.1610982559645,
    16.264362493032188,
    16.368286555471162,
    16.472874659354027,
    16.578131047692743,
    16.684059990610734,
    16.79066578551617,
    16.897952757276265,
    17.00592525839277,
    17.114587669178494,
    17.22394439793506,
    17.333999881131728,
    17.444758583585372,
    17.556224998641603,
    17.66840364835709,
    17.781299083682985,
    17.89491588464954,
    18.00925866055196,
    18.124332050137358,
    18.24014072179297,
    18.35668937373548,
    18.47398273420173,
    18.592025561640444,
    18.710822644905328,
    18.830378803449307,
    18.950698887520083,
    19.07178777835689,
    19.19365038838848,
    19.31629166143249,
    19.439716572895954,
    19.563930129977166,
    19.688937371868786,
    19.814743369962333,
    19.941353228053877,
    20.06877208255111,
    20.19700510268172,
    20.326057490703118,
    20.455934482113456,
    20.58664134586403,
    20.718183384573077,
    20.85056593474084,
    20.983794366966105,
    21.117874086164043,
    21.252810531785514,
    21.388609178037722,
    21.525275534106303,
    21.662815144378822,
    21.801233588669696,
    21.940536482446593,
    22.080729477058167,
    22.22181825996343,
    22.36380855496241,
    22.5067061224284,
    22.650516759541595,
    22.795246300524347,
    22.94090061687781,
    23.087485617620143,
    23.235007249526245,
    23.38347149736899,
    23.532884384162053,
    23.683251971404196,
    23.834580359325248,
    23.98687568713354,
    24.140144133265,
    24.294391915633724,
    24.449625291884338,
    24.605850559645795,
    24.763074056786873,
    24.921302161673307,
    25.08054129342654,
    25.240797912184146,
    25.402078519361915,
    25.564389657917566,
    25.72773791261626,
    25.892129910297694,
    26.057572320144903,
    26.22407185395491,
    26.391635266410955,
    26.560269355356535,
    26.72998096207119,
    26.900776971548044,
    27.072664312773114,
    27.245649959006442,
    27.419740928064915,
    27.594944282607063,
    27.77126713041954,
    27.948716624705444,
    28.12729996437458,
    28.307024394335468,
    28.487897205789267,
    28.669925736525588,
    28.853117371220147,
    29.03747954173438,
    29.223019727416958,
    29.40974545540713,
    29.597664300940206,
    29.786783887654824,
    29.97711188790218,
    30.168656023057373,
    30.36142406383262,
    30.55542383059247,
    30.750663193671116,
    30.947150073691656,
    31.144892441887425,
    31.343898320425396,
    31.54417578273162,
    31.745732953818713,
    31.94857801061558,
    32.15271918229901,
    32.35816475062766,
    32.56492305027792,
    32.773002469182124,
    32.98241144886879,
    33.193158484805096,
    33.405252126741544,
    33.61870097905877,
    33.83351370111671,
    34.04969900760573,
    34.267265668900386,
    34.48622251141502,
    34.70657841796199,
    34.92834232811197,
    35.151523238556614,
    35.376130203473544,
    35.60217233489371,
    35.82965880307097,
    36.0585988368542,
    36.28900172406167,
    36.52087681185777,
    36.75423350713234,
    36.98908127688222,
    37.22542964859527,
    37.46328821063701,
    37.70266661263952,
    37.94357456589292,
    38.18602184373938,
    38.43001828196959,
    38.67557377922178,
    38.92269829738333,
    39.17140186199482,
    39.4216945626569,
    39.67358655343953,
    39.92708805329383,
    40.18220934646684,
    40.4389607829186,
    40.69735277874209,
    40.95739581658577,
    41.21910044607889,
    41.48247728425941,
    41.74753701600481,
    42.01429039446544,
    42.2827482415009,
    42.55292144811899,
    42.824820974917515,
    43.09845785252903,
    43.3738431820683,
    43.65098813558262,
    43.92990395650513,
    44.21060196011086,
    44.49309353397584,
    44.77739013843908,
    45.06350330706743,
    45.35144464712357,
    45.64122584003691,
    45.93285864187734,
    46.22635488383235,
    46.52172647268692,
    46.818985391306555,
    47.11814369912342,
    47.4192135326256,
    47.72220710584944,
    48.02713671087509,
    48.33401471832509,
    48.64285357786634,
    48.95366581871514,
    49.26646405014538,
    49.58126096200026,
    49.89806932520696,
    50.216901992294815,
    50.537771897916684,
    50.860692059373726,
    51.18567557714346,
    51.51273563541132,
    51.84188550260534,
    52.17313853193465,
    52.50650816193111,
    52.84200791699441,
    53.1796514079409,
    53.519452332555645,
    53.86142447614818,
    54.205581712111744,
    54.5519380024861,
    54.900507398523985,
    55.25130404126113,
    55.60434216208997,
    55.95963608333692,
    56.317200218843546,
    56.67704907455116,
    57.03919724908943,
    57.40365943436862,
    57.77045041617554,
    58.13958507477347,
    58.511078385505776,
    58.88494541940348,
    59.261201343796664,
