{
  "c": 0.05,
  "f1": 0.40449438202247195,
  "prec": 0.3,
  "rec": 0.6206896551724138,
  "tp": 18,
  "fp": 42,
  "fn": 11,
  "tn": 9
}