{
  "cm_at_c1": {
    "TP": 0,
    "TN": 132,
    "FP": 0,
    "FN": 48,
    "precision": 0.0,
    "recall": 0.0,
    "accuracy": 0.7333333333333333,
    "F1": 0.0
  },
  "pr_auc": 0.4121747544344933,
  "roc_auc": 0.5726799242424243,
  "prevalence": 0.26666666666666666,
  "normalized_auprc": 0.19842011968339995,
  "c_grid": [
    2.9016938765664566,
    2.9248958146902337,
    2.948283275462367,
    2.9718577423215624,
    2.9956207105680965,
    3.0195736874586676,
    3.043718192301991,
    3.068055756555175,
    3.0925879239208527,
    3.117316250445103,
    3.142242304616144,
    3.1673676674638225,
    3.1926939326598966,
    3.2182227066191222,
    3.2439556086011425,
    3.2698942708131966,
    3.296040338513652,
    3.3223954701163545,
    3.3489613372958287,
    3.375739625093301,
    3.4027320320235863,
    3.4299402701828177,
    3.4573660653570495,
    3.485011157131714,
    3.5128772990019668,
    3.5409662584839054,
    3.569279817226684,
    3.5978197711255198,
    3.626587930435603,
    3.6555861198869217,
    3.684816178799999,
    3.7142799612025645,
    3.7439793359471474,
    3.7739161868296174,
    3.8040924127086733,
    3.834509927626282,
    3.86517066092909,
    3.8960765573907916,
    3.9272295773354893,
    3.9586316967620303,
    3.99028490746935,
    4.022191217182798,
    4.054352649681496,
    4.0867712449266955,
    4.119449059191178,
    4.152388165189671,
    4.185590652210335,
    4.219058626247265,
    4.252794210134083,
    4.286799543678588,
    4.321076783798473,
    4.355628104658141,
    4.390455697806612,
    4.425561772316523,
    4.460948554924253,
    4.496618290171163,
    4.532573240545959,
    4.568815686628202,
    4.605347927232964,
    4.642172279556637,
    4.679291079323908,
    4.716706680935917,
    4.754421457619589,
    4.792437801578165,
    4.830758124142943,
    4.869384855926217,
    4.90832044697545,
    4.947567366928685,
    4.987128105171181,
    5.027005170993318,
    5.067201093749757,
    5.107718423019872,
    5.1485597287694675,
    5.189727601513795,
    5.2312246524818535,
    5.273053513782027,
    5.315216838569032,
    5.357717301212206,
    5.400557597465135,
    5.4437404446366475,
    5.487268581763166,
    5.531144769782443,
    5.575371791708684,
    5.619952452809072,
    5.664889580781694,
    5.710186025934915,
    5.75584466136815,
    5.801868383154117,
    5.8482601105225225,
    5.895022786045228,
    5.942159375822895,
    5.9896728696731145,
    6.0375662813200615,
    6.085842648585635,
    6.134505033582158,
    6.183556522906592,
    6.233000227836323,
    6.282839284526505,
    6.33307685420898,
    6.383716123392798,
    6.434760304066321,
    6.486212633900973,
    6.538076376456582,
    6.5903548213884005,
    6.643051284655755,
    6.696169108732375,
    6.749711662818404,
    6.803682343054102,
    6.85808457273526,
    6.912921802530333,
    6.968197510699318,
    7.023915203314368,
    7.080078414482183,
    7.136690706568173,
    7.193755670422412,
    7.251276925607406,
    7.309258120627674,
    7.36770293316117,
    7.426615070292551,
    7.485998268748323,
    7.545856295133838,
    7.6061929461722215,
    7.667012048945193,
    7.728317461135806,
    7.790113071273137,
    7.852402798978936,
    7.915190595216239,
    7.978480442539974,
    8.042276355349573,
    8.106582380143593,
    8.171402595776385,
    8.236741113716816,
    8.302602078309045,
    8.368989667035398,
    8.435908090781343,
    8.503361594102577,
    8.571354455494257,
    8.63989098766238,
    8.708975537797325,
    8.778612487849603,
    8.84880625480779,
    8.919561290978693,
    8.990882084269753,
    9.062773158473709,
    9.13523907355554,
    9.208284425941695,
    9.28191384881164,
    9.356132012391733,
    9.430943624251448,
    9.506353429601981,
    9.582366211597225,
    9.658986791637162,
    9.736220029673675,
    9.814070824518813,
    9.892544114155516,
    9.971644876050831,
    10.05137812747161,
    10.13174892580277,
    10.212762368868061,
    10.294423595253425,
    10.376737784632926,
    10.459710158097284,
    10.543345978485059,
    10.627650550716453,
    10.712629222129795,
    10.798287382820728,
    10.884630465984083,
    10.971663948258499,
    11.059393350073826,
    11.147824236001242,
    11.236962215106226,
    11.326812941304341,
    11.417382113719835,
    11.508675477047158,
    11.60069882191531,
    11.693457985255156,
    11.786958850669642,
    11.881207348806997,
    11.976209457736896,
    12.071971203329651,
    12.168498659638415,
    12.265797949284462,
    12.363875243845529,
    12.462736764247278,
    12.56238878115788,
    12.662837615385754,
    12.764089638280483,
    12.866151272136968,
    12.969028990602748,
    13.072729319088639,
    13.177258835182622,
    13.282624169067079,
    13.388832003939292,
    13.495889076435386,
    13.603802177057615,
    13.712578150605067,
    13.822223896607838,
    13.932746369764645,
    14.044152580383969,
    14.156449594828697,
    14.269644535964336,
    14.38374458361082,
    14.498756974997901,
    14.614689005224205,
    14.731548027719949,
    14.849341454713379,
    14.968076757700882,
    15.087761467920924,
    15.208403176831727,
    15.330009536592824,
    15.452588260550371,
    15.576147123726434,
    15.700693963312142,
    15.826236679164785,
    15.952783234308892,
    16.080341655441327,
    16.208920033440396,
    16.33852652387906,
    16.46916934754222,
    16.60085679094815,
    16.73359720687412,
    16.86739901488618,
    17.002270701873197,
    17.13822082258523,
    17.27525800017606,
    17.413390926750196,
    17.552628363914202,
    17.69297914333242,
    17.834452167287186,
    17.97705640924344,
    18.120800914417938,
    18.265694800352975,
    18.41174725749469,
    18.558967549776003,
    18.70736501520424,
    18.8569490664534,
    19.007729191461202,
    19.15971495403091,
    19.312915994437923,
    19.467342030041266,
    19.62300285589995,
    19.77990834539425,
    19.93806845085199,
    20.09749320417976,
    20.258192717499263,
    20.420177183788702,
    20.583456877529333,
    20.74804215535712,
    20.913943456719668,
    21.081171304538397,
    21.24973630587597,
    21.419649152609107,
    21.59092062210675,
    21.76356157791367,
    21.9375829704395,
    22.11299583765334,
    22.289811305783868,
    22.46804059002505,
    22.64769499524754,
    22.82878591671568,
    23.011324840810374,
    23.195323345757558,
    23.380793102362652,
    23.567745874750806,
    23.756193521113115,
    23.94614799445872,
    24.137621343373002,
    24.33062571278181,
    24.525173344721793,
    24.721276579116896,
    24.918947854561075,
    25.118199709107255,
    25.319044781062605,
    25.521495809790174,
    25.725565636516926,
    25.931267205148256,
    26.138613563088988,
    26.347617862070972,
    26.5582933589873,
    26.77065341673312,
    26.98471150505328,
    27.200481201396673,
    27.417976191777434,
    27.63721027164308,
    27.85819734674945,
    28.0809514340428,
    28.30548666254885,
    28.531817274268988,
    28.75995762508361,
    28.989922185662703,
    29.2217255423837,
    29.455382398256678,
    29.69090757385695,
    29.928316008265124,
    30.167622760014655,
    30.408843008047008,
    30.651992052674427,
    30.897085316550424,
    31.14413834564798,
    31.39316681024575,
    31.64418650592179,
    31.897213354555614,
    32.15226340533804,
    32.40935283578918,
    32.668497952784584,
    32.929715193589516,
    33.19302112690159,
    33.45843245390171,
    33.725966009313346,
    33.99563876247042,
    34.267467818393605,
    34.54147041887526,
    34.817663943573095,
    35.09606591111254,
    35.3766939801979,
    35.659565950732436,
    35.94469976494738,
    36.23211350854011,
    36.52182541182109,
    36.81385385087034,
    37.108217348702986,
    37.40493457644414,
    37.7040243545132,
    38.00550565381758,
    38.30939759695603,
    38.615719459431595,
    38.92449067087415,
    39.23573081627289,
