{
  "c": 0.05,
  "f1": 0.282051282051282,
  "prec": 0.18333333333333332,
  "rec": 0.6111111111111112,
  "tp": 11,
  "fp": 49,
  "fn": 7,
  "tn": 13
}