{
  "cm_at_c1": {
    "TP": 0,
    "TN": 131,
    "FP": 0,
    "FN": 49,
    "precision": 0.0,
    "recall": 0.0,
    "accuracy": 0.7277777777777777,
    "F1": 0.0
  },
  "pr_auc": 0.3582986549818937,
  "roc_auc": 0.6314067611777534,
  "prevalence": 0.2722222222222222,
  "normalized_auprc": 0.11827296104382345,
  "c_grid": [
    1.9014173669877639,
    1.9164493552158772,
    1.931600181461363,
    1.9468707852189946,
    1.9622621134108855,
    1.9777751204452085,
    1.9934107682753774,
    2.0091700264596977,
    2.0250538722214864,
    2.0410632905096726,
    2.0571992740598706,
    2.073462823455941,
    2.0898549471920345,
    2.10637666173513,
    2.1230289915880625,
    2.1398129693530556,
    2.156729635795751,
    2.1737800399097438,
    2.190965238981632,
    2.20828629865658,
    2.225744293004395,
    2.243340304586132,
    2.261075424521222,
    2.278950752555132,
    2.2969673971275597,
    2.315126475441166,
    2.3334291135308542,
    2.351876446333594,
    2.370469617758798,
    2.389209780759255,
    2.4080980974026245,
    2.427135738943495,
    2.4463238858960135,
    2.4656637281070886,
    2.4851564648301725,
    2.5048033047996254,
    2.524605466305669,
    2.544564177269931,
    2.5646806753215903,
    2.5849562078741193,
    2.605392032202636,
    2.6259894155218673,
    2.6467496350647286,
    2.6676739781615235,
    2.688763742319771,
    2.710020235304664,
    2.731444775220161,
    2.7530386905907234,
    2.774803320443695,
    2.796740014392335,
    2.8188501327195072,
    2.8411350464620293,
    2.863596137495691,
    2.8862347986209436,
    2.9090524336492662,
    2.9320504574902158,
    2.9552302962391646,
    2.9785933872657324,
    3.0021411793029147,
    3.0258751325369215,
    3.0497967186977197,
    3.073907421150296,
    3.0982087349866383,
    3.122702167118447,
    3.1473892363705764,
    3.1722714735752175,
    3.1973504216668225,
    3.222627635777783,
    3.2481046833348635,
    3.273783144156392,
    3.2996646105502307,
    3.325750687412509,
    3.3520429923271435,
    3.3785431556661463,
    3.405252820690719,
    3.4321736436531514,
    3.4593072938995295,
    3.486655453973245,
    3.5142198197193326,
    3.5420021003896256,
    3.5700040187487483,
    3.5982273111809424,
    3.6266737277977397,
    3.6553450325464856,
    3.684243003319719,
    3.713369432065422,
    3.7427261248981334,
    3.77231490221095,
    3.8021375987884007,
    3.8321960639202293,
    3.862492161516061,
    3.8930277702209883,
    3.9238047835320575,
    3.9548251099156904,
    3.9860906729260246,
    4.017603411324191,
    4.049365279198538,
    4.0813782460858,
    4.113644297093229,
    4.146165433021693,
    4.17894367048974,
    4.211981042058648,
    4.2452795963584675,
    4.278841398215051,
    4.3126685287780955,
    4.346763085650187,
    4.381127183016881,
    4.415762951777797,
    4.450672539678752,
    4.485858111444949,
    4.521321848915199,
    4.557065951177226,
    4.5930926347040275,
    4.629404133491315,
    4.6660026991960475,
    4.702890601276049,
    4.740070127130744,
    4.77754358224299,
    4.815313290322046,
    4.8533815934476605,
    4.8917508522153055,
    4.930423445882552,
    4.969401772516612,
    5.008688249143033,
    5.048285311895585,
    5.088195416167322,
    5.128421036762835,
    5.168964668051716,
    5.209828824123237,
    5.251016038942239,
    5.292528866506268,
    5.334369881003947,
    5.376541676974594,
    5.419046869469116,
    5.461888094212163,
    5.505068007765565,
    5.548589287693071,
    5.592454632726376,
    5.636666762932475,
    5.681228419882327,
    5.726142366820862,
    5.771411388838323,
    5.817038293042978,
    5.863025908735176,
    5.909377087582803,
    5.9560947037980965,
    6.003181654315887,
    6.050640858973233,
    6.098475260690471,
    6.146687825653716,
    6.195281543498783,
    6.244259427496579,
    6.293624514739951,
    6.343379866332017,
    6.393528567575982,
    6.444073728166455,
    6.49501848238228,
    6.546365989280894,
    6.598119432894216,
    6.650282022426086,
    6.702856992451268,
    6.755847603116024,
    6.809257140340274,
    6.863088916021352,
    6.91734626823938,
    6.972032561464253,
    7.027151186764276,
    7.082705562016436,
    7.138699132118349,
    7.1951353692018705,
    7.2520177728484025,
    7.309349870305902,
    7.367135216707604,
    7.425377395292473,
    7.48408001762739,
    7.543246723831119,
    7.602881182800018,
    7.662987092435548,
    7.723568179873579,
    7.784628201715505,
    7.846170944261193,
    7.908200223743766,
    7.970719886566244,
    8.033733809540065,
    8.097245900125477,
    8.16126009667384,
    8.22578036867184,
    8.290810716987638,
    8.356355174118956,
    8.422417804443137,
    8.489002704469172,
    8.556114003091713,
    8.623755861847123,
    8.691932475171516,
    8.760648070660855,
    8.829906909333104,
    8.899713285892451,
    8.970071528995623,
    9.0409860015203,
    9.112461100835658,
    9.184501259075036,
    9.257110943410794,
    9.330294656331295,
    9.404056935920122,
    9.478402356137465,
    9.553335527103762,
    9.628861095385565,
    9.704983744283673,
    9.781708194123542,
    9.859039202547981,
    9.936981564812184,
    10.01554011408108,
    10.094719721729016,
    10.174525297641855,
    10.254961790521422,
    10.336034188192365,
    10.41774751791146,
    10.50010684667934,
    10.5831172815547,
    10.666783969970982,
    10.751112100055567,
    10.836106900951483,
    10.921773643141668,
    11.008117638775783,
    11.095144241999623,
    11.18285884928712,
    11.271266899774975,
    11.360373875599937,
    11.450185302238749,
    11.540706748850779,
    11.63194382862336,
    11.72390219911986,
    11.81658756263051,
    11.910005666525988,
    12.004162303613834,
    12.099063312497616,
    12.194714577939031,
    12.29112203122278,
    12.388291650524376,
    12.48622946128085,
    12.584941536564372,
    12.68443399745886,
    12.784713013439527,
    12.88578480275546,
    12.987655632815185,
    13.090331820575347,
    13.193819732932388,
    13.29812578711737,
    13.403256451093894,
    13.509218243959186,
    13.616017736348336,
    13.723661550841742,
    13.83215636237577,
    13.941508898656666,
    14.051725940577738,
    14.162814322639834,
    14.274780933375144,
    14.387632715774359,
    14.5013766677172,
    14.616019842406349,
    14.731569348804824,
    14.84803235207679,
    14.965416074031877,
    15.083727793572994,
    15.202974847147694,
    15.323164629203102,
    15.44430459264444,
    15.56640224929718,
    15.689465170372843,
    15.813500986938495,
    15.938517390389944,
    16.06452213292865,
    16.191523028042493,
    16.31952795099023,
    16.44854483928987,
    16.57858169321085,
    16.709646576270142,
    16.84174761573227,
    16.97489300311327,
    17.109090994688646,
    17.244349912005315,
    17.38067814239767,
    17.51808413950763,
    17.656576423808865,
    17.796163583135147,
    17.936854273212866,
    18.078657218197776,
    18.221581211215977,
    18.365635114909164,
    18.510827861984204,
    18.657168455767035,
    18.804665970760976,
    18.953329553209418,
    19.10316842166298,
    19.25419186755115,
    19.40640925575844,
    19.559830025205105,
    19.714463689432424,
    19.870319837192657,
    20.027408133043618,
    20.185738317947976,
    20.345320209877293,
    20.506163704420825,
    20.668278775399138,
    20.83167547548259,
    20.99636393681468,
    21.16235437164035,
    21.329657072939234,
    21.498282415063912,
    21.668240854383257,
    21.83954292993073,
    22.012199264058033,
    22.18622056309371,
    22.36161761800706,
    22.538401305077283,
    22.71658258656791,
    22.89617251140657,
    23.07718221587012,
    23.25962292427521,
    23.443505949674286,
    23.628842694557125,
    23.81564465155787,
    24.003923404167715,
    24.193690627453158,
    24.384958088779985,
    24.57773764854296,
    24.772041260901275,
    24.967880974519815,
