{
  "c": 0.05,
  "f1": 0.5957446808510638,
  "prec": 0.4666666666666667,
  "rec": 0.8235294117647058,
  "tp": 28,
  "fp": 32,
  "fn": 6,
  "tn": 14
}