{
  "cm_at_c1": {
    "TP": 0,
    "TN": 108,
    "FP": 0,
    "FN": 72,
    "precision": 0.0,
    "recall": 0.0,
    "accuracy": 0.6,
    "F1": 0.0
  },
  "pr_auc": 0.4281951348028927,
  "roc_auc": 0.5503472222222222,
  "prevalence": 0.4,
  "normalized_auprc": 0.04699189133815442,
  "c_grid": [
    5.13811242244665,
    5.17333782899128,
    5.208804730692928,
    5.244514783172256,
    5.280469653400376,
    5.316671019776677,
    5.3531205722071595,
    5.3898200121833355,
    5.4267710528616435,
    5.463975419143425,
    5.5014348477554496,
    5.539151087330975,
    5.577125898491385,
    5.615361053928368,
    5.653858338486677,
    5.692619549247439,
    5.731646495612046,
    5.770940999386626,
    5.810504894867073,
    5.850340028924688,
    5.89044826109238,
    5.93083146365148,
    5.971491521719134,
    6.0124303333363,
    6.053649809556362,
    6.095151874534321,
    6.136938465616636,
    6.179011533431643,
    6.2213730419806215,
    6.264024968729476,
    6.306969304701038,
    6.35020805456802,
    6.39374323674658,
    6.437576883490561,
    6.481711040986337,
    6.526147769448351,
    6.5708891432152745,
    6.615937250846838,
    6.661294195221339,
    6.706962093633791,
    6.752943077894774,
    6.7992392944299365,
    6.845852904380196,
    6.892786083702634,
    6.940041023272052,
    6.98761992898326,
    7.035525021854037,
    7.083758538128816,
    7.132322729383073,
    7.181219862628437,
    7.230452220418501,
    7.280022100955384,
    7.329931818197021,
    7.380183701965158,
    7.43078009805413,
    7.481723368340355,
    7.533015890892586,
    7.584660060082933,
    7.636658286698616,
    7.689012998054521,
    7.741726638106493,
    7.794801667565431,
    7.848240564012154,
    7.902045822013058,
    7.956219953236556,
    8.010765486570332,
    8.065684968239394,
    8.120980961924921,
    8.176656048883956,
    8.232712828069882,
    8.28915391625375,
    8.345981948146449,
    8.403199576521658,
    8.46080947233972,
    8.518814324872299,
    8.577216841827923,
    8.636019749478388,
    8.695225792786015,
    8.75483773553179,
    8.814858360444378,
    8.875290469330023,
    8.936136883203343,
    8.997400442419007,
    9.059084006804337,
    9.121190455792794,
    9.183722688558404,
    9.246683624151084,
    9.310076201632913,
    9.373903380215326,
    9.438168139397245,
    9.502873479104181,
    9.56802241982826,
    9.633618002769225,
    9.699663289976394,
    9.766161364491616,
    9.833115330493174,
    9.900528313440699,
    9.968403460221062,
    10.03674393929528,
    10.10555294084641,
    10.174833676928493,
    10.24458938161647,
    10.314823311157157,
    10.38553874412126,
    10.456738981556402,
    10.528427347141252,
    10.600607187340634,
    10.673281871561771,
    10.746454792311555,
    10.82012936535494,
    10.894309029874355,
    10.968997248630268,
    11.04419750812283,
    11.119913318754621,
    11.196148214994519,
    11.272905755542713,
    11.350189523496786,
    11.428003126518997,
    11.506350197004709,
    11.585234392251918,
    11.664659394631991,
    11.744628911761572,
    11.825146676675644,
    11.906216448001786,
    11.987842010135656,
    12.070027173417614,
    12.152775774310609,
    12.236091675579262,
    12.319978766470202,
    12.404440962893588,
    12.48948220760593,
    12.575106470394122,
    12.661317748260776,
    12.748120065610777,
    12.83551747443919,
    12.92351405452035,
    13.01211391359835,
    13.1013211875788,
    13.191140040721857,
    13.281574665836642,
    13.372629284476961,
    13.464308147138365,
    13.55661553345656,
    13.649555752407213,
    13.743133142507059,
    13.837352072016445,
    13.932216939143238,
    14.027732172248166,
    14.123902230051485,
    14.220731601841148,
    14.318224807682371,
    14.41638639862861,
    14.515220956934044,
    14.614733096267438,
    14.714927461927532,
    14.815808731059882,
    14.917381612875216,
    15.019650848869222,
    15.122621213043912,
    15.226297512130468,
    15.330684585813628,
    15.435787306957593,
    15.54161058183353,
    15.648159350348552,
    15.75543858627634,
    15.863453297489349,
    15.972208526192528,
    16.081709349158725,
    16.19196087796567,
    16.30296825923459,
    16.41473667487044,
    16.527271342303816,
    16.64057751473452,
    16.754660481376735,
    16.869525567705992,
    16.98517813570771,
    17.101623584127534,
    17.218867348723347,
    17.33691490251899,
    17.45577175605979,
    17.575443457669746,
    17.69593559371059,
    17.8172537888425,
    17.939403706286683,
    18.062391048089783,
    18.18622155538999,
    18.31090100868508,
    18.436435228102233,
    18.562830073669744,
    18.690091445590554,
    18.81822528451767,
    18.94723757183153,
    19.077134329919126,
    19.20792162245523,
    19.339605554685388,
    19.472192273710935,
    19.605687968775946,
    19.740098871556164,
    19.87543125644989,
    20.01169144087086,
    20.1488857855432,
    20.287020694798276,
    20.426102616873724,
    20.566138044214394,
    20.707133513775467,
    20.849095607327587,
    20.992030951764114,
    21.135946219410446,
    21.280848128335517,
    21.426743442665405,
    21.573638972899055,
    21.7215415762262,
    21.87045815684752,
    22.020395666296842,
    22.171361103765722,
    22.32336151643012,
    22.4764039997794,
    22.630495697947534,
    22.785643804046597,
    22.941855560502578,
    23.099138259393396,
    23.25749924278938,
    23.41694590309593,
    23.57748568339863,
    23.73912607781072,
    23.901874631822885,
    24.06573894265551,
    24.2307266596133,
    24.396845484442412,
    24.56410317168989,
    24.732507529065746,
    24.90206641780735,
    25.072787753046445,
    25.244679504178613,
    25.417749695235305,
    25.592006405258395,
    25.76745776867733,
    25.94411197568882,
    26.12197727263923,
    26.301061962409428,
    26.481374404802473,
    26.662923016933767,
    26.845716273624024,
    27.029762707794866,
    27.215070910867155,
    27.401649533162022,
    27.589507284304695,
    27.77865293363109,
    27.969095310597094,
    28.16084330519083,
    28.353905868347564,
    28.548292012367575,
    28.744010811336874,
    28.941071401550754,
    29.139482981940304,
    29.339254814501793,
    29.540396224729097,
    29.74291660204892,
    29.946825400259147,
    30.152132137970213,
    30.358846399049316,
    30.5669778330679,
    30.776536155752055,
    30.98753114943607,
    31.199972663519084,
    31.41387061492483,
    31.62923498856464,
    31.846075837803443,
    32.06440328492917,
    32.28422752162518,
    32.50555880944607,
    32.72840748029666,
    32.95278393691432,
    33.17869865335458,
    33.406162175480006,
    33.63518512145261,
    33.865778182229356,
    34.097952122061386,
    34.33171777899636,
    34.56708606538445,
    34.80406796838778,
    35.0426745504932,
    35.28291695002881,
    35.52480638168383,
    35.76835413703212,
    36.01357158505933,
    36.26047017269352,
    36.509061425339645,
    36.7593569474174,
    37.01136842290306,
    37.26510761587484,
    37.520586371062045,
    37.777816614398034,
    38.03681035357685,
    38.29757967861387,
    38.560136762410046,
    38.82449386132024,
    39.090663315725315,
    39.35865755060817,
    39.628489076133825,
    39.90017048823332,
    40.17371446919177,
    40.44913378824031,
    40.72644130215229,
    41.005649955843296,
    41.2867727829755,
    41.56982290656613,
    41.854813539599974,
    42.14175798564619,
    42.43066963947936,
    42.72156198770476,
    43.01444860938789,
    43.30934317668839,
    43.60625945549829,
    43.90521130608451,
    44.20621268373601,
    44.50927763941511,
    44.814420320413454,
    45.121654971012404,
    45.430995933148,
    45.7424576470804,
    46.056054652068,
    46.37180158704618,
    46.68971319131052,
    47.009804305205016,
    47.332089870814706,
    47.65658493266322,
    47.98330463841509,
    48.31226423958283,
    48.64347909223889,
