{
  "c": 0.05,
  "f1": 0.2950819672131147,
  "prec": 0.225,
  "rec": 0.42857142857142855,
  "tp": 9,
  "fp": 31,
  "fn": 12,
  "tn": 28
}