{
  "cm_at_c1": {
    "TP": 0,
    "TN": 152,
    "FP": 0,
    "FN": 48,
    "precision": 0.0,
    "recall": 0.0,
    "accuracy": 0.76,
    "F1": 0.0
  },
  "pr_auc": 0.3298596655862727,
  "roc_auc": 0.5646929824561404,
  "prevalence": 0.24,
  "normalized_auprc": 0.11823640208720096,
  "c_grid": [
    2.214415227979262,
    2.234623916207242,
    2.255017028329501,
    2.2755962473930738,
    2.2963632718044313,
    2.317319815469653,
    2.3384676079358746,
    2.3598083945340274,
    2.3813439365228826,
    2.4030760112344063,
    2.425006412220444,
    2.447136949400743,
    2.469469449212324,
    2.4920057547602195,
    2.514747725969583,
    2.5376972397391913,
    2.560856190096344,
    2.584226488353177,
    2.607810063264407,
    2.631608861186506,
    2.6556248462383416,
    2.6798600004632704,
    2.704316323992718,
    2.728995835211251,
    2.753900570923155,
    2.779032586520531,
    2.8043939561529276,
    2.8299867728985215,
    2.855813148936859,
    2.8818752157231744,
    2.9081751241643015,
    2.9347150447961843,
    2.9614971679630155,
    2.988523703998005,
    3.015796883405796,
    3.0433189570465538,
    3.0710921963217266,
    3.0991188933615055,
    3.1274013612139937,
    3.155941934036105,
    3.1847429672861973,
    3.213806837918477,
    3.2431359445791594,
    3.2727327078044386,
    3.3025995702202495,
    3.3327389967438577,
    3.363153474787295,
    3.3938455144626376,
    3.4248176487891744,
    3.4560724339024533,
    3.4876124492652374,
    3.519440297880395,
    3.5515586065057176,
    3.5839700258707152,
    3.616677230895375,
    3.649682920910925,
    3.6829898198826134,
    3.7166006766345103,
    3.7505182650763778,
    3.784745384432595,
    3.819284859473182,
    3.854139540746923,
    3.889312304816632,
    3.9248060544965453,
    3.9606237190919003,
    3.996768254640687,
    4.03324264415761,
    4.070049897880279,
    4.107193053517642,
    4.144675176500694,
    4.18249936023546,
    4.220668726358296,
    4.259186424993522,
    4.298055635013398,
    4.33727956430048,
    4.376861450012366,
    4.41680455884886,
    4.457112187321569,
    4.49778766202597,
    4.538834339915952,
    4.580255608580867,
    4.62205488652511,
    4.664235623450241,
    4.706801300539698,
    4.749755430746098,
    4.793101559081158,
    4.83684326290827,
    4.880984152237738,
    4.92552787002471,
    4.970478092469841,
    5.015838529322683,
    5.061612924187855,
    5.107805054833997,
    5.15441873350556,
    5.2014578072374205,
    5.248926158172386,
    5.296827703881585,
    5.345166397687782,
    5.393946228991651,
    5.443171223601018,
    5.492845444063113,
    5.542972989999854,
    5.5935579984461885,
    5.644604644191519,
    5.696117140124256,
    5.748099737579506,
    5.800556726689935,
    5.853492436739833,
    5.906911236522411,
    5.960817534700355,
    6.015215780169683,
    6.0701104624269036,
    6.125506111939541,
    6.1814073005200285,
    6.2378186417030275,
    6.294744791126181,
    6.352190446914347,
    6.410160350067328,
    6.468659284851153,
    6.527692079192924,
    6.587263605079259,
    6.647378778958387,
    6.7080425621458994,
    6.769259961234205,
    6.831036028505728,
    6.89337586234987,
    6.956284607683793,
    7.019767456377018,
    7.083829647679908,
    7.148476468656079,
    7.213713254618732,
    7.279545389570975,
    7.345978306650178,
    7.413017488576354,
    7.480668468104662,
    7.548936828482025,
    7.617828203907906,
    7.687348279999311,
    7.757502794260021,
    7.8282975365541025,
    7.899738349583758,
    7.971831129371509,
    8.044581825746814,
    8.117996442837098,
    8.192081039563272,
    8.266841730139788,
    8.34228468457923,
    8.418416129201542,
    8.495242347147885,
    8.572769678899167,
    8.651004522799353,
    8.729953335583499,
    8.809622632910635,
    8.89001898990151,
    8.97114904168122,
    9.05301948392683,
    9.13563707341995,
    9.219008628604382,
    9.303141030148842,
    9.388041221514834,
    9.473716209529679,
    9.560173064964806,
    9.647418923119288,
    9.735460984408732,
    9.824306514959527,
    9.913962847208515,
    10.004437380508143,
    10.09573758173713,
    10.187870985916705,
    10.28084519683249,
    10.374667887662028,
    10.469346801608038,
    10.564889752537512,
    10.66130462562653,
    10.758599378011072,
    10.856782039443713,
    10.955860712956289,
    11.055843575528705,
    11.156738878763706,
    11.258554949567941,
    11.361300190839168,
    11.464983082159717,
    11.569612180496376,
    11.675196120906524,
    11.78174361725084,
    11.889263462912439,
    11.997764531522567,
    12.107255777693014,
    12.217746237755048,
    12.329245030505255,
    12.441761357958091,
    12.555304506105301,
    12.669883845682358,
    12.785508832941751,
    12.902189010433476,
    13.019934007792559,
    13.138753542533763,
    13.258657420853655,
    13.379655538439817,
    13.501757881287606,
    13.624974526524285,
    13.749315643240656,
    13.87479149333039,
    14.00141243233685,
    14.12918891030781,
    14.258131472657869,
    14.388250761038767,
    14.519557514217652,
    14.652062568963325,
    14.78577686094064,
    14.920711425612998,
    15.05687739915312,
    15.194286019362114,
    15.332948626596908,
    15.472876664706222,
    15.614081681974985,
    15.756575332077448,
    15.900369375038945,
    16.045475678206433,
    16.191906217227977,
    16.339673077041006,
    16.488788452869755,
    16.639264651231723,
    16.791114090953293,
    16.94434930419475,
    17.09898293748444,
    17.2550277527626,
    17.412496628434546,
    17.57140256043352,
    17.731758663293316,
    17.893578171230526,
    18.056874439236847,
    18.221660944181234,
    18.38795128592212,
    18.555759188429903,
    18.725098500919476,
    18.89598319899329,
    19.06842738579473,
    19.24244529317203,
    19.4180512828529,
    19.5952598476297,
    19.774085612555616,
    19.954543336151655,
    20.136647911624593,
    20.320414368096255,
    20.50585787184372,
    20.692993727551098,
    20.881837379572605,
    21.07240441320713,
    21.26471055598462,
    21.45877167896392,
    21.65460379804274,
    21.852223075279376,
    22.05164582022661,
    22.25288849127773,
    22.45596769702479,
    22.660900197629417,
    22.86770290620596,
    23.076392890217353,
    23.286987372883708,
    23.499503734603703,
    23.713959514389053,
    23.93037241131197,
    24.148760285965885,
    24.369141161939474,
    24.591533227304133,
    24.81595483611509,
    25.042424509926132,
    25.270960939318204,
    25.50158298544194,
    25.734309681574288,
    25.969160234689287,
    26.2061540270433,
    26.44531061777457,
    26.686649744517467,
    26.930191325031437,
    27.175955458844783,
    27.423962428913537,
    27.6742327032954,
    27.92678693683894,
    28.181645972888305,
    28.438830845003324,
    28.698362778695525,
    28.960263193179824,
    29.224553703142252,
    29.491256120523847,
    29.76039245632073,
    30.031984922400778,
    30.3060559333367,
    30.582628108255943,
    30.861724272707452,
    31.143367460545416,
    31.427580915830355,
    31.71438809474737,
    32.003812667542036,
    32.29587852047388,
    32.590609757787746,
    32.888030703703066,
    33.188165904421425,
    33.491040130152314,
    33.79667837715743,
    34.105105869813606,
    34.41634806269459,
    34.730430642671834,
    35.04737953103442,
    35.36722088562837,
    35.68998110301543,
    36.01568682065154,
    36.34436491908535,
    36.67604252417658,
    37.01074700933475,
    37.34850599777832,
    37.68934736481438,
    38.033299240139314,
    38.38039001016026,
    38.73064832033787,
    39.084103077550445,
    39.4407834524796,
    39.8007188820177,
    40.16393907169736,
    40.530473998143,
    40.900353911544855,
    41.27360933815549,
    41.650271082809105,
    42.03037023146398,
    42.41393815376792,
    42.8010065056472,
    43.191607231919164,
    43.58577256892857,
