{
  "c": 0.05,
  "f1": 0.6458333333333335,
  "prec": 0.5166666666666667,
  "rec": 0.8611111111111112,
  "tp": 31,
  "fp": 29,
  "fn": 5,
  "tn": 15
}