{
  "cm_at_c1": {
    "TP": 0,
    "TN": 125,
    "FP": 0,
    "FN": 55,
    "precision": 0.0,
    "recall": 0.0,
    "accuracy": 0.6944444444444444,
    "F1": 0.0
  },
  "pr_auc": 0.3194152790747365,
  "roc_auc": 0.5373090909090908,
  "prevalence": 0.3055555555555556,
  "normalized_auprc": 0.019958001867620513,
  "auprg": NaN,
  "ece_rank": 0.28032535297728667,
  "c_grid": [
    3.5367063070655322,
    3.561951384877449,
    3.5873766625415424,
    3.612983426327834,
    3.6387729716877626,
    3.664746603319725,
    3.6909056352350786,
    3.717251390824624,
    3.743785202925546,
    3.7705084138888485,
    3.7974223756472645,
    3.8245284497836467,
    3.851828007599852,
    3.8793224301861198,
    3.907013108490935,
    3.9349014433914005,
    3.962988845764106,
    3.991276736556509,
    4.019766546858814,
    4.0484597179763755,
    4.077357701502613,
    4.106461959392451,
    4.1357739640362725,
    4.165295198334412,
    4.19502715577218,
    4.224971340495407,
    4.255129267386548,
    4.285502462141322,
    4.316092461345888,
    4.346900812554589,
    4.37792907436824,
    4.4091788165129815,
    4.440651619919686,
    4.472349076803942,
    4.504272790746603,
    4.536424376774916,
    4.568805461444223,
    4.601417682920245,
    4.634262691061968,
    4.667342147505099,
    4.700657725746134,
    4.734211111227019,
    4.768004001420418,
    4.802038105915585,
    4.836315146504859,
    4.870836857270763,
    4.905604984673737,
    4.940621287640484,
    4.975887537652966,
    5.011405518838014,
    5.047177028057592,
    5.083203874999697,
    5.119487882269919,
    5.156030885483635,
    5.192834733358885,
    5.229901287809893,
    5.267232424041262,
    5.304830030642839,
    5.342696009685269,
    5.380832276816205,
    5.419240761357238,
    5.457923406401486,
    5.4968821689119105,
    5.536119019820308,
    5.575635944127025,
    5.615434941001376,
    5.6555180238827925,
    5.695887220582668,
    5.736544573386953,
    5.777492139159482,
    5.8187319894460146,
    5.860266210579047,
    5.902096903783359,
    5.944226185282311,
    5.986656186404906,
    6.0293890536936185,
    6.072426949012981,
    6.115772049658957,
    6.15942654846909,
    6.2033926539334425,
    6.247672590306322,
    6.292268597718802,
    6.337182932292058,
    6.382417866251504,
    6.427975688041737,
    6.473858702442319,
    6.520069230684375,
    6.56660961056802,
    6.6134821965806285,
    6.66068936001596,
    6.708233489094101,
    6.7561169890823125,
    6.804342282416697,
    6.852911808824742,
    6.901828025448769,
    6.951093406970225,
    7.000710445734877,
    7.05068165187891,
    7.101009553455906,
    7.151696696564742,
    7.202745645478402,
    7.254158982773693,
    7.30593930946191,
    7.358089245120418,
    7.410611428025172,
    7.4635085152841905,
    7.51678318297199,
    7.570438126264942,
    7.624476059577655,
    7.678899716700273,
    7.7337118509367855,
    7.788915235244326,
    7.844512662373443,
    7.900506945009393,
    7.956900915914441,
    8.013697428071154,
    8.070899354826746,
    8.128509590038448,
    8.186531048219885,
    8.244966664688546,
    8.303819395714276,
    8.363092218668816,
    8.42278813217646,
    8.482910156265737,
    8.543461332522186,
    8.604444724242256,
    8.66586341658826,
    8.727720516744458,
    8.790019154074253,
    8.852762480278503,
    8.915953669554968,
    8.979595918758893,
    9.043692447564737,
    9.108246498629056,
    9.173261337754559,
    9.238740254055301,
    9.304686560123114,
    9.371103592195169,
    9.437994710322753,
    9.505363298541276,
    9.573212765041456,
    9.64154654234173,
    9.710368087461939,
    9.779680882098178,
    9.849488432798967,
    9.919794271142635,
    9.990601953915986,
    10.06191506329423,
    10.133737207022218,
    10.206072018596965,
    10.27892315745143,
    10.352294309139706,
    10.426189185523413,
    10.500611524959536,
    10.575565092489505,
    10.651053680029701,
    10.727081106563277,
    10.803651218333348,
    10.8807678890376,
    10.95843502002425,
    11.036656540489394,
    11.115436407675828,
    11.194778607073218,
    11.274687152619716,
    11.355166086905061,
    11.436219481375074,
    11.517851436537619,
    11.600066082170079,
    11.682867577528269,
    11.766260111556836,
    11.85024790310121,
    11.934835201121023,
    12.020026284905043,
    12.105825464287703,
    12.192237079867118,
    12.279265503224654,
    12.366915137146133,
    12.455190415844543,
    12.54409580518436,
    12.633635802907477,
    12.723814938860798,
    12.814637775225318,
    12.906108906746972,
    12.998232960969117,
    13.091014598466566,
    13.184458513081411,
    13.278569432160491,
    13.37335211679454,
    13.468811362059027,
    13.564951997256784,
    13.6617788861623,
    13.759296927267762,
    13.857511054030901,
    13.956426235124573,
    14.056047474688091,
    14.156379812580434,
    14.257428324635194,
    14.359198122917332,
    14.461694355981857,
    14.564922209134258,
    14.668886904692815,
    14.773593702252837,
    14.879047898952726,
    14.98525482974194,
    15.092219867650927,
    15.199948424062937,
    15.308445948987746,
    15.417717931337437,
    15.527769899204046,
    15.638607420139225,
    15.75023610143591,
    15.862661590412046,
    15.975889574696195,
    16.089925782515323,
    16.204775982984643,
    16.320445986399363,
    16.436941644528716,
    16.55426885091197,
    16.672433541156614,
    16.79144169323858,
    16.911299327804727,
    17.032012508477422,
    17.15358734216125,
    17.276029979352025,
    17.399346614447925,
    17.523543486062827,
    17.648626877341986,
    17.774603116279867,
    17.901478576040255,
    18.02925967527873,
    18.157952878467356,
    18.287564696221697,
    18.418101685630244,
    18.549570450586117,
    18.681977642121115,
    18.815329958742264,
    18.949634146770663,
    19.084897000682748,
    19.221125363454096,
    19.358326126905567,
    19.496506232051956,
    19.63567266945314,
    19.775832479567818,
    19.91699275310955,
    20.059160631405547,
    20.202343306758014,
    20.346548022807887,
    20.49178207490136,
    20.638052810458966,
    20.785367629347277,
    20.933733984253212,
    21.083159381061154,
    21.23365137923263,
    21.385217592188713,
    21.537865687695263,
    21.691603388250794,
    21.846438471477132,
    22.00237877051295,
    22.159432174410025,
    22.317606628532285,
    22.476910134957873,
    22.637350752883904,
    22.798936599034175,
    22.96167584806984,
    23.12557673300295,
    23.290647545612917,
    23.45689663686606,
    23.624332417338067,
    23.792963357639454,
    23.962797988844102,
    24.133844902920934,
    24.306112753168446,
    24.479610254652535,
    24.65434618464749,
    24.830329383079874,
    25.007568752975832,
    25.1860732609115,
    25.365851937466616,
    25.546913877681323,
    25.72926824151638,
    25.912924254316525,
    26.09789120727714,
    26.284178457914383,
    26.47179543053853,
    26.66075161673075,
    26.851056575823314,
    27.042719935383214,
    27.235751391699143,
    27.430160710272144,
    27.625957726309583,
    27.823152345222695,
    28.021754543127763,
    28.22177436735079,
    28.423221936935736,
    28.62610744315654,
    28.83044115003264,
    29.03623339484822,
    29.243494588675222,
    29.452235216900032,
    29.662465839753885,
    29.874197092847147,
    30.08743968770746,
    30.302204412321466,
    30.51850213168067,
    30.736343788331176,
    30.955740402927113,
    31.176703074788254,
    31.39924298246158,
    31.623371384286735,
    31.849099618965578,
    32.07643910613588,
    32.305401346949004,
    32.53599792465171,
    32.76824050517225,
    33.002140837710485,
    33.23771075533225,
    33.47496217556808,
    33.71390710101607,
    33.95455761994905,
    34.19692590692621,
    34.44102422340899,
    34.686864918381325,
    34.93446042897449,
    35.18382328109623,
    35.43496609006443,
