{
  "cm_at_c1": {
    "TP": 0,
    "TN": 87,
    "FP": 0,
    "FN": 33,
    "precision": 0.0,
    "recall": 0.0,
    "accuracy": 0.725,
    "F1": 0.0
  },
  "pr_auc": 0.2889029180639715,
  "roc_auc": 0.5149773598049461,
  "prevalence": 0.275,
  "normalized_auprc": 0.019176438708926182,
  "c_grid": [
    2.2493965286411717,
    2.2677453139087222,
    2.286243773951932,
    2.3048931296984083,
    2.323694612035111,
    2.3426494618895974,
    2.3617589303119217,
    2.381024278557209,
    2.4004467781688987,
    2.42002771106267,
    2.4397683696110466,
    2.459670056728701,
    2.4797340859584436,
    2.499961781557922,
    2.5203544785870218,
    2.540913522995985,
    2.561640271714243,
    2.582536092739977,
    2.603602365230408,
    2.624840479592822,
    2.6462518375763415,
    2.6678378523644413,
    2.689599948668221,
    2.7115395628204397,
    2.733658142870314,
    2.7559571486790935,
    2.7784380520164125,
    2.8011023366574297,
    2.8239514984807603,
    2.8469870455672055,
    2.8702104982992886,
    2.893623389461602,
    2.917227264341975,
    2.9410236808334638,
    2.9650142095371748,
    2.989200433865927,
    3.0135839501487616,
    3.0381663677362996,
    3.0629493091069624,
    3.087934409974058,
    3.113123319393742,
    3.1385176998738546,
    3.164119227483653,
    3.1899295919644306,
    3.215950496841045,
    3.242183659534354,
    3.268630811474565,
    3.2952936982155143,
    3.322174079549878,
    3.3492737296253163,
    3.376594437061575,
    3.4041380050685355,
    3.431906251565226,
    3.459901009299814,
    3.488124125970566,
    3.516577464347796,
    3.5452629023968196,
    3.574182333401893,
    3.603337666091182,
    3.632730824762731,
    3.66236374941148,
    3.6922383958573013,
    3.722356735874085,
    3.752720757319887,
    3.7833324642681223,
    3.8141938771398416,
    3.845307032837081,
    3.876673984877303,
    3.9082968035289265,
    3.940177575947975,
    3.972318406315824,
    4.00472141597809,
    4.037388743584633,
    4.070322545230717,
    4.103524994599314,
    4.13699828310457,
    4.170744620036443,
    4.204766232706517,
    4.239065366595011,
    4.273644285498984,
    4.308505271681747,
    4.343650626023496,
    4.379082668173179,
    4.41480373670159,
    4.450816189255722,
    4.487122402714369,
    4.523724773345019,
    4.560625716961994,
    4.5978276690859055,
    4.6353330851044054,
    4.673144440434243,
    4.711264230684639,
    4.749694971822016,
    4.78843920033604,
    4.82749947340704,
    4.866878369074789,
    4.906578486408653,
    4.946602445679134,
    4.986952888530813,
    5.027632478156711,
    5.068643899474049,
    5.109989859301465,
    5.15167308653767,
    5.193696332341557,
    5.23606237031378,
    5.278773996679819,
    5.321834030474536,
    5.365245313728229,
    5.409010711654222,
    5.453133112837965,
    5.497615429427683,
    5.542460597326594,
    5.58767157638667,
    5.633251350604002,
    5.679202928315739,
    5.725529342398657,
    5.772233650469318,
    5.819318935085885,
    5.866788303951579,
    5.914644890119788,
    5.962891852200848,
    6.01153237457053,
    6.060569667580205,
    6.1100069677687285,
    6.159847538076067,
    6.210094668058652,
    6.2607516741064915,
    6.311821899662067,
    6.3633087154410015,
    6.415215519654526,
    6.467545738233775,
    6.5203028250559,
    6.573490262172035,
    6.627111560037106,
    6.681170257741542,
    6.735669923244849,
    6.790614153611104,
    6.84600657524637,
    6.9018508441380435,
    6.958150646096149,
    7.014909696996618,
    7.072131743026539,
    7.129820560931407,
    7.187979958264396,
    7.246613773637679,
    7.305725876975758,
    7.365320169770895,
    7.425400585340632,
    7.48597108908737,
    7.547035678760105,
    7.608598384718295,
    7.670663270197853,
    7.733234431579333,
    7.796315998658298,
    7.859912134917905,
    7.924027037803677,
    7.988664939000559,
    8.053830104712217,
    8.119526835942601,
    8.185759468779825,
    8.252532374682366,
    8.319849960767568,
    8.387716670102526,
    8.45613698199735,
    8.525115412300785,
    8.594656513698274,
    8.664764876012436,
    8.735445126506024,
    8.806701930187302,
    8.87853999011795,
    8.950964047723502,
    9.023978883106242,
    9.097589315360729,
    9.171800202891864,
    9.246616443735537,
    9.32204297588191,
    9.398084777601353,
    9.474746867772984,
    9.55203430621594,
    9.629952194023346,
    9.708505673898971,
    9.787699930496663,
    9.867540190762549,
    9.94803172428003,
    10.029179843617559,
    10.110989904679286,
    10.193467307058583,
    10.276617494394385,
    10.360445954730498,
    10.444958220877831,
    10.53015987077955,
    10.616056527879229,
    10.702653861492038,
    10.789957587178886,
    10.877973467123683,
    10.966707310513637,
    11.056164973922698,
    11.146352361698064,
    11.23727542634989,
    11.328940168944197,
    11.421352639498892,
    11.514518937383116,
    11.608445211719824,
    11.703137661791596,
    11.798602537449826,
    11.894846139527235,
    11.991874820253697,
    12.089694983675523,
    12.188313086078148,
    12.287735636412226,
    12.387969196723247,
    12.48902038258464,
    12.59089586353443,
    12.693602363515403,
    12.797146661318912,
    12.901535591032314,
    13.006776042489983,
    13.11287496172808,
    13.219839351443012,
    13.327676271453587,
    13.436392839166992,
    13.545996230048573,
    13.656493678095387,
    13.767892476313676,
    13.88019997720024,
    13.993423593227673,
    14.107570797333619,
    14.22264912341399,
    14.338666166820245,
    14.455629584860644,
    14.573547097305669,
    14.692426486897567,
    14.812275599863971,
    14.933102346435795,
    15.054914701369333,
    15.177720704472568,
    15.301528461135836,
    15.426346142866812,
    15.5521819878298,
    15.67904430138949,
    15.806941456659121,
    15.935881895053141,
    16.065874126844314,
    16.19692673172542,
    16.329048359375573,
    16.462247730031056,
    16.596533635060887,
    16.731914937547103,
    16.868400572869675,
    17.005999549296284,
    17.144720948576914,
    17.28457392654321,
    17.425567713712788,
    17.567711615898514,
    17.711015014822625,
    17.85548736873599,
    18.00113821304235,
    18.14797716092769,
    18.296013903994698,
    18.44525821290243,
    18.595719938011218,
    18.74740901003277,
    18.90033544068562,
    19.05450932335597,
    19.20994083376379,
    19.366640230634463,
    19.524617856375926,
    19.6838841377612,
    19.844449586616633,
    20.00632480051567,
    20.169520463478342,
    20.334047346676385,
    20.499916309144172,
    20.667138298495455,
    20.83572435164587,
    21.005685595541426,
    21.177033247892922,
    21.349778617916275,
    21.52393310707898,
    21.699508209852652,
    21.87651551447162,
    22.054966703697797,
    22.2348735555918,
    22.416247944290244,
    22.599101840789505,
    22.78344731373581,
    22.969296530221808,
    23.156661756589582,
    23.34555535924026,
    23.53598980545022,
    23.72797766419398,
    23.92153160697371,
    24.11666440865559,
    24.31338894831304,
    24.51171821007665,
    24.711665283991216,
    24.91324336687972,
    25.11646576321428,
    25.321345885994308,
    25.527897257631817,
    25.736133510843846,
    25.946068389552295,
    26.157715749791013,
    26.37108956062039,
    26.58620390504924,
    26.803072980964334,
    27.02171110206755,
    27.242132698820495,
    27.464352319396998,
    27.688384630643338,
    27.914244419046195,
    28.141946591708646,
    28.371506177334073,
    28.602938327218006,
    28.836258316248188,
    29.071481543912757,
    29.30862353531658,
    29.547699942205973,
    29.788726544001715,
    30.03171924884058,
    30.276694094625203,
    30.52366725008266,
    30.772655015831667,
    31.023673825458353,
    31.276740246600962,
    31.531870982043376,
    31.78908287081744,
    32.048392889314414,
    32.30981815240547,
