{
  "c": 0.05,
  "f1": 0.5376344086021506,
  "prec": 0.4166666666666667,
  "rec": 0.7575757575757576,
  "tp": 25,
  "fp": 35,
  "fn": 8,
  "tn": 12
}