{
  "cm_at_c1": {
    "TP": 0,
    "TN": 126,
    "FP": 0,
    "FN": 54,
    "precision": 0.0,
    "recall": 0.0,
    "accuracy": 0.7,
    "F1": 0.0
  },
  "pr_auc": 0.4257062031681794,
  "roc_auc": 0.6553497942386831,
  "prevalence": 0.3,
  "normalized_auprc": 0.17958029024025635,
  "c_grid": [
    5.847866012189732,
    5.892559804250944,
    5.937595179899169,
    5.982974749773189,
    6.028701144464253,
    6.074777014668568,
    6.1212050313409545,
    6.167987885849681,
    6.215128290132477,
    6.262628976853739,
    6.310492699562942,
    6.358722232854259,
    6.407320372527397,
    6.456289935749671,
    6.505633761219305,
    6.555354709329992,
    6.605455662336707,
    6.655939524522785,
    6.706809222368279,
    6.758067704719606,
    6.809717942960483,
    6.861762931184182,
    6.914205686367084,
    6.967049248543576,
    7.020296680982274,
    7.0739510703635995,
    7.128015526958704,
    7.182493184809776,
    7.2373872019117105,
    7.292700760395175,
    7.3484370667110746,
    7.404599351816426,
    7.461190871361647,
    7.518214905879289,
    7.5756747609742,
    7.633573767515147,
    7.691915281827903,
    7.7507026858898085,
    7.8099393875258185,
    7.869628820606049,
    7.929774445244837,
    7.990379748001318,
    8.05144824208153,
    8.112983467542085,
    8.174988991495361,
    8.237468408316298,
    8.300425339850753,
    8.363863435625454,
    8.427786373059556,
    8.492197857677823,
    8.557101623325423,
    8.622501432384379,
    8.68840107599167,
    8.754804374258995,
    8.821715176494221,
    8.88913736142452,
    8.95707483742122,
    9.025531542726362,
    9.094511445680991,
    9.164018544955207,
    9.23405686977995,
    9.30463048018058,
    9.375743467212217,
    9.447399953196914,
    9.5196040919626,
    9.59236006908389,
    9.665672102124706,
    9.739544440882765,
    9.81398136763594,
    9.888987197390492,
    9.964566278131205,
    10.040722991073437,
    10.117461750917087,
    10.194787006102514,
    10.272703239068406,
    10.351214966511618,
    10.430326739649004,
    10.510043144481237,
    10.590368802058663,
    10.671308368749166,
    10.752866536508101,
    10.835048033150278,
    10.917857622624016,
    11.001300105287322,
    11.085380318186147,
    11.17010313533478,
    11.255473467998407,
    11.341496264977787,
    11.428176512896144,
    11.515519236488224,
    11.603529498891582,
    11.692212401940075,
    11.781573086459618,
    11.87161673256618,
    11.962348559966076,
    12.053773828258548,
    12.145897837240645,
    12.238725927214459,
    12.332263479296689,
    12.426515915730569,
    12.521488700200207,
    12.617187338147284,
    12.713617377090218,
    12.810784406945732,
    12.9086940603529,
    13.007352012999663,
    13.106763983951833,
    13.206935735984638,
    13.307873075916758,
    13.40958185494696,
    13.512067968993268,
    13.61533735903475,
    13.71939601145591,
    13.824249958393697,
    13.9299052780872,
    14.036368095229976,
    14.143644581325104,
    14.25174095504293,
    14.360663482581561,
    14.4704184780301,
    14.58101230373467,
    14.692451370667237,
    14.804742138797232,
    14.917891117466036,
    15.03190486576431,
    15.146789992912227,
    15.26255315864259,
    15.379201073586888,
    15.496740499664314,
    15.615178250473727,
    15.73452119168864,
    15.854776241455204,
    15.97595037079325,
    16.09805060400039,
    16.221084019059205,
    16.345057748047537,
    16.46997897755194,
    16.595854949084263,
    16.722692959501448,
    16.850500361428495,
    16.979284563684708,
    17.109053031713152,
    17.239813288013437,
    17.37157291257776,
    17.50433954333034,
    17.638120876570138,
    17.772924667417044,
    17.908758730261397,
    18.045630939216988,
    18.183549228577508,
    18.322521593276498,
    18.46255608935079,
    18.603660834407517,
    18.74584400809466,
    18.889113852575246,
    19.03347867300509,
    19.178946838014273,
    19.325526780192238,
    19.47322699657662,
    19.622056049145815,
    19.77202256531529,
    19.92313523843772,
    20.07540282830692,
    20.22883416166564,
    20.383438132717245,
    20.539223703641284,
    20.69619990511303,
    20.85437583682697,
    21.01376066802431,
    21.174363638024488,
    21.336194056760775,
    21.499261305319955,
    21.663574836486145,
    21.829144175288743,
    21.995978919554585,
    22.164088740464326,
    22.333483383113062,
    22.504172667075235,
    22.676166486973866,
    22.849474813054123,
    23.0241076917613,
    23.200075246323177,
    23.37738767733686,
    23.55605526336009,
    23.73608836150709,
    23.917497408048927,
    24.100292919018518,
    24.28448549082021,
    24.47008580084404,
    24.657104608084705,
    24.845552753765226,
    25.03544116196541,
    25.2267808402551,
    25.41958288033227,
    25.613858458666,
    25.809618837144352,
    26.006875363727207,
    26.2056394731041,
    26.405922687357062,
    26.60773661662855,
    26.811092959794458,
    27.016003505142297,
    27.22248013105454,
    27.430534806697192,
    27.64017959271364,
    27.851426641923773,
    28.06428820002848,
    28.2787766063195,
    28.494904294394736,
    28.712683792878995,
    28.932127726150263,
    29.153248815071517,
    29.37605987772815,
    29.600573830170998,
    29.826803687165093,
    30.054762562944052,
    30.284463671970375,
    30.515920329701416,
    30.749145953361268,
    30.98415406271855,
    31.220958280870114,
    31.459572335030785,
    31.700010057329084,
    31.942285385609065,
    32.18641236423827,
    32.43240514492188,
    32.680277987523034,
    32.930045260889486,
    33.18172144368653,
    33.43532112523633,
    33.6908590063636,
    33.94834990024785,
    34.20780873328202,
    34.469250545937804,
    34.732690493637485,
    34.99814384763248,
    35.2656259958886,
    35.535152443978085,
    35.80673881597841,
    36.080400855378016,
    36.35615442598892,
    36.63401551286633,
    36.91400022323526,
    37.19612478742428,
    37.480405559806336,
    37.76685901974678,
    38.0555017725587,
    38.34635055046545,
    38.63942221357066,
    38.93473375083553,
    39.23230228106369,
    39.53214505389355,
    39.83427945079824,
    40.13872298609319,
    40.44549330795139,
    40.75460819942645,
    41.06608557948347,
    41.37994350403775,
    41.696200167001486,
    42.01487390133844,
    42.335983180126675,
    42.65954661762942,
    42.9855829703741,
    43.314111138239646,
    43.64515016555208,
    43.97871924218849,
    44.314837704689445,
    44.65352503737991,
    44.99480087349872,
    45.33868499633668,
    45.68519734038341,
    46.03435799248289,
    46.38618719299787,
    46.74070533698319,
    47.09793297536803,
    47.457890816147255,
    47.820599725581786,
    48.186080729408225,
    48.55435501405767,
    48.925443927883855,
    49.29936898240072,
    49.676151853529355,
    50.05581438285456,
    50.438378578890955,
    50.8238666183588,
    51.21230084746952,
    51.60370378322112,
    51.99809811470343,
    52.39550670441338,
    52.79595258958031,
    53.19945898350139,
    53.60604927688728,
    54.01574703921805,
    54.428576020109475,
    54.844560150689745,
    55.26372354498675,
    55.68609050132594,
    56.111685503738826,
    56.54053322338232,
    56.9726585199689,
    57.4080864432076,
    57.84684223425625,
    58.288951327184584,
    58.73443935044861,
    59.183332128376314,
    59.6356556826646,
    60.09143623388777,
    60.55070020301748,
    61.01347421295433,
    61.47978509007117,
    61.94965986576815,
    62.42312577803975,
    62.900210273053666,
    63.38094100674189,
    63.865345846403834,
    64.35345287232178,
    64.84529037938867,
    65.3408868787483,
    65.84027109944805,
    66.34347199010435,
    66.85051872058071,
    67.36144068367867,
    67.87626749684169,
    68.39502900387204,
    68.91775527666073,
    69.44447661693084,
    69.97522355799398,
    70.51002686652033,
    71.04891754432208,
    71.59192683015063,
