{
  "cm_at_c1": {
    "TP": 0,
    "TN": 130,
    "FP": 0,
    "FN": 50,
    "precision": 0.0,
    "recall": 0.0,
    "accuracy": 0.7222222222222222,
    "F1": 0.0
  },
  "pr_auc": 0.3363313526681662,
  "roc_auc": 0.5774615384615385,
  "prevalence": 0.2777777777777778,
  "normalized_auprc": 0.0810741806174609,
  "c_grid": [
    9.45884333534563,
    9.523371529169333,
    9.588339934089735,
    9.65375155322529,
    9.719609410181711,
    9.785916549191745,
    9.852676035255877,
    9.919890954284018,
    9.987564413238145,
    10.055699540275917,
    10.124299484895273,
    10.193367418080006,
    10.262906532446369,
    10.332920042390608,
    10.403411184237585,
    10.474383216390358,
    10.545839419480782,
    10.61778309652119,
    10.690217573057035,
    10.76314619732065,
    10.836572340385969,
    10.910499396324408,
    10.984930782361701,
    11.059869939035906,
    11.135320330356395,
    11.211285443964023,
    11.287768791292294,
    11.364773907729722,
    11.442304352783205,
    11.520363710242602,
    11.598955588346369,
    11.678083619948339,
    11.75775146268568,
    11.837962799147926,
    11.918721337047245,
    12.00003080938978,
    12.081894974648254,
    12.164317616935648,
    12.247302546180178,
    12.330853598301344,
    12.414974635387301,
    12.499669545873349,
    12.584942244721665,
    12.670796673602304,
    12.757236801075358,
    12.844266622774441,
    12.931890161591346,
    13.020111467862039,
    13.10893461955384,
    13.198363722453973,
    13.288402910359297,
    13.379056345267449,
    13.470328217569167,
    13.562222746242051,
    13.654744179045519,
    13.747896792717208,
    13.84168489317065,
    13.936112815694273,
    14.031184925151859,
    14.126905616184247,
    14.223279313412528,
    14.320310471642507,
    14.418003576070696,
    14.516363142491562,
    14.615393717506342,
    14.715099878733133,
    14.815486235018557,
    14.91655742665076,
    15.018318125573911,
    15.120773035604158,
    15.22392689264708,
    15.327784464916594,
    15.43235055315532,
    15.537629990856567,
    15.643627644487681,
    15.750348413715063,
    15.857797231630586,
    15.965979064979694,
    16.074898914390914,
    16.184561814607072,
    16.294972834717964,
    16.40613707839472,
    16.518059684125692,
    16.630745825453964,
    16.744200711216532,
    16.858429585785036,
    16.97343772930823,
    17.089230457955985,
    17.205813124165104,
    17.323191116886658,
    17.44136986183515,
    17.560354821739256,
    17.6801514965944,
    17.800765423916946,
    17.92220217900016,
    18.044467375171926,
    18.16756666405427,
    18.291505735824543,
    18.41629031947845,
    18.54192618309491,
    18.66841913410262,
    18.79577501954858,
    18.923999726368272,
    19.053099181657878,
    19.183079352948166,
    19.313946248480413,
    19.44570591748406,
    19.57836445045639,
    19.711927979444052,
    19.846402678326463,
    19.98179476310122,
    20.118110492171457,
    20.255356166635114,
    20.393538130576157,
    20.532662771357924,
    20.672736519918264,
    20.81376585106692,
    20.9557572837847,
    21.098717381524924,
    21.242652752516758,
    21.387570050070664,
    21.533475972885963,
    21.680377265360494,
    21.828280717902363,
    21.97719316724378,
    22.127121496757123,
    22.27807263677314,
    22.430053564901257,
    22.5830713063521,
    22.737132934262295,
    22.892245570021338,
    23.048416383600863,
    23.20565259388598,
    23.36396146900903,
    23.523350326685538,
    23.68382653455243,
    23.845397510508622,
    24.00807072305793,
    24.17185369165428,
    24.336753987049246,
    24.50277923164209,
    24.669937099832,
    24.838235318372952,
    25.007681666730733,
    25.178283977442685,
    25.350050136479638,
    25.52298808361053,
    25.69710581276933,
    25.872411372424626,
    26.048912865951632,
    26.226618452006726,
    26.405536344904622,
    26.58567481499807,
    26.767042189060145,
    26.949646850669094,
    27.133497240595958,
    27.318601857194626,
    27.504969256794787,
    27.692608054097324,
    27.88152692257262,
    28.07173459486143,
    28.263239863178537,
    28.45605157971917,
    28.650178657068235,
    28.84563006861226,
    29.04241484895415,
    29.24054209433083,
    29.440020963033767,
    29.640860675832243,
    29.843070516399553,
    30.046659831742225,
    30.251638032632023,
    30.45801459404094,
    30.66579905557918,
    30.875001021936175,
    31.085630163324506,
    31.297696215926884,
    31.511208982346208,
    31.726178332058737,
    31.94261420187027,
    32.160526596375405,
    32.37992558842007,
    32.60082131956712,
    32.823224000565126,
    33.04714391182031,
    33.2725914038718,
    33.4995768978701,
    33.72811088605872,
    33.95820393225921,
    34.18986667235951,
    34.42310981480553,
    34.65794414109616,
    34.8943805062816,
    35.13242983946521,
    35.37210314430866,
    35.61341149954052,
    35.85636605946837,
    36.10097805449456,
    36.3472587916351,
    36.59521965504241,
    36.84487210653163,
    37.09622768611033,
    37.349298012511944,
    37.604094783732855,
    37.86062977757319,
    38.11891485218115,
    38.37896194660118,
    38.64078308132581,
    38.90439035885138,
    39.169795964237416,
    39.4370121656698,
    39.70605131502801,
    39.976925848456,
    40.24964828693698,
    40.5242312368723,
    40.80068739066415,
    41.07902952730226,
    41.35927051295451,
    41.64142330156175,
    41.92550093543661,
    42.21151654586631,
    42.49948335371964,
    42.78941467005809,
    43.08132389675122,
    43.37522452709609,
    43.671130146440895,
    43.96905443281313,
    44.26901115755171,
    44.57101418594354,
    44.875077477864465,
    45.18121508842458,
    45.489441168617915,
    45.79976996597645,
    46.1122158252288,
    46.4267931889633,
    46.74351659829557,
    47.0624006935406,
    47.383460214889624,
    47.7067100030914,
    48.03216500013817,
    48.3598402499564,
    48.68975089910221,
    49.02191219746147,
    49.356339498954654,
    49.69304826224665,
    50.032054051461316,
    50.37337253690093,
    50.717019495770465,
    51.06301081290691,
    51.411362481513606,
    51.76209060389947,
    52.11521139222325,
    52.47074116924304,
    52.82869636907073,
    53.18909353793159,
    53.551949334929226,
    53.917280532815596,
    54.28510401876632,
    54.65543679516122,
    55.02829598037029,
    55.40369880954502,
    55.78166263541506,
    56.16220492909024,
    56.54534328086822,
    56.93109540104777,
    57.3194791207471,
    57.710512392728226,
    58.104213292226945,
    58.50060001778822,
    58.899690892107365,
    59.301504362877054,
    59.70605900364011,
    60.11337351464799,
    60.52346672372515,
    60.93635758713938,
    61.352065190478136,
    61.77060874953066,
    62.19200761117615,
    62.61628125427824,
    63.04344929058531,
    63.47353146563691,
    63.90654765967663,
    64.34251788857107,
    64.78146230473494,
    65.22340119806267,
    65.66835499686621,
    66.11634426881947,
    66.56738972190894,
    67.02151220539085,
    67.47873271075498,
    67.93907237269508,
    68.40255247008564,
    68.86919442696548,
    69.33901981352824,
    69.81205034711932,
    70.28830789323975,
    70.76781446655686,
    71.25059223192206,
    71.73666350539528,
    72.2260507552765,
    72.71877660314432,
    73.21486382490171,
    73.71433535182882,
    74.21721427164282,
    74.72352382956514,
    75.23328742939627,
    75.7465286345971,
    76.26327116937841,
    76.78353891979752,
    77.30735593486236,
    77.83474642764303,
    78.36573477639106,
    78.90034552566645,
    79.43860338747207,
    79.98053324239592,
    80.52616014076126,
    81.07550930378464,
    81.62860612474167,
    82.18547617014066,
    82.74614518090466,
    83.31063907356123,
    83.87898394144027,
    84.45120605588029,
    85.02733186744285,
    85.60738800713516,
    86.19140128764094,
    86.77939870456001,
    87.37140743765606,
