{
  "cm_at_c1": {
    "TP": 0,
    "TN": 116,
    "FP": 0,
    "FN": 64,
    "precision": 0.0,
    "recall": 0.0,
    "accuracy": 0.6444444444444445,
    "F1": 0.0
  },
  "pr_auc": 0.43904982528899783,
  "roc_auc": 0.5879579741379312,
  "prevalence": 0.35555555555555557,
  "normalized_auprc": 0.12956007372430697,
  "c_grid": [
    3.8762056168262133,
    3.9052140293108573,
    3.9344395324449812,
    3.9638837508728217,
    3.9935483213969842,
    4.023434893069436,
    4.05354512728318,
    4.083880697864605,
    4.114443291166538,
    4.145234606161989,
    4.176256354538594,
    4.207510260793769,
    4.238998062330575,
    4.270721509554299,
    4.302682365969761,
    4.334882408279346,
    4.367323426481768,
    4.400007223971583,
    4.432935617639432,
    4.466110437973044,
    4.499533529159,
    4.533206749185238,
    4.567131969944349,
    4.601311077337631,
    4.635745971379929,
    4.6704385663052514,
    4.7053907906731895,
    4.740604587476119,
    4.7760819142472135,
    4.81182474316927,
    4.847835061184329,
    4.884114870104138,
    4.920666186721436,
    4.9574910429220544,
    4.994591485797878,
    5.031969577760642,
    5.06962739665658,
    5.10756703588193,
    5.145790604499311,
    5.184300227354958,
    5.22309804519685,
    5.262186214793711,
    5.301566909054901,
    5.341242317151213,
    5.38121464463657,
    5.421486113570623,
    5.462058962642287,
    5.5029354472941785,
    5.544117839848002,
    5.585608429630869,
    5.627409523102557,
    5.669523443983728,
    5.711952533385105,
    5.7546991499376094,
    5.797765669923488,
    5.841154487408396,
    5.884868014374492,
    5.928908680854522,
    5.9732789350668964,
    6.017981243551792,
    6.063018091308268,
    6.108391981932402,
    6.154105437756468,
    6.200160999989155,
    6.246561228856826,
    6.293308703745844,
    6.340406023345968,
    6.387855805794799,
    6.435660688823331,
    6.483823329902586,
    6.5323464063913335,
    6.581232615684929,
    6.630484675365265,
    6.680105323351837,
    6.730097318053942,
    6.780463438524031,
    6.83120648461218,
    6.882329277121739,
    6.933834657966153,
    6.985725490326922,
    7.03800465881278,
    7.090675069620051,
    7.143739650694193,
    7.19720135189257,
    7.25106314514844,
    7.305328024636152,
    7.3599990069375965,
    7.4150791312099065,
    7.470571459354391,
    7.526479076186749,
    7.582805089608561,
    7.639552630780057,
    7.696724854294159,
    7.754324938351871,
    7.812356084938945,
    7.870821520003862,
    7.92972449363719,
    7.989068280252247,
    8.048856178767107,
    8.109091512788014,
    8.169777630794128,
    8.230917906323665,
    8.292515738161432,
    8.354574550527776,
    8.41709779326892,
    8.480088942048754,
    8.543551498542037,
    8.607488990629061,
    8.671904972591761,
    8.736803025311303,
    8.802186756467142,
    8.868059800737566,
    8.934425820001765,
    9.001288503543375,
    9.068651568255575,
    9.136518758847716,
    9.204893848053471,
    9.273780636840574,
    9.343182954622115,
    9.413104659469417,
    9.483549638326492,
    9.554521807226145,
    9.626025111507634,
    9.698063526036009,
    9.770641055423079,
    9.843761734250014,
    9.91742962729163,
    9.991648829742367,
    10.066423467443911,
    10.141757697114574,
    10.217655706580365,
    10.294121715007758,
    10.371159973138289,
    10.448774763524806,
    10.526970400769574,
    10.605751231764083,
    10.685121635930729,
    10.765086025466255,
    10.845648845586998,
    10.926814574776046,
    11.008587725032163,
    11.090972842120605,
    11.173974505825853,
    11.257597330206183,
    11.341845963850139,
    11.42672509013499,
    11.512239427487058,
    11.598393729644014,
    11.685192785919128,
    11.772641421467538,
    11.86074449755444,
    11.949506911825367,
    12.038933598578415,
    12.129029529038563,
    12.219799711633998,
    12.31124919227457,
    12.403383054632247,
    12.496206420423768,
    12.589724449695316,
    12.683942341109397,
    12.778865332233792,
    12.87449869983277,
    12.970847760160364,
    13.067917869255949,
    13.165714423241957,
    13.264242858623861,
    13.363508652592369,
    13.463517323327933,
    13.564274430307467,
    13.665785574613437,
    13.768056399245195,
    13.871092589432694,
    13.974899872952498,
    14.079484020446237,
    14.184850845741346,
    14.291006206174293,
    14.397956002916171,
    14.50570618130075,
    14.61426273115498,
    14.72363168713194,
    14.833819129046333,
    14.944831182212463,
    15.056674017784724,
    15.169353853100665,
    15.282876952026614,
    15.397249625305864,
    15.512478230909506,
    15.628569174389876,
    15.745528909236626,
    15.863363937235473,
    15.982080808829645,
    16.101686123483994,
    16.22218653005188,
    16.343588727144784,
    16.465899463504677,
    16.589125538379182,
    16.713273801899547,
    16.838351155461424,
    16.964364552108538,
    17.09132099691921,
    17.21922754739576,
    17.34809131385683,
    17.477919459832663,
    17.60871920246327,
    17.740497812899726,
    17.873262616708267,
    18.007020994277603,
    18.141780381229147,
    18.27754826883038,
    18.41433220441126,
    18.552139791783834,
    18.690978691664863,
    18.83085662210175,
    18.971781358901538,
    19.1137607360632,
    19.25680264621307,
    19.4009150410437,
    19.546105931755765,
    19.692383389503515,
    19.8397555458434,
    19.988230593186106,
    20.13781678525196,
    20.288522437529792,
    20.440355927739137,
    20.593325696296017,
    20.747440246782084,
    20.90270814641738,
    21.05913802653656,
    21.216738583068707,
    21.375518577020735,
    21.53548683496446,
    21.696652249527205,
    21.859023779886183,
    22.022610452266527,
    22.187421360443032,
    22.3534656662457,
    22.520752600069063,
    22.689291461385277,
    22.859091619261076,
    23.030162512878622,
    23.20251365206019,
    23.376154617796836,
    23.551095062781037,
    23.727344711943243,
    23.90491336299249,
    24.083810886961093,
    24.26404722875328,
    24.445632407698174,
    24.628576518106613,
    24.81288972983241,
    24.99858228883765,
    25.18566451776226,
    25.374146816497817,
    25.564039662765754,
    25.75535361269973,
    25.948099301432507,
    26.14228744368713,
    26.33792883437258,
    26.535034349183796,
    26.733614945206355,
    26.933681661525476,
    27.135245619839772,
    27.338318025079438,
    27.542910166029184,
    27.7490334159557,
    27.95669923324001,
    28.16591916201431,
    28.376704832803828,
    28.589067963173296,
    28.803020358378344,
    29.018573912021758,
    29.23574060671463,
    29.454532514742457,
    29.674961798736316,
    29.8970407123489,
    30.120781600935736,
    30.346196902241466,
    30.573299147091223,
    30.802100960087245,
    31.032615060310707,
    31.26485426202873,
    31.498831475406735,
    31.734559707226147,
    31.97205206160738,
    32.21132174073833,
    32.45238204560831,
    32.695246376747434,
    32.93992823497153,
    33.18644122213268,
    33.4347990418753,
    33.68501550039795,
    33.937104507220866,
    34.19108007595913,
    34.44695632510171,
    34.7047474787963,
    34.96446786764002,
    35.226131929476104,
    35.48975421019644,
    35.75534936455022,
    36.022932156958596,
    36.29251746233542,
    36.56412026691407,
    36.8377556690807,
    37.11343888021338,
    37.39118522552783,
    37.67101014492927,
    37.952929193870766,
    38.2369580442179,
    38.523112485120066,
    38.811408423888054,
    39.10186188687847,
    39.39448902038457,
    39.68930609153386,
    39.9863294891923,
    40.28557572487551,
    40.58706143366653,
    40.89080337514056,
    41.196818434296716,
    41.50512362249661,
    41.81573607840995,
    42.1286730689674,
    42.443951990320386,
    42.761590368808086,
    43.08160586193184,
    43.40401625933668,
    43.72883948380017,
    44.05609359222888,
    44.38579677666209,
