{
  "c": 1.0,
  "f1": 0.3953488372093023,
  "prec": 0.27419354838709675,
  "rec": 0.7083333333333334,
  "tp": 17,
  "fp": 45,
  "fn": 7,
  "tn": 11
}