{
  "cm_at_c1": {
    "TP": 2,
    "TN": 125,
    "FP": 2,
    "FN": 51,
    "precision": 0.5,
    "recall": 0.03773584905660377,
    "accuracy": 0.7055555555555556,
    "F1": 0.07017543859649122
  },
  "pr_auc": 0.4578140802848253,
  "roc_auc": 0.6452235923339772,
  "prevalence": 0.29444444444444445,
  "normalized_auprc": 0.2315475153643193,
  "c_grid": [
    0.8349661645518334,
    0.8383616712743036,
    0.8417709862999027,
    0.8451941657820269,
    0.8486312661024283,
    0.8520823438721437,
    0.8555474559324259,
    0.8590266593556809,
    0.8625200114464079,
    0.8660275697421425,
    0.8695493920144047,
    0.8730855362696509,
    0.8766360607502284,
    0.8802010239353354,
    0.8837804845419839,
    0.8873745015259668,
    0.890983134082829,
    0.8946064416488425,
    0.898244483901985,
    0.9018973207629231,
    0.9055650123959993,
    0.9092476192102226,
    0.912945201860264,
    0.9166578212474548,
    0.9203855385207904,
    0.9241284150779372,
    0.9278865125662434,
    0.9316598928837553,
    0.9354486181802356,
    0.9392527508581885,
    0.943072353573886,
    0.946907489238401,
    0.9507582210186428,
    0.9546246123383982,
    0.9585067268793754,
    0.9624046285822533,
    0.9663183816477342,
    0.9702480505376019,
    0.9741936999757829,
    0.9781553949494127,
    0.9821332007099061,
    0.9861271827740317,
    0.9901374069249913,
    0.9941639392135035,
    0.9982068459588911,
    1.0022661937501738,
    1.0063420494471649,
    1.0104344801815726,
    1.0145435533581053,
    1.0186693366555821,
    1.022811898028048,
    1.026971305705892,
    1.0311476281969718,
    1.035340934287742,
    1.0395512930443864,
    1.043778773813957,
    1.0480234462255142,
    1.0522853801912762,
    1.056564645907767,
    1.0608613138569767,
    1.0651754548075185,
    1.0695071398157974,
    1.0738564402271784,
    1.0782234276771627,
    1.0826081740925675,
    1.0870107516927097,
    1.091431232990597,
    1.095869690794121,
    1.100326198207257,
    1.1048008286312674,
    1.1092936557659114,
    1.113804753610659,
    1.1183341964659084,
    1.1228820589342117,
    1.1274484159215021,
    1.1320333426383287,
    1.1366369146010946,
    1.1412592076333008,
    1.1459002978667956,
    1.1505602617430273,
    1.1552391760143053,
    1.1599371177450615,
    1.1646541643131223,
    1.1693903934109815,
    1.17414588304708,
    1.1789207115470912,
    1.1837149575552108,
    1.1885287000354523,
    1.1933620182729467,
    1.1982149918752503,
    1.2030877007736531,
    1.2079802252244982,
    1.212892645810502,
    1.2178250434420814,
    1.222777499358687,
    1.2277500951301412,
    1.2327429126579814,
    1.2377560341768092,
    1.2427895422556443,
    1.247843519799285,
    1.252918050049674,
    1.2580132165872682,
    1.2631291033324172,
    1.2682657945467435,
    1.2734233748345316,
    1.2786019291441213,
    1.2838015427693064,
    1.2890223013507403,
    1.2942642908773458,
    1.2995275976877314,
    1.3048123084716143,
    1.310118510271247,
    1.3154462904828517,
    1.3207957368580596,
    1.3261669375053564,
    1.3315599808915328,
    1.3369749558431423,
    1.342411951547964,
    1.3478710575564719,
    1.3533523637833087,
    1.3588559605087687,
    1.3643819383802827,
    1.3699303884139122,
    1.375501401995849,
    1.3810950708839185,
    1.3867114872090927,
    1.3923507434770068,
    1.3980129325694837,
    1.4036981477460626,
    1.4094064826455364,
    1.4151380312874922,
    1.4208928880738618,
    1.4266711477904752,
    1.4324729056086223,
    1.4382982570866205,
    1.4441472981713888,
    1.4500201252000269,
    1.4559168349014033,
    1.4618375243977482,
    1.4677822912062524,
    1.4737512332406746,
    1.479744448812953,
    1.4857620366348252,
    1.491804095819454,
    1.4978707258830597,
    1.5039620267465592,
    1.5100780987372115,
    1.5162190425902713,
    1.5223849594506462,
    1.5285759508745647,
    1.5347921188312468,
    1.5410335657045857,
    1.5473003942948327,
    1.5535927078202905,
    1.5599106099190134,
    1.5662542046505146,
    1.5726235964974795,
    1.5790188903674878,
    1.5854401915947396,
    1.5918876059417917,
    1.5983612396012992,
    1.6048611991977642,
    1.6113875917892921,
    1.617940524869356,
    1.6245201063685653,
    1.6311264446564449,
    1.6377596485432189,
    1.644419827281604,
    1.651107090568608,
    1.6578215485473373,
    1.6645633118088103,
    1.6713324913937795,
    1.67812919879456,
    1.6849535459568656,
    1.691805645281654,
    1.698685609626976,
    1.7055935523098367,
    1.7125295871080592,
    1.7194938282621615,
    1.7264863904772356,
    1.7335073889248378,
    1.7405569392448865,
    1.7476351575475653,
    1.7547421604152365,
    1.7618780649043604,
    1.7690429885474241,
    1.776237049354877,
    1.7834603658170747,
    1.79071305690623,
    1.797995242078373,
    1.8053070412753185,
    1.8126485749266414,
    1.82001996395166,
    1.8274213297614295,
    1.8348527942607378,
    1.842314479850117,
    1.8498065094278584,
    1.8573290063920354,
    1.8648820946425373,
    1.87246589858311,
    1.8800805431234047,
    1.8877261536810346,
    1.8954028561836411,
    1.903110777070969,
    1.9108500432969466,
    1.9186207823317791,
    1.926423122164047,
    1.9342571913028141,
    1.9421231187797443,
    1.9500210341512267,
    1.9579510675005098,
    1.9659133494398435,
    1.9739080111126313,
    1.981935184195589,
    1.9899950009009146,
    1.9980875939784655,
    2.0062130967179446,
    2.0143716429510965,
    2.022563367053911,
    2.0307884039488373,
    2.0390468891070044,
    2.0473389585504544,
    2.055664748854382,
    2.0640243971493843,
    2.0724180411237185,
    2.080845819025571,
    2.089307869665333,
    2.0978043324178888,
    2.1063353472249084,
    2.114901054597156,
    2.1235015956168013,
    2.1321371119397456,
    2.140807745797952,
    2.149513640001791,
    2.1582549379423908,
    2.1670317835940005,
    2.1758443215163603,
    2.1846926968570823,
    2.193577055354042,
    2.2024975433377785,
    2.211454307733905,
    2.220447496065526,
    2.229477256455673,
    2.2385437376297372,
    2.2476470889179243,
    2.2567874602577116,
    2.265965002196318,
    2.2751798658931834,
    2.2844322031224604,
    2.29372216627551,
    2.303049908363416,
    2.3124155830195026,
    2.3218193445018644,
    2.3312613476959085,
    2.340741748116907,
    2.3502607019125548,
    2.359818365865543,
    2.369414897396142,
    2.379050454564795,
    2.3887251960747182,
    2.3984392812745168,
    2.408192870160811,
    2.417986123380868,
    2.427819202235251,
    2.4376922686804727,
    2.4476054853316667,
    2.457559015465261,
    2.4675530230216736,
    2.4775876726080064,
    2.4876631295007603,
    2.497779559648556,
    2.507937129674867,
    2.518136006880765,
    2.528376359247675,
    2.5386583554401416,
    2.5489821648086077,
    2.559347957392203,
    2.569755903921546,
    2.5802061758215538,
    2.590698945214268,
    2.601234384921688,
    2.611812668468619,
    2.6224339700855275,
    2.6330984647114137,
    2.6438063279966917,
    2.654557736306082,
    2.665352866721517,
    2.676191897045058,
    2.6870750058018236,
    2.698002372242929,
    2.708974176348439,
    2.719990598830333,
    2.731051821135481,
    2.742158025448631,
    2.753309394695413,
    2.7645061125453476,
    2.7757483634148743,
    2.787036332470387,
    2.798370205631285,
    2.809750169573035,
    2.8211764117302467,
    2.8326491202997564,
    2.8441684842437316,
    2.8557346932927787,
    2.8673479379490723,
    2.8790084094894888,
    2.8907162999687603,
    2.9024718022226352,
    2.914275109871056,
    2.9261264173213486,
    2.9380259197714214,
    2.9499738132129836,
    2.961970294434774,
    2.9740155610257966,
    2.9861098113785816,
    2.9982532446924486,
    3.01044606097679,
    3.0226884610543636,
    3.0349806465646023,
    3.047322819966933,
    3.0597151845441113,
    3.072157944405573,
