{
  "c": 0.05,
  "f1": 0.2857142857142857,
  "prec": 0.18333333333333332,
  "rec": 0.6470588235294118,
  "tp": 11,
  "fp": 49,
  "fn": 6,
  "tn": 14
}