{
  "cm_at_c1": {
    "TP": 0,
    "TN": 138,
    "FP": 0,
    "FN": 42,
    "precision": 0.0,
    "recall": 0.0,
    "accuracy": 0.7666666666666667,
    "F1": 0.0
  },
  "pr_auc": 0.2830414677824007,
  "roc_auc": 0.5479641131815044,
  "prevalence": 0.23333333333333334,
  "normalized_auprc": 0.06483669710747916,
  "c_grid": [
    4.092546738082473,
    4.120016889805841,
    4.147671427752262,
    4.175511589566129,
    4.2035386211992,
    4.231753776966359,
    4.260158319601752,
    4.288753520315294,
    4.317540658849572,
    4.346521023537106,
    4.375695911358012,
    4.405066627998048,
    4.4346344879070445,
    4.464400814357739,
    4.494366939504984,
    4.524534204445381,
    4.5549039592772855,
    4.585477563161243,
    4.6162563843808035,
    4.6472418004037666,
    4.678435197943823,
    4.7098379730226165,
    4.741451531032226,
    4.773277286798054,
    4.80531666464215,
    4.837571098446952,
    4.870042031719465,
    4.902730917655853,
    4.935639219206479,
    4.968768409141383,
    5.002119970116186,
    5.035695394738448,
    5.069496185634471,
    5.103523855516541,
    5.137779927250629,
    5.1722659339245505,
    5.206983418916569,
    5.241933935964473,
    5.277119049235112,
    5.312540333394393,
    5.348199373677762,
    5.38409776596114,
    5.420237116832352,
    5.456619043663022,
    5.493245174680958,
    5.530117149043026,
    5.5672366169085015,
    5.6046052395129236,
    5.642224689242443,
    5.680096649708663,
    5.718222815823993,
    5.7566048938775,
    5.795244601611268,
    5.834143668297279,
    5.873303834814801,
    5.912726853728299,
    5.95241448936587,
    5.992368517898202,
    6.032590727418066,
    6.073082918020341,
    6.113846901882569,
    6.154884503346064,
    6.196197558997552,
    6.237787917751371,
    6.279657440932212,
    6.321808002358422,
    6.364241488425866,
    6.406959798192346,
    6.449964843462598,
    6.493258548873845,
    6.536842851981937,
    6.580719703348057,
    6.624891066626031,
    6.669358918650188,
    6.714125249523848,
    6.759192062708376,
    6.8045613751128515,
    6.850235217184326,
    6.896215632998705,
    6.94250468035221,
    6.989104430853486,
    7.036016970016316,
    7.083244397352943,
    7.130788826468039,
    7.178652385153296,
    7.2268372154826555,
    7.275345473908165,
    7.324179331356501,
    7.373340973326114,
    7.422832599985039,
    7.472656426269376,
    7.522814681982394,
    7.573309611894338,
    7.6241434758428905,
    7.6753185488343005,
    7.726837121145202,
    7.778701498425121,
    7.830914001799643,
    7.88347696797431,
    7.93639274933919,
    7.989663714074155,
    8.043292246254861,
    8.097280745959456,
    8.151631629375983,
    8.206347328910516,
    8.261430293296023,
    8.316882987701952,
    8.372707893844552,
    8.428907510097954,
    8.485484351605965,
    8.542440950394644,
    8.59977985548561,
    8.657503633010123,
    8.715614866323936,
    8.774116156122895,
    8.833010120559347,
    8.892299395359293,
    8.951986633940368,
    9.012074507530572,
    9.072565705287829,
    9.13346293442033,
    9.194768920307698,
    9.256486406622955,
    9.31861815545531,
    9.38116694743378,
    9.444135581851619,
    9.507526876791617,
    9.571343669252204,
    9.63558881527442,
    9.700265190069738,
    9.765375688148733,
    9.83092322345063,
    9.896910729473712,
    9.963341159406601,
    10.030217486260428,
    10.097542703001885,
    10.165319822687172,
    10.23355187859684,
    10.302241924371545,
    10.371393034148712,
    10.441008302700105,
    10.511090845570337,
    10.581643799216312,
    10.652670321147568,
    10.724173590067606,
    10.796156806016148,
    10.868623190512341,
    10.941575986698947,
    11.015018459487468,
    11.088953895704279,
    11.163385604237716,
    11.238316916186166,
    11.313751185007142,
    11.389691786667361,
    11.466142119793854,
    11.543105605826028,
    11.62058568916882,
    11.698585837346828,
    11.777109541159513,
    11.856160314837403,
    11.935741696199404,
    12.015857246811086,
    12.096510552144109,
    12.177705221736668,
    12.259444889355049,
    12.341733213156242,
    12.42457387585166,
    12.50797058487196,
    12.59192707253295,
    12.676447096202644,
    12.761534438469402,
    12.847192907311218,
    12.933426336266159,
    13.0202385846039,
    13.107633537498462,
    13.195615106202084,
    13.28418722822026,
    13.37335386748796,
    13.463119014547052,
    13.553486686724852,
    13.644460928313945,
    13.736045810753177,
    13.828245432809862,
    13.921063920763217,
    14.014505428589036,
    14.108574138145588,
    14.203274259360779,
    14.29861003042055,
    14.394585717958563,
    14.491205617247143,
    14.588474052389506,
    14.686395376513302,
    14.784973971965387,
    14.88421425050799,
    14.984120653516142,
    15.084697652176434,
    15.185949747687154,
    15.287881471459686,
    15.39049738532134,
    15.493802081719494,
    15.597800183927138,
    15.702496346249772,
    15.807895254233706,
    15.914001624875759,
    16.020820206834358,
    16.128355780642057,
    16.236613158919496,
    16.345597186590766,
    16.45531274110024,
    16.565764732630893,
    16.676958104323994,
    16.788897832500357,
    16.90158892688307,
    17.015036430821645,
    17.129245421517815,
    17.24422101025266,
    17.35996834261541,
    17.476492598733724,
    17.59379899350552,
    17.711892776832347,
    17.830779233854358,
    17.95046368518682,
    18.07095148715824,
    18.192248032050102,
    18.314358748338144,
    18.437289100935352,
    18.561044591436506,
    18.68563075836439,
    18.811053177417712,
    18.93731746172058,
    19.06442926207372,
    19.192394267207394,
    19.321218204036008,
    19.450906837914342,
    19.581465972895646,
    19.712901451991343,
    19.845219157432556,
    19.978425010933346,
    20.112524973955736,
    20.247525047976502,
    20.38343127475577,
    20.520249736607408,
    20.65798655667122,
    20.796647899186986,
    20.93623996977035,
    21.07676901569051,
    21.218241326149855,
    21.360663232565383,
    21.504041108852086,
    21.648381371708187,
    21.793690480902313,
    21.939974939562646,
    22.08724129446787,
    22.235496136340227,
    22.384746100140475,
    22.534997865364794,
    22.68625815634375,
    22.838533742543223,
    22.99183143886736,
    23.146158105963583,
    23.301520650529607,
    23.45792602562256,
    23.615381230970147,
    23.773893313283914,
    23.93346936657465,
    24.094116532469794,
    24.255842000533125,
    24.418653008586478,
    24.582556843033675,
    24.747560839186654,
    24.91367238159368,
    25.08089890436989,
    25.249247891529972,
    25.418726877323113,
    25.58934344657018,
    25.76110523500317,
    25.934019929606936,
    26.10809526896322,
    26.283339043596953,
    26.459759096324955,
    26.63736332260689,
    26.816159670898646,
    26.99615614300802,
    27.17736079445291,
    27.359781734821723,
    27.54342712813638,
    27.728305193217654,
    27.91442420405305,
    28.101792490167007,
    28.290418436993743,
    28.48031048625251,
    28.671477136325404,
    28.863926942637683,
    29.05766851804067,
    29.252710533197202,
    29.44906171696968,
    29.64673085681071,
    29.84572679915638,
    30.046058449822183,
    30.247734774401557,
    30.450764798667144,
    30.655157608974765,
    30.860922352669995,
    31.068068238497585,
    31.27660453701359,
    31.486540581000227,
    31.69788576588364,
    31.910649550154258,
    32.124841455790175,
    32.340471068683286,
    32.55754803906827,
    32.776082081954506,
    32.996082977560825,
    33.21756057175321,
    33.44052477648548,
    33.66498557024285,
    33.89095299848848,
    34.11843717411312,
    34.347448277887615,
    34.577996558918656,
    34.810092335107306,
    35.04374599361088,
    35.278967991307766,
    35.515768855265414,
    35.754159183211506,
    35.99414964400816,
    36.23575097812946,
